Age,Weight_kg,target_derm,age_squared,weight_zscore_by_breed,age_weight_interaction,breed_is_other,is_vaccinated,has_parasite_history,has_chronic_illness,has_allergies,has_skin_history,has_heart_history,has_dental_issues,has_kidney_history,has_surgery_history,no_previous_conditions,chronic_conditions_count,has_fever,has_diarrhea,has_weight_loss,has_pain,has_coughing,has_lethargy,has_weakness,has_vomiting,has_anorexia,has_sneezing,has_pains,has_loss_of_appetite,has_death,has_depression,has_lameness,has_nasal_discharge,has_uteria_inertia,has_fetopelvic_dispropotion,has_malpresentation,has_swelling,has_blindness,has_dehydration,has_dyspnea,has_difficulty_in_breathing,has_dullness,has_poor_appetite,has_skin_rashes,has_difficulty_breathing,has_emaciation,has_ruffled_feathers,gi_symptoms_count,respiratory_symptoms_count,systemic_symptoms_count,neurological_symptoms_count,dermatological_symptoms_count,total_symptoms_count,fever_and_diarrhea,fever_and_vomiting,weightloss_and_anorexia,pain_and_vomiting,coughing_and_sneezing,weakness_and_weightloss,breed_grouped_beagle,breed_grouped_boxer,breed_grouped_bulldog,breed_grouped_german shepherd,breed_grouped_golden retriever,breed_grouped_labrador retriever,breed_grouped_mixed breed,breed_grouped_poodle,breed_grouped_rottweiler,breed_grouped_yorkshire terrier,age_bucket_puppy,age_bucket_adult,age_bucket_senior
5.8,22.9,1,33.64,-1.7872721849593989,132.82,0,0,0,0,0,1,0,0,0,0,0,1,0,1,0,0,0,0,1,0,0,0,0,0,0,0,0,0,0,0,0,0,0,0,0,0,0,0,0,0,0,0,1,0,1,1,0,5,0,0,0,0,0,0,False,False,False,False,False,False,False,False,True,False,False,True,False
9.4,3.8,1,88.36000000000001,-1.1749468681390365,35.72,0,1,0,0,0,0,0,0,0,0,0,0,1,0,0,0,1,0,1,0,0,0,0,0,0,0,0,0,0,0,0,0,0,0,0,0,0,0,1,0,0,0,0,1,2,0,2,5,0,0,0,0,0,0,False,False,False,False,False,False,False,True,False,False,False,False,True
1.8,4.4,1,3.24,-0.9307564420534404,7.920000000000001,0,0,0,0,0,0,0,0,0,1,0,0,0,0,1,0,0,0,1,1,0,0,0,0,0,0,0,0,0,0,0,0,0,0,0,0,0,0,0,0,0,0,1,0,3,0,1,5,0,0,0,0,0,1,False,False,False,False,False,False,False,False,False,True,False,True,False
8.2,4.4,1,67.24,-0.9307564420534404,36.08,0,0,0,0,0,1,0,0,0,0,0,1,0,0,1,0,0,0,0,0,0,0,1,0,0,0,0,0,0,0,0,0,0,0,0,0,0,0,0,0,0,0,0,0,2,0,0,5,0,0,0,0,0,0,False,False,False,False,False,False,False,False,False,True,False,False,True
14.6,8.0,0,213.16,0.919235678275581,116.8,0,0,0,0,0,0,0,0,0,1,0,0,1,1,0,0,1,0,0,1,0,0,0,0,0,0,0,0,0,0,0,0,0,0,0,0,0,0,0,0,0,0,2,1,1,0,0,5,1,1,0,0,0,0,False,False,False,False,False,False,False,False,False,True,False,False,True
1.4,36.7,0,1.9599999999999997,0.21167739504926225,51.38,0,0,0,0,0,0,0,0,0,1,0,0,1,0,1,1,0,1,0,0,0,0,0,0,0,0,0,0,0,0,0,0,0,0,0,0,0,0,0,0,0,0,0,0,4,0,0,5,0,0,0,0,0,0,False,False,False,False,True,False,False,False,False,False,False,True,False
1.5,30.0,1,2.25,1.6893281456021954,45.0,0,0,0,0,0,1,0,0,0,0,0,1,1,0,0,0,0,0,0,0,0,0,0,0,0,0,0,1,0,0,0,0,0,0,0,0,0,0,0,0,0,0,0,0,1,0,2,5,0,0,0,0,0,0,False,False,True,False,False,False,False,False,False,False,False,True,False
8.8,31.2,1,77.44000000000001,-0.7306476503432208,274.56,0,1,0,0,0,0,0,0,0,0,0,0,0,0,1,0,0,1,0,0,0,0,0,0,0,0,0,0,0,0,0,0,0,0,0,0,0,0,1,0,0,0,0,0,2,0,2,5,0,0,0,0,0,0,False,False,False,False,False,True,False,False,False,False,False,False,True
2.6,5.5,0,6.760000000000001,-0.2998759088698908,14.3,0,0,0,0,0,0,0,0,0,1,0,0,0,0,0,0,0,0,1,0,0,1,0,0,0,0,0,0,0,0,0,0,0,0,0,0,0,0,0,0,0,0,0,2,1,0,0,5,0,0,0,0,0,0,False,False,False,False,False,False,False,True,False,False,False,True,False
6.1,36.9,0,37.209999999999994,0.35821376695590346,225.08999999999997,0,0,1,0,0,0,0,0,0,0,0,0,0,0,0,1,1,0,0,0,0,1,0,0,0,0,0,0,0,0,0,0,0,0,0,0,0,0,0,0,0,0,0,3,2,0,0,5,0,0,0,0,1,0,False,False,False,True,False,False,False,False,False,False,False,True,False
12.0,21.8,0,144.0,-0.053993708209418755,261.6,0,0,0,0,0,0,0,0,1,0,0,1,1,0,0,0,0,0,0,0,0,0,0,1,0,1,0,1,0,0,0,0,0,0,0,0,0,0,0,0,0,0,0,0,2,0,0,5,0,0,0,0,0,0,False,False,True,False,False,False,False,False,False,False,False,False,True
9.0,16.6,1,81.0,-1.214640215273223,149.4,0,0,0,0,0,1,0,0,0,0,0,1,0,0,0,0,0,0,0,0,0,0,0,0,0,0,0,0,0,0,0,0,1,0,0,0,0,0,0,0,0,0,0,0,0,0,0,5,0,0,0,0,0,0,False,True,False,False,False,False,False,False,False,False,False,False,True
14.7,24.6,0,216.08999999999997,0.3571107100926951,361.62,0,1,0,0,0,0,0,0,0,0,0,0,1,0,0,0,1,0,1,1,0,0,0,0,0,0,0,0,0,0,0,0,0,0,0,0,0,0,0,0,0,0,2,1,2,0,0,5,0,1,0,0,0,0,True,False,False,False,False,False,False,False,False,False,False,False,True
1.0,17.8,0,1.0,-0.9526943555256006,17.8,0,0,0,0,0,0,1,0,0,0,0,1,0,0,0,0,0,0,0,0,0,0,0,0,0,0,0,0,0,0,0,0,0,0,0,0,0,0,0,0,0,0,0,0,0,1,0,5,0,0,0,0,0,0,False,True,False,False,False,False,False,False,False,False,True,False,False
1.3,32.0,0,1.6900000000000002,-0.3735162952883921,41.6,0,0,0,1,0,0,0,0,0,0,0,1,0,1,0,0,0,0,0,1,0,0,0,0,0,0,0,0,0,0,0,0,0,0,0,0,0,0,0,0,0,0,2,0,1,0,0,5,0,0,0,1,0,0,False,False,False,False,False,False,False,False,True,False,False,True,False
1.6,12.7,0,2.5600000000000005,-0.8499386155973512,20.32,0,0,1,0,0,0,0,0,0,0,0,0,1,1,0,0,0,0,0,0,0,1,0,0,0,0,0,0,0,0,0,0,0,0,0,0,0,0,0,0,0,0,1,1,1,0,0,5,1,0,0,0,0,0,False,False,False,False,False,False,True,False,False,False,False,True,False
8.2,35.8,0,67.24,0.17019392739851863,293.55999999999995,0,0,0,0,0,0,0,0,0,0,1,0,0,1,1,0,0,1,0,0,1,1,0,0,0,0,0,0,0,0,0,0,0,0,0,0,0,0,0,0,0,0,2,1,2,0,0,5,0,0,1,0,0,0,False,False,False,True,False,False,False,False,False,False,False,False,True
3.9,5.9,0,15.209999999999999,-0.09397685963009164,23.01,0,0,0,1,0,0,0,0,0,0,0,1,0,0,0,0,0,0,0,0,0,0,0,0,0,0,0,0,0,0,0,0,0,0,0,0,0,0,0,0,0,0,0,0,0,1,0,5,0,0,0,0,0,0,False,False,False,False,False,False,False,True,False,False,False,True,False
7.5,21.1,0,56.25,-0.20281386646162958,158.25,0,0,0,1,0,0,0,0,0,0,0,1,1,1,0,0,0,0,0,0,0,1,0,0,0,0,0,0,0,0,0,0,0,0,0,0,0,0,0,0,0,0,1,1,1,0,0,5,1,0,0,0,0,0,False,False,True,False,False,False,False,False,False,False,False,False,True
7.6,30.7,0,57.76,-0.7015344196402639,233.32,0,0,0,0,1,0,0,0,0,0,0,1,0,0,1,0,1,0,0,1,1,0,0,0,0,0,0,0,0,0,0,0,0,0,0,0,0,0,0,0,0,0,3,1,1,0,0,5,0,0,1,0,0,0,False,False,False,True,False,False,False,False,False,False,False,False,True
8.1,43.8,0,65.61,1.453018578995964,354.78,0,0,0,0,0,0,0,1,0,0,0,0,0,0,0,1,0,0,0,0,1,0,0,0,0,0,0,0,0,0,0,0,0,0,0,0,0,0,0,0,0,0,2,0,2,0,0,5,0,0,0,0,0,0,False,False,False,False,True,False,False,False,False,False,False,False,True
0.5,26.9,0,0.25,1.033728414227204,13.45,0,0,0,1,0,0,0,0,0,0,0,1,1,0,0,1,1,0,1,0,0,1,0,0,0,0,0,0,0,0,0,0,0,0,0,0,0,0,0,0,0,0,0,2,3,0,0,5,0,0,0,0,1,0,False,True,False,False,False,False,False,False,False,False,True,False,False
1.2,35.2,1,1.44,-0.010026499641459257,42.24,0,0,0,0,0,1,0,0,0,0,0,1,0,0,0,0,0,0,0,0,0,0,0,0,0,0,0,0,0,0,0,0,0,0,0,0,0,0,0,0,0,0,0,0,1,0,0,5,0,0,0,0,0,0,False,False,False,False,False,True,False,False,False,False,False,True,False
10.1,21.4,0,102.00999999999999,-0.13903379863925405,216.14,0,0,0,0,0,0,0,0,0,0,1,0,0,1,0,1,0,1,0,0,0,0,0,0,0,0,0,0,0,0,0,0,0,0,0,0,0,0,0,0,0,0,1,0,2,0,0,5,0,0,0,0,0,0,False,False,True,False,False,False,False,False,False,False,False,False,True
3.4,29.7,0,11.559999999999999,0.8810722887773583,100.97999999999999,0,0,0,1,0,0,0,0,0,0,0,1,1,0,0,0,0,0,0,1,0,0,0,0,0,0,0,1,0,0,0,0,0,0,0,0,0,0,0,0,0,0,1,1,2,0,0,5,0,1,0,0,0,0,False,False,False,False,False,False,True,False,False,False,False,True,False
14.7,4.9,0,216.08999999999997,-0.6087244827295891,72.03,0,1,0,0,0,0,0,0,0,0,0,0,0,0,1,0,0,1,0,1,0,0,0,0,0,0,0,0,0,0,0,0,0,0,0,0,0,0,0,0,0,0,2,0,3,0,0,5,0,0,0,0,0,0,False,False,False,False,False,False,False,True,False,False,False,False,True
11.7,26.1,0,136.89,-1.29012725672344,305.37,0,0,0,0,0,0,1,0,0,0,0,1,0,1,1,0,0,0,0,0,0,0,0,1,0,0,0,0,0,0,0,0,0,0,0,0,0,0,0,0,0,1,1,0,2,0,0,5,0,0,0,0,0,0,False,False,False,False,False,False,False,False,True,False,False,False,True
2.7,45.0,0,7.290000000000001,1.7427234946057353,121.50000000000001,0,0,0,0,0,0,0,0,0,0,1,0,1,0,1,1,0,0,1,0,0,0,0,0,0,0,0,0,0,0,0,0,0,0,0,0,0,0,0,0,0,0,0,0,4,0,0,5,0,0,0,0,0,1,False,False,False,True,False,False,False,False,False,False,False,True,False
13.8,5.0,0,190.44000000000003,-1.633984731108249,69.0,0,0,0,1,0,0,0,0,0,0,0,1,1,0,0,0,1,0,0,1,0,1,0,0,0,0,0,0,0,0,0,0,0,0,0,0,0,0,0,0,0,0,1,2,1,0,0,5,0,1,0,0,1,0,False,False,False,False,False,False,True,False,False,False,False,False,True
11.1,25.0,0,123.21,0.6263270152292598,277.5,0,0,0,0,0,0,0,1,0,0,0,0,0,0,0,1,1,1,0,1,0,0,0,0,0,0,0,0,0,0,0,0,0,0,0,0,0,0,0,0,0,0,1,1,2,0,0,5,0,0,0,1,0,0,False,False,True,False,False,False,False,False,False,False,False,False,True
8.0,10.1,1,64.0,1.99839774846751,80.8,0,1,0,0,0,0,0,0,0,0,0,0,0,0,1,0,0,1,0,0,0,0,0,0,0,0,0,0,0,0,0,0,0,0,0,0,0,0,1,0,0,0,0,0,2,0,2,5,0,0,0,0,0,0,False,False,False,False,False,False,False,False,False,True,False,False,True
9.8,26.4,0,96.04000000000002,0.7344375812688463,258.72,0,0,0,0,0,0,0,0,0,1,0,0,0,1,1,0,0,0,0,0,0,0,0,0,0,0,0,0,0,0,0,0,0,0,0,0,0,0,0,0,0,0,2,0,1,0,0,5,0,0,0,0,0,0,True,False,False,False,False,False,False,False,False,False,False,False,True
8.4,24.5,0,70.56,0.5200269021919663,205.8,0,1,0,0,0,0,0,0,0,0,0,0,0,1,1,0,1,0,0,1,1,0,0,0,0,0,0,0,0,0,0,0,0,0,0,0,0,0,0,0,0,0,3,1,1,0,0,5,0,0,1,0,0,0,False,False,True,False,False,False,False,False,False,False,False,False,True
8.6,15.0,0,73.96,-1.5639013616033868,129.0,0,0,0,0,0,0,1,0,0,0,0,1,0,0,0,1,1,0,0,1,1,0,0,0,0,0,0,0,0,0,0,0,0,0,0,0,0,0,0,0,0,0,3,1,1,0,0,5,0,0,0,1,0,0,False,True,False,False,False,False,False,False,False,False,False,False,True
6.4,33.2,0,40.96000000000001,-0.3703370749923397,212.48000000000002,0,1,0,0,0,0,0,0,0,0,0,0,1,0,0,0,1,0,0,0,0,0,0,0,0,1,0,0,0,0,0,0,0,0,0,0,0,0,0,0,0,0,0,1,1,0,0,5,0,0,0,0,0,0,False,False,False,False,False,True,False,False,False,False,False,True,False
5.6,15.0,0,31.359999999999996,-1.6552992695134476,84.0,0,0,1,0,0,0,0,0,0,0,0,0,0,1,0,1,0,0,0,0,0,1,0,0,0,0,0,0,0,0,0,0,0,0,0,0,0,0,0,0,0,0,1,1,2,0,0,5,0,0,0,0,0,0,True,False,False,False,False,False,False,False,False,False,False,True,False
7.9,40.0,1,62.410000000000004,1.9298612484867412,316.0,0,0,0,0,0,1,0,0,0,0,0,1,0,0,1,0,0,1,0,0,1,0,0,0,0,0,0,0,0,0,0,0,0,0,0,0,0,0,0,0,0,0,2,0,2,0,0,5,0,0,1,0,0,0,False,False,False,False,False,False,True,False,False,False,False,False,True
3.5,29.3,0,12.25,1.3423530959415355,102.55,0,0,0,0,0,0,0,0,0,1,0,0,0,1,1,0,0,0,0,1,0,0,0,0,0,0,0,0,0,0,0,0,0,1,0,0,0,0,0,0,0,0,2,0,1,0,0,5,0,0,0,0,0,0,True,False,False,False,False,False,False,False,False,False,False,True,False
9.0,19.4,0,81.0,-0.6034332091954375,174.6,0,1,0,0,0,0,0,0,0,0,0,0,0,0,0,1,1,0,1,1,0,0,0,0,0,0,0,0,0,0,0,0,0,0,0,0,0,0,0,0,0,0,1,2,2,0,0,5,0,0,0,1,0,0,False,True,False,False,False,False,False,False,False,False,False,False,True
12.9,23.0,1,166.41,0.2011265630800856,296.7,0,0,0,1,0,0,0,0,0,0,0,1,1,0,0,0,1,0,0,0,0,0,0,0,0,0,0,0,0,0,0,0,0,0,0,0,0,0,0,1,0,0,0,1,1,0,1,5,0,0,0,0,0,0,False,False,True,False,False,False,False,False,False,False,False,False,True
6.7,7.8,0,44.89,-1.3488770527406497,52.26,0,0,0,0,0,0,0,0,1,0,0,1,0,0,0,0,0,0,0,0,0,0,1,0,0,0,0,0,0,0,0,0,0,0,0,0,0,0,0,0,0,0,1,0,1,0,0,5,0,0,0,0,0,0,False,False,False,False,False,False,True,False,False,False,False,True,False
11.2,32.9,0,125.43999999999998,-0.4243836612949725,368.47999999999996,0,0,0,1,0,0,0,0,0,0,0,1,1,0,0,0,0,0,0,0,1,1,0,0,0,0,0,0,0,0,0,0,0,0,0,0,0,0,0,0,0,0,2,1,1,0,0,5,0,0,0,0,0,0,False,False,False,False,False,True,False,False,False,False,False,False,True
14.6,22.8,0,213.16,0.13874672675616045,332.88,0,0,0,0,0,0,0,1,0,0,0,0,1,0,0,0,0,0,0,0,0,0,0,0,0,0,0,0,0,0,0,0,0,0,0,0,0,0,0,0,0,0,0,0,1,0,0,5,0,0,0,0,0,0,False,True,False,False,False,False,False,False,False,False,False,False,True
6.2,8.0,0,38.440000000000005,0.9869931488788528,49.6,0,0,1,0,0,0,0,0,0,0,0,0,0,0,0,0,1,0,0,1,0,0,0,1,0,0,0,0,0,0,0,0,0,0,0,0,0,0,0,0,0,0,1,1,1,0,0,5,0,0,0,0,0,0,False,False,False,False,False,False,False,True,False,False,False,True,False
10.0,25.0,0,100.0,-1.461020825804551,250.0,0,0,0,0,0,0,0,0,0,1,0,0,0,1,0,1,0,0,0,0,0,1,0,0,0,0,0,0,0,0,0,0,0,0,0,0,0,0,0,0,0,0,1,1,2,0,0,5,0,0,0,0,0,0,False,False,False,False,False,False,False,False,True,False,False,False,True
13.6,3.1,1,184.95999999999998,-1.5352702043086845,42.16,0,0,0,0,0,1,0,0,0,0,0,1,0,0,0,0,0,1,1,1,0,1,0,0,0,0,0,0,0,0,0,0,0,0,0,0,0,0,0,0,0,0,1,1,2,0,0,5,0,0,0,0,0,0,False,False,False,False,False,False,False,True,False,False,False,False,True
10.5,6.5,0,110.25,0.21487171422960663,68.25,0,1,0,0,0,0,0,0,0,0,0,0,0,0,0,0,1,0,0,0,1,0,0,0,0,1,0,0,0,0,0,0,0,0,1,0,0,0,0,0,0,0,1,1,0,0,0,5,0,0,0,0,0,0,False,False,False,False,False,False,False,True,False,False,False,False,True
5.4,27.8,0,29.160000000000004,-1.0260190135980873,150.12,0,0,0,0,1,0,0,0,0,0,0,1,0,0,0,0,0,0,0,0,0,0,1,0,1,0,0,0,1,1,1,0,0,0,0,0,0,0,0,0,0,0,0,0,1,0,0,5,0,0,0,0,0,0,False,False,False,False,False,False,False,False,True,False,False,True,False
11.8,25.9,0,139.24,0.8176672186963879,305.62,0,0,0,0,1,0,0,0,0,0,0,1,0,0,0,0,0,1,1,1,0,0,0,0,0,0,0,0,0,0,0,0,0,0,0,0,0,0,0,0,0,0,1,0,3,0,0,5,0,0,0,0,0,0,False,False,True,False,False,False,False,False,False,False,False,False,True
7.3,3.7,0,53.29,-1.2904771321174169,27.01,0,0,0,0,0,0,0,0,0,0,1,0,0,0,0,0,0,0,1,0,0,0,0,0,0,0,0,0,0,0,0,0,0,0,0,0,0,0,0,0,0,0,0,0,1,0,0,5,0,0,0,0,0,0,False,False,False,False,False,False,False,False,False,True,False,False,True
15.0,39.1,1,225.0,0.734253446070673,586.5,0,0,0,0,0,1,0,0,0,0,0,1,0,0,0,0,1,0,1,0,0,1,0,0,0,0,0,0,0,0,0,0,0,0,0,0,0,0,0,0,0,0,0,3,1,0,0,5,0,0,0,0,1,0,False,False,False,True,False,False,False,False,False,False,False,False,True
7.2,15.0,1,51.84,-1.4996752455166114,108.0,0,1,0,0,0,0,0,0,0,0,0,0,0,1,0,0,0,0,0,0,1,1,0,0,0,0,0,0,0,0,0,0,0,0,0,0,0,0,0,0,0,0,2,1,0,0,1,5,0,0,0,0,0,0,False,False,True,False,False,False,False,False,False,False,False,False,True
1.6,20.9,0,2.5600000000000005,-0.2760008845109092,33.44,0,0,0,0,0,0,0,0,1,0,0,1,0,0,0,1,1,0,0,0,1,1,0,0,0,0,0,0,0,0,0,0,0,0,0,0,0,0,0,0,0,0,1,2,2,0,0,5,0,0,0,0,1,0,False,True,False,False,False,False,False,False,False,False,False,True,False
15.3,36.1,0,234.09000000000003,0.15211325926643668,552.33,0,0,0,0,1,0,0,0,0,0,0,1,1,1,0,0,1,0,0,0,0,0,1,0,0,0,0,0,0,0,0,0,0,0,0,0,0,0,0,0,0,0,1,1,2,0,0,5,1,0,0,0,0,0,False,False,False,False,False,True,False,False,False,False,False,False,True
12.4,18.8,1,153.76000000000002,-0.22881117343936702,233.12,0,0,0,0,0,0,0,0,0,1,0,0,0,0,0,0,0,0,1,0,0,0,0,0,0,0,0,0,0,0,0,0,0,0,0,0,0,0,0,0,0,0,0,0,1,0,0,5,0,0,0,0,0,0,False,False,False,False,False,False,True,False,False,False,False,False,True
9.6,41.2,0,92.16,0.9984429341704119,395.52000000000004,0,0,0,0,0,0,0,0,1,0,0,1,0,0,1,1,0,0,0,1,0,1,0,0,0,0,0,0,0,0,0,0,0,0,0,0,0,0,0,0,0,0,2,1,2,0,0,5,0,0,0,1,0,0,False,False,False,False,True,False,False,False,False,False,False,False,True
5.8,27.2,0,33.64,0.6265118616634305,157.76,0,0,0,0,0,0,0,0,1,0,0,1,1,1,0,0,1,0,0,0,0,0,0,0,0,0,0,0,0,0,0,0,0,0,0,0,0,0,0,0,0,0,3,1,1,0,0,5,1,0,0,0,0,0,False,False,False,False,False,False,True,False,False,False,False,True,False
6.1,26.2,1,37.209999999999994,0.6925123733603851,159.82,0,0,0,0,0,0,0,0,0,1,0,0,0,0,0,0,0,1,0,0,0,0,0,0,0,0,0,0,0,0,0,0,0,0,0,0,0,0,0,0,0,0,0,0,1,0,1,5,0,0,0,0,0,0,True,False,False,False,False,False,False,False,False,False,False,True,False
5.2,6.3,0,27.040000000000003,0.045628288120209574,32.76,0,0,0,0,0,0,0,1,0,0,0,0,0,1,0,1,1,0,0,0,1,1,0,0,0,0,0,0,0,0,0,0,0,0,0,0,0,0,0,0,0,0,2,2,1,0,0,5,0,0,0,0,1,0,False,False,False,False,False,False,False,False,False,True,False,True,False
10.2,4.0,0,104.03999999999999,-1.071997343519137,40.8,0,0,0,0,0,0,0,0,0,1,0,0,0,1,0,0,1,0,1,0,0,0,0,0,0,0,0,0,0,0,0,0,0,0,0,0,0,0,0,0,0,0,1,2,2,0,0,5,0,0,0,0,0,0,False,False,False,False,False,False,False,True,False,False,False,False,True
13.1,7.6,0,171.60999999999999,0.7136809982390228,99.55999999999999,0,0,0,0,0,0,0,0,0,0,1,0,1,0,1,0,0,0,0,0,0,0,0,0,0,0,1,0,0,0,0,0,0,0,0,0,0,0,0,0,0,0,0,0,2,0,0,5,0,0,0,0,0,0,False,False,False,False,False,False,False,False,False,True,False,False,True
9.2,32.8,0,84.63999999999999,-0.34258745321253015,301.75999999999993,0,0,0,1,0,0,0,0,0,0,0,1,0,0,0,0,0,0,0,0,0,0,1,0,1,0,0,0,1,1,1,0,0,0,0,0,0,0,0,0,0,0,0,0,1,0,0,5,0,0,0,0,0,0,False,False,False,True,False,False,False,False,False,False,False,False,True
5.4,35.5,0,29.160000000000004,0.11891578933741424,191.70000000000002,0,0,0,0,0,0,0,0,0,1,0,0,0,1,0,0,0,0,0,0,0,0,0,1,0,0,0,0,0,0,0,0,0,0,0,0,0,0,0,0,0,1,1,0,1,0,0,5,0,0,0,0,0,0,False,False,False,True,False,False,False,False,False,False,False,True,False
14.2,33.0,0,201.64,1.217092052567743,468.59999999999997,0,0,0,0,0,0,0,1,0,0,0,0,0,1,0,1,0,1,0,0,0,0,0,0,0,0,0,0,0,0,0,0,0,0,0,0,0,0,0,0,0,0,1,0,3,0,0,5,0,0,0,0,0,0,False,False,False,False,False,False,True,False,False,False,False,False,True
1.3,17.1,0,1.6900000000000002,-1.2150845864746036,22.230000000000004,0,0,0,0,0,0,0,1,0,0,0,0,0,0,1,0,1,0,0,0,1,0,0,0,0,0,0,0,0,0,0,0,0,0,0,0,0,0,0,0,0,0,1,1,1,1,0,5,0,0,1,0,0,0,True,False,False,False,False,False,False,False,False,False,False,True,False
13.5,25.4,1,182.25,0.5248115417265398,342.9,0,0,0,0,0,0,0,0,0,1,0,0,0,1,0,0,0,0,0,0,0,0,0,0,0,0,0,0,0,0,0,0,0,0,0,0,0,0,0,0,0,0,1,0,1,0,0,5,0,0,0,0,0,0,True,False,False,False,False,False,False,False,False,False,False,False,True
1.8,29.6,0,3.24,-0.8895542591976481,53.28,0,1,0,0,0,0,0,0,0,0,0,0,0,0,0,0,1,1,0,1,1,0,0,0,0,0,0,0,0,0,0,0,0,0,0,0,0,0,0,0,0,0,2,1,1,0,0,5,0,0,0,0,0,0,False,False,False,True,False,False,False,False,False,False,False,True,False
4.2,8.5,1,17.64,1.2443669604286014,35.7,0,1,0,0,0,0,0,0,0,0,0,0,0,0,0,0,0,0,0,0,0,0,0,0,0,0,0,0,0,0,0,0,0,0,0,0,0,0,1,0,0,0,0,0,0,0,2,5,0,0,0,0,0,0,False,False,False,False,False,False,False,True,False,False,False,True,False
14.4,15.2,1,207.36,-1.5202437183121167,218.88,0,0,0,0,0,1,0,0,0,0,0,1,0,0,0,0,0,0,0,0,0,0,0,0,0,0,0,0,0,0,0,0,0,0,0,0,0,0,0,0,0,0,0,0,0,0,0,5,0,0,0,0,0,0,False,True,False,False,False,False,False,False,False,False,False,False,True
7.3,25.0,1,53.29,-1.6758190428012565,182.5,0,0,0,0,0,1,0,0,0,0,0,1,0,0,0,0,1,1,1,1,0,0,0,0,0,0,0,0,0,0,0,0,0,0,0,0,0,0,0,0,0,0,1,1,3,0,0,5,0,0,0,0,0,0,False,False,False,True,False,False,False,False,False,False,False,False,True
8.1,27.7,0,65.61,-1.2143158002513126,224.36999999999998,0,0,0,0,0,0,0,0,1,0,0,1,0,0,0,0,0,0,0,0,1,1,0,0,0,0,0,0,0,0,0,0,0,0,0,0,0,0,0,1,0,0,1,1,0,0,0,5,0,0,0,0,0,0,False,False,False,True,False,False,False,False,False,False,False,False,True
8.2,15.0,0,67.24,-1.6552992695134476,122.99999999999999,0,1,0,0,0,0,0,0,0,0,0,0,0,0,0,0,1,0,0,1,0,1,0,0,0,0,0,0,0,0,0,0,0,0,0,0,0,0,0,0,0,0,1,4,0,0,0,5,0,0,0,0,1,0,True,False,False,False,False,False,False,False,False,False,False,False,True
13.5,19.2,1,182.25,-0.6470908524867077,259.2,0,0,0,0,0,1,0,0,0,0,0,1,0,0,0,0,0,0,0,0,0,0,0,0,0,0,0,0,0,0,0,0,0,0,0,0,0,0,0,0,0,0,0,0,1,0,0,5,0,0,0,0,0,0,False,True,False,False,False,False,False,False,False,False,False,False,True
9.5,31.5,0,90.25,-0.6974738946018445,299.25,0,1,0,0,0,0,0,0,0,0,0,0,1,0,0,0,0,1,1,0,1,0,0,0,0,0,0,0,0,0,0,0,0,0,0,0,0,0,0,0,0,0,2,0,3,0,0,5,0,0,0,0,0,0,False,False,False,False,True,False,False,False,False,False,False,False,True
2.6,15.3,1,6.760000000000001,-0.585195771398866,39.78,0,0,0,0,1,0,0,0,0,0,0,1,0,0,1,0,0,0,0,1,1,1,0,0,0,0,0,0,0,0,0,0,0,0,0,0,0,0,0,0,0,0,2,1,1,0,1,5,0,0,1,0,0,0,False,False,False,False,False,False,True,False,False,False,False,True,False
2.3,22.1,1,5.289999999999999,-0.16695438876307114,50.83,0,1,0,0,0,0,0,0,0,0,0,0,0,0,0,1,1,0,1,0,1,0,0,0,0,0,0,0,0,0,0,0,0,0,0,0,0,0,0,0,0,0,1,1,2,0,1,5,0,0,0,0,0,0,True,False,False,False,False,False,False,False,False,False,False,True,False
1.9,45.0,0,3.61,1.6628227227616044,85.5,0,0,0,0,1,0,0,0,0,0,0,1,0,1,0,1,0,0,1,0,0,0,0,0,0,0,0,0,0,0,0,0,0,0,0,0,0,0,0,0,0,0,1,0,3,0,0,5,0,0,0,0,0,0,False,False,False,False,True,False,False,False,False,False,False,True,False
6.0,17.5,1,36.0,-1.0181808204625065,105.0,0,1,0,0,0,0,0,0,0,0,0,0,1,0,0,0,0,0,0,0,0,0,0,0,0,0,0,0,0,0,0,0,0,0,0,0,0,0,0,0,0,0,0,0,1,0,1,5,0,0,0,0,0,0,False,True,False,False,False,False,False,False,False,False,False,True,False
14.5,28.4,1,210.25,1.3611607389117324,411.79999999999995,0,0,0,0,0,1,0,0,0,0,0,1,0,0,0,0,0,0,0,1,0,0,0,1,0,0,0,0,0,0,0,0,0,0,0,0,0,0,0,0,0,0,1,0,3,0,0,5,0,0,0,1,0,0,False,True,False,False,False,False,False,False,False,False,False,False,True
4.6,14.2,0,21.159999999999997,-0.6972023593289944,65.32,0,0,0,0,0,0,0,0,0,0,1,0,0,0,0,0,0,0,0,0,0,0,1,0,0,0,0,0,0,0,0,0,0,1,0,0,0,0,0,0,0,0,0,0,1,0,0,5,0,0,0,0,0,0,False,False,False,False,False,False,True,False,False,False,False,True,False
3.2,22.4,0,10.240000000000002,0.07356642743533305,71.67999999999999,0,1,0,0,0,0,0,0,0,0,0,0,1,0,0,0,0,0,0,0,0,0,1,0,0,1,0,0,0,0,0,0,0,0,0,0,0,1,0,0,0,0,0,0,2,0,0,5,0,0,0,0,0,0,False,False,True,False,False,False,False,False,False,False,False,True,False
10.7,21.8,0,114.48999999999998,-0.053993708209418755,233.26,0,0,0,1,0,0,0,0,0,0,0,1,1,0,0,0,1,0,0,0,0,1,0,0,0,0,0,0,0,0,0,0,0,0,0,0,0,0,0,0,0,0,0,2,1,0,0,5,0,0,0,0,1,0,False,False,True,False,False,False,False,False,False,False,False,False,True
6.3,25.0,0,39.69,-1.8339130066657272,157.5,0,0,0,0,1,0,0,0,0,0,0,1,1,0,0,0,0,1,0,1,0,1,0,0,0,0,0,0,0,0,0,0,0,0,0,0,0,0,0,0,0,0,1,1,2,0,0,5,0,1,0,0,0,0,False,False,False,False,True,False,False,False,False,False,False,True,False
9.7,30.1,0,94.08999999999999,-0.9288184667862046,291.96999999999997,0,0,0,0,0,0,0,1,0,0,0,0,0,0,1,0,1,0,1,1,0,0,0,0,0,0,0,0,0,0,0,0,0,0,0,0,0,0,0,0,0,0,1,1,3,0,0,5,0,0,0,0,0,1,False,False,False,False,False,True,False,False,False,False,False,False,True
4.7,17.2,0,22.090000000000003,-1.0836672853994123,80.84,0,0,0,0,0,0,0,0,0,1,0,0,0,0,0,0,0,0,0,0,0,0,1,0,0,0,0,0,0,0,0,0,0,0,0,0,0,0,0,0,0,0,1,0,1,0,0,5,0,0,0,0,0,0,False,True,False,False,False,False,False,False,False,False,False,True,False
7.0,15.0,0,49.0,-1.6552992695134476,105.0,0,0,0,0,0,0,0,0,1,0,0,1,1,0,1,1,0,0,0,0,0,0,0,0,0,0,0,0,0,0,0,0,0,0,0,0,0,0,0,0,0,0,0,0,4,0,0,5,0,0,0,0,0,0,True,False,False,False,False,False,False,False,False,False,False,True,False
4.8,27.6,0,23.04,-1.0570905716128345,132.48,0,0,0,1,0,0,0,0,0,0,0,1,1,0,1,0,0,1,0,0,0,0,0,0,0,0,0,0,0,0,0,0,0,0,0,0,0,0,0,0,0,0,1,0,5,0,0,5,0,0,0,0,0,0,False,False,False,False,False,False,False,False,True,False,False,True,False
9.3,24.6,0,86.49000000000001,0.3617690174649457,228.78000000000003,0,0,0,0,0,0,0,0,1,0,0,1,0,0,0,1,0,1,0,0,0,0,0,0,0,0,0,0,0,0,0,0,0,0,0,0,0,0,0,0,0,0,0,0,2,0,0,5,0,0,0,0,0,0,False,False,False,False,False,False,True,False,False,False,False,False,True
14.3,33.3,0,204.49,-0.3827676789533851,476.19,0,0,0,0,0,0,0,1,0,0,0,0,0,0,0,0,0,1,0,0,0,0,0,0,0,1,0,0,0,0,0,0,0,0,0,0,0,0,0,0,1,0,1,0,1,0,0,5,0,0,0,0,0,0,False,False,False,False,True,False,False,False,False,False,False,False,True
3.4,4.6,0,11.559999999999999,-0.8279791020351618,15.639999999999999,0,0,0,0,0,0,0,1,0,0,0,0,0,1,1,0,1,0,0,0,0,1,0,0,0,0,0,0,0,0,0,0,0,0,0,0,0,0,0,0,0,0,1,3,1,0,0,5,0,0,0,0,1,0,False,False,False,False,False,False,False,False,False,True,False,True,False
12.3,36.8,0,151.29000000000002,0.2291610736963979,452.64,0,0,0,0,0,0,0,0,1,0,0,1,0,0,0,1,0,0,0,0,1,0,0,0,0,0,0,0,0,0,0,0,0,0,0,0,0,0,0,0,0,0,2,0,1,0,0,5,0,0,0,0,0,0,False,False,False,False,True,False,False,False,False,False,False,False,True
3.3,16.7,0,10.889999999999999,-1.2989350022915267,55.10999999999999,0,0,0,0,0,0,0,0,0,1,0,0,0,1,1,0,1,0,0,0,0,1,0,0,0,0,0,0,0,0,0,0,0,0,0,0,0,0,0,0,0,0,1,3,1,0,0,5,0,0,0,0,1,0,True,False,False,False,False,False,False,False,False,False,False,True,False
6.5,31.4,0,42.25,1.0541733792148293,204.1,0,0,0,1,0,0,0,0,0,0,0,1,1,0,1,0,0,0,0,0,0,0,0,0,0,0,0,0,0,0,0,0,0,0,0,0,0,0,0,0,0,0,0,0,2,0,0,5,0,0,0,0,0,0,False,False,False,False,False,False,True,False,False,False,False,True,False
7.9,8.6,0,62.410000000000004,1.295841722738551,67.94,0,0,0,0,0,0,1,0,0,0,0,1,0,1,0,0,0,0,0,0,1,1,0,0,0,0,0,0,0,0,0,0,0,0,0,0,0,0,0,0,0,0,2,1,1,0,0,5,0,0,0,0,0,0,False,False,False,False,False,False,False,True,False,False,False,False,True
12.8,27.2,0,163.84000000000003,0.9021384129026916,348.16,0,1,0,0,0,0,0,0,0,0,0,0,0,0,0,0,0,0,0,0,0,0,1,0,1,0,0,0,1,1,0,0,0,0,0,0,0,0,0,0,0,0,0,0,1,0,0,5,0,0,0,0,0,0,True,False,False,False,False,False,False,False,False,False,False,False,True
1.0,10.0,0,1.0,1.9470090784583707,10.0,0,0,0,0,0,0,1,0,0,0,0,1,0,0,0,0,0,0,0,0,0,0,0,0,0,0,0,1,0,0,0,0,0,0,0,0,0,1,0,0,0,0,0,0,1,0,0,5,0,0,0,0,0,0,False,False,False,False,False,False,False,False,False,True,True,False,False
14.3,8.6,0,204.49,1.2275676983304176,122.98,0,0,0,0,0,0,0,0,0,0,1,0,0,0,1,0,0,1,1,0,0,1,0,0,0,0,0,0,0,0,0,0,0,0,0,0,0,0,0,0,0,0,0,1,4,0,0,5,0,0,0,0,0,1,False,False,False,False,False,False,False,False,False,True,False,False,True
8.5,3.0,1,72.25,-1.5867449666186344,25.5,0,0,0,0,0,1,0,0,0,0,0,1,1,0,0,0,0,1,0,1,0,0,0,0,0,0,0,0,0,0,0,0,0,0,0,0,0,0,0,0,0,0,1,0,2,0,0,5,0,1,0,0,0,0,False,False,False,False,False,False,False,True,False,False,False,False,True
0.9,26.5,0,0.81,0.9464131276446635,23.85,0,0,0,1,0,0,0,0,0,0,0,1,0,0,0,0,0,0,0,0,0,0,0,0,0,0,0,0,0,0,0,0,0,0,0,0,0,0,0,0,0,0,0,0,0,0,0,5,0,0,0,0,0,0,False,True,False,False,False,False,False,False,False,False,True,False,False
3.6,41.0,1,12.96,1.059014987124337,147.6,0,0,0,0,0,1,0,0,0,0,0,1,1,0,0,0,0,0,0,0,0,0,0,0,0,0,1,0,0,0,0,0,0,0,0,0,0,0,0,0,0,0,0,0,1,0,0,5,0,0,0,0,0,0,False,False,False,True,False,False,False,False,False,False,False,True,False
4.6,35.5,0,21.159999999999997,0.1702359699696873,163.29999999999998,0,0,0,0,0,0,0,0,0,1,0,0,0,0,0,1,0,0,0,0,1,0,0,0,0,0,0,0,0,0,0,0,0,0,0,0,0,0,0,0,0,0,1,0,1,0,0,5,0,0,0,0,0,0,False,False,False,False,False,False,False,False,True,False,False,True,False
1.6,41.5,1,2.5600000000000005,1.1249518127138136,66.4,0,0,0,0,0,1,0,0,0,0,0,1,1,0,0,0,0,1,0,0,0,0,0,0,0,0,0,0,0,0,0,0,0,0,0,0,0,1,0,0,0,0,0,0,2,0,0,5,0,0,0,0,0,0,False,False,False,False,False,True,False,False,False,False,False,True,False
6.3,28.2,0,39.69,-1.128852236816138,177.66,0,1,0,0,0,0,0,0,0,0,0,0,0,1,1,0,0,0,0,1,0,0,0,0,0,0,0,0,0,0,0,0,0,1,0,0,0,0,0,0,0,0,2,0,1,0,0,5,0,0,0,0,0,0,False,False,False,True,False,False,False,False,False,False,False,True,False
12.3,21.7,0,151.29000000000002,-0.07525373081687776,266.91,0,1,0,0,0,0,0,0,0,0,0,0,0,0,0,1,0,0,0,0,0,1,0,0,0,0,0,0,0,0,0,0,0,0,0,0,0,0,0,0,0,0,0,1,2,0,0,5,0,0,0,0,0,0,False,False,True,False,False,False,False,False,False,False,False,False,True
4.6,6.4,1,21.159999999999997,0.09701695812934934,29.439999999999998,0,0,0,0,0,0,1,0,0,0,0,1,0,0,0,0,1,0,0,0,0,1,0,0,0,0,0,0,0,0,0,0,0,0,0,0,0,0,0,0,0,0,0,2,0,0,1,5,0,0,0,0,1,0,False,False,False,False,False,False,False,False,False,True,False,True,False
6.5,33.1,0,42.25,-0.38835260375988395,215.15,0,0,0,0,0,0,0,0,0,0,1,0,1,0,0,1,0,1,0,0,0,0,0,1,0,0,0,0,0,0,0,0,0,0,0,0,0,0,0,0,0,0,0,0,4,0,0,5,0,0,0,0,0,0,False,False,False,False,False,True,False,False,False,False,False,True,False
8.0,16.7,0,64.0,-1.1928113936275884,133.6,0,0,0,0,1,0,0,0,0,0,0,1,0,1,1,1,0,0,0,1,1,0,0,0,0,0,0,0,0,0,0,0,0,0,0,0,0,0,0,0,0,0,3,0,2,0,0,5,0,0,1,1,0,0,False,True,False,False,False,False,False,False,False,False,False,False,True
12.3,24.7,0,151.29000000000002,0.5534943380232293,303.81,0,0,0,0,0,0,0,0,0,1,0,0,1,0,0,0,1,0,0,0,0,0,0,0,0,1,0,0,0,0,0,0,0,0,0,0,0,0,0,0,0,0,0,1,1,0,0,5,0,0,0,0,0,0,False,True,False,False,False,False,False,False,False,False,False,False,True
6.8,40.0,0,46.239999999999995,1.9298612484867412,272.0,0,0,1,0,0,0,0,0,0,0,0,0,0,1,0,0,0,1,1,1,0,0,0,0,0,0,0,0,0,0,0,0,0,0,0,0,0,0,0,0,0,0,2,0,2,0,0,5,0,0,0,0,0,0,False,False,False,False,False,False,True,False,False,False,False,True,False
11.1,6.3,0,123.21,0.11192218960970705,69.92999999999999,0,0,0,1,0,0,0,0,0,0,0,1,0,0,0,0,0,0,0,0,0,0,0,0,0,0,0,0,0,0,0,0,0,0,0,0,0,0,0,0,0,0,0,0,0,0,0,5,0,0,0,0,0,0,False,False,False,False,False,False,False,True,False,False,False,False,True
9.4,29.1,1,88.36000000000001,-1.117082182133124,273.54,0,0,0,0,0,1,0,0,0,0,0,1,0,1,1,0,0,0,0,1,0,0,0,0,0,0,0,0,0,0,0,0,1,0,0,0,0,0,0,0,0,0,2,0,1,0,0,5,0,0,0,0,0,0,False,False,False,False,True,False,False,False,False,False,False,False,True
3.9,22.8,0,15.209999999999999,0.15860651786516836,88.92,0,0,0,0,0,0,0,0,1,0,0,1,1,0,1,0,0,0,0,0,0,0,0,1,0,0,1,0,0,0,0,0,0,0,0,0,0,0,0,0,0,0,0,0,3,0,0,5,0,0,0,0,0,0,False,False,True,False,False,False,False,False,False,False,False,True,False
13.0,25.0,0,169.0,0.6263270152292598,325.0,0,0,0,0,1,0,0,0,0,0,0,1,0,0,0,0,0,1,0,0,0,0,0,0,0,1,0,0,0,0,0,0,0,0,0,0,0,0,0,0,1,0,1,0,1,0,0,5,0,0,0,0,0,0,False,False,True,False,False,False,False,False,False,False,False,False,True
8.4,15.1,0,70.56,-1.4784152229091527,126.84,0,0,0,1,0,0,0,0,0,0,0,1,0,0,0,0,0,1,0,1,1,1,0,0,0,0,0,0,0,0,0,0,0,0,0,0,0,0,0,0,0,0,3,1,1,0,0,5,0,0,0,0,0,0,False,False,True,False,False,False,False,False,False,False,False,False,True
1.2,29.1,0,1.44,-0.8240538865022291,34.92,0,0,0,0,0,0,0,0,0,1,0,0,0,1,0,0,0,0,0,1,0,0,0,0,0,0,0,0,0,0,0,0,0,0,0,0,0,0,0,0,0,0,2,0,1,0,0,5,0,0,0,1,0,0,False,False,False,False,False,False,False,False,True,False,False,True,False
10.2,28.4,0,104.03999999999999,-1.2350824558344535,289.67999999999995,0,0,0,0,0,0,1,0,0,0,0,1,1,0,0,1,0,1,0,0,1,0,0,0,0,0,0,0,0,0,0,0,0,0,0,0,0,0,0,0,0,0,2,0,3,0,0,5,0,0,0,0,0,0,False,False,False,False,False,True,False,False,False,False,False,False,True
0.8,19.6,0,0.6400000000000001,-0.5217142055735102,15.680000000000001,0,1,0,0,0,0,0,0,0,0,0,0,0,0,0,0,0,0,0,0,0,0,0,0,0,0,1,0,0,0,0,0,0,0,0,0,0,0,0,0,0,0,0,0,0,0,0,5,0,0,0,0,0,0,False,False,True,False,False,False,False,False,False,False,True,False,False
8.2,6.7,0,67.24,0.3178212388495062,54.94,0,1,0,0,0,0,0,0,0,0,0,0,1,0,0,0,1,0,0,0,1,0,0,0,1,0,0,0,0,0,0,0,0,0,1,0,0,0,0,0,0,0,1,1,1,0,0,5,0,0,0,0,0,0,False,False,False,False,False,False,False,True,False,False,False,False,True
7.6,9.6,0,57.76,1.8105893458380484,72.96,0,0,0,0,0,0,0,1,0,0,0,0,1,1,0,0,0,0,0,1,0,0,0,0,0,0,0,0,0,0,0,0,0,0,0,0,0,0,0,0,0,0,3,0,1,0,0,5,1,1,0,0,0,0,False,False,False,False,False,False,False,True,False,False,False,False,True
2.1,29.8,0,4.41,-0.7153034334506133,62.580000000000005,0,0,0,0,1,0,0,0,0,0,0,1,0,1,0,0,0,0,0,0,1,0,0,0,0,0,0,0,0,0,0,0,0,0,0,0,0,0,0,0,0,0,3,0,0,0,0,5,0,0,0,0,0,0,False,False,False,False,False,False,False,False,True,False,False,True,False
12.3,16.5,0,151.29000000000002,-1.2364690369188587,202.95000000000002,0,0,0,1,0,0,0,0,0,0,0,1,0,0,0,0,0,0,0,0,0,0,0,0,0,0,0,0,0,0,0,0,0,0,0,0,0,0,0,0,0,0,0,0,1,0,0,5,0,0,0,0,0,0,False,True,False,False,False,False,False,False,False,False,False,False,True
1.5,5.6,0,2.25,-0.3140924019437669,8.399999999999999,0,0,0,1,0,0,0,0,0,0,0,1,0,1,0,0,1,0,1,0,0,1,0,0,0,0,0,0,0,0,0,0,0,0,0,0,0,0,0,0,0,0,2,2,1,0,0,5,0,0,0,0,1,0,False,False,False,False,False,False,False,False,False,True,False,True,False
2.0,8.9,0,4.0,1.4502660096684006,17.8,0,1,0,0,0,0,0,0,0,0,0,0,1,1,0,0,0,0,0,1,0,1,0,0,0,0,0,0,0,0,0,0,0,0,0,0,0,0,0,0,0,0,2,1,1,0,0,5,1,1,0,0,0,0,False,False,False,False,False,False,False,True,False,False,False,True,False
5.5,26.5,0,30.25,0.5552349420715308,145.75,0,0,0,0,0,0,1,0,0,0,0,1,0,1,0,1,0,0,1,0,0,1,0,0,0,0,0,0,0,0,0,0,0,0,0,0,0,0,0,0,0,0,1,1,2,0,0,5,0,0,0,0,0,0,False,False,False,False,False,False,True,False,False,False,False,True,False
3.3,34.9,0,10.889999999999999,-0.10302882059919834,115.16999999999999,0,1,0,0,0,0,0,0,0,0,0,0,0,0,0,0,0,0,1,1,0,1,0,0,0,0,0,0,0,0,0,0,0,0,0,0,0,0,0,0,0,0,1,2,1,0,0,5,0,0,0,0,0,0,False,False,False,False,True,False,False,False,False,False,False,True,False
0.5,11.3,0,0.25,-0.9924924547811507,5.65,0,0,0,0,0,0,0,0,0,0,1,0,0,0,0,1,1,0,0,1,0,0,0,0,0,0,0,0,0,0,0,0,0,0,0,0,0,0,0,0,0,0,1,1,1,0,0,5,0,0,0,1,0,0,False,False,False,False,False,False,True,False,False,False,True,False,False
7.2,26.4,0,51.84,0.7344375812688463,190.07999999999998,0,1,0,0,0,0,0,0,0,0,0,0,0,1,1,1,0,0,0,0,1,0,0,0,0,0,0,0,0,0,0,0,0,0,0,0,0,0,0,0,0,0,3,0,2,0,0,5,0,0,1,0,0,0,True,False,False,False,False,False,False,False,False,False,False,False,True
4.2,23.2,0,17.64,0.2436466082950029,97.44,0,0,0,0,0,0,0,0,1,0,0,1,1,0,1,0,0,0,0,0,0,0,0,1,0,0,1,0,0,0,0,0,0,0,0,0,0,0,0,0,0,0,0,0,3,0,0,5,0,0,0,0,0,0,False,False,True,False,False,False,False,False,False,False,False,True,False
6.2,30.5,0,38.440000000000005,-0.8567563517160287,189.1,0,0,1,0,0,0,0,0,0,0,0,0,0,1,0,0,0,0,1,1,0,0,0,0,0,0,0,0,0,0,0,0,0,0,0,0,0,0,0,0,0,0,2,0,2,0,0,5,0,0,0,0,0,0,False,False,False,False,False,True,False,False,False,False,False,True,False
5.6,22.4,1,31.359999999999996,0.051431440173619114,125.43999999999998,0,1,0,0,0,0,0,0,0,0,0,0,0,0,1,1,0,0,1,1,0,0,0,0,0,0,0,0,0,0,0,0,0,0,0,0,0,0,0,0,0,0,1,0,3,0,0,5,0,0,0,1,0,1,False,True,False,False,False,False,False,False,False,False,False,True,False
10.3,30.0,0,106.09000000000002,1.48909132362115,309.0,0,0,0,0,0,0,0,1,0,0,0,0,0,0,1,0,1,0,0,0,0,1,0,0,0,0,0,0,0,0,0,0,0,0,0,0,0,0,0,0,0,0,0,2,2,0,0,5,0,0,0,0,1,0,True,False,False,False,False,False,False,False,False,False,False,False,True
11.9,6.1,0,141.61,0.008972664989807482,72.59,0,0,0,0,0,0,1,0,0,0,0,1,0,0,0,0,0,0,0,0,0,0,0,0,0,0,0,0,0,0,0,0,0,0,0,0,0,0,0,0,0,0,0,0,0,0,0,5,0,0,0,0,0,0,False,False,False,False,False,False,False,True,False,False,False,False,True
14.1,33.6,0,198.81,-0.20584575171624972,473.76,0,0,0,0,0,0,0,0,0,1,0,0,1,1,0,0,1,0,0,0,0,0,1,0,0,0,0,0,0,0,0,0,0,0,0,0,0,0,0,0,0,0,1,1,2,0,0,5,1,0,0,0,0,0,False,False,False,True,False,False,False,False,False,False,False,False,True
9.2,29.4,0,84.63999999999999,-0.9237396845717185,270.47999999999996,0,0,0,0,0,0,0,0,0,1,0,0,1,0,1,0,0,0,0,0,0,0,0,0,0,0,0,0,0,0,0,0,0,0,0,0,0,0,0,1,0,0,0,0,2,0,0,5,0,0,0,0,0,0,False,False,False,True,False,False,False,False,False,False,False,False,True
5.4,20.6,0,29.160000000000004,-0.3414873494478142,111.24000000000001,0,0,0,0,0,0,0,0,0,1,0,0,0,1,0,1,1,0,0,0,0,0,0,0,0,0,0,0,0,0,0,0,0,0,0,0,0,0,0,0,0,0,2,1,1,0,0,5,0,0,0,0,0,0,False,True,False,False,False,False,False,False,False,False,False,True,False
7.1,6.2,0,50.41,-0.005760381888929726,44.019999999999996,0,0,1,0,0,0,0,0,0,0,0,0,0,0,0,1,0,1,1,0,0,0,0,0,0,0,0,0,0,0,0,0,0,0,0,0,0,0,0,0,0,0,0,0,3,0,0,5,0,0,0,0,0,0,False,False,False,False,False,False,False,False,False,True,False,False,True
12.3,3.9,0,151.29000000000002,-1.1234721058290866,47.97,0,0,0,0,1,0,0,0,0,0,0,1,0,1,0,0,1,0,0,1,1,0,0,0,0,0,0,0,0,0,0,0,0,0,0,0,0,0,0,0,0,0,3,1,0,0,0,5,0,0,0,0,0,0,False,False,False,False,False,False,False,True,False,False,False,False,True
6.3,20.3,0,39.69,-0.37289404732129944,127.89,0,0,0,0,1,0,0,0,0,0,0,1,1,0,0,0,0,0,0,0,1,1,0,0,0,0,0,0,0,0,0,0,0,0,0,0,0,0,0,0,0,0,1,2,1,0,0,5,0,0,0,0,0,0,False,False,True,False,False,False,False,False,False,False,False,True,False
7.1,36.4,1,50.41,0.15922635910785152,258.44,0,0,0,0,0,1,0,0,0,0,0,1,0,0,1,0,0,1,1,1,0,0,0,0,0,0,0,0,0,0,0,0,0,0,0,0,0,0,0,0,0,0,1,0,3,0,1,5,0,0,0,0,0,1,False,False,False,False,True,False,False,False,False,False,False,False,True
3.7,24.6,0,13.690000000000001,0.5412869247994253,91.02000000000001,0,0,0,1,0,0,0,0,0,0,0,1,1,1,0,0,0,0,0,1,0,0,0,0,0,0,0,0,0,0,0,0,0,0,0,0,0,0,0,0,0,0,2,0,1,0,0,5,1,1,0,0,0,0,False,False,True,False,False,False,False,False,False,False,False,True,False
4.8,23.3,0,23.04,0.22939759536570314,111.84,0,0,0,0,0,0,0,0,0,1,0,0,0,1,0,0,0,0,0,0,1,0,0,0,0,0,0,0,0,0,0,0,0,0,0,0,0,0,0,0,0,0,5,0,0,0,0,5,0,0,0,0,0,0,False,False,False,False,False,False,True,False,False,False,False,True,False
4.6,7.1,0,21.159999999999997,0.5237202880893049,32.66,0,0,0,0,0,0,0,0,1,0,0,1,0,0,0,1,0,0,0,0,1,1,0,0,0,0,0,0,0,0,0,0,0,0,0,0,0,0,0,0,0,0,1,1,2,0,0,5,0,0,0,0,0,0,False,False,False,False,False,False,False,True,False,False,False,True,False
1.8,25.1,0,3.24,0.6475870378367189,45.18000000000001,0,0,0,1,0,0,0,0,0,0,0,1,0,0,1,0,1,0,0,0,0,0,0,0,0,0,0,0,0,0,0,0,0,0,0,0,0,0,0,0,0,0,0,1,1,0,0,5,0,0,0,0,0,0,False,False,True,False,False,False,False,False,False,False,False,True,False
0.5,35.0,0,0.25,0.03345222590223945,17.5,0,0,0,0,1,0,0,0,0,0,0,1,0,1,0,1,0,1,0,1,0,0,0,0,0,0,0,0,0,0,0,0,0,0,0,0,0,0,0,0,0,0,2,0,2,0,0,5,0,0,0,1,0,0,False,False,False,True,False,False,False,False,False,False,True,False,False
2.5,32.0,1,6.25,-0.3735162952883921,80.0,0,0,0,0,0,1,0,0,0,0,0,1,0,0,1,0,0,0,1,0,0,0,0,0,0,0,0,0,0,0,0,0,0,0,0,0,0,0,0,0,0,1,0,0,3,0,0,5,0,0,0,0,0,1,False,False,False,False,False,False,False,False,True,False,False,True,False
9.5,43.3,1,90.25,1.3820267325448352,411.34999999999997,0,0,0,0,0,1,0,0,0,0,0,1,1,0,0,1,0,1,0,0,0,0,0,0,0,0,0,0,0,0,0,0,0,0,0,0,0,0,0,0,0,0,0,0,4,0,0,5,0,0,0,0,0,0,False,False,False,False,False,False,False,False,True,False,False,False,True
10.1,24.4,1,102.00999999999999,0.34140418329583117,246.43999999999997,0,0,0,1,0,0,0,0,0,0,0,1,0,0,0,0,0,0,0,0,0,0,1,0,0,0,0,0,0,0,0,0,0,0,0,0,0,0,0,0,0,0,0,0,1,0,1,5,0,0,0,0,0,0,False,False,False,False,False,False,True,False,False,False,False,False,True
5.2,21.9,0,27.040000000000003,-0.20887959667153302,113.88,0,1,0,0,0,0,0,0,0,0,0,0,1,0,0,0,0,0,1,0,1,0,0,0,0,0,0,0,0,0,0,0,0,0,0,0,0,0,0,0,0,0,1,0,3,0,0,5,0,0,0,0,0,0,True,False,False,False,False,False,False,False,False,False,False,True,False
5.3,15.0,0,28.09,-1.5639013616033868,79.5,0,1,0,0,0,0,0,0,0,0,0,0,0,1,0,0,0,0,0,0,0,0,0,0,0,0,0,0,0,0,0,0,0,0,0,0,0,1,0,0,0,0,2,0,0,0,0,5,0,0,0,0,0,0,False,True,False,False,False,False,False,False,False,False,False,True,False
12.0,23.7,0,144.0,0.3352061215668771,284.4,0,0,0,0,0,0,0,0,0,1,0,0,1,0,0,0,1,0,0,0,0,0,0,0,0,1,0,0,0,0,0,0,0,0,0,0,0,0,0,0,0,0,0,1,1,0,0,5,0,0,0,0,0,0,False,True,False,False,False,False,False,False,False,False,False,False,True
4.4,40.0,0,19.360000000000003,1.9298612484867412,176.0,0,0,0,1,0,0,0,0,0,0,0,1,1,0,1,0,0,1,0,0,0,0,0,0,0,0,0,0,0,0,0,0,0,0,0,0,0,0,0,0,0,0,0,0,5,0,0,5,0,0,0,0,0,0,False,False,False,False,False,False,True,False,False,False,False,True,False
12.3,4.4,0,151.29000000000002,-0.9307564420534404,54.120000000000005,0,0,0,0,0,0,1,0,0,0,0,1,0,0,0,0,0,1,0,0,0,0,0,1,0,0,0,1,0,0,0,1,1,0,0,0,0,0,0,0,0,0,0,0,2,0,0,5,0,0,0,0,0,0,False,False,False,False,False,False,False,False,False,True,False,False,True
1.2,26.6,0,1.44,-1.2124483616865716,31.92,0,0,0,1,0,0,0,0,0,0,0,1,0,1,0,0,0,0,0,1,0,0,0,0,0,0,0,0,0,0,0,0,0,0,0,0,0,0,0,0,0,0,2,0,1,0,0,5,0,0,0,1,0,0,False,False,False,False,False,False,False,False,True,False,False,True,False
8.7,26.4,0,75.68999999999998,-1.2435199197013194,229.67999999999998,0,1,0,0,0,0,0,0,0,0,0,0,1,0,0,0,1,0,0,0,0,1,0,0,0,0,0,0,0,0,0,0,0,0,0,1,0,0,0,0,0,0,0,2,1,0,0,5,0,0,0,0,1,0,False,False,False,False,False,False,False,False,True,False,False,False,True
5.3,34.4,0,28.09,-0.15415072978181218,182.32,0,0,0,0,0,0,0,0,0,0,1,0,1,0,1,0,0,1,1,0,1,0,0,0,0,0,0,0,0,0,0,0,0,0,0,0,0,0,0,0,0,0,1,0,4,0,0,5,0,0,1,0,0,1,False,False,False,False,False,True,False,False,False,False,False,True,False
9.7,25.0,0,94.08999999999999,-1.461020825804551,242.49999999999997,0,0,0,0,0,0,0,0,1,0,0,1,1,0,1,1,0,0,1,0,0,0,0,0,0,0,0,0,0,0,0,0,0,0,0,0,0,0,0,0,0,0,0,0,4,0,0,5,0,0,0,0,0,1,False,False,False,False,False,False,False,False,True,False,False,False,True
13.6,35.0,1,184.95999999999998,0.09255707493281881,476.0,0,0,0,0,0,1,0,0,0,0,0,1,0,0,1,1,1,1,0,0,0,0,0,0,0,0,0,0,0,0,0,0,0,0,0,0,0,0,0,0,0,0,0,1,4,0,0,5,0,0,0,0,0,0,False,False,False,False,False,False,False,False,True,False,False,False,True
7.2,9.8,0,51.84,1.8442317384400921,70.56,0,1,0,0,0,0,0,0,0,0,0,0,1,1,0,0,1,0,0,0,0,1,0,0,0,0,0,0,0,0,0,0,0,0,0,0,0,0,0,0,0,0,1,3,1,0,0,5,1,0,0,0,1,0,False,False,False,False,False,False,False,False,False,True,False,False,True
8.7,24.1,0,75.68999999999998,0.4349868117621318,209.67,0,1,0,0,0,0,0,0,0,0,0,0,1,1,1,0,0,0,0,0,0,0,0,0,0,0,0,0,0,0,0,0,0,0,0,0,0,0,0,0,0,0,1,0,2,0,0,5,1,0,0,0,0,0,False,False,True,False,False,False,False,False,False,False,False,False,True
3.6,16.8,0,12.96,-1.1709825719819527,60.480000000000004,0,0,0,0,0,0,1,0,0,0,0,1,1,0,1,0,0,0,1,0,0,0,0,0,0,0,0,0,0,0,0,0,0,0,0,0,0,0,0,0,0,0,0,0,4,0,0,5,0,0,0,0,0,1,False,True,False,False,False,False,False,False,False,False,False,True,False
6.6,27.6,0,43.559999999999995,-1.3792066859748051,182.16,0,1,0,0,0,0,0,0,0,0,0,0,1,0,0,0,0,0,1,1,0,1,0,0,0,0,0,0,0,0,0,0,0,0,0,0,0,0,0,0,0,0,1,1,2,0,0,5,0,1,0,0,0,0,False,False,False,False,False,True,False,False,False,False,False,True,False
6.1,6.4,1,37.209999999999994,0.16339695191965709,39.04,0,0,0,0,0,0,0,0,0,0,1,0,1,0,0,1,0,0,0,0,0,0,0,0,0,0,0,0,0,0,0,0,0,0,0,0,0,0,1,0,0,0,0,0,2,0,2,5,0,0,0,0,0,0,False,False,False,False,False,False,False,True,False,False,False,True,False
8.6,37.9,0,73.96,0.5430946661466558,325.94,0,1,0,0,0,0,0,0,0,0,0,0,1,0,1,0,0,0,0,0,0,0,0,0,0,0,0,0,0,0,0,0,0,0,0,0,0,0,0,0,0,0,0,0,2,0,0,5,0,0,0,0,0,0,False,False,False,False,False,False,False,False,True,False,False,False,True
2.7,27.9,0,7.290000000000001,1.2520166306835563,75.33,0,1,0,0,0,0,0,0,0,0,0,0,0,0,0,0,0,0,1,0,0,0,0,0,0,0,0,0,0,0,0,0,0,0,0,0,0,0,0,0,0,0,0,0,1,0,0,5,0,0,0,0,0,0,False,True,False,False,False,False,False,False,False,False,False,True,False
3.6,16.9,0,12.96,-1.2570097943830656,60.839999999999996,0,0,0,0,0,0,0,1,0,0,0,0,0,0,0,0,1,0,0,0,1,0,0,0,0,1,0,0,0,0,0,0,0,0,1,0,0,0,0,0,0,0,1,1,0,0,0,5,0,0,0,0,0,0,True,False,False,False,False,False,False,False,False,False,False,True,False
10.3,6.4,0,106.09000000000002,0.09701695812934934,65.92,0,1,0,0,0,0,0,0,0,0,0,0,0,0,1,0,0,1,0,1,0,1,0,0,0,0,0,0,0,0,0,0,0,0,0,0,0,0,0,0,0,0,2,1,2,0,0,5,0,0,0,0,0,0,False,False,False,False,False,False,False,False,False,True,False,False,True
7.6,15.0,0,57.76,-1.4996752455166114,114.0,0,0,0,0,0,0,0,0,0,0,1,0,0,1,1,0,0,0,0,0,1,1,0,0,0,0,0,0,0,0,0,0,0,0,0,0,0,0,0,0,0,0,2,1,1,0,0,5,0,0,1,0,0,0,False,False,True,False,False,False,False,False,False,False,False,False,True
11.3,22.2,0,127.69000000000001,0.11739100743557473,250.86,0,0,0,0,0,0,0,0,0,0,1,0,0,1,0,1,0,0,1,0,0,1,0,0,0,0,0,0,0,0,0,0,0,0,0,0,0,0,0,0,0,0,1,2,2,0,0,5,0,0,0,0,0,0,False,False,False,False,False,False,True,False,False,False,False,False,True
9.2,4.4,0,84.63999999999999,-0.8660982942793378,40.48,0,0,0,0,0,0,0,0,1,0,0,1,0,1,1,0,1,1,0,0,1,0,0,0,0,0,0,0,0,0,0,0,0,0,0,0,0,0,0,0,0,0,2,1,2,0,0,5,0,0,1,0,0,0,False,False,False,False,False,False,False,True,False,False,False,False,True
3.0,16.7,0,9.0,-1.1382548611898133,50.099999999999994,0,0,0,0,0,0,1,0,0,0,0,1,1,0,0,0,0,0,1,0,0,0,0,0,0,0,0,0,0,0,0,0,0,0,0,0,0,0,0,0,0,0,0,0,4,0,0,5,0,0,0,0,0,0,False,False,True,False,False,False,False,False,False,False,False,True,False
9.4,41.0,0,88.36000000000001,1.0247038153752406,385.40000000000003,0,0,0,0,0,0,0,0,1,0,0,1,1,0,0,0,0,0,0,0,0,0,0,0,1,1,0,0,0,0,0,0,0,0,0,0,0,0,0,0,0,0,0,0,1,0,0,5,0,0,0,0,0,0,False,False,False,False,False,False,False,False,True,False,False,False,True
15.0,26.8,0,225.0,-1.3681502144346271,402.0,0,0,0,0,0,0,0,0,0,0,1,0,0,0,0,1,1,0,0,0,1,1,0,0,0,0,0,0,0,0,0,0,0,0,0,0,0,0,0,0,0,0,1,2,1,0,0,5,0,0,0,0,1,0,False,False,False,True,False,False,False,False,False,False,False,False,True
9.2,23.2,0,84.63999999999999,0.2436466082950029,213.43999999999997,0,0,1,0,0,0,0,0,0,0,0,0,0,0,0,0,0,0,0,0,0,0,0,0,0,0,0,0,0,0,0,0,1,0,0,0,0,0,0,0,0,0,0,0,0,0,0,5,0,0,0,0,0,0,False,False,True,False,False,False,False,False,False,False,False,False,True
8.3,34.8,0,68.89000000000001,-0.12051249924633525,288.84,0,0,0,0,0,0,0,1,0,0,0,0,1,1,1,0,0,0,0,0,1,0,0,0,0,0,0,0,0,0,0,0,0,0,0,0,0,0,0,0,0,0,2,0,3,0,0,5,1,0,1,0,0,0,False,False,False,False,True,False,False,False,False,False,False,False,True
6.9,29.0,0,47.61000000000001,1.492133668785544,200.10000000000002,0,0,0,0,1,0,0,0,0,0,0,1,0,0,0,0,0,0,1,0,0,0,0,0,1,1,0,0,0,0,0,0,0,0,0,0,1,0,0,0,0,0,0,0,1,0,0,5,0,0,0,0,0,0,False,True,False,False,False,False,False,False,False,False,False,True,False
15.0,7.1,0,225.0,0.45673764819332535,106.5,0,0,0,0,0,0,1,0,0,0,0,1,1,0,0,1,1,0,0,0,1,0,0,0,0,0,0,0,0,0,0,0,0,0,0,0,0,0,0,0,0,0,1,1,2,0,0,5,0,0,0,0,0,0,False,False,False,False,False,False,False,False,False,True,False,False,True
5.2,19.4,0,27.040000000000003,-0.5642342507884283,100.88,0,0,1,0,0,0,0,0,0,0,0,0,0,0,0,0,0,0,1,1,0,1,0,0,0,0,0,0,0,0,0,0,0,0,0,0,0,0,0,0,0,0,2,1,1,0,0,5,0,0,0,0,0,0,False,False,True,False,False,False,False,False,False,False,False,True,False
14.7,20.9,0,216.08999999999997,-0.014980414663667828,307.22999999999996,0,1,0,0,0,0,0,0,0,0,0,0,1,0,0,1,0,1,0,1,0,0,0,0,0,0,0,0,0,0,0,0,0,0,0,0,0,0,0,0,0,0,2,0,3,0,0,5,0,1,0,1,0,0,False,False,False,False,False,False,True,False,False,False,False,False,True
8.2,21.8,0,67.24,-0.22984220062576324,178.76,0,0,0,0,0,0,0,0,0,0,1,0,0,1,1,0,0,0,1,1,0,0,0,0,0,0,0,0,0,0,0,0,0,0,0,0,0,0,0,0,0,0,2,0,2,1,0,5,0,0,0,0,0,1,True,False,False,False,False,False,False,False,False,False,False,False,True
6.6,33.9,0,43.559999999999995,-0.15456761365514535,223.73999999999998,0,0,0,0,0,0,0,0,0,1,0,0,0,0,0,0,0,1,1,0,0,1,0,0,0,0,0,0,0,0,0,0,0,0,0,0,0,0,0,0,0,0,0,1,3,0,0,5,0,0,0,0,0,0,False,False,False,True,False,False,False,False,False,False,False,True,False
7.2,27.7,0,51.84,-1.3618536831930377,199.44,0,0,0,1,0,0,0,0,0,0,0,1,0,0,1,1,0,0,0,1,0,0,0,0,0,0,0,0,0,0,0,0,0,0,0,0,0,0,0,0,0,0,3,0,2,0,0,5,0,0,0,1,0,0,False,False,False,False,True,False,False,False,False,False,False,False,True
9.6,15.0,1,92.16,-1.4996752455166114,144.0,0,1,0,0,0,0,0,0,0,0,0,0,1,0,0,0,0,0,0,0,1,0,0,0,0,0,0,0,0,0,0,0,0,0,0,0,0,0,0,0,0,0,1,0,2,0,0,5,0,0,0,0,0,0,False,False,True,False,False,False,False,False,False,False,False,False,True
3.9,18.9,0,15.209999999999999,-0.6705343638257218,73.71,0,0,0,0,0,0,1,0,0,0,0,1,1,0,0,0,0,0,0,0,0,0,0,0,0,0,0,0,0,0,0,0,0,0,0,0,0,0,0,0,0,0,0,0,1,0,0,5,0,0,0,0,0,0,False,False,True,False,False,False,False,False,False,False,False,True,False
5.9,21.8,0,34.81,-0.07954148970019174,128.62,0,1,0,0,0,0,0,0,0,0,0,0,0,0,0,0,0,1,0,0,0,1,0,0,0,0,0,0,0,0,0,0,0,0,0,0,0,0,0,0,0,0,0,1,1,0,0,5,0,0,0,0,0,0,False,True,False,False,False,False,False,False,False,False,False,True,False
9.9,38.6,0,98.01,0.6025014784550372,382.14000000000004,0,0,0,0,0,0,0,1,0,0,0,0,1,0,0,1,0,0,0,0,1,1,0,0,0,0,0,0,0,0,0,0,0,0,0,0,0,0,0,0,0,0,1,1,2,0,0,5,0,0,0,0,0,0,False,False,False,False,False,True,False,False,False,False,False,False,True
13.1,41.0,0,171.60999999999999,1.059014987124337,537.1,0,0,0,0,0,0,0,1,0,0,0,0,0,0,0,0,0,0,0,0,0,0,1,0,1,0,0,0,1,1,1,0,0,0,0,0,0,0,0,0,0,0,0,0,1,0,0,5,0,0,0,0,0,0,False,False,False,True,False,False,False,False,False,False,False,False,True
0.5,31.4,0,0.25,-0.7149575732489813,15.7,0,0,0,0,0,0,0,0,0,1,0,0,0,1,0,0,0,1,0,1,0,1,0,0,0,0,0,0,0,0,0,0,0,0,0,0,0,0,0,0,0,0,2,1,2,0,0,5,0,0,0,0,0,0,False,False,False,False,True,False,False,False,False,False,True,False,False
6.2,28.8,0,38.440000000000005,-1.1695332180745341,178.56,0,0,0,0,1,0,0,0,0,0,0,1,0,0,0,1,0,0,1,0,0,0,0,0,0,0,0,0,0,0,0,0,0,0,0,0,0,0,0,0,0,0,0,0,2,0,0,5,0,0,0,0,0,0,False,False,False,False,True,False,False,False,False,False,False,True,False
4.8,14.6,0,23.04,-0.656472690990766,70.08,0,0,0,0,0,0,0,0,0,1,0,0,0,0,0,0,0,0,0,0,0,0,1,0,0,0,0,0,0,0,0,0,0,1,0,0,0,0,0,0,0,0,0,0,1,0,0,5,0,0,0,0,0,0,False,False,False,False,False,False,True,False,False,False,False,True,False
4.2,19.3,0,17.64,-0.5854942733958866,81.06,0,1,0,0,0,0,0,0,0,0,0,0,1,0,0,0,0,0,0,0,0,0,0,0,0,0,0,0,0,0,0,0,0,0,0,0,0,0,0,0,0,0,0,0,1,0,0,5,0,0,0,0,0,0,False,False,True,False,False,False,False,False,False,False,False,True,False
9.3,24.1,0,86.49000000000001,0.4349868117621318,224.13000000000002,0,0,0,0,0,0,0,0,1,0,0,1,0,0,1,0,1,1,0,0,1,0,0,0,0,0,0,0,0,0,0,0,0,0,0,0,0,0,0,0,0,0,1,2,2,0,0,5,0,0,1,0,0,0,False,False,True,False,False,False,False,False,False,False,False,False,True
5.1,17.0,0,26.009999999999998,-1.2360471904288346,86.69999999999999,0,0,0,0,1,0,0,0,0,0,0,1,0,0,0,0,0,0,1,0,0,0,0,0,0,0,0,0,0,0,0,0,0,0,0,0,0,0,0,0,0,0,0,0,1,0,0,5,0,0,0,0,0,0,True,False,False,False,False,False,False,False,False,False,False,True,False
2.0,28.8,0,4.0,1.4484760254942737,57.6,0,0,1,0,0,0,0,0,0,0,0,0,0,0,0,0,0,0,0,1,1,0,0,0,0,0,0,0,0,0,0,0,0,0,0,0,0,0,0,0,0,0,5,0,0,0,0,5,0,0,0,0,0,0,False,True,False,False,False,False,False,False,False,False,False,True,False
6.4,29.4,0,40.96000000000001,-0.9237396845717185,188.16,0,0,0,0,0,0,0,1,0,0,0,0,0,0,0,0,0,0,1,0,0,0,0,0,0,0,0,0,0,0,0,1,0,0,0,0,0,0,0,0,1,0,0,0,1,0,0,5,0,0,0,0,0,0,False,False,False,True,False,False,False,False,False,False,False,True,False
9.0,23.6,0,81.0,0.3286866987248382,212.4,0,0,0,0,1,0,0,0,0,0,0,1,1,1,0,0,0,1,0,0,1,0,0,0,0,0,0,0,0,0,0,0,0,0,0,0,0,0,0,0,0,0,2,1,2,0,0,5,1,0,0,0,0,0,False,False,True,False,False,False,False,False,False,False,False,False,True
6.5,37.8,0,42.25,0.5120481811392178,245.7,0,0,0,0,0,0,1,0,0,0,0,1,0,0,0,0,0,1,1,0,0,0,0,0,0,0,0,0,0,0,0,0,0,0,0,0,0,0,0,0,0,0,0,0,3,0,0,5,0,0,0,0,0,0,False,False,False,True,False,False,False,False,False,False,False,True,False
7.4,20.4,0,54.760000000000005,-0.3851449927390853,150.96,0,0,0,0,0,0,0,0,0,0,1,0,0,0,1,1,0,0,0,1,0,0,0,0,0,0,0,0,0,0,0,0,0,0,0,0,0,0,0,0,0,0,1,0,3,0,0,5,0,0,0,1,0,0,False,True,False,False,False,False,False,False,False,False,False,False,True
3.3,16.7,0,10.889999999999999,-1.2989350022915267,55.10999999999999,0,0,0,0,0,0,0,0,0,0,1,0,0,0,1,0,1,0,0,0,0,0,0,0,0,0,0,0,0,0,0,0,0,0,0,0,0,1,0,0,0,0,0,1,1,0,0,5,0,0,0,0,0,0,True,False,False,False,False,False,False,False,False,False,False,True,False
5.7,22.0,0,32.49,-1.927094196025762,125.4,0,0,0,0,0,0,0,0,1,0,0,1,1,0,0,0,0,0,0,0,0,0,0,0,0,0,0,0,0,0,0,0,0,0,0,0,0,0,0,0,0,0,0,0,1,0,0,5,0,0,0,0,0,0,False,False,False,False,False,False,False,False,True,False,False,True,False
7.7,18.8,0,59.290000000000006,-0.22881117343936702,144.76000000000002,0,1,0,0,0,0,0,0,0,0,0,0,0,0,1,1,0,0,0,0,1,1,0,0,0,0,0,0,0,0,0,0,0,0,0,0,0,0,0,0,0,0,1,2,2,0,0,5,0,0,1,0,0,0,False,False,False,False,False,False,True,False,False,False,False,False,True
12.5,21.3,0,156.25,-0.18868559792836784,266.25,0,0,0,0,0,0,0,0,0,1,0,0,1,0,0,0,0,1,0,1,1,0,0,0,0,0,0,0,0,0,0,0,0,0,0,0,0,0,0,0,0,0,3,0,2,0,0,5,0,1,0,0,0,0,False,True,False,False,False,False,False,False,False,False,False,False,True
3.1,8.6,0,9.610000000000001,1.2275676983304176,26.66,0,0,1,0,0,0,0,0,0,0,0,0,0,1,0,1,0,0,0,0,1,0,0,0,0,0,0,0,0,0,0,0,0,0,0,0,0,0,0,0,0,0,3,0,1,0,0,5,0,0,0,0,0,0,False,False,False,False,False,False,False,False,False,True,False,True,False
0.8,33.6,0,0.6400000000000001,-0.20584575171624972,26.880000000000003,0,1,0,0,0,0,0,0,0,0,0,0,0,0,0,0,1,0,0,0,1,0,0,0,0,1,0,0,0,0,0,0,0,0,1,0,0,0,0,0,0,0,1,1,0,0,0,5,0,0,0,0,0,0,False,False,False,True,False,False,False,False,False,False,True,False,False
14.6,45.0,0,213.16,1.7427234946057353,657.0,0,1,0,0,0,0,0,0,0,0,0,0,0,1,1,1,0,0,0,0,0,0,0,0,0,0,0,0,0,0,0,0,0,0,0,0,0,0,0,0,0,0,2,0,3,0,0,5,0,0,0,0,0,0,False,False,False,True,False,False,False,False,False,False,False,False,True
11.1,18.7,1,123.21,-0.7562349607148838,207.57,0,1,0,0,0,0,0,0,0,0,0,0,0,0,0,0,0,0,0,0,0,0,0,0,1,0,1,0,0,0,0,1,0,0,0,0,0,0,0,0,0,0,0,0,0,0,1,5,0,0,0,0,0,0,False,True,False,False,False,False,False,False,False,False,False,False,True
7.8,8.1,0,60.839999999999996,0.9706243482847202,63.17999999999999,0,1,0,0,0,0,0,0,0,0,0,0,1,0,0,1,0,1,0,1,0,1,0,0,0,0,0,0,0,0,0,0,0,0,0,0,0,0,0,0,0,0,1,1,3,0,0,5,0,1,0,1,0,0,False,False,False,False,False,False,False,False,False,True,False,False,True
3.0,5.3,0,9.0,-0.4682584119711853,15.899999999999999,0,0,0,0,0,0,1,0,0,0,0,1,0,0,0,1,1,0,1,1,0,1,0,0,0,0,0,0,0,0,0,0,0,0,0,0,0,0,0,0,0,0,1,2,2,0,0,5,0,0,0,1,1,0,False,False,False,False,False,False,False,False,False,True,False,True,False
3.8,32.9,0,14.44,-0.4527023935419315,125.01999999999998,0,0,0,0,0,0,0,1,0,0,0,0,0,0,1,0,1,0,1,0,0,0,0,0,0,0,0,0,0,0,0,0,0,0,0,0,0,0,0,0,0,0,0,2,2,0,0,5,0,0,0,0,0,1,False,False,False,False,True,False,False,False,False,False,False,True,False
0.5,16.3,1,0.25,-1.2801266802101288,8.15,0,1,0,0,0,0,0,0,0,0,0,0,0,0,0,0,0,0,0,1,0,1,0,0,0,0,0,0,0,0,0,0,0,0,0,0,0,0,0,0,0,0,1,1,0,0,1,5,0,0,0,0,0,0,False,True,False,False,False,False,False,False,False,False,True,False,False
2.8,17.3,0,7.839999999999999,-1.0106947255450607,48.44,0,0,0,0,0,0,0,0,1,0,0,1,1,1,0,0,1,1,0,0,0,0,0,0,0,0,0,0,0,0,0,0,0,0,0,0,0,0,0,0,0,0,1,1,2,0,0,5,1,0,0,0,0,0,False,False,True,False,False,False,False,False,False,False,False,True,False
5.5,17.6,0,30.25,-0.9469146577226845,96.80000000000001,0,1,0,0,0,0,0,0,0,0,0,0,1,0,0,0,0,0,0,0,0,0,0,0,0,0,0,0,0,0,0,0,0,0,0,0,0,0,0,0,0,0,0,0,1,0,0,5,0,0,0,0,0,0,False,False,True,False,False,False,False,False,False,False,False,True,False
3.4,24.8,0,11.559999999999999,0.5838069700143426,84.32,0,0,0,1,0,0,0,0,0,0,0,1,1,1,0,0,0,0,0,1,0,0,0,0,0,0,0,0,0,0,0,0,0,0,0,0,0,0,0,0,0,0,2,0,1,0,0,5,1,1,0,0,0,0,False,False,True,False,False,False,False,False,False,False,False,True,False
3.7,34.1,0,13.690000000000001,-0.20819731608444375,126.17000000000002,0,0,0,0,1,0,0,0,0,0,0,1,1,0,0,0,0,0,0,0,0,0,0,0,0,0,0,0,0,0,0,0,0,0,0,0,0,0,0,0,0,0,0,0,1,0,0,5,0,0,0,0,0,0,False,False,False,False,False,True,False,False,False,False,False,True,False
6.7,11.5,0,44.89,-0.9721276206120365,77.05,0,0,1,0,0,0,0,0,0,0,0,0,0,0,1,0,0,0,1,0,1,1,0,0,0,0,0,0,0,0,0,0,0,0,0,0,0,0,0,0,0,0,1,1,2,1,0,5,0,0,1,0,0,1,False,False,False,False,False,False,True,False,False,False,False,True,False
7.2,26.8,0,51.84,0.8182879970857693,192.96,0,0,0,0,0,0,0,0,0,1,0,0,0,0,0,0,0,0,0,1,1,1,0,0,0,0,0,0,0,0,0,0,0,0,0,0,0,0,0,0,0,0,2,1,0,0,0,5,0,0,0,0,0,0,True,False,False,False,False,False,False,False,False,False,False,False,True
5.2,30.5,0,27.040000000000003,-0.7357198450143337,158.6,0,1,0,0,0,0,0,0,0,0,0,0,0,0,0,0,1,0,0,1,0,0,0,0,0,0,0,0,0,0,0,0,0,0,0,0,0,0,0,0,0,0,1,1,1,0,0,5,0,0,0,1,0,0,False,False,False,True,False,False,False,False,False,False,False,True,False
6.3,22.0,0,39.69,-0.18791699271730208,138.6,0,0,0,0,1,0,0,0,0,0,0,1,0,1,0,0,0,0,0,0,1,0,0,0,0,0,0,0,0,0,0,0,0,0,0,0,0,0,0,0,0,0,3,0,0,0,0,5,0,0,0,0,0,0,True,False,False,False,False,False,False,False,False,False,False,True,False
14.9,8.1,0,222.01000000000002,1.0384679111888024,120.69,0,0,0,1,0,0,0,0,0,0,0,1,1,0,0,0,1,1,0,0,0,0,0,0,0,0,0,0,0,0,0,0,0,0,0,0,0,0,0,0,0,0,0,1,3,0,0,5,0,0,0,0,0,0,False,False,False,False,False,False,False,True,False,False,False,False,True
6.9,22.6,0,47.61000000000001,0.09508908346489017,155.94000000000003,0,0,0,0,0,0,0,1,0,0,0,0,0,0,1,0,0,1,1,0,0,0,0,0,0,0,0,0,0,0,0,0,0,0,0,0,0,0,0,0,0,0,0,0,4,0,0,5,0,0,0,0,0,1,False,True,False,False,False,False,False,False,False,False,False,True,False
2.5,3.6,1,6.25,-1.277896392758936,9.0,0,0,0,0,0,1,0,0,0,0,0,1,0,0,0,0,0,0,0,0,0,0,1,0,1,0,0,0,0,0,0,0,0,0,0,0,0,0,0,0,0,0,0,0,1,0,0,5,0,0,0,0,0,0,False,False,False,False,False,False,False,True,False,False,False,True,False
8.0,16.2,0,64.0,-1.3019555018557645,129.6,0,0,1,0,0,0,0,0,0,0,0,0,1,0,0,0,0,0,0,0,0,0,0,0,0,0,0,0,0,0,0,0,0,0,0,1,0,0,0,0,0,0,0,0,1,0,0,5,0,0,0,0,0,0,False,True,False,False,False,False,False,False,False,False,False,False,True
15.0,3.8,0,225.0,-1.1749468681390365,57.0,0,0,0,0,0,0,1,0,0,0,0,1,1,0,0,0,0,0,1,0,0,0,0,0,0,0,0,0,0,0,0,0,0,0,0,0,0,0,0,0,0,0,0,0,3,0,0,5,0,0,0,0,0,0,False,False,False,False,False,False,False,True,False,False,False,False,True
13.2,16.2,0,174.23999999999998,-1.244554974227107,213.83999999999997,0,0,0,0,1,0,0,0,0,0,0,1,0,0,1,0,1,0,1,0,0,0,0,0,0,0,0,0,0,0,0,0,0,0,0,0,0,0,0,0,0,0,0,1,2,0,0,5,0,0,0,0,0,1,False,False,True,False,False,False,False,False,False,False,False,False,True
7.7,28.1,0,59.290000000000006,0.7181536154244448,216.37,0,0,0,0,0,0,0,0,1,0,0,1,0,0,0,0,0,0,1,0,0,0,0,0,1,1,0,0,0,0,0,0,0,0,0,0,1,0,0,0,0,0,0,0,1,0,0,5,0,0,0,0,0,0,False,False,False,False,False,False,True,False,False,False,False,False,True
6.7,21.7,0,44.89,-0.2508048045799942,145.39,0,0,1,0,0,0,0,0,0,0,0,0,1,0,0,0,0,1,0,1,0,0,0,0,0,0,0,0,0,0,0,0,0,0,0,0,0,0,0,0,0,0,1,0,4,0,0,5,0,1,0,0,0,0,True,False,False,False,False,False,False,False,False,False,False,True,False
10.0,12.1,0,100.0,-0.9110331181046938,121.0,0,0,0,1,0,0,0,0,0,0,0,1,0,0,0,0,0,0,0,0,0,0,0,0,0,1,0,0,0,0,0,0,0,0,0,0,0,0,0,0,0,0,0,0,0,0,0,5,0,0,0,0,0,0,False,False,False,False,False,False,True,False,False,False,False,False,True
5.8,29.6,0,33.64,-0.8895542591976481,171.68,0,0,0,0,0,0,0,1,0,0,0,0,0,0,1,0,0,0,0,0,0,0,1,0,0,0,0,0,0,0,0,0,0,0,0,0,0,0,0,0,0,0,0,0,2,1,0,5,0,0,0,0,0,0,False,False,False,True,False,False,False,False,False,False,False,True,False
5.1,20.2,0,26.009999999999998,-0.08625733425556756,103.02,0,0,0,0,0,0,0,0,0,1,0,0,1,1,0,1,0,1,0,0,0,0,0,0,0,0,0,0,0,0,0,0,0,0,0,0,0,0,0,0,0,0,2,0,3,0,0,5,1,0,0,0,0,0,False,False,False,False,False,False,True,False,False,False,False,True,False
2.2,7.2,0,4.840000000000001,0.5081263182024651,15.840000000000002,0,0,0,1,0,0,0,0,0,0,0,1,1,0,0,0,0,0,0,0,0,0,0,0,0,0,0,0,0,0,0,0,0,0,0,0,0,0,0,0,0,0,0,0,1,0,0,5,0,0,0,0,0,0,False,False,False,False,False,False,False,False,False,True,False,True,False
6.4,29.6,0,40.96000000000001,1.6231065986593556,189.44000000000003,0,0,0,0,0,0,0,0,1,0,0,1,0,1,1,0,0,0,0,1,0,0,0,0,0,0,0,0,0,0,0,0,0,0,0,0,0,0,0,0,0,0,3,0,1,0,0,5,0,0,0,0,0,0,False,True,False,False,False,False,False,False,False,False,False,True,False
6.8,39.0,0,46.239999999999995,0.7139882352277667,265.2,0,0,1,0,0,0,0,0,0,0,0,0,0,0,0,1,0,0,1,0,0,1,0,0,0,0,0,0,0,0,0,0,0,0,0,0,0,0,0,0,0,0,0,1,2,0,0,5,0,0,0,0,0,0,False,False,False,False,False,False,False,False,True,False,False,True,False
2.0,26.9,0,4.0,0.595964610409759,53.8,0,0,1,0,0,0,0,0,0,0,0,0,0,0,0,0,0,0,0,0,0,0,0,0,0,0,0,0,0,0,0,0,0,0,0,0,0,0,0,0,0,0,0,0,0,0,0,5,0,0,0,0,0,0,False,False,False,False,False,False,True,False,False,False,False,True,False
14.3,16.0,0,204.49,-1.3456131451470346,228.8,0,1,0,0,0,0,0,0,0,0,0,0,1,0,1,0,0,1,0,0,0,0,0,0,0,0,0,0,0,0,0,0,0,0,0,0,0,0,0,0,0,0,0,0,3,0,0,5,0,0,0,0,0,0,False,True,False,False,False,False,False,False,False,False,False,False,True
1.4,40.6,0,1.9599999999999997,0.9625606993457461,56.839999999999996,0,0,0,0,0,0,0,0,0,1,0,0,0,0,0,1,0,0,0,0,0,0,0,0,0,0,0,0,0,0,0,0,0,0,0,0,0,0,0,0,0,0,0,0,1,0,0,5,0,0,0,0,0,0,False,False,False,False,False,False,False,False,True,False,False,True,False
0.5,6.1,0,0.25,-0.057149051898069486,3.05,0,1,0,0,0,0,0,0,0,0,0,0,1,1,0,0,0,0,0,1,1,0,0,0,0,0,0,0,0,0,0,0,0,0,0,0,0,0,0,0,0,0,4,0,1,0,0,5,1,1,0,0,0,0,False,False,False,False,False,False,False,False,False,True,True,False,False
10.5,22.5,0,110.25,0.14793825868924615,236.25,0,0,0,0,0,0,0,1,0,0,0,0,0,1,1,1,0,1,0,0,0,0,0,0,0,0,0,0,0,0,0,0,0,0,0,0,0,0,0,0,0,0,1,0,3,0,0,5,0,0,0,0,0,0,False,False,False,False,False,False,True,False,False,False,False,False,True
13.1,18.0,0,171.60999999999999,-0.310270510115824,235.79999999999998,0,0,0,0,0,0,0,1,0,0,0,0,0,0,0,0,0,0,0,0,0,0,1,0,1,0,0,0,1,1,1,0,0,0,0,0,0,0,0,0,0,0,0,0,1,0,0,5,0,0,0,0,0,0,False,False,False,False,False,False,True,False,False,False,False,False,True
4.9,29.8,0,24.010000000000005,0.8912547058619156,146.02,0,0,1,0,0,0,0,0,0,0,0,0,0,0,1,0,0,0,0,1,0,1,0,0,0,0,0,0,0,0,0,1,0,0,0,0,0,0,0,0,0,0,2,1,1,0,0,5,0,0,0,0,0,0,False,False,False,False,False,False,True,False,False,False,False,True,False
12.0,21.6,0,144.0,-0.12319913299146203,259.20000000000005,0,0,0,0,0,0,0,0,0,0,1,0,0,0,0,0,1,0,0,1,0,1,0,0,0,0,0,0,0,0,0,0,0,0,0,0,0,0,0,0,0,0,2,2,0,0,0,5,0,0,0,0,1,0,False,True,False,False,False,False,False,False,False,False,False,False,True
7.0,22.8,0,49.0,0.15860651786516836,159.6,0,0,0,0,0,0,1,0,0,0,0,1,0,1,1,1,0,0,0,1,0,0,0,0,0,0,0,0,0,0,0,0,0,0,0,0,0,0,0,0,0,0,3,0,2,0,0,5,0,0,0,1,0,0,False,False,True,False,False,False,False,False,False,False,False,True,False
8.3,21.8,0,68.89000000000001,-0.22984220062576324,180.94000000000003,0,1,0,0,0,0,0,0,0,0,0,0,0,0,0,0,1,1,0,0,0,1,0,0,0,0,0,0,0,0,0,0,0,0,0,0,0,0,0,0,0,0,0,3,1,0,0,5,0,0,0,0,1,0,True,False,False,False,False,False,False,False,False,False,False,False,True
10.2,6.5,0,104.03999999999999,0.14840562813848865,66.3,0,1,0,0,0,0,0,0,0,0,0,0,0,0,1,0,0,0,0,0,0,0,0,1,0,0,0,0,0,0,0,0,0,0,0,0,0,0,0,0,0,0,0,0,3,0,0,5,0,0,0,0,0,0,False,False,False,False,False,False,False,False,False,True,False,False,True
5.0,42.6,0,25.0,1.27327627949322,213.0,0,1,0,0,0,0,0,0,0,0,0,0,0,0,0,1,0,0,1,1,0,0,1,0,0,0,0,0,0,0,0,0,0,0,0,0,0,0,0,0,0,0,1,0,4,0,0,5,0,0,0,1,0,0,False,False,False,False,False,False,False,False,True,False,False,True,False
8.4,45.0,0,70.56,1.6628227227616044,378.0,0,0,0,0,0,0,1,0,0,0,0,1,1,0,0,1,1,1,0,0,0,0,0,0,0,0,0,0,0,0,0,0,0,0,0,0,0,0,0,0,0,0,0,1,4,0,0,5,0,0,0,0,0,0,False,False,False,False,True,False,False,False,False,False,False,False,True
1.7,4.4,0,2.8899999999999997,-0.8660982942793378,7.48,0,0,0,0,0,0,0,0,0,1,0,0,0,0,0,0,0,1,0,0,0,1,0,0,0,0,0,0,0,0,0,0,0,0,0,0,0,0,0,0,0,0,0,1,2,0,0,5,0,0,0,0,0,0,False,False,False,False,False,False,False,True,False,False,False,True,False
12.1,32.3,0,146.41,-0.5324768339002369,390.8299999999999,0,0,0,0,0,0,0,0,0,0,1,0,1,0,0,0,1,0,0,0,0,0,0,0,0,0,1,0,0,0,0,0,0,0,0,0,0,0,0,0,0,0,0,1,1,0,0,5,0,0,0,0,0,0,False,False,False,False,False,True,False,False,False,False,False,False,True
5.0,17.7,0,25.0,-0.974523177171236,88.5,0,0,0,0,1,0,0,0,0,0,0,1,1,1,0,1,0,0,0,0,0,0,0,0,0,0,0,0,0,0,0,0,0,0,0,0,0,0,0,0,0,0,1,0,2,0,0,5,1,0,0,0,0,0,False,True,False,False,False,False,False,False,False,False,False,True,False
7.7,27.2,0,59.290000000000006,-1.1192336876423297,209.44,0,0,0,0,1,0,0,0,0,0,0,1,1,0,0,1,0,0,0,0,0,0,0,0,0,1,0,0,0,0,0,0,0,0,0,0,0,0,0,0,0,0,0,0,2,0,0,5,0,0,0,0,0,0,False,False,False,False,False,False,False,False,True,False,False,False,True
12.6,9.2,0,158.76,1.6046902965982492,115.91999999999999,0,1,0,0,0,0,0,0,0,0,0,0,0,1,0,1,1,1,0,1,0,0,0,0,0,0,0,0,0,0,0,0,0,0,0,0,0,0,0,0,0,0,2,1,2,0,0,5,0,0,0,1,0,0,False,False,False,False,False,False,False,True,False,False,False,False,True
10.4,20.0,0,108.16000000000001,-0.6071690718019152,208.0,0,0,0,0,0,0,0,1,0,0,0,0,0,0,1,0,0,0,1,0,0,1,0,0,0,0,0,0,0,0,0,0,0,0,0,0,0,0,0,0,0,0,0,2,2,1,0,5,0,0,0,0,0,1,True,False,False,False,False,False,False,False,False,False,False,False,True
7.8,24.4,0,60.839999999999996,0.49876687958450727,190.32,0,1,0,0,0,0,0,0,0,0,0,0,0,1,1,0,0,0,0,1,0,0,0,0,0,0,0,0,0,0,0,0,0,0,0,0,0,0,0,0,0,0,3,0,2,0,0,5,0,0,0,0,0,0,False,False,True,False,False,False,False,False,False,False,False,False,True
11.5,8.3,0,132.25,1.0734016883029998,95.45,0,0,0,0,0,0,0,0,1,0,0,1,0,0,0,0,1,0,1,1,1,0,0,0,0,0,0,0,0,0,0,0,0,0,0,0,0,0,0,0,0,0,3,1,1,0,0,5,0,0,0,0,0,0,False,False,False,False,False,False,False,False,False,True,False,False,True
7.4,6.6,0,54.760000000000005,0.19979429814762795,48.839999999999996,0,0,0,0,0,0,0,0,0,1,0,0,0,0,0,1,1,0,0,1,1,0,0,0,0,0,0,0,0,0,0,0,0,0,0,0,0,0,0,0,0,0,2,1,1,0,0,5,0,0,0,1,0,0,False,False,False,False,False,False,False,False,False,True,False,False,True
11.4,4.1,1,129.96,-1.0849224520808591,46.739999999999995,0,0,0,0,1,0,0,0,0,0,0,1,1,0,0,0,0,0,0,0,0,0,1,0,0,0,0,0,0,0,0,0,0,0,0,0,1,0,1,0,0,0,0,0,2,0,2,5,0,0,0,0,0,0,False,False,False,False,False,False,False,False,False,True,False,False,True
5.8,3.4,1,33.64,-1.4446431421448356,19.72,0,0,0,0,0,1,0,0,0,0,0,1,0,0,0,0,0,0,0,0,0,0,1,0,1,0,0,0,1,1,1,0,0,0,0,0,0,0,0,0,0,0,0,0,1,0,0,5,0,0,0,0,0,0,False,False,False,False,False,False,False,False,False,True,False,True,False
6.2,9.0,0,38.440000000000005,1.4331223783669758,55.800000000000004,0,1,0,0,0,0,0,0,0,0,0,0,0,0,0,0,0,0,1,1,1,0,0,0,0,0,0,0,0,0,0,0,0,0,0,0,0,0,0,0,0,0,2,0,1,0,0,5,0,0,0,0,0,0,False,False,False,False,False,False,False,False,False,True,False,True,False
9.3,15.0,0,86.49000000000001,-1.6552992695134476,139.5,0,0,0,0,0,0,0,0,0,1,0,0,0,1,0,0,1,1,0,1,1,0,0,0,0,0,0,0,0,0,0,0,0,0,0,0,0,0,0,0,0,0,3,1,1,0,0,5,0,0,0,0,0,0,True,False,False,False,False,False,False,False,False,False,False,False,True
2.5,31.8,0,6.25,1.094903047553058,79.5,0,0,0,0,0,0,1,0,0,0,0,1,0,0,1,1,0,1,0,1,0,1,0,0,0,0,0,0,0,0,0,0,0,0,0,0,0,0,0,0,0,0,1,1,3,0,0,5,0,0,0,1,0,0,False,False,False,False,False,False,True,False,False,False,False,True,False
8.3,21.0,0,68.89000000000001,-0.3975430322596086,174.3,0,0,0,0,0,0,0,0,0,1,0,0,1,0,0,0,0,1,0,0,1,0,0,0,0,0,0,0,0,0,0,0,0,0,0,0,0,0,0,0,0,0,2,0,2,0,0,5,0,0,0,0,0,0,True,False,False,False,False,False,False,False,False,False,False,False,True
10.2,37.0,0,104.03999999999999,0.26412843099067174,377.4,0,1,0,0,0,0,0,0,0,0,0,0,0,0,0,0,0,0,0,0,0,0,1,0,0,0,0,0,0,0,0,0,1,0,0,0,0,0,0,0,0,0,0,0,1,0,0,5,0,0,0,0,0,0,False,False,False,False,True,False,False,False,False,False,False,False,True
9.3,44.1,0,86.49000000000001,1.5933555606699583,410.13000000000005,0,0,0,0,0,0,0,0,0,0,1,0,1,0,0,0,0,0,0,0,0,0,1,1,0,1,0,0,0,0,0,0,0,0,0,0,0,0,0,0,0,0,0,0,4,0,0,5,0,0,0,0,0,0,False,False,False,False,False,True,False,False,False,False,False,False,True
14.6,35.0,0,213.16,0.03345222590223945,511.0,0,0,1,0,0,0,0,0,0,0,0,0,1,0,0,1,0,1,1,0,1,0,0,0,0,0,0,0,0,0,0,0,0,0,0,0,0,0,0,0,0,0,1,0,4,0,0,5,0,0,0,0,0,0,False,False,False,True,False,False,False,False,False,False,False,False,True
8.6,39.4,0,73.96,0.7466257085953889,338.84,0,0,0,1,0,0,0,0,0,0,0,1,1,1,0,1,0,0,0,0,0,0,0,0,0,0,0,0,0,0,0,0,0,0,0,0,0,0,0,0,0,0,1,0,3,0,0,5,1,0,0,0,0,0,False,False,False,False,False,True,False,False,False,False,False,False,True
8.4,26.9,0,70.56,-1.5053153873476137,225.96,0,0,0,0,0,0,1,0,0,0,0,1,0,1,0,0,0,0,1,0,0,1,0,0,0,0,0,0,0,0,0,0,0,0,0,0,0,0,0,0,0,1,1,1,2,0,0,5,0,0,0,0,0,0,False,False,False,False,False,True,False,False,False,False,False,False,True
10.9,22.5,0,118.81,0.14793825868924615,245.25,0,0,0,1,0,0,0,0,0,0,0,1,0,0,1,0,1,0,1,1,0,0,0,0,0,0,0,0,0,0,0,0,0,0,0,0,0,0,0,0,0,0,2,1,2,0,0,5,0,0,0,0,0,1,False,False,False,False,False,False,True,False,False,False,False,False,True
3.0,15.0,1,9.0,-1.5639013616033868,45.0,0,0,0,0,0,1,0,0,0,0,0,1,0,1,0,1,1,1,0,0,0,0,0,0,0,0,0,0,0,0,0,0,0,0,0,0,0,0,0,0,0,0,1,1,3,0,0,5,0,0,0,0,0,0,False,True,False,False,False,False,False,False,False,False,False,True,False
6.9,19.2,0,47.61000000000001,-0.7748699034357605,132.48,0,0,0,0,0,0,0,0,0,1,0,0,0,0,1,0,0,1,0,0,1,1,0,0,0,0,0,0,0,0,0,0,0,0,0,0,0,0,0,0,0,0,1,1,2,0,0,5,0,0,1,0,0,0,True,False,False,False,False,False,False,False,False,False,False,True,False
4.6,25.6,0,21.159999999999997,0.4635931883105169,117.75999999999999,0,1,0,0,0,0,0,0,0,0,0,0,0,0,1,0,1,0,0,0,0,0,0,0,0,0,0,0,0,0,0,0,0,0,0,0,0,0,0,0,0,0,0,1,1,0,0,5,0,0,0,0,0,0,False,False,False,False,False,False,True,False,False,False,False,True,False
8.5,35.5,0,72.25,0.1702359699696873,301.75,0,0,0,0,0,0,0,0,0,1,0,0,0,0,1,1,1,0,1,0,0,0,0,0,0,0,0,0,0,0,0,0,0,0,0,0,0,0,0,0,0,0,0,1,4,0,0,5,0,0,0,0,0,1,False,False,False,False,False,False,False,False,True,False,False,False,True
7.2,4.0,0,51.84,-1.1363111220899984,28.8,0,0,0,0,0,0,0,0,0,0,1,0,1,1,1,0,0,0,0,0,0,0,0,0,0,0,0,0,0,0,0,0,0,0,0,0,0,1,0,0,0,0,1,0,2,0,0,5,1,0,0,0,0,0,False,False,False,False,False,False,False,False,False,True,False,False,True
1.2,31.5,1,1.44,-0.6766010640405885,37.8,0,0,0,0,0,1,0,0,0,0,0,1,0,0,0,0,0,0,0,0,0,0,0,0,0,0,0,0,0,0,0,0,0,0,0,0,0,0,0,0,0,0,0,0,1,0,0,5,0,0,0,0,0,0,False,False,False,False,False,True,False,False,False,False,False,True,False
7.3,19.4,0,53.29,-0.5642342507884283,141.61999999999998,0,0,0,0,0,0,0,0,0,0,1,0,1,0,0,0,1,0,1,0,0,1,0,0,0,0,0,0,0,0,0,0,0,0,0,0,0,0,0,0,0,0,0,3,2,0,0,5,0,0,0,0,1,0,False,False,True,False,False,False,False,False,False,False,False,False,True
7.1,30.0,1,50.41,1.7104218852418962,213.0,0,0,0,0,0,1,0,0,0,0,0,1,0,0,0,0,1,0,1,0,1,0,0,0,0,0,0,0,0,0,0,0,0,0,0,0,0,0,0,0,0,0,3,1,1,0,0,5,0,0,0,0,0,0,False,True,False,False,False,False,False,False,False,False,False,False,True
4.0,23.4,0,16.0,0.28616665350992015,93.6,0,0,0,0,0,0,0,0,1,0,0,1,1,0,1,0,0,0,0,0,0,0,0,1,0,0,1,0,0,0,0,0,0,0,0,0,0,0,0,0,0,0,0,0,3,0,0,5,0,0,0,0,0,0,False,False,True,False,False,False,False,False,False,False,False,True,False
1.9,28.7,0,3.61,1.2165774722161513,54.529999999999994,0,0,0,0,0,0,1,0,0,0,0,1,0,0,0,0,1,0,0,0,1,0,0,0,0,0,0,0,0,0,0,0,0,0,0,0,0,0,0,0,0,0,1,4,0,0,0,5,0,0,0,0,0,0,True,False,False,False,False,False,False,False,False,False,False,True,False
9.6,31.0,0,92.16,-0.7666787078783086,297.59999999999997,0,0,1,0,0,0,0,0,0,0,0,0,0,0,0,0,0,0,1,0,0,0,0,1,0,0,0,0,0,0,0,0,0,0,0,0,0,0,0,0,1,0,0,0,2,0,0,5,0,0,0,0,0,0,False,False,False,False,False,True,False,False,False,False,False,False,True
10.6,39.8,0,112.36,0.853902434879917,421.87999999999994,0,0,0,0,0,0,0,0,1,0,0,1,1,0,0,0,0,0,0,0,0,0,0,1,0,1,0,0,0,0,0,0,0,0,0,0,0,0,0,0,0,0,0,0,2,0,0,5,0,0,0,0,0,0,False,False,False,True,False,False,False,False,False,False,False,False,True
4.7,8.8,0,22.090000000000003,1.3303450383486972,41.36000000000001,0,0,0,0,0,0,0,1,0,0,0,0,0,0,0,0,0,0,1,0,0,0,0,0,0,0,0,0,0,0,0,0,0,0,0,0,0,0,0,0,0,0,0,0,1,0,0,5,0,0,0,0,0,0,False,False,False,False,False,False,False,False,False,True,False,True,False
4.1,37.0,0,16.81,0.3142530181743326,151.7,0,1,0,0,0,0,0,0,0,0,0,0,1,1,0,0,0,1,0,0,0,1,0,0,0,0,0,0,0,0,0,0,0,0,0,0,0,0,0,0,0,0,1,1,2,0,0,5,1,0,0,0,0,0,False,False,False,False,False,True,False,False,False,False,False,True,False
11.2,15.6,0,125.43999999999998,-1.5295236457880639,174.72,0,0,0,0,0,0,0,0,0,0,1,0,0,0,1,1,0,0,0,1,0,1,0,0,0,0,0,0,0,0,0,0,0,0,0,0,0,0,0,0,0,0,1,1,3,0,0,5,0,0,0,1,0,0,True,False,False,False,False,False,False,False,False,False,False,False,True
7.7,19.2,1,59.290000000000006,-0.6067542960033455,147.84,0,0,0,0,0,1,0,0,0,0,0,1,1,0,0,0,0,0,0,0,0,0,0,0,0,0,0,0,0,0,0,0,0,0,0,0,0,0,0,0,0,0,0,0,1,0,0,5,0,0,0,0,0,0,False,False,True,False,False,False,False,False,False,False,False,False,True
12.7,22.0,1,161.29,-0.18791699271730208,279.4,0,0,0,0,0,0,0,1,0,0,0,0,0,1,0,0,0,0,0,0,0,0,0,0,0,0,0,0,0,0,0,0,0,0,0,0,0,0,0,0,0,0,1,0,1,0,0,5,0,0,0,0,0,0,True,False,False,False,False,False,False,False,False,False,False,False,True
7.0,32.3,0,49.0,-0.5324768339002369,226.09999999999997,0,0,0,0,0,0,0,0,0,0,1,0,0,0,1,0,0,0,0,1,1,1,0,0,0,0,0,0,0,0,0,0,0,0,0,0,0,0,0,0,0,0,3,1,1,0,0,5,0,0,1,0,0,0,False,False,False,False,False,True,False,False,False,False,False,True,False
6.2,43.0,1,38.440000000000005,1.4008692408650363,266.6,0,1,0,0,0,0,0,0,0,0,0,0,0,0,0,0,0,0,0,0,0,0,0,0,0,0,1,0,0,0,0,1,0,0,0,0,0,0,1,0,0,0,0,0,0,0,2,5,0,0,0,0,0,0,False,False,False,True,False,False,False,False,False,False,False,True,False
11.0,30.8,0,121.0,0.9930788767074867,338.8,0,1,0,0,0,0,0,0,0,0,0,0,0,0,1,0,0,1,0,0,0,1,0,0,0,0,0,0,0,0,0,0,0,0,0,0,0,0,0,0,0,0,0,2,2,0,0,5,0,0,0,0,0,0,False,False,False,False,False,False,True,False,False,False,False,False,True
9.8,27.7,1,96.04000000000002,-1.0415547926054611,271.46000000000004,0,0,0,0,0,0,1,0,0,0,0,1,0,1,0,0,0,0,1,0,0,1,0,0,0,0,0,0,0,0,0,0,0,0,0,0,0,0,0,0,0,0,1,1,1,0,1,5,0,0,0,0,0,0,False,False,False,False,False,False,False,False,True,False,False,False,True
0.5,29.3,0,0.25,-0.7929823284874818,14.65,0,1,0,0,0,0,0,0,0,0,0,0,0,1,1,0,1,0,0,0,1,1,0,0,0,0,0,0,0,0,0,0,0,0,0,0,0,0,0,0,0,0,2,2,1,0,0,5,0,0,1,0,1,0,False,False,False,False,False,False,False,False,True,False,True,False,False
2.8,16.3,1,7.839999999999999,-1.2232949516196479,45.64,0,0,0,1,0,0,0,0,0,0,0,1,0,0,0,0,0,0,0,0,0,0,0,1,1,0,0,0,0,0,0,0,0,0,0,0,0,0,0,0,0,0,1,0,1,0,0,5,0,0,0,0,0,0,False,False,True,False,False,False,False,False,False,False,False,True,False
5.7,43.9,1,32.49,1.5547036550483506,250.23,0,0,0,0,0,1,0,0,0,0,0,1,0,0,0,0,0,0,0,0,0,0,1,1,0,0,1,0,0,0,0,0,0,0,0,0,0,0,0,0,0,0,0,0,2,0,1,5,0,0,0,0,0,0,False,False,False,True,False,False,False,False,False,False,False,True,False
1.3,18.6,0,1.6900000000000002,-0.9006455271611439,24.180000000000003,0,0,1,0,0,0,0,0,0,0,0,0,0,0,1,0,1,0,0,0,1,0,0,0,0,0,0,0,0,0,0,0,0,0,0,0,0,0,0,0,0,0,1,1,1,1,0,5,0,0,1,0,0,0,True,False,False,False,False,False,False,False,False,False,False,True,False
5.8,31.1,0,33.64,-0.5133383063547552,180.38,0,0,0,1,0,0,0,0,0,0,0,1,1,0,0,1,1,0,1,0,0,0,0,0,0,0,0,0,0,0,0,0,0,0,0,0,0,0,0,0,0,0,0,1,4,0,0,5,0,0,0,0,0,0,False,False,False,False,False,False,False,False,True,False,False,True,False
10.7,44.6,0,114.48999999999998,1.6743526438575957,477.21999999999997,0,0,0,0,1,0,0,0,0,0,0,1,1,0,0,0,0,0,0,0,0,0,0,1,0,1,0,0,0,0,0,0,0,0,0,0,0,0,0,0,0,0,0,0,2,0,0,5,0,0,0,0,0,0,False,False,False,True,False,False,False,False,False,False,False,False,True
5.6,27.5,0,31.359999999999996,-1.2485012256253825,154.0,0,0,0,0,0,0,0,1,0,0,0,0,0,0,1,0,0,0,0,0,0,0,1,0,0,0,0,0,0,0,0,0,0,0,0,0,0,0,0,0,0,0,0,0,2,1,0,5,0,0,0,0,0,0,False,False,False,True,False,False,False,False,False,False,False,True,False
1.4,33.4,0,1.9599999999999997,-0.15601538918516056,46.76,0,0,0,1,0,0,0,0,0,0,0,1,0,1,1,0,0,0,0,0,0,0,0,1,0,0,0,0,0,0,0,0,0,0,0,0,0,0,0,0,0,1,1,0,2,0,0,5,0,0,0,0,0,0,False,False,False,False,False,False,False,False,True,False,False,True,False
14.5,40.8,0,210.25,0.9936322573604928,591.5999999999999,0,0,1,0,0,0,0,0,0,0,0,0,1,0,0,0,0,0,0,0,0,0,1,0,0,1,0,0,0,0,0,0,0,0,0,0,0,1,0,0,0,0,0,0,2,0,0,5,0,0,0,0,0,0,False,False,False,False,False,False,False,False,True,False,False,False,True
10.6,29.5,0,112.36,0.8607074546082442,312.7,0,0,0,0,0,0,0,1,0,0,0,0,0,0,0,0,0,0,0,0,0,0,0,0,0,0,0,0,0,0,0,0,0,0,0,0,0,0,0,0,0,0,0,0,0,0,0,5,0,0,0,0,0,0,False,False,False,False,False,False,True,False,False,False,False,False,True
11.0,7.7,0,121.0,0.7650696682481626,84.7,0,0,0,0,0,0,0,0,0,1,0,0,0,0,1,1,0,0,0,1,0,1,0,0,0,0,0,0,0,0,0,0,0,0,0,0,0,0,0,0,0,0,1,1,3,0,0,5,0,0,0,1,0,0,False,False,False,False,False,False,False,False,False,True,False,False,True
11.3,39.7,0,127.69000000000001,0.8006722948980217,448.61000000000007,0,0,0,0,1,0,0,0,0,0,0,1,1,0,1,0,1,0,1,0,1,0,0,0,0,0,0,0,0,0,0,0,0,0,0,0,0,0,0,0,0,0,1,1,3,0,0,5,0,0,1,0,0,1,False,False,False,False,False,True,False,False,False,False,False,False,True
8.4,27.2,1,70.56,-1.4512688010449817,228.48,0,0,1,0,0,0,0,0,0,0,0,0,0,1,0,1,0,0,1,1,0,0,0,0,0,0,0,0,0,0,0,0,0,0,0,0,0,0,0,0,0,0,2,0,2,0,1,5,0,0,0,1,0,0,False,False,False,False,False,True,False,False,False,False,False,False,True
5.5,45.0,0,30.25,1.7554953195778542,247.5,0,0,0,0,0,0,0,0,0,1,0,0,0,0,1,1,0,0,0,1,1,1,0,0,0,0,0,0,0,0,0,0,0,0,0,0,0,0,0,0,0,0,2,1,2,0,0,5,0,0,1,1,0,0,False,False,False,False,False,True,False,False,False,False,False,True,False
6.4,39.8,0,40.96000000000001,0.853902434879917,254.72,0,0,0,1,0,0,0,0,0,0,0,1,0,0,0,1,0,0,0,0,0,0,0,0,0,0,0,0,0,0,0,0,0,0,0,0,0,0,0,0,0,0,0,0,1,0,0,5,0,0,0,0,0,0,False,False,False,True,False,False,False,False,False,False,False,True,False
3.2,31.5,0,10.240000000000002,1.8035303829346097,100.80000000000001,0,0,0,0,0,0,0,0,0,1,0,0,0,1,1,0,0,0,0,1,0,0,0,0,0,0,0,0,0,0,0,0,0,1,0,0,0,0,0,0,0,0,2,0,1,0,0,5,0,0,0,0,0,0,True,False,False,False,False,False,False,False,False,False,False,True,False
10.0,38.0,0,100.0,0.4944083058497728,380.0,0,1,0,0,0,0,0,0,0,0,0,0,0,1,0,0,0,0,0,0,0,0,0,0,0,0,0,0,0,0,0,0,0,0,0,0,0,0,0,0,0,1,1,0,0,0,0,5,0,0,0,0,0,0,False,False,False,False,False,True,False,False,False,False,False,False,True
9.8,33.7,0,96.04000000000002,-0.3128329643648375,330.26000000000005,0,0,0,0,0,0,0,0,0,0,1,0,0,0,0,0,0,0,1,1,0,1,0,0,0,0,0,0,0,0,0,0,0,0,0,0,0,0,0,0,0,0,1,1,2,0,0,5,0,0,0,0,0,0,False,False,False,False,True,False,False,False,False,False,False,False,True
15.0,17.1,0,225.0,-1.1054961070450469,256.5,0,1,0,0,0,0,0,0,0,0,0,0,0,0,0,1,1,1,1,0,0,0,0,0,0,0,0,0,0,0,0,0,0,0,0,0,0,0,0,0,0,0,0,1,3,0,0,5,0,0,0,0,0,0,False,True,False,False,False,False,False,False,False,False,False,False,True
5.7,3.9,1,32.49,-1.1876997920991381,22.23,0,0,0,0,0,1,0,0,0,0,0,1,0,0,0,0,0,0,0,0,0,0,1,0,1,0,0,0,1,1,1,0,0,0,0,0,0,0,0,0,0,0,0,0,1,0,0,5,0,0,0,0,0,0,False,False,False,False,False,False,False,False,False,True,False,True,False
2.7,10.0,1,7.290000000000001,2.0164883950778476,27.0,0,0,0,0,0,1,0,0,0,0,0,1,1,0,0,0,1,0,0,0,1,0,0,0,0,0,0,0,0,0,0,0,0,0,0,0,0,0,0,0,0,0,1,1,2,0,0,5,0,0,0,0,0,0,False,False,False,False,False,False,False,True,False,False,False,True,False
0.5,20.6,0,0.25,-0.30911397949892316,10.3,0,1,0,0,0,0,0,0,0,0,0,0,0,1,1,0,0,0,1,1,0,0,0,0,0,0,0,0,0,0,0,0,0,0,0,0,0,0,0,0,0,0,2,0,2,0,0,5,0,0,0,0,0,1,False,False,True,False,False,False,False,False,False,False,True,False,False
6.8,18.8,0,46.239999999999995,-0.7344061390692483,127.84,0,0,0,0,0,0,1,0,0,0,0,1,0,1,0,1,0,1,0,0,0,1,0,0,0,0,0,0,0,0,0,0,0,0,0,0,0,0,0,0,0,0,1,1,2,0,0,5,0,0,0,0,0,0,False,True,False,False,False,False,False,False,False,False,False,True,False
0.6,15.0,0,0.36,-0.6157430226525374,9.0,0,0,0,0,1,0,0,0,0,0,0,1,1,0,0,0,0,0,1,0,0,0,0,0,0,0,0,0,0,0,0,0,0,0,0,0,1,0,0,0,0,0,0,0,2,0,0,5,0,0,0,0,0,0,False,False,False,False,False,False,True,False,False,False,True,False,False
0.5,34.4,0,0.25,-0.0006575991114235909,17.2,0,0,0,0,0,0,0,0,0,1,0,0,0,0,0,1,0,1,0,1,0,0,0,0,0,0,0,0,0,0,0,0,0,0,0,0,0,0,0,0,0,0,1,0,3,0,0,5,0,0,0,1,0,0,False,False,False,False,False,False,False,False,True,False,True,False,False
0.5,30.0,0,0.25,1.6893281456021954,15.0,0,0,0,0,0,0,0,0,0,1,0,0,0,0,1,1,1,0,0,0,0,0,0,0,0,0,0,0,0,0,0,0,0,0,0,0,0,0,0,0,0,0,0,1,3,0,0,5,0,0,0,0,0,0,False,False,True,False,False,False,False,False,False,False,True,False,False
3.9,4.7,0,15.209999999999999,-0.7765904320260221,18.330000000000002,0,0,0,1,0,0,0,0,0,0,0,1,1,1,0,1,0,0,0,0,0,0,0,0,0,0,0,0,0,0,0,0,0,0,0,0,0,0,0,0,0,0,2,0,2,0,0,5,1,0,0,0,0,0,False,False,False,False,False,False,False,False,False,True,False,True,False
5.4,27.9,0,29.160000000000004,0.6977887812553302,150.66,0,0,0,0,0,0,0,0,1,0,0,1,1,0,1,0,0,0,0,0,0,0,0,1,0,0,0,0,0,0,0,0,0,0,0,0,0,0,0,0,0,0,0,0,4,0,0,5,0,0,0,0,0,0,False,False,False,False,False,False,True,False,False,False,False,True,False
2.2,30.0,0,4.840000000000001,0.9116195400310297,66.0,0,0,0,0,0,0,0,0,0,0,1,0,0,0,0,0,0,0,0,0,0,0,0,0,0,0,0,0,0,0,0,0,0,0,0,0,0,0,0,0,0,0,0,0,0,0,0,5,0,0,0,0,0,0,False,False,False,False,False,False,True,False,False,False,False,True,False
8.3,41.2,0,68.89000000000001,1.0932004124984074,341.96000000000004,0,0,1,0,0,0,0,0,0,0,0,0,1,1,0,0,0,1,0,0,0,0,0,0,0,0,0,0,0,0,0,0,0,0,0,0,0,0,0,0,0,0,1,0,2,0,0,5,1,0,0,0,0,0,False,False,False,True,False,False,False,False,False,False,False,False,True
8.9,45.0,0,79.21000000000001,1.6461349756701886,400.5,0,0,0,1,0,0,0,0,0,0,0,1,0,1,0,0,1,0,1,0,0,0,0,0,0,0,0,0,0,0,0,0,0,0,0,1,0,0,0,0,0,0,1,2,1,0,0,5,0,0,0,0,0,0,False,False,False,False,False,False,False,False,True,False,False,False,True
3.4,30.0,1,11.559999999999999,1.48909132362115,102.0,0,0,0,0,0,1,0,0,0,0,0,1,0,1,0,1,0,0,0,0,0,0,0,0,0,0,0,0,0,0,0,0,0,0,0,0,0,0,0,0,0,0,2,1,1,0,0,5,0,0,0,0,0,0,True,False,False,False,False,False,False,False,False,False,False,True,False
10.2,36.7,0,104.03999999999999,0.32402834158183424,374.34,0,0,0,0,0,0,0,0,0,0,1,0,1,0,0,1,0,0,0,0,0,1,0,0,0,0,0,0,0,0,0,0,0,0,0,0,0,0,0,0,0,0,0,1,2,0,0,5,0,0,0,0,0,0,False,False,False,True,False,False,False,False,False,False,False,False,True
2.9,22.7,0,8.41,-0.04117876503768768,65.83,0,1,0,0,0,0,0,0,0,0,0,0,1,0,1,0,1,0,1,1,0,0,0,0,0,0,0,0,0,0,0,0,0,0,0,0,0,0,0,0,0,0,1,1,3,0,0,5,0,1,0,0,0,1,True,False,False,False,False,False,False,False,False,False,False,True,False
13.3,35.7,0,176.89000000000001,0.036840608577895666,474.81000000000006,0,1,0,0,0,0,0,0,0,0,0,0,0,0,1,0,0,0,0,0,0,1,0,0,0,0,0,0,0,0,0,0,0,0,0,0,0,0,0,0,0,0,0,1,1,0,0,5,0,0,0,0,0,0,False,False,False,False,True,False,False,False,False,False,False,False,True
15.3,39.2,1,234.09000000000003,0.7450597932425146,599.7600000000001,0,0,0,0,0,1,0,0,0,0,0,1,1,0,0,0,0,0,0,0,0,0,1,0,0,1,0,0,0,0,0,0,0,0,0,0,0,1,0,0,0,0,0,0,2,0,0,5,0,0,0,0,0,0,False,False,False,False,False,False,False,False,True,False,False,False,True
15.1,23.9,0,228.01,-2.0457812503739343,360.89,0,0,0,0,0,0,0,1,0,0,0,0,0,0,0,0,0,1,0,0,0,0,0,0,0,0,0,0,0,0,0,0,0,0,0,0,0,0,0,0,0,0,0,0,2,0,0,5,0,0,0,0,0,0,False,False,False,False,False,True,False,False,False,False,False,False,True
11.5,15.7,0,132.25,-1.5085610418338333,180.54999999999998,0,0,0,0,0,0,0,0,0,1,0,0,1,1,1,0,0,0,0,0,0,0,0,0,0,0,0,0,0,0,0,0,0,0,0,0,0,0,0,0,0,0,1,0,2,0,0,5,1,0,0,0,0,0,True,False,False,False,False,False,False,False,False,False,False,False,True
7.9,28.9,0,62.410000000000004,1.4554678969201493,228.31,0,1,0,0,0,0,0,0,0,0,0,0,1,0,0,1,0,0,0,1,1,1,0,0,0,0,0,0,0,0,0,0,0,0,0,0,0,0,0,0,0,0,2,1,2,0,0,5,0,1,0,1,0,0,False,False,True,False,False,False,False,False,False,False,False,False,True
2.3,19.0,0,5.289999999999999,-0.8167951113442216,43.699999999999996,0,0,0,0,0,0,1,0,0,0,0,1,0,1,1,1,0,0,0,0,1,0,0,0,0,0,0,0,0,0,0,0,0,0,0,0,0,0,0,0,0,0,2,0,2,0,0,5,0,0,1,0,0,0,True,False,False,False,False,False,False,False,False,False,False,True,False
10.5,22.9,1,110.25,0.17986654047262662,240.45,0,0,0,0,0,0,0,0,0,0,1,0,0,0,0,0,0,0,0,0,0,1,0,0,0,0,0,0,0,0,0,1,0,0,0,0,0,0,0,0,0,0,0,2,0,0,1,5,0,0,0,0,0,0,False,False,True,False,False,False,False,False,False,False,False,False,True
8.2,45.0,0,67.24,1.6628227227616044,368.99999999999994,0,0,0,0,0,0,1,0,0,0,0,1,1,0,0,1,1,0,0,0,0,0,0,0,0,0,0,0,0,0,0,0,0,0,0,0,0,0,0,0,0,0,0,1,4,0,0,5,0,0,0,0,0,0,False,False,False,False,True,False,False,False,False,False,False,False,True
12.6,8.8,1,158.76,1.3303450383486972,110.88000000000001,0,0,0,0,0,1,0,0,0,0,0,1,0,0,0,0,0,0,0,0,0,0,1,0,1,0,0,0,1,1,1,0,0,0,0,0,0,0,0,0,0,0,0,0,1,0,0,5,0,0,0,0,0,0,False,False,False,False,False,False,False,False,False,True,False,False,True
2.1,41.8,1,4.41,1.1789983990164452,87.78,0,0,0,0,0,1,0,0,0,0,0,1,0,0,0,0,0,0,0,0,0,0,0,0,1,0,0,0,0,0,1,0,0,0,0,0,0,0,0,0,0,0,0,0,0,0,0,5,0,0,0,0,0,0,False,False,False,False,False,True,False,False,False,False,False,True,False
13.0,31.6,1,169.0,-0.547700005456949,410.8,0,0,0,0,0,1,0,0,0,0,0,1,1,0,1,0,1,0,0,0,0,0,0,0,0,0,0,0,0,0,0,0,0,0,0,0,0,0,0,0,0,0,0,2,3,0,0,5,0,0,0,0,0,0,False,False,False,True,False,False,False,False,False,False,False,False,True
9.8,3.0,1,96.04000000000002,-1.6501978221813933,29.400000000000002,0,0,0,0,0,0,1,0,0,0,0,1,0,0,0,0,0,0,0,1,1,0,0,0,0,0,0,0,0,0,0,0,0,0,0,0,0,0,0,0,0,0,2,0,0,0,1,5,0,0,0,0,0,0,False,False,False,False,False,False,False,False,False,True,False,False,True
2.5,27.5,1,6.25,1.1647013441010157,68.75,0,0,0,0,0,1,0,0,0,0,0,1,0,0,0,0,0,0,0,0,0,0,0,0,0,0,0,0,0,0,0,0,0,0,0,0,0,0,0,0,0,0,0,1,0,0,3,5,0,0,0,0,0,0,False,True,False,False,False,False,False,False,False,False,False,True,False
5.4,27.4,0,29.160000000000004,0.9440636208111528,147.96,0,1,0,0,0,0,0,0,0,0,0,0,0,0,1,0,0,0,0,1,1,0,0,0,0,0,0,0,0,0,0,0,0,0,0,0,0,0,0,0,0,0,4,0,1,0,0,5,0,0,1,0,0,0,True,False,False,False,False,False,False,False,False,False,False,True,False
8.6,12.9,1,73.96,-0.8295737814282368,110.94,0,0,0,0,0,1,0,0,0,0,0,1,0,0,0,0,0,0,1,0,0,0,0,0,0,0,0,0,0,0,0,0,0,0,1,0,0,0,0,0,0,0,0,0,1,0,0,5,0,0,0,0,0,0,False,False,False,False,False,False,True,False,False,False,False,False,True
14.2,31.5,1,201.64,-0.5647927181439841,447.29999999999995,0,1,0,0,0,0,0,0,0,0,0,0,0,0,1,0,1,0,0,0,1,0,0,0,0,0,0,0,0,0,0,0,0,0,0,0,0,0,0,0,0,0,2,1,1,0,1,5,0,0,1,0,0,0,False,False,False,True,False,False,False,False,False,False,False,False,True
6.6,23.1,0,43.559999999999995,0.04267165077923537,152.46,0,0,0,0,0,0,1,0,0,0,0,1,0,1,0,1,0,0,0,1,1,0,0,0,0,0,0,0,0,0,0,0,0,0,0,0,0,0,0,0,0,0,4,0,1,0,0,5,0,0,0,1,0,0,True,False,False,False,False,False,False,False,False,False,False,True,False
6.6,40.8,0,43.559999999999995,0.9936322573604928,269.28,0,0,0,0,0,0,0,1,0,0,0,0,0,0,1,0,0,0,1,0,1,1,0,0,0,0,0,0,0,0,0,0,0,0,0,0,0,0,0,0,0,0,1,1,2,0,0,5,0,0,1,0,0,1,False,False,False,False,False,False,False,False,True,False,False,True,False
10.7,20.9,1,114.48999999999998,-0.4185056362138395,223.62999999999997,0,0,0,0,0,0,0,0,0,0,1,0,0,1,0,1,0,1,0,0,0,1,0,0,0,0,0,0,0,0,0,0,0,0,0,0,0,0,0,0,0,0,1,1,2,0,0,5,0,0,0,0,0,0,True,False,False,False,False,False,False,False,False,False,False,False,True
8.5,18.9,0,72.25,-0.8377577152984526,160.64999999999998,0,0,0,0,0,0,0,1,0,0,0,0,0,0,0,0,0,0,0,0,0,0,0,0,0,0,0,0,0,0,0,0,0,0,0,0,0,0,0,0,0,0,0,0,0,0,0,5,0,0,0,0,0,0,True,False,False,False,False,False,False,False,False,False,False,False,True
12.4,6.7,0,153.76000000000002,0.2511829681567677,83.08,0,0,0,0,0,0,0,0,0,0,1,0,1,0,1,0,0,0,0,0,0,0,0,0,0,0,1,0,0,0,0,0,0,0,0,0,0,0,0,0,0,0,0,0,2,0,0,5,0,0,0,0,0,0,False,False,False,False,False,False,False,False,False,True,False,False,True
11.0,16.2,0,121.0,-1.244554974227107,178.2,0,0,0,0,0,0,1,0,0,0,0,1,1,0,0,0,0,0,0,0,0,0,0,0,0,0,0,0,0,0,0,0,0,0,0,0,0,0,0,0,0,0,0,0,1,0,0,5,0,0,0,0,0,0,False,False,True,False,False,False,False,False,False,False,False,False,True
11.5,24.6,0,132.25,0.5316655163775946,282.90000000000003,0,1,0,0,0,0,0,0,0,0,0,0,0,0,0,0,1,1,1,0,0,0,0,0,0,0,0,0,0,0,0,0,0,0,0,0,0,0,0,0,0,0,0,1,2,0,0,5,0,0,0,0,0,0,False,True,False,False,False,False,False,False,False,False,False,False,True
12.7,23.9,0,161.29,0.21037248241308,303.53,0,0,0,0,0,0,1,0,0,0,0,1,0,0,0,1,1,0,0,0,1,0,0,0,0,0,0,0,0,0,0,0,0,0,0,0,0,0,0,0,0,0,1,2,1,0,0,5,0,0,0,0,0,0,True,False,False,False,False,False,False,False,False,False,False,False,True
10.5,42.4,0,110.25,1.2870915716217095,445.2,0,0,0,0,1,0,0,0,0,0,0,1,1,0,0,0,0,0,1,0,0,1,0,0,0,0,0,0,0,0,0,0,0,0,0,0,0,0,0,0,0,0,0,2,2,0,0,5,0,0,0,0,0,0,False,False,False,False,False,True,False,False,False,False,False,False,True
11.2,34.5,1,125.43999999999998,-0.1361352010142679,386.4,0,0,0,0,0,1,0,0,0,0,0,1,0,0,1,1,0,0,1,1,1,0,0,0,0,0,0,0,0,0,0,0,0,0,0,0,0,0,0,0,0,0,2,0,3,0,0,5,0,0,1,1,0,1,False,False,False,False,False,True,False,False,False,False,False,False,True
0.5,18.9,0,0.25,-0.7125773174236136,9.45,0,0,0,0,0,0,0,0,0,0,1,0,0,1,0,0,0,0,0,1,0,0,0,1,0,0,0,0,0,0,0,0,0,0,0,0,0,0,0,0,0,0,4,0,1,0,0,5,0,0,0,0,0,0,False,True,False,False,False,False,False,False,False,False,True,False,False
12.6,24.0,0,158.76,-1.846746169671606,302.4,0,0,1,0,0,0,0,0,0,0,0,0,1,0,0,0,1,0,1,0,1,0,0,0,0,0,0,0,0,0,0,0,0,0,1,0,0,0,0,0,0,0,1,1,2,0,0,5,0,0,0,0,0,0,False,False,False,True,False,False,False,False,False,False,False,False,True
0.5,31.9,0,0.25,-0.38905207429576605,15.95,0,0,0,0,0,0,0,0,0,1,0,0,0,0,0,0,0,0,1,1,0,0,0,0,0,0,0,0,0,0,0,0,0,0,0,0,0,0,0,0,0,0,1,0,1,0,0,5,0,0,0,0,0,0,False,False,False,False,False,False,False,False,True,False,True,False,False
4.4,24.7,0,19.360000000000003,0.5625469474068836,108.68,0,0,0,0,0,0,0,0,1,0,0,1,1,1,0,0,0,0,0,1,0,0,0,0,0,0,0,0,0,0,0,0,0,0,0,0,0,0,0,0,0,0,3,0,1,0,0,5,1,1,0,0,0,0,False,False,True,False,False,False,False,False,False,False,False,True,False
13.8,28.7,0,190.44000000000003,-1.187016896721671,396.06,0,0,0,0,0,0,0,0,1,0,0,1,1,0,0,0,0,0,0,0,0,0,0,1,0,1,0,0,0,0,0,0,0,0,0,0,0,0,0,0,0,0,0,0,2,0,0,5,0,0,0,0,0,0,False,False,False,False,True,False,False,False,False,False,False,False,True
5.1,26.0,0,26.009999999999998,-1.5048919159309069,132.6,0,0,0,1,0,0,0,0,0,0,0,1,0,1,1,0,1,1,0,0,0,0,0,0,0,0,0,0,0,0,0,0,0,0,0,0,0,0,0,0,0,0,1,1,2,0,0,5,0,0,0,0,0,0,False,False,False,True,False,False,False,False,False,False,False,True,False
0.6,16.5,0,0.36,-0.46300676638418076,9.9,0,0,0,0,1,0,0,0,0,0,0,1,1,0,0,0,0,0,1,0,0,0,0,0,0,0,0,0,0,0,0,0,0,0,0,0,1,0,0,0,0,0,0,0,2,0,0,5,0,0,0,0,0,0,False,False,False,False,False,False,True,False,False,False,True,False,False
8.0,25.3,0,64.0,-1.7935638476283178,202.4,0,0,0,0,1,0,0,0,0,0,0,1,0,0,0,0,0,1,0,1,0,0,0,0,0,0,0,0,0,0,0,0,0,1,0,0,0,0,0,0,0,0,1,0,1,0,0,5,0,0,0,0,0,0,False,False,False,False,False,True,False,False,False,False,False,False,True
9.1,23.0,0,82.80999999999999,0.19885034411203173,209.29999999999998,0,1,0,0,0,0,0,0,0,0,0,0,1,0,0,1,0,1,1,0,0,0,0,0,0,0,0,0,0,0,0,0,0,0,0,0,0,0,0,0,0,0,0,0,4,0,0,5,0,0,0,0,0,0,False,False,False,False,False,False,True,False,False,False,False,False,True
1.2,33.8,0,1.44,2.497209004685626,40.559999999999995,0,0,1,0,0,0,0,0,0,0,0,0,0,0,0,0,0,0,0,0,0,0,1,0,1,0,0,0,0,0,0,0,0,0,0,0,0,0,0,0,0,0,0,0,1,0,0,5,0,0,0,0,0,0,False,False,True,False,False,False,False,False,False,False,False,True,False
13.2,33.7,0,174.23999999999998,-0.18875303902921453,444.84000000000003,0,0,0,1,0,0,0,0,0,0,0,1,1,1,0,0,0,0,0,0,0,1,0,0,0,0,0,0,0,0,0,0,0,0,0,0,0,0,0,0,0,0,2,2,1,0,0,5,1,0,0,0,0,0,False,False,False,True,False,False,False,False,False,False,False,False,True
3.2,4.8,0,10.240000000000002,-0.6601992450395391,15.36,0,0,0,0,0,0,0,0,1,0,0,1,0,0,0,0,0,1,0,0,1,0,0,0,0,0,0,0,0,0,0,0,0,0,0,0,0,0,0,0,0,0,1,0,2,0,0,5,0,0,0,0,0,0,False,False,False,False,False,False,False,True,False,False,False,True,False
5.7,29.4,1,32.49,1.3633156998957658,167.57999999999998,0,0,0,0,0,1,0,0,0,0,0,1,0,0,0,0,1,0,1,0,0,1,0,0,0,0,0,0,0,0,0,0,0,0,0,0,0,0,0,0,0,0,0,3,1,0,0,5,0,0,0,0,1,0,True,False,False,False,False,False,False,False,False,False,False,True,False
10.2,6.4,0,104.03999999999999,0.09701695812934934,65.28,0,0,1,0,0,0,0,0,0,0,0,0,1,0,0,0,1,1,0,0,0,0,0,0,0,0,0,0,0,0,0,0,0,0,1,0,0,0,0,0,0,0,0,1,2,0,0,5,0,0,0,0,0,0,False,False,False,False,False,False,False,False,False,True,False,False,True
1.8,39.2,1,3.24,0.6487693612276787,70.56,0,0,1,0,0,0,0,0,0,0,0,0,0,0,1,0,0,0,1,0,0,0,0,0,0,0,0,0,0,0,0,0,0,0,0,0,0,0,0,0,0,0,0,0,3,0,1,5,0,0,0,0,0,1,False,False,False,False,True,False,False,False,False,False,False,True,False
7.4,15.5,0,54.760000000000005,-1.5504862497422944,114.7,0,0,0,0,0,0,0,0,0,0,1,0,0,0,0,0,0,0,0,0,0,0,0,0,0,0,0,0,0,0,0,0,0,0,0,0,0,0,0,0,0,0,0,0,0,0,0,5,0,0,0,0,0,0,True,False,False,False,False,False,False,False,False,False,False,False,True
10.8,34.7,1,116.64000000000001,-0.10010414347917936,374.76000000000005,0,0,0,0,0,0,0,0,0,1,0,0,0,0,0,0,0,0,0,0,0,0,0,0,0,0,0,0,0,0,0,0,0,0,0,0,0,0,0,0,0,0,0,0,0,0,1,5,0,0,0,0,0,0,False,False,False,False,False,True,False,False,False,False,False,False,True
8.9,6.8,0,79.21000000000001,0.36929600115945577,60.52,0,1,0,0,0,0,0,0,0,0,0,0,1,0,0,0,1,0,0,0,1,0,0,0,1,0,0,0,0,0,0,0,0,0,1,0,0,0,0,0,0,0,1,1,1,0,0,5,0,0,0,0,0,0,False,False,False,False,False,False,False,True,False,False,False,False,True
2.7,3.2,0,7.290000000000001,-1.4837954419987347,8.64,0,0,0,0,0,0,0,0,1,0,0,1,0,0,0,0,0,0,0,0,0,0,1,0,1,0,0,0,0,0,0,0,0,0,0,0,0,0,0,0,0,0,0,0,1,0,0,5,0,0,0,0,0,0,False,False,False,False,False,False,False,True,False,False,False,True,False
13.0,17.4,1,169.0,-0.37136501262316685,226.2,0,0,1,0,0,0,0,0,0,0,0,0,0,0,0,0,0,0,0,1,0,0,0,0,0,0,0,0,0,0,0,0,0,0,0,0,0,0,0,0,0,0,1,1,0,0,3,5,0,0,0,0,0,0,False,False,False,False,False,False,True,False,False,False,False,False,True
0.9,19.2,0,0.81,-0.7748699034357605,17.28,0,1,0,0,0,0,0,0,0,0,0,0,1,0,0,0,0,0,0,0,0,0,1,1,1,0,0,0,0,0,0,0,0,0,0,0,0,0,0,0,0,0,0,0,3,0,0,5,0,0,0,0,0,0,True,False,False,False,False,False,False,False,False,False,True,False,False
2.3,29.5,0,5.289999999999999,0.8607074546082442,67.85,0,1,0,0,0,0,0,0,0,0,0,0,0,0,0,0,0,0,0,0,0,0,1,0,1,0,0,0,1,1,0,0,0,0,0,0,0,0,0,0,0,0,0,0,1,0,0,5,0,0,0,0,0,0,False,False,False,False,False,False,True,False,False,False,False,True,False
7.3,4.9,1,53.29,-0.673813092007743,35.77,0,0,0,0,0,1,0,0,0,0,0,1,1,0,1,1,0,0,0,0,0,0,0,0,0,0,0,0,0,0,0,0,0,0,0,0,0,0,0,0,0,0,0,0,3,0,1,5,0,0,0,0,0,0,False,False,False,False,False,False,False,False,False,True,False,False,True
5.2,6.3,0,27.040000000000003,0.11192218960970705,32.76,0,1,0,0,0,0,0,0,0,0,0,0,0,1,0,1,0,0,0,0,1,0,0,0,0,0,0,0,0,0,0,0,0,0,0,0,0,0,0,0,0,0,3,0,1,0,0,5,0,0,0,0,0,0,False,False,False,False,False,False,False,True,False,False,False,True,False
12.8,24.9,1,163.84000000000003,0.6050669926218009,318.72,0,0,0,0,1,0,0,0,0,0,0,1,0,0,0,1,1,0,0,1,0,0,0,0,0,0,0,0,0,0,0,0,0,0,0,0,0,0,0,0,0,0,1,1,1,0,0,5,0,0,0,1,0,0,False,False,True,False,False,False,False,False,False,False,False,False,True
11.5,42.4,1,132.25,1.2870915716217095,487.59999999999997,0,0,0,0,0,1,0,0,0,0,0,1,0,0,0,0,0,0,0,0,0,0,1,0,1,0,0,0,1,1,1,0,0,0,0,0,0,0,0,0,0,0,0,0,1,0,0,5,0,0,0,0,0,0,False,False,False,False,False,True,False,False,False,False,False,False,True
4.3,21.9,0,18.49,-0.0327336856019605,94.16999999999999,0,0,0,0,0,0,0,0,1,0,0,1,0,1,1,1,0,0,0,1,0,0,0,0,0,0,0,0,0,0,0,0,0,0,0,0,0,0,0,0,0,0,2,0,3,0,0,5,0,0,0,1,0,0,False,False,True,False,False,False,False,False,False,False,False,True,False
13.5,15.3,1,182.25,-1.435895177694235,206.55,0,0,0,0,0,1,0,0,0,0,0,1,0,0,0,0,0,0,1,0,0,0,0,0,0,0,0,0,0,0,0,0,0,0,0,0,0,0,0,0,0,0,0,0,1,0,0,5,0,0,0,0,0,0,False,False,True,False,False,False,False,False,False,False,False,False,True
9.9,7.2,0,98.01,0.5081263182024651,71.28,0,0,0,0,0,0,0,1,0,0,0,0,0,0,1,0,1,0,0,0,0,0,0,0,0,0,0,0,0,0,0,0,0,0,0,0,0,0,0,0,0,0,0,1,3,0,0,5,0,0,0,0,0,0,False,False,False,False,False,False,False,False,False,True,False,False,True
9.0,14.2,0,81.0,-0.6972023593289944,127.8,0,0,0,0,0,0,0,0,1,0,0,1,0,0,0,0,0,0,0,0,0,0,1,0,1,0,0,0,1,1,1,0,0,0,0,0,0,0,0,0,0,0,0,0,1,0,0,5,0,0,0,0,0,0,False,False,False,False,False,False,True,False,False,False,False,False,True
10.4,42.4,1,108.16000000000001,1.2422047214784722,440.96,0,0,1,0,0,0,0,0,0,0,0,0,0,0,0,0,0,0,0,0,0,0,0,0,0,0,0,0,0,0,0,0,0,0,0,0,0,0,0,0,0,0,0,0,0,0,2,5,0,0,0,0,0,0,False,False,False,False,False,False,False,False,True,False,False,False,True
8.2,7.9,0,67.24,0.9355183865689032,64.78,0,1,0,0,0,0,0,0,0,0,0,0,0,0,0,1,0,0,0,1,1,0,0,0,0,0,0,0,0,0,0,0,0,0,0,0,0,0,0,0,0,0,2,0,1,0,0,5,0,0,0,1,0,0,False,False,False,False,False,False,False,True,False,False,False,False,True
10.9,37.9,0,118.81,0.5291408938262531,413.11,0,1,0,0,0,0,0,0,0,0,0,0,1,0,1,0,0,0,0,0,0,1,0,0,0,0,0,0,0,0,0,0,0,0,0,0,0,0,0,0,0,0,0,1,2,0,0,5,0,0,0,0,0,0,False,False,False,True,False,False,False,False,False,False,False,False,True
2.3,39.4,0,5.289999999999999,0.7466257085953889,90.61999999999999,0,0,0,0,0,0,0,0,0,0,1,0,0,0,0,0,0,0,0,0,0,0,1,0,1,0,0,0,0,0,0,0,0,1,0,0,0,0,0,0,0,0,0,0,1,0,0,5,0,0,0,0,0,0,False,False,False,False,False,True,False,False,False,False,False,True,False
3.9,34.7,0,15.209999999999999,1.3901931430052146,135.33,0,0,0,0,1,0,0,0,0,0,0,1,1,1,0,0,0,0,0,0,1,0,0,0,0,0,0,0,0,0,0,0,0,0,0,0,0,0,0,0,0,0,2,0,1,0,0,5,1,0,0,0,0,0,False,False,False,False,False,False,True,False,False,False,False,True,False
8.1,30.8,0,65.61,-0.6844417069532287,249.48,0,0,0,0,0,0,0,0,0,0,1,0,0,0,1,0,1,1,0,1,0,0,0,0,0,0,0,0,0,0,0,0,0,0,0,0,0,0,0,0,0,0,1,1,2,0,0,5,0,0,0,0,0,0,False,False,False,True,False,False,False,False,False,False,False,False,True
7.7,25.8,0,59.290000000000006,-1.6940435774886338,198.66,0,0,1,0,0,0,0,0,0,0,0,0,1,0,0,0,0,0,0,0,0,0,0,0,0,1,0,0,0,0,0,0,0,1,0,0,0,0,0,0,0,0,0,0,1,0,0,5,0,0,0,0,0,0,False,False,False,False,True,False,False,False,False,False,False,False,True
7.7,26.1,0,59.290000000000006,0.8590978410621228,200.97000000000003,0,0,0,0,0,0,0,0,1,0,0,1,1,0,0,1,0,0,1,0,0,0,0,0,0,0,0,0,0,0,0,0,0,0,0,0,0,0,0,0,0,0,0,0,4,0,0,5,0,0,0,0,0,0,False,True,False,False,False,False,False,False,False,False,False,False,True
7.8,7.5,1,60.839999999999996,0.7296193373291041,58.5,0,1,0,0,0,0,0,0,0,0,0,0,0,0,0,0,1,0,0,0,0,0,0,0,0,0,0,0,0,0,0,0,0,0,0,0,0,0,0,0,0,0,0,3,0,0,1,5,0,0,0,0,0,0,False,False,False,False,False,False,False,True,False,False,False,False,True
0.8,9.1,0,0.6400000000000001,-1.2165056306414073,7.28,0,0,0,0,1,0,0,0,0,0,0,1,1,0,0,0,0,1,0,0,0,0,1,0,1,0,0,0,0,0,0,0,0,0,0,1,0,0,0,0,0,0,0,0,3,0,0,5,0,0,0,0,0,0,False,False,False,False,False,False,True,False,False,False,True,False,False
12.6,18.7,0,158.76,-0.7130544090406391,235.61999999999998,0,0,0,0,0,0,1,0,0,0,0,1,0,1,0,1,1,0,0,1,0,1,0,0,0,0,0,0,0,0,0,0,0,0,0,0,0,0,0,0,0,0,2,2,1,0,0,5,0,0,0,1,1,0,False,False,True,False,False,False,False,False,False,False,False,False,True
11.1,6.3,0,123.21,0.11192218960970705,69.92999999999999,0,0,0,0,0,0,0,0,0,0,1,0,0,0,0,0,0,0,0,0,0,0,0,1,0,0,0,0,0,0,0,0,0,0,0,0,0,0,0,0,0,0,0,0,1,0,0,5,0,0,0,0,0,0,False,False,False,False,False,False,False,True,False,False,False,False,True
5.7,34.5,0,32.49,-0.1729635351877447,196.65,0,0,0,0,0,0,1,0,0,0,0,1,0,0,0,0,1,0,0,1,1,0,0,0,0,0,0,0,0,0,0,0,0,0,0,0,0,0,0,0,0,0,3,1,0,0,0,5,0,0,0,0,0,0,False,False,False,False,True,False,False,False,False,False,False,True,False
5.8,25.0,0,33.64,0.6189808029601351,145.0,0,1,0,0,0,0,0,0,0,0,0,0,0,0,0,0,0,1,0,0,0,1,0,0,0,0,0,0,0,0,0,0,0,0,0,0,0,0,0,0,0,0,0,1,1,0,0,5,0,0,0,0,0,0,False,True,False,False,False,False,False,False,False,False,False,True,False
7.8,22.8,1,60.839999999999996,0.15860651786516836,177.84,0,0,0,0,0,0,1,0,0,0,0,1,0,0,1,1,0,1,0,0,0,0,0,0,0,0,0,0,0,0,0,0,0,0,0,0,0,0,0,0,0,0,0,0,3,0,1,5,0,0,0,0,0,0,False,False,True,False,False,False,False,False,False,False,False,False,True
0.5,32.7,0,0.25,-0.2647658422367758,16.35,0,0,0,0,0,0,0,0,0,1,0,0,0,1,0,0,0,0,0,0,0,1,0,0,0,0,0,0,0,0,0,0,0,0,0,0,0,0,0,0,0,0,1,1,0,0,0,5,0,0,0,0,0,0,False,False,False,False,False,False,False,False,True,False,True,False,False
10.8,33.6,0,116.64000000000001,-0.29827495992216385,362.88000000000005,0,0,0,0,0,0,0,1,0,0,0,0,0,1,1,0,0,0,0,1,0,1,0,0,0,0,0,0,0,0,0,0,0,0,0,0,0,0,0,0,0,0,2,1,1,0,0,5,0,0,0,0,0,0,False,False,False,False,False,True,False,False,False,False,False,False,True
3.7,34.8,1,13.690000000000001,-0.0007331994718309506,128.76,0,0,0,0,0,1,0,0,0,0,0,1,1,1,0,0,0,0,1,0,1,0,0,0,0,0,0,0,0,0,0,0,0,0,0,0,0,0,0,0,0,0,3,0,2,0,0,5,1,0,0,0,0,0,False,False,False,True,False,False,False,False,False,False,False,True,False
6.6,31.3,1,43.559999999999995,-0.4822667483400079,206.57999999999998,0,0,0,0,0,1,0,0,0,0,0,1,1,0,0,0,1,1,0,0,0,0,0,0,0,0,0,0,0,0,0,0,0,0,0,0,0,0,0,0,0,0,0,1,2,0,0,5,0,0,0,0,0,0,False,False,False,False,False,False,False,False,True,False,False,True,False
8.1,24.9,0,65.61,-1.8656259626984941,201.68999999999997,0,0,0,0,0,0,0,0,0,1,0,0,0,0,0,0,0,1,0,1,0,0,0,0,0,0,0,0,0,0,0,0,0,1,0,0,0,0,0,0,0,0,1,0,1,0,0,5,0,0,0,0,0,0,False,False,False,False,False,True,False,False,False,False,False,False,True
5.6,19.3,0,31.359999999999996,-0.5854942733958866,108.08,0,0,0,0,1,0,0,0,0,0,0,1,0,0,0,0,0,0,1,0,0,0,0,1,1,0,1,0,0,0,0,0,0,0,0,0,0,0,0,0,0,0,0,0,2,0,0,5,0,0,0,0,0,0,False,False,True,False,False,False,False,False,False,False,False,True,False
12.6,18.5,0,158.76,-0.7555744542555564,233.1,0,0,0,0,0,0,0,1,0,0,0,0,0,0,0,1,0,1,0,1,1,0,0,0,0,0,0,0,0,0,0,0,0,0,0,0,0,0,0,0,0,0,3,0,2,0,0,5,0,0,0,1,0,0,False,False,True,False,False,False,False,False,False,False,False,False,True
9.3,41.0,0,86.49000000000001,1.059014987124337,381.3,0,0,1,0,0,0,0,0,0,0,0,0,1,0,1,0,0,1,0,0,0,1,0,0,0,0,0,0,0,0,0,0,0,0,0,0,0,0,0,0,0,0,0,1,4,0,0,5,0,0,0,0,0,0,False,False,False,True,False,False,False,False,False,False,False,False,True
4.6,20.0,0,21.159999999999997,-0.10662216842468172,92.0,0,1,0,0,0,0,0,0,0,0,0,0,1,1,0,0,0,0,0,1,0,0,0,0,0,0,0,0,0,0,0,0,0,0,0,0,0,0,0,0,0,0,2,0,1,0,0,5,1,1,0,0,0,0,False,False,False,False,False,False,True,False,False,False,False,True,False
10.7,40.0,0,114.48999999999998,0.8880878602539874,428.0,0,0,0,0,0,0,1,0,0,0,0,1,0,1,0,1,0,1,1,0,0,0,0,0,0,0,0,0,0,0,0,0,0,0,0,0,0,0,0,0,0,0,1,0,3,0,0,5,0,0,0,0,0,0,False,False,False,True,False,False,False,False,False,False,False,False,True
5.2,20.2,0,27.040000000000003,-0.39415406992875845,105.04,0,1,0,0,0,0,0,0,0,0,0,0,0,1,0,0,1,0,0,0,0,1,0,0,0,0,0,0,0,0,0,0,0,0,0,0,0,0,0,0,0,0,1,3,0,0,0,5,0,0,0,0,1,0,False,False,True,False,False,False,False,False,False,False,False,True,False
13.0,32.4,0,169.0,-0.41095830396066974,421.2,0,0,1,0,0,0,0,0,0,0,0,0,0,0,1,1,0,0,0,0,0,0,0,0,0,0,0,0,0,0,0,0,0,0,0,0,0,0,0,0,0,0,0,0,3,0,0,5,0,0,0,0,0,0,False,False,False,True,False,False,False,False,False,False,False,False,True
10.2,23.3,1,104.03999999999999,0.24789083498433656,237.66,0,0,0,0,0,1,0,0,0,0,0,1,0,1,0,1,0,1,0,1,0,0,0,0,0,0,0,0,0,0,0,0,0,0,0,0,0,0,0,0,0,0,3,0,2,0,0,5,0,0,0,1,0,0,False,True,False,False,False,False,False,False,False,False,False,False,True
3.6,25.8,0,12.96,0.7964071960889297,92.88000000000001,0,0,0,0,0,0,0,0,1,0,0,1,0,1,0,0,0,0,1,0,0,0,0,0,0,0,0,0,0,0,0,0,0,0,0,0,0,0,0,0,1,0,1,0,1,0,0,5,0,0,0,0,0,0,False,False,True,False,False,False,False,False,False,False,False,True,False
9.2,30.2,0,84.63999999999999,-0.9247617170146212,277.84,0,0,1,0,0,0,0,0,0,0,0,0,0,0,0,0,0,0,0,0,0,0,0,0,0,0,0,0,0,0,0,0,0,0,0,0,0,0,0,0,0,0,1,0,0,0,0,5,0,0,0,0,0,0,False,False,False,False,True,False,False,False,False,False,False,False,True
13.1,25.1,0,171.60999999999999,0.4619237298638484,328.81,0,1,0,0,0,0,0,0,0,0,0,0,1,0,0,1,1,1,0,0,0,0,0,0,0,0,0,0,0,0,0,0,0,0,0,0,0,0,0,0,0,0,0,1,4,0,0,5,0,0,0,0,0,0,True,False,False,False,False,False,False,False,False,False,False,False,True
3.0,18.1,0,9.0,-1.0054585469322972,54.300000000000004,0,0,1,0,0,0,0,0,0,0,0,0,1,0,1,0,0,1,0,0,1,0,0,0,0,0,0,0,0,0,0,0,0,0,0,0,0,0,0,0,0,0,1,0,3,0,0,5,0,0,1,0,0,0,True,False,False,False,False,False,False,False,False,False,False,True,False
5.7,24.7,0,32.49,0.5625469474068836,140.79,0,0,0,1,0,0,0,0,0,0,0,1,0,0,1,0,1,1,0,0,0,0,0,0,0,0,0,0,0,0,0,0,0,0,0,0,0,0,0,0,0,0,0,1,2,0,0,5,0,0,0,0,0,0,False,False,True,False,False,False,False,False,False,False,False,True,False
3.7,25.9,0,13.690000000000001,-1.321198814738188,95.83,0,0,0,0,0,0,0,0,1,0,0,1,1,0,0,1,0,0,0,0,1,1,0,0,0,0,0,0,0,0,0,0,0,0,0,0,0,0,0,0,0,0,1,1,2,0,0,5,0,0,0,0,0,0,False,False,False,False,False,False,False,False,True,False,False,True,False
6.9,30.3,0,47.61000000000001,-0.8927874092511167,209.07000000000002,0,1,0,0,0,0,0,0,0,0,0,0,0,0,0,0,0,1,1,0,0,1,0,0,0,0,0,0,0,0,0,0,0,0,0,0,0,0,0,0,0,0,0,1,3,0,0,5,0,0,0,0,0,0,False,False,False,False,False,True,False,False,False,False,False,True,False
0.5,26.0,1,0.25,0.838927241303847,13.0,0,0,0,0,0,0,1,0,0,0,0,1,0,1,0,0,1,0,1,0,0,0,0,0,0,0,0,0,0,0,0,0,0,0,0,0,0,0,0,0,0,0,1,1,1,0,2,5,0,0,0,0,0,0,False,False,True,False,False,False,False,False,False,False,True,False,False
4.5,42.7,0,20.25,1.3495911028039318,192.15,0,0,0,1,0,0,0,0,0,0,0,1,1,0,1,1,1,0,0,0,1,0,0,0,0,0,0,0,0,0,0,0,0,0,0,0,0,0,0,0,0,0,1,1,3,0,0,5,0,0,1,0,0,0,False,False,False,True,False,False,False,False,False,False,False,True,False
14.1,25.8,0,198.81,0.6086619575434628,363.78,0,0,0,0,0,0,0,1,0,0,0,0,1,1,0,0,1,0,1,0,0,0,0,0,0,0,0,0,0,0,0,0,0,0,0,0,0,0,0,0,0,0,1,2,2,0,0,5,1,0,0,0,0,0,True,False,False,False,False,False,False,False,False,False,False,False,True
9.7,9.5,0,94.08999999999999,1.6900657284126732,92.14999999999999,0,1,0,0,0,0,0,0,0,0,0,0,1,1,1,1,0,0,0,0,0,0,0,0,0,0,0,0,0,0,0,1,0,0,0,0,0,0,0,0,0,0,1,0,3,0,0,5,1,0,0,0,0,0,False,False,False,False,False,False,False,False,False,True,False,False,True
10.2,28.2,1,104.03999999999999,-1.2744352899573543,287.64,0,0,0,0,0,1,0,0,0,0,0,1,1,0,0,0,1,0,0,1,0,0,0,0,0,0,0,0,0,0,0,0,0,0,0,0,0,0,0,0,0,0,1,3,1,0,0,5,0,1,0,0,0,0,False,False,False,False,True,False,False,False,False,False,False,False,True
6.5,23.8,0,42.25,0.2803096807884887,154.70000000000002,0,1,0,0,0,0,0,0,0,0,0,0,0,0,1,0,0,0,0,1,0,1,0,0,0,0,0,0,0,0,0,0,0,0,0,0,0,0,0,0,0,0,2,1,1,0,0,5,0,0,0,0,0,0,False,False,False,False,False,False,True,False,False,False,False,True,False
10.1,41.2,0,102.00999999999999,1.070905226411182,416.12,0,0,0,1,0,0,0,0,0,0,0,1,1,1,0,1,0,0,0,0,1,0,0,0,0,0,0,0,0,0,0,0,0,0,0,0,0,0,0,0,0,0,2,0,2,0,0,5,1,0,0,0,0,0,False,False,False,False,False,True,False,False,False,False,False,False,True
9.1,28.8,0,82.80999999999999,-1.1695332180745341,262.08,0,0,0,1,0,0,0,0,0,0,0,1,0,0,0,1,0,0,0,0,1,1,0,0,0,0,0,0,0,0,0,0,0,0,0,0,0,0,0,0,0,0,1,1,3,0,0,5,0,0,0,0,0,0,False,False,False,False,True,False,False,False,False,False,False,False,True
9.9,33.1,0,98.01,-0.29130931515142455,327.69,0,0,0,0,0,0,0,1,0,0,0,0,1,0,0,0,0,0,0,1,0,0,0,0,0,0,0,0,0,0,0,0,0,0,0,0,0,0,0,0,0,0,1,0,1,0,0,5,0,1,0,0,0,0,False,False,False,True,False,False,False,False,False,False,False,False,True
12.5,26.9,0,156.25,1.030267444770975,336.25,0,0,0,0,0,0,1,0,0,0,0,1,1,0,0,0,1,0,0,1,0,1,0,0,0,0,0,0,0,0,0,0,0,0,0,0,0,0,0,0,0,0,1,3,1,0,0,5,0,1,0,0,1,0,False,False,True,False,False,False,False,False,False,False,False,False,True
3.9,7.5,0,15.209999999999999,0.6622923282298835,29.25,0,1,0,0,0,0,0,0,0,0,0,0,1,0,1,0,0,0,1,0,1,0,0,0,0,0,0,0,0,0,0,0,0,0,0,0,0,0,0,0,0,0,1,0,4,0,0,5,0,0,1,0,0,1,False,False,False,False,False,False,False,False,False,True,False,True,False
8.2,21.8,0,67.24,-0.22984220062576324,178.76,0,1,0,0,0,0,0,0,0,0,0,0,1,1,1,0,0,0,0,0,0,0,0,0,0,1,0,0,0,0,0,0,0,0,0,0,0,0,0,0,0,0,1,0,2,0,0,5,1,0,0,0,0,0,True,False,False,False,False,False,False,False,False,False,False,False,True
8.0,16.7,1,64.0,-1.2989350022915267,133.6,0,0,0,0,0,1,0,0,0,0,0,1,1,0,0,0,0,0,0,0,0,0,0,0,0,0,0,0,0,0,0,0,0,0,0,0,0,0,0,0,0,0,0,0,1,1,0,5,0,0,0,0,0,0,True,False,False,False,False,False,False,False,False,False,False,False,True
5.1,3.6,0,26.009999999999998,-1.277896392758936,18.36,0,0,0,0,0,0,1,0,0,0,0,1,1,0,0,0,0,0,1,0,1,0,0,0,0,0,0,0,0,0,0,0,0,0,0,0,0,0,0,0,0,0,1,0,4,0,0,5,0,0,0,0,0,0,False,False,False,False,False,False,False,True,False,False,False,True,False
9.4,31.8,0,88.36000000000001,-0.5135145800828791,298.92,0,0,0,0,0,0,1,0,0,0,0,1,0,0,0,0,0,0,0,0,0,0,1,0,0,1,0,0,0,0,0,0,0,0,0,0,0,0,0,0,0,0,0,0,1,0,0,5,0,0,0,0,0,0,False,False,False,True,False,False,False,False,False,False,False,False,True
15.3,18.3,0,234.09000000000003,-0.8435502472974244,279.99,0,0,0,1,0,0,0,0,0,0,0,1,0,1,0,0,0,0,0,0,0,0,0,1,0,1,0,0,0,0,0,0,0,0,0,0,0,0,0,0,0,1,1,0,1,0,0,5,0,0,0,0,0,0,False,True,False,False,False,False,False,False,False,False,False,False,True
8.8,25.2,0,77.44000000000001,0.6688470604441771,221.76000000000002,0,0,1,0,0,0,0,0,0,0,0,0,0,1,1,0,0,0,1,0,0,0,0,0,0,0,0,0,0,0,0,0,0,0,0,0,0,0,0,0,0,0,1,0,4,0,0,5,0,0,0,0,0,1,False,False,True,False,False,False,False,False,False,False,False,False,True
8.2,26.2,0,67.24,-1.6314240887204219,214.83999999999997,0,0,0,0,1,0,0,0,0,0,0,1,0,0,1,0,0,0,1,0,0,1,0,0,0,0,0,0,0,0,0,0,0,0,0,0,0,0,0,0,0,0,0,1,3,0,0,5,0,0,0,0,0,1,False,False,False,False,False,True,False,False,False,False,False,False,True
13.8,33.3,0,190.44000000000003,-0.25712388977735534,459.53999999999996,0,0,0,0,0,0,1,0,0,0,0,1,0,0,1,1,0,0,0,0,0,1,0,0,0,0,0,0,0,0,0,0,0,0,0,0,0,0,0,0,0,0,0,1,2,0,0,5,0,0,0,0,0,0,False,False,False,True,False,False,False,False,False,False,False,False,True
11.5,32.7,0,132.25,-0.48766975083620406,376.05,0,0,0,0,0,0,0,1,0,0,0,0,0,0,1,1,0,0,0,1,1,0,0,0,0,0,0,0,0,0,0,0,0,0,0,0,0,0,0,0,0,0,2,0,2,0,0,5,0,0,1,1,0,0,False,False,False,False,True,False,False,False,False,False,False,False,True
9.6,10.0,0,92.16,1.9470090784583707,96.0,0,0,0,0,0,0,0,0,1,0,0,1,1,1,0,0,0,1,0,0,0,0,0,0,0,0,0,0,0,0,0,0,0,0,0,0,0,0,0,0,0,0,1,0,4,0,0,5,1,0,0,0,0,0,False,False,False,False,False,False,False,False,False,True,False,False,True
1.1,26.8,1,1.2100000000000002,-1.5192067910172673,29.480000000000004,0,0,0,0,0,0,0,0,0,0,1,0,1,0,0,0,0,0,0,0,0,0,0,0,0,0,0,1,0,0,0,0,0,0,0,0,0,0,0,0,0,0,0,0,1,0,1,5,0,0,0,0,0,0,False,False,False,False,True,False,False,False,False,False,False,True,False
5.7,17.1,0,32.49,-1.053214770759978,97.47000000000001,0,0,0,0,0,0,0,1,0,0,0,0,1,0,0,0,0,0,0,0,0,0,0,0,0,0,0,0,0,0,0,0,0,0,0,0,0,0,0,0,0,0,0,0,1,0,0,5,0,0,0,0,0,0,False,False,True,False,False,False,False,False,False,False,False,True,False
9.1,4.4,0,82.80999999999999,-0.9307564420534404,40.04,0,1,0,0,0,0,0,0,0,0,0,0,0,0,0,0,1,0,1,0,0,0,0,0,0,0,0,0,0,0,0,0,0,0,0,1,0,0,0,0,0,0,0,1,1,0,0,5,0,0,0,0,0,0,False,False,False,False,False,False,False,False,False,True,False,False,True
3.2,33.0,0,10.240000000000002,-0.4352187148947946,105.60000000000001,0,0,0,0,0,0,0,0,1,0,0,1,0,0,0,0,1,1,1,1,0,0,0,0,0,0,0,0,0,0,0,0,0,0,0,0,0,0,0,0,0,0,1,1,2,0,0,5,0,0,0,0,0,0,False,False,False,False,True,False,False,False,False,False,False,True,False
7.4,4.1,0,54.760000000000005,-1.0849224520808591,30.34,0,0,0,0,0,0,0,0,0,0,1,0,0,0,0,0,0,0,1,0,0,0,0,0,0,0,0,0,0,0,0,0,0,0,0,0,0,0,0,0,0,0,0,0,1,0,0,5,0,0,0,0,0,0,False,False,False,False,False,False,False,False,False,True,False,False,True
13.0,34.7,0,169.0,-0.1379961778934709,451.1,0,0,0,0,0,0,0,0,1,0,0,1,1,0,0,0,1,1,0,0,0,1,0,0,0,0,0,0,0,0,0,0,0,0,0,0,0,0,0,0,1,0,0,2,2,0,0,5,0,0,0,0,1,0,False,False,False,False,True,False,False,False,False,False,False,False,True
12.9,23.4,0,166.41,-1.949302445793816,301.86,0,0,1,0,0,0,0,0,0,0,0,0,1,0,0,0,1,0,1,0,1,0,0,0,0,0,0,0,0,0,0,0,0,0,1,0,0,0,0,0,0,0,1,1,2,0,0,5,0,0,0,0,0,0,False,False,False,True,False,False,False,False,False,False,False,False,True
8.3,10.5,0,68.89000000000001,-1.0739517914576076,87.15,0,0,1,0,0,0,0,0,0,0,0,0,0,0,0,0,0,1,1,1,1,0,0,0,0,0,0,0,0,0,0,0,0,0,0,0,0,0,0,0,0,0,3,0,2,0,0,5,0,0,0,0,0,0,False,False,False,False,False,False,True,False,False,False,False,False,True
14.8,22.1,0,219.04000000000002,-0.16695438876307114,327.08000000000004,0,0,0,1,0,0,0,0,0,0,0,1,1,0,0,0,0,0,0,0,0,0,0,0,0,1,0,0,0,0,0,0,0,0,0,0,0,0,0,0,0,0,0,0,1,1,0,5,0,0,0,0,0,0,True,False,False,False,False,False,False,False,False,False,False,False,True
3.6,38.7,1,12.96,0.6205170072225815,139.32000000000002,0,0,0,0,0,0,0,0,1,0,0,1,0,1,0,0,0,1,0,1,0,0,0,0,0,0,0,0,0,0,0,0,0,0,0,0,0,0,0,0,0,0,2,0,1,0,1,5,0,0,0,0,0,0,False,False,False,False,False,True,False,False,False,False,False,True,False
9.7,22.4,0,94.08999999999999,-1.8649510799962672,217.27999999999997,0,1,0,0,0,0,0,0,0,0,0,0,0,0,0,0,0,0,0,0,0,0,0,0,0,0,0,0,0,0,0,0,0,0,0,0,0,0,0,0,0,0,0,0,0,0,0,5,0,0,0,0,0,0,False,False,False,False,False,False,False,False,True,False,False,False,True
4.7,30.8,1,22.090000000000003,-0.5599456433768764,144.76000000000002,0,0,1,0,0,0,0,0,0,0,0,0,0,1,0,1,0,0,0,1,0,0,0,0,0,0,0,0,0,0,0,0,0,0,0,0,0,0,0,0,0,0,3,0,1,0,1,5,0,0,0,1,0,0,False,False,False,False,False,False,False,False,True,False,False,True,False
8.3,24.2,0,68.89000000000001,0.2732602942757721,200.86,0,0,1,0,0,0,0,0,0,0,0,0,0,0,0,1,0,1,0,0,0,0,0,0,0,0,0,0,0,0,0,0,0,0,0,0,0,0,0,0,0,0,0,0,4,0,0,5,0,0,0,0,0,0,True,False,False,False,False,False,False,False,False,False,False,False,True
8.5,42.2,0,72.25,1.2510605140866222,358.70000000000005,0,0,1,0,0,0,0,0,0,0,0,0,0,0,0,0,0,1,0,1,0,1,0,0,0,0,0,0,0,0,0,0,0,0,0,0,0,0,0,0,0,0,2,1,1,0,0,5,0,0,0,0,0,0,False,False,False,False,False,True,False,False,False,False,False,False,True
3.0,37.3,1,9.0,0.3165794669320812,111.89999999999999,0,1,0,0,0,0,0,0,0,0,0,0,0,1,0,0,0,0,0,0,1,1,0,0,0,0,0,0,0,0,0,0,0,0,0,0,0,0,0,0,0,0,2,1,0,0,0,5,0,0,0,0,0,0,False,False,False,False,True,False,False,False,False,False,False,True,False
7.5,26.8,1,56.25,1.0118995925815693,201.0,0,0,0,0,0,0,0,0,1,0,0,1,0,0,0,0,0,0,0,0,0,0,0,1,1,0,0,0,0,0,0,0,0,0,0,0,0,0,0,0,0,0,1,0,1,0,0,5,0,0,0,0,0,0,False,True,False,False,False,False,False,False,False,False,False,False,True
15.0,19.7,0,225.0,-0.6700568836646073,295.5,0,0,0,0,0,0,0,0,1,0,0,1,0,0,1,1,0,1,1,1,0,0,0,0,0,0,0,0,0,0,0,0,0,0,0,0,0,0,0,0,0,0,1,0,4,0,0,5,0,0,0,1,0,1,True,False,False,False,False,False,False,False,False,False,False,False,True
5.3,9.4,0,28.09,1.7076398212181494,49.82,0,0,0,0,1,0,0,0,0,0,0,1,0,1,0,0,0,0,0,0,0,0,0,1,0,0,1,0,0,0,0,0,0,0,0,0,0,0,0,0,0,0,1,0,1,0,0,5,0,0,0,0,0,0,False,False,False,False,False,False,False,True,False,False,False,True,False
8.3,37.3,0,68.89000000000001,0.36829960447696414,309.59,0,0,0,1,0,0,0,0,0,0,0,1,1,0,0,1,0,0,1,0,0,0,0,0,0,0,0,0,0,0,0,0,0,0,0,0,0,0,0,0,0,0,0,0,5,0,0,5,0,0,0,0,0,0,False,False,False,False,False,True,False,False,False,False,False,False,True
1.8,29.7,0,3.24,0.8810722887773583,53.46,0,0,0,1,0,0,0,0,0,0,0,1,0,0,0,0,0,0,0,0,0,0,0,0,0,0,1,1,0,0,0,0,0,0,0,0,0,0,0,0,0,0,0,0,0,0,0,5,0,0,0,0,0,0,False,False,False,False,False,False,True,False,False,False,False,True,False
2.9,16.5,0,8.41,-1.2364690369188587,47.85,0,0,0,0,1,0,0,0,0,0,0,1,0,0,0,1,0,0,0,0,0,0,0,0,0,0,0,0,0,0,0,0,0,0,0,0,0,0,0,0,0,0,0,0,1,0,0,5,0,0,0,0,0,0,False,True,False,False,False,False,False,False,False,False,False,True,False
5.5,11.5,0,30.25,-0.9721276206120365,63.25,0,0,0,0,0,0,0,0,0,1,0,0,0,1,0,1,0,0,0,0,0,1,0,0,0,0,0,0,0,0,0,1,0,0,0,0,0,0,0,0,0,0,1,1,1,0,0,5,0,0,0,0,0,0,False,False,False,False,False,False,True,False,False,False,False,True,False
8.0,25.7,0,64.0,-1.352270372752935,205.6,0,1,0,0,0,0,0,0,0,0,0,0,0,0,1,0,0,0,0,0,0,0,1,0,0,0,0,0,0,0,0,0,0,0,0,0,0,0,0,0,0,0,0,0,2,1,0,5,0,0,0,0,0,0,False,False,False,False,False,False,False,False,True,False,False,False,True
13.9,33.4,0,193.21,1.2578217209059714,464.26,0,0,0,0,0,0,0,0,0,1,0,0,0,1,0,0,0,0,1,1,1,0,0,0,0,0,0,0,0,0,0,0,0,0,0,0,0,0,0,0,0,0,3,0,1,0,0,5,0,0,0,0,0,0,False,False,False,False,False,False,True,False,False,False,False,False,True
10.4,29.6,1,108.16000000000001,-0.7463749914653606,307.84000000000003,0,0,0,0,0,1,0,0,0,0,0,1,0,0,0,0,0,0,0,0,0,0,0,0,0,0,0,0,0,0,0,0,0,0,0,0,0,0,0,0,0,0,0,1,0,0,3,5,0,0,0,0,0,0,False,False,False,False,False,False,False,False,True,False,False,False,True
2.6,27.5,0,6.760000000000001,-1.3972222147423494,71.5,0,0,0,0,0,0,0,1,0,0,0,0,0,0,0,0,0,1,0,0,0,1,0,0,0,0,0,0,0,0,0,0,0,0,0,0,0,0,0,0,0,0,0,2,1,0,0,5,0,0,0,0,0,0,False,False,False,False,False,True,False,False,False,False,False,True,False
5.6,3.0,0,31.359999999999996,-1.6501978221813933,16.799999999999997,0,0,1,0,0,0,0,0,0,0,0,0,0,0,0,0,1,1,0,0,1,1,0,0,0,0,0,0,0,0,0,0,0,0,0,0,0,0,0,0,0,0,1,2,1,0,0,5,0,0,0,0,1,0,False,False,False,False,False,False,False,False,False,True,False,True,False
3.2,18.3,0,10.240000000000002,-0.2797232588621526,58.56,0,1,0,0,0,0,0,0,0,0,0,0,1,0,0,0,0,1,0,0,0,1,0,0,0,0,0,0,0,0,0,0,0,0,0,0,0,0,0,0,0,0,0,1,2,0,0,5,0,0,0,0,0,0,False,False,False,False,False,False,True,False,False,False,False,True,False
13.3,7.7,0,176.89000000000001,0.7650696682481626,102.41000000000001,0,0,0,0,1,0,0,0,0,0,0,1,1,0,0,0,0,0,0,0,0,0,1,1,0,1,0,0,0,0,0,0,0,0,0,0,0,0,0,0,0,0,0,0,4,0,0,5,0,0,0,0,0,0,False,False,False,False,False,False,False,False,False,True,False,False,True
0.5,7.6,0,0.25,0.7810940996390536,3.8,0,0,0,0,0,0,0,0,1,0,0,1,1,0,1,0,0,0,0,0,0,0,0,0,0,0,0,0,0,0,0,0,0,0,0,0,0,0,0,0,0,0,0,0,3,0,0,5,0,0,0,0,0,0,False,False,False,False,False,False,False,True,False,False,True,False,False
12.4,41.1,0,153.76000000000002,1.0402395943826146,509.64000000000004,0,0,0,0,0,0,1,0,0,0,0,1,0,0,0,0,0,0,0,0,0,0,1,0,0,0,0,0,0,0,0,0,0,1,0,0,0,0,0,0,0,0,0,0,1,0,0,5,0,0,0,0,0,0,False,False,False,False,False,False,False,False,True,False,False,False,True
10.3,30.0,0,106.09000000000002,1.48909132362115,309.0,0,0,0,0,0,0,1,0,0,0,0,1,0,1,0,0,1,0,0,1,0,0,0,0,0,0,0,0,0,0,0,0,0,0,0,0,0,0,0,0,0,0,2,1,0,0,0,5,0,0,0,0,0,0,True,False,False,False,False,False,False,False,False,False,False,False,True
1.4,3.6,0,1.9599999999999997,-1.3418658021265564,5.04,0,0,0,0,0,0,0,0,0,1,0,0,1,0,0,0,0,1,0,0,0,1,0,0,0,0,0,0,0,0,0,0,0,0,0,0,0,0,0,1,0,0,0,1,2,0,0,5,0,0,0,0,0,0,False,False,False,False,False,False,False,False,False,True,False,True,False
10.4,6.7,0,108.16000000000001,0.2511829681567677,69.68,0,0,0,0,0,0,0,0,0,0,1,0,0,0,1,0,0,0,0,0,0,0,0,1,0,0,0,0,0,0,0,0,0,0,0,0,0,0,0,0,0,0,0,0,3,0,0,5,0,0,0,0,0,0,False,False,False,False,False,False,False,False,False,True,False,False,True
4.5,7.9,1,20.25,0.9355183865689032,35.550000000000004,0,1,0,0,0,0,0,0,0,0,0,0,0,0,0,0,0,0,0,0,0,0,0,0,0,0,0,0,0,0,0,0,0,0,0,0,0,0,1,0,0,0,0,0,0,0,2,5,0,0,0,0,0,0,False,False,False,False,False,False,False,True,False,False,False,True,False
2.7,22.1,0,7.290000000000001,0.10720859035101785,59.67000000000001,0,0,0,0,0,0,0,0,0,0,1,0,0,0,0,0,1,0,0,0,0,0,0,0,0,0,0,0,0,0,0,0,0,0,0,0,0,0,0,0,0,0,0,1,0,0,0,5,0,0,0,0,0,0,False,False,False,False,False,False,True,False,False,False,False,True,False
13.5,25.5,0,182.25,-1.5903554793660817,344.25,0,0,1,0,0,0,0,0,0,0,0,0,1,0,0,0,1,0,1,0,1,0,0,0,0,0,0,0,0,0,0,0,0,0,1,0,0,0,0,0,0,0,1,1,2,0,0,5,0,0,0,0,0,0,False,False,False,True,False,False,False,False,False,False,False,False,True
15.4,18.7,0,237.16000000000003,-0.7562349607148838,287.98,0,0,0,0,1,0,0,0,0,0,0,1,0,1,0,0,0,0,0,0,0,0,0,1,0,1,0,0,0,0,0,0,0,0,0,0,0,0,0,0,0,1,1,0,1,0,0,5,0,0,0,0,0,0,False,True,False,False,False,False,False,False,False,False,False,False,True
14.8,34.4,0,219.04000000000002,-0.0006575991114235909,509.12,0,1,0,0,0,0,0,0,0,0,0,0,0,0,0,0,1,0,1,1,0,1,0,0,0,0,0,0,0,0,0,0,0,0,0,0,0,0,0,0,0,0,1,2,1,0,0,5,0,0,0,0,1,0,False,False,False,False,False,False,False,False,True,False,False,False,True
3.9,7.5,0,15.209999999999999,0.7296193373291041,29.25,0,0,0,0,0,0,1,0,0,0,0,1,0,0,0,0,0,0,0,0,0,0,1,0,1,0,0,0,1,1,1,0,0,0,0,0,0,0,0,0,0,0,0,0,1,0,0,5,0,0,0,0,0,0,False,False,False,False,False,False,False,True,False,False,False,True,False
7.0,7.1,0,49.0,0.5237202880893049,49.699999999999996,0,0,0,1,0,0,0,0,0,0,0,1,1,0,1,1,0,0,1,0,0,0,0,0,0,0,0,0,0,0,0,0,0,0,0,0,0,0,0,0,0,0,0,0,4,1,0,5,0,0,0,0,0,1,False,False,False,False,False,False,False,True,False,False,False,True,False
13.1,18.1,1,171.60999999999999,-0.8872078905886948,237.11,0,0,0,0,0,1,0,0,0,0,0,1,0,0,0,0,0,0,0,0,0,0,0,0,0,0,0,0,0,0,0,0,0,0,0,0,0,0,0,0,0,0,0,0,1,0,0,5,0,0,0,0,0,0,False,True,False,False,False,False,False,False,False,False,False,False,True
5.0,23.7,1,25.0,0.3352061215668771,118.5,0,0,0,0,0,1,0,0,0,0,0,1,1,0,0,0,0,0,1,1,1,0,0,0,0,0,0,0,0,0,0,0,0,0,0,0,0,0,0,0,0,0,2,0,3,0,0,5,0,1,0,0,0,0,False,True,False,False,False,False,False,False,False,False,False,True,False
11.7,5.9,0,136.89,-0.15992639191634808,69.03,0,0,0,0,0,0,0,0,0,0,1,0,0,1,0,0,0,1,0,0,0,1,0,0,0,0,0,0,0,0,0,0,0,0,0,0,0,0,0,0,0,0,2,1,1,0,0,5,0,0,0,0,0,0,False,False,False,False,False,False,False,False,False,True,False,False,True
2.6,38.1,1,6.760000000000001,0.5741662241614036,99.06,0,0,0,1,0,0,0,0,0,0,0,1,1,0,0,1,0,0,0,0,0,0,0,0,0,0,0,1,0,0,0,0,0,0,0,0,0,0,0,0,0,0,0,0,2,0,1,5,0,0,0,0,0,0,False,False,False,False,False,False,False,False,True,False,False,True,False
12.6,45.0,0,158.76,1.6461349756701886,567.0,0,0,0,0,0,0,0,0,0,1,0,0,1,0,1,1,0,1,0,1,0,0,0,0,0,0,0,0,0,0,0,0,0,0,0,0,0,0,0,0,0,0,1,0,4,0,0,5,0,1,0,1,0,0,False,False,False,False,False,False,False,False,True,False,False,False,True
0.5,4.7,0,0.25,-0.7116740073494886,2.35,0,0,0,0,0,0,0,0,0,1,0,0,0,1,1,0,1,0,0,0,0,1,0,0,0,0,0,0,0,0,0,0,0,0,0,0,0,0,0,0,0,0,1,2,1,0,0,5,0,0,0,0,1,0,False,False,False,False,False,False,False,True,False,False,True,False,False
9.3,6.0,0,86.49000000000001,-0.042502097320142075,55.800000000000004,0,0,0,0,0,0,0,1,0,0,0,0,0,0,1,0,0,0,1,1,0,1,0,0,0,0,0,0,0,0,0,0,0,0,0,0,0,0,0,0,0,0,1,1,2,0,0,5,0,0,0,0,0,1,False,False,False,False,False,False,False,True,False,False,False,False,True
0.5,3.4,0,0.25,-1.3808459173788354,1.7,0,0,0,0,0,0,1,0,0,0,0,1,0,0,1,0,0,1,0,0,0,0,0,0,0,0,0,0,0,0,0,0,0,0,0,0,0,0,0,0,0,0,0,0,4,0,0,5,0,0,0,0,0,0,False,False,False,False,False,False,False,True,False,False,True,False,False
9.3,5.9,0,86.49000000000001,-0.09397685963009164,54.870000000000005,0,0,0,0,1,0,0,0,0,0,0,1,0,1,1,1,0,0,0,0,1,0,0,0,0,0,0,0,0,0,0,0,0,0,0,0,0,0,0,0,0,0,2,0,2,0,0,5,0,0,1,0,0,0,False,False,False,False,False,False,False,True,False,False,False,False,True
7.4,32.4,0,54.760000000000005,1.1559975500604003,239.76,0,0,0,0,1,0,0,0,0,0,0,1,0,0,1,0,0,1,1,1,0,0,0,0,0,0,0,0,0,0,0,0,0,0,0,0,0,0,0,0,0,0,1,0,3,0,0,5,0,0,0,0,0,1,False,False,False,False,False,False,True,False,False,False,False,False,True
8.7,7.5,0,75.68999999999998,0.6622923282298835,65.25,0,0,0,0,0,0,1,0,0,0,0,1,0,0,0,1,1,0,0,0,1,0,0,0,0,0,0,0,0,0,0,0,0,0,0,0,0,0,0,0,0,0,1,1,2,0,0,5,0,0,0,0,0,0,False,False,False,False,False,False,False,False,False,True,False,False,True
5.6,25.2,0,31.359999999999996,-1.811579376395862,141.11999999999998,0,0,0,0,0,0,0,0,0,0,1,0,0,1,1,0,0,0,0,0,1,1,0,0,0,0,0,0,0,0,0,0,0,0,0,0,0,0,0,0,0,0,2,1,1,0,0,5,0,0,1,0,0,0,False,False,False,False,False,True,False,False,False,False,False,True,False
3.8,5.2,0,14.44,-0.45430019579973996,19.759999999999998,0,0,0,0,0,0,0,1,0,0,0,0,1,0,1,0,1,1,0,0,0,0,0,0,0,0,0,0,0,0,0,0,0,0,0,0,0,0,0,0,0,0,0,1,3,0,0,5,0,0,0,0,0,0,False,False,False,False,False,False,False,True,False,False,False,True,False
8.1,4.8,0,65.61,-0.6601992450395391,38.879999999999995,0,0,0,0,0,0,1,0,0,0,0,1,0,0,0,1,0,0,1,1,0,0,0,0,0,0,0,0,0,0,0,0,0,0,0,0,0,0,0,0,0,0,1,0,2,0,0,5,0,0,0,1,0,0,False,False,False,False,False,False,False,True,False,False,False,False,True
7.2,4.9,0,51.84,-0.673813092007743,35.28,0,0,0,0,0,0,0,1,0,0,0,0,0,0,1,0,0,0,0,0,0,0,1,0,0,0,0,0,0,0,0,0,0,0,0,0,0,0,0,0,0,0,0,0,2,0,0,5,0,0,0,0,0,0,False,False,False,False,False,False,False,False,False,True,False,False,True
2.2,30.3,0,4.840000000000001,0.9421667912847012,66.66000000000001,0,1,0,0,0,0,0,0,0,0,0,0,0,0,0,0,0,0,0,0,0,0,1,0,1,0,0,0,1,1,0,0,0,0,0,0,0,0,0,0,0,0,0,0,1,0,0,5,0,0,0,0,0,0,False,False,False,False,False,False,True,False,False,False,False,True,False
10.3,26.1,0,106.09000000000002,0.8590978410621228,268.83000000000004,0,0,0,0,0,0,1,0,0,0,0,1,0,1,1,0,0,0,0,0,1,0,0,0,0,0,0,0,0,0,0,0,0,0,0,0,0,0,0,0,0,0,3,0,1,0,0,5,0,0,1,0,0,0,False,True,False,False,False,False,False,False,False,False,False,False,True
10.4,5.6,0,108.16000000000001,-0.3140924019437669,58.239999999999995,0,0,0,0,0,0,0,1,0,0,0,0,1,0,0,0,1,1,0,0,0,0,0,0,0,0,0,0,0,0,0,0,0,0,1,0,0,0,0,0,0,0,0,1,2,0,0,5,0,0,0,0,0,0,False,False,False,False,False,False,False,False,False,True,False,False,True
7.5,30.8,1,56.25,1.885052458406978,231.0,0,0,0,0,0,0,0,0,1,0,0,1,0,0,0,0,0,0,0,0,0,0,0,1,1,0,0,0,0,0,0,0,0,0,0,0,0,0,0,0,0,0,1,0,1,0,0,5,0,0,0,0,0,0,False,True,False,False,False,False,False,False,False,False,False,False,True
5.5,33.2,0,30.25,-0.27421660246438934,182.60000000000002,0,0,0,0,0,0,0,0,0,1,0,0,0,1,0,0,0,0,0,0,0,0,0,1,0,0,0,0,0,0,0,0,0,0,0,0,0,0,0,0,0,1,1,0,1,0,0,5,0,0,0,0,0,0,False,False,False,True,False,False,False,False,False,False,False,True,False
7.6,32.3,0,57.76,-0.42805101664770495,245.47999999999996,0,0,0,1,0,0,0,0,0,0,0,1,0,0,0,0,0,0,0,0,0,0,1,0,1,0,0,0,1,1,1,0,0,0,0,0,0,0,0,0,0,0,0,0,1,0,0,5,0,0,0,0,0,0,False,False,False,True,False,False,False,False,False,False,False,False,True
4.2,20.4,1,17.64,-0.35163402471384114,85.67999999999999,0,0,0,0,0,1,0,0,0,0,0,1,0,1,1,0,1,0,0,1,0,0,0,0,0,0,0,0,0,0,0,0,0,0,0,0,0,0,0,0,0,0,2,2,1,0,0,5,0,0,0,0,0,0,False,False,True,False,False,False,False,False,False,False,False,True,False
15.0,8.0,0,225.0,0.919235678275581,120.0,0,0,0,0,0,0,0,0,1,0,0,1,0,1,0,0,1,0,1,1,0,1,0,0,0,0,0,0,0,0,0,0,0,0,0,0,0,0,0,0,0,0,2,2,1,0,0,5,0,0,0,0,1,0,False,False,False,False,False,False,False,False,False,True,False,False,True
7.8,30.0,0,60.839999999999996,-0.9597290743088943,234.0,0,0,1,0,0,0,0,0,0,0,0,0,0,0,0,0,0,0,0,0,0,0,0,0,0,0,0,0,0,0,0,0,0,0,0,0,0,0,0,0,0,0,1,0,0,0,0,5,0,0,0,0,0,0,False,False,False,False,True,False,False,False,False,False,False,False,True
9.4,30.1,0,88.36000000000001,-0.9422453956617575,282.94,0,0,1,0,0,0,0,0,0,0,0,0,0,0,0,0,0,0,0,0,0,0,0,0,0,0,0,0,0,0,0,0,0,0,0,0,0,0,0,0,0,0,1,0,0,0,0,5,0,0,0,0,0,0,False,False,False,False,True,False,False,False,False,False,False,False,True
0.5,41.9,0,0.25,1.2128494013076514,20.95,0,0,0,0,1,0,0,0,0,0,0,1,0,0,0,0,0,1,0,0,1,1,0,0,0,0,0,0,0,0,0,0,0,0,0,0,0,0,0,0,0,0,1,1,1,0,0,5,0,0,0,0,0,0,False,False,False,True,False,False,False,False,False,False,True,False,False
2.6,11.4,0,6.760000000000001,-0.9823100376965935,29.64,0,0,0,0,0,0,0,0,0,0,1,0,0,0,0,0,0,1,1,0,0,1,0,0,0,0,0,0,0,0,0,0,0,0,0,0,0,0,0,0,0,0,0,1,2,0,0,5,0,0,0,0,0,0,False,False,False,False,False,False,True,False,False,False,False,True,False
15.3,22.0,1,234.09000000000003,-0.011473662994501485,336.6,0,0,0,1,0,0,0,0,0,0,0,1,1,0,0,0,1,0,0,0,0,0,0,0,0,0,0,0,0,0,0,0,0,0,0,0,0,0,0,1,0,0,0,1,1,0,1,5,0,0,0,0,0,0,False,False,True,False,False,False,False,False,False,False,False,False,True
1.3,28.0,0,1.6900000000000002,1.2641276934530212,36.4,0,0,0,0,0,0,0,0,0,0,1,0,0,0,0,1,1,0,0,0,0,0,0,0,0,0,0,0,0,0,0,0,0,0,0,0,0,0,0,0,0,0,0,1,3,0,0,5,0,0,0,0,0,0,False,False,True,False,False,False,False,False,False,False,False,True,False
12.4,40.0,0,153.76000000000002,0.8880878602539874,496.0,0,0,0,0,0,0,0,0,1,0,0,1,0,0,0,0,0,0,0,0,0,0,1,0,0,0,1,0,0,0,0,0,0,0,0,0,0,0,0,0,0,0,0,0,1,0,0,5,0,0,0,0,0,0,False,False,False,True,False,False,False,False,False,False,False,False,True
11.5,35.3,0,132.25,0.00798902912608374,405.95,0,0,1,0,0,0,0,0,0,0,0,0,0,0,0,1,0,0,0,1,0,1,0,0,0,0,0,0,0,0,0,0,0,0,0,0,0,0,0,0,0,0,1,2,1,0,0,5,0,0,0,1,0,0,False,False,False,False,False,True,False,False,False,False,False,False,True
9.2,22.8,0,84.63999999999999,-0.02021616108345673,209.76,0,0,1,0,0,0,0,0,0,0,0,0,1,0,0,0,0,0,1,0,1,1,0,0,0,0,0,0,0,0,0,0,0,0,0,0,0,0,0,0,0,0,1,1,3,0,0,5,0,0,0,0,0,0,True,False,False,False,False,False,False,False,False,False,False,False,True
7.8,21.0,1,60.839999999999996,-0.0047979975791105686,163.79999999999998,0,0,0,0,0,1,0,0,0,0,0,1,0,0,0,0,0,0,1,1,0,1,0,0,0,0,0,0,0,0,0,0,0,0,0,0,0,0,0,0,0,0,1,1,1,0,0,5,0,0,0,0,0,0,False,False,False,False,False,False,True,False,False,False,False,False,True
9.5,3.0,1,90.25,-1.5867449666186344,28.5,0,0,0,0,0,0,1,0,0,0,0,1,0,0,0,0,0,0,1,0,0,1,0,0,0,0,0,0,0,0,0,0,0,0,0,0,0,0,0,0,0,0,0,2,2,0,1,5,0,0,0,0,0,0,False,False,False,False,False,False,False,True,False,False,False,False,True
11.0,28.3,0,121.0,-0.9483401185612188,311.3,0,0,0,0,0,0,0,0,0,0,1,0,0,1,1,0,0,0,0,0,0,0,0,1,0,0,0,0,0,0,0,0,0,0,0,0,0,0,0,0,0,1,1,0,2,0,0,5,0,0,0,0,0,0,False,False,False,False,False,False,False,False,True,False,False,False,True
7.2,5.8,0,51.84,-0.14545162194004166,41.76,0,0,0,0,0,0,0,1,0,0,0,0,0,0,0,0,0,0,1,1,1,0,0,0,0,0,0,0,0,0,0,0,0,0,0,0,0,0,0,0,0,0,3,0,2,0,0,5,0,0,0,0,0,0,False,False,False,False,False,False,False,True,False,False,False,False,True
7.7,39.4,1,59.290000000000006,0.6837367185219513,303.38,0,1,0,0,0,0,0,0,0,0,0,0,1,0,0,0,0,0,0,0,0,0,0,0,0,0,0,0,0,0,0,0,0,0,0,0,0,0,0,0,0,0,0,0,1,0,1,5,0,0,0,0,0,0,False,False,False,False,True,False,False,False,False,False,False,False,True
0.7,39.7,0,0.48999999999999994,0.8006722948980217,27.79,0,0,0,0,0,0,0,0,0,0,1,0,0,0,0,0,0,0,1,0,0,0,0,0,0,0,0,0,0,0,0,0,0,0,0,0,0,0,0,0,0,0,0,0,1,0,0,5,0,0,0,0,0,0,False,False,False,False,False,True,False,False,False,False,True,False,False
15.0,17.3,0,225.0,-1.0618384637537766,259.5,0,1,0,0,0,0,0,0,0,0,0,0,1,0,0,1,0,0,1,0,1,0,0,0,0,0,0,0,0,0,0,0,0,0,0,0,1,0,0,0,0,0,1,0,3,0,0,5,0,0,0,0,0,0,False,True,False,False,False,False,False,False,False,False,False,False,True
8.7,4.0,0,75.68999999999998,-1.071997343519137,34.8,0,0,0,0,0,0,0,0,0,1,0,0,0,0,1,0,0,0,1,0,0,0,0,0,0,0,0,0,0,0,0,0,0,0,0,0,0,0,0,0,0,0,0,0,2,0,0,5,0,0,0,0,0,1,False,False,False,False,False,False,False,True,False,False,False,False,True
15.0,4.7,1,225.0,-0.7765904320260221,70.5,0,0,0,0,0,1,0,0,0,0,0,1,1,1,0,0,0,0,0,0,0,0,0,0,0,0,0,0,0,0,0,0,0,0,0,0,0,0,0,0,0,0,1,0,1,0,0,5,1,0,0,0,0,0,False,False,False,False,False,False,False,False,False,True,False,False,True
2.0,4.8,0,4.0,-1.6543495652773632,9.6,0,0,0,0,0,0,0,1,0,0,0,0,0,1,0,0,0,0,0,0,0,0,0,0,1,0,0,0,0,0,0,0,0,0,0,0,0,0,0,0,0,0,1,0,0,0,0,5,0,0,0,0,0,0,False,False,False,False,False,False,True,False,False,False,False,True,False
9.3,10.0,0,86.49000000000001,-1.1248638768803931,93.0,0,0,0,0,0,0,0,0,0,1,0,0,1,0,1,0,0,0,0,0,0,0,0,0,0,0,1,0,0,0,0,0,0,0,0,0,0,0,0,0,0,0,0,0,2,0,0,5,0,0,0,0,0,0,False,False,False,False,False,False,True,False,False,False,False,False,True
3.8,17.3,0,14.44,-1.0106947255450607,65.74,0,0,0,0,1,0,0,0,0,0,0,1,1,0,0,0,0,0,0,0,0,0,0,0,0,0,0,0,0,0,0,0,0,0,0,0,0,0,0,0,0,0,0,0,1,0,0,5,0,0,0,0,0,0,False,False,True,False,False,False,False,False,False,False,False,True,False
13.7,38.5,0,187.68999999999997,0.5263836106977215,527.4499999999999,0,0,0,0,0,0,0,1,0,0,0,0,0,0,0,0,0,1,0,0,0,0,0,0,0,1,0,0,0,0,0,0,0,0,0,0,0,0,0,0,1,0,1,0,1,0,0,5,0,0,0,0,0,0,False,False,False,False,True,False,False,False,False,False,False,False,True
9.0,37.2,0,81.0,0.35028407570942116,334.8,0,0,0,0,0,0,0,1,0,0,0,0,1,1,0,0,1,1,0,0,0,1,0,0,0,0,0,0,0,0,0,0,0,0,0,0,0,0,0,0,0,0,1,2,2,0,0,5,1,0,0,0,1,0,False,False,False,False,False,True,False,False,False,False,False,False,True
4.1,9.6,0,16.81,1.8105893458380484,39.35999999999999,0,1,0,0,0,0,0,0,0,0,0,0,0,1,1,1,0,0,0,0,0,1,0,0,0,0,0,0,0,0,0,0,0,0,0,0,0,0,0,0,0,0,1,1,3,0,0,5,0,0,0,0,0,0,False,False,False,False,False,False,False,True,False,False,False,True,False
2.6,36.2,1,6.760000000000001,0.17012878803398096,94.12,0,0,0,0,0,1,0,0,0,0,0,1,0,0,1,1,0,0,0,0,0,0,0,0,0,0,0,0,0,0,0,0,0,0,0,0,0,0,0,0,0,0,0,0,2,0,0,5,0,0,0,0,0,0,False,False,False,False,False,True,False,False,False,False,False,True,False
3.0,5.0,0,9.0,-1.633984731108249,15.0,0,1,0,0,0,0,0,0,0,0,0,0,0,1,0,1,0,0,1,0,0,0,0,0,0,0,0,0,0,0,0,0,0,0,0,0,0,0,0,0,0,0,1,0,3,0,0,5,0,0,0,0,0,0,False,False,False,False,False,False,True,False,False,False,False,True,False
14.1,5.5,0,198.81,-0.36548107195290624,77.55,0,0,0,0,0,0,0,0,0,0,1,0,0,0,0,0,1,1,0,0,0,0,0,0,0,0,0,0,0,0,0,0,0,0,0,0,0,0,0,0,0,0,0,1,2,0,0,5,0,0,0,0,0,0,False,False,False,False,False,False,False,False,False,True,False,False,True
1.4,17.6,0,1.9599999999999997,-1.1102715667034504,24.64,0,0,0,0,0,0,0,0,0,1,0,0,0,0,1,0,1,0,0,0,1,0,0,0,0,0,0,0,0,0,0,0,0,0,0,0,0,0,0,0,0,0,1,1,1,1,0,5,0,0,1,0,0,0,True,False,False,False,False,False,False,False,False,False,False,True,False
9.8,30.1,0,96.04000000000002,-0.8040906957624733,294.98,0,0,0,0,0,0,0,0,0,0,1,0,1,0,0,1,0,1,1,1,0,0,0,0,0,0,0,0,0,0,0,0,0,0,0,0,0,0,0,0,0,0,1,0,4,0,0,5,0,1,0,1,0,0,False,False,False,True,False,False,False,False,False,False,False,False,True
12.0,8.0,0,144.0,0.919235678275581,96.0,0,0,0,0,0,0,0,0,0,0,1,0,0,0,1,1,0,0,0,1,0,1,0,0,0,0,0,0,0,0,0,0,0,0,0,0,0,0,0,0,0,0,1,2,2,0,0,5,0,0,0,1,0,0,False,False,False,False,False,False,False,False,False,True,False,False,True
14.0,30.7,0,196.0,1.6358295513007644,429.8,0,0,0,0,0,0,0,0,0,0,1,0,0,0,0,0,0,0,0,0,0,0,1,0,0,0,1,0,0,0,0,0,0,0,0,0,0,0,0,0,0,0,0,0,1,0,0,5,0,0,0,0,0,0,True,False,False,False,False,False,False,False,False,False,False,False,True
4.0,8.3,0,16.0,1.0734016883029998,33.2,0,0,0,1,0,0,0,0,0,0,0,1,0,0,0,1,0,0,0,1,1,0,0,0,0,0,0,0,0,0,0,0,0,0,0,0,0,0,0,0,0,0,2,0,1,0,0,5,0,0,0,1,0,0,False,False,False,False,False,False,False,False,False,True,False,True,False
11.6,20.8,0,134.56,-0.29782970615654397,241.28,0,0,0,1,0,0,0,0,0,0,0,1,1,1,0,0,0,1,1,0,0,0,0,0,0,0,0,0,0,0,0,0,0,0,0,0,0,0,0,0,0,0,1,0,4,0,0,5,1,0,0,0,0,0,False,True,False,False,False,False,False,False,False,False,False,False,True
9.4,20.9,1,88.36000000000001,-0.2453339116765476,196.46,0,0,0,0,0,1,0,0,0,0,0,1,0,0,0,0,0,0,0,0,0,0,0,0,0,0,0,0,0,0,0,0,1,0,0,0,0,0,0,0,0,0,0,0,0,0,0,5,0,0,0,0,0,0,False,False,True,False,False,False,False,False,False,False,False,False,True
11.1,25.7,0,123.21,-1.5561700539920118,285.27,0,0,1,0,0,0,0,0,0,0,0,0,1,0,0,0,0,0,0,0,0,0,0,0,0,0,0,0,0,0,0,0,0,0,0,0,0,0,0,0,0,0,0,0,1,0,0,5,0,0,0,0,0,0,False,False,False,True,False,False,False,False,False,False,False,False,True
1.0,5.0,0,1.0,-1.633984731108249,5.0,0,1,0,0,0,0,0,0,0,0,0,0,1,0,0,0,1,0,0,1,1,0,0,0,0,0,0,0,0,0,0,0,0,0,0,0,0,0,0,0,0,0,2,1,1,0,0,5,0,1,0,0,0,0,False,False,False,False,False,False,True,False,False,False,True,False,False
1.9,39.7,0,3.61,0.836809722192883,75.43,0,0,0,1,0,0,0,0,0,0,0,1,1,1,0,0,0,0,0,0,0,1,0,0,0,0,0,0,0,0,0,0,0,0,0,0,0,0,0,0,0,0,2,1,1,0,0,5,1,0,0,0,0,0,False,False,False,True,False,False,False,False,False,False,False,True,False
0.5,38.7,0,0.25,0.5613509679919954,19.35,0,0,1,0,0,0,0,0,0,0,0,0,0,0,0,1,1,0,0,0,0,0,0,0,0,0,0,0,0,0,0,0,0,0,0,0,0,0,0,0,0,0,0,1,2,0,0,5,0,0,0,0,0,0,False,False,False,False,True,False,False,False,False,False,True,False,False
9.8,38.0,0,96.04000000000002,0.5462336065132882,372.40000000000003,0,0,0,0,0,0,0,1,0,0,0,0,0,0,0,0,0,0,0,0,0,0,0,0,0,0,0,1,0,0,0,0,0,0,0,0,0,0,0,0,0,0,0,0,1,0,0,5,0,0,0,0,0,0,False,False,False,True,False,False,False,False,False,False,False,False,True
3.6,3.0,0,12.96,-1.5867449666186344,10.8,0,0,0,0,0,0,0,0,1,0,0,1,0,0,0,0,1,1,0,1,0,0,0,0,0,0,0,0,0,0,0,0,0,0,0,0,0,0,0,0,0,0,1,1,2,0,0,5,0,0,0,0,0,0,False,False,False,False,False,False,False,True,False,False,False,True,False
5.2,44.1,0,27.040000000000003,1.5054696149373747,229.32000000000002,0,0,0,0,0,0,0,0,0,0,1,0,1,0,0,0,1,1,0,0,1,0,0,0,0,0,0,0,0,0,0,0,0,0,1,0,0,0,0,0,0,0,1,1,2,0,0,5,0,0,0,0,0,0,False,False,False,False,True,False,False,False,False,False,False,True,False
11.3,9.9,1,127.69000000000001,1.8956204084492314,111.87,0,0,0,0,0,1,0,0,0,0,0,1,0,1,1,0,1,1,0,0,0,0,0,0,0,0,0,0,0,0,0,0,0,0,0,0,0,0,0,0,0,0,1,1,2,0,0,5,0,0,0,0,0,0,False,False,False,False,False,False,False,False,False,True,False,False,True
10.3,27.3,1,106.09000000000002,1.1153075352008104,281.19000000000005,0,0,1,0,0,0,0,0,0,0,0,0,0,0,0,0,0,0,0,0,0,0,0,0,0,0,0,0,0,0,0,0,0,0,0,0,0,0,0,0,0,0,0,0,1,0,1,5,0,0,0,0,0,0,False,False,True,False,False,False,False,False,False,False,False,False,True
3.3,4.3,1,10.889999999999999,-0.9175730565892878,14.19,0,0,0,0,0,1,0,0,0,0,0,1,0,0,0,0,0,0,0,0,0,0,0,0,0,0,0,0,0,0,0,0,0,0,0,0,0,0,0,0,0,0,0,0,0,0,0,5,0,0,0,0,0,0,False,False,False,False,False,False,False,True,False,False,False,True,False
11.4,26.4,0,129.96,0.5450525249869735,300.96,0,0,0,0,0,0,0,1,0,0,0,0,0,0,0,0,0,0,0,0,0,0,0,0,0,0,0,0,0,0,0,0,0,0,0,0,0,0,0,0,0,0,0,0,0,0,0,5,0,0,0,0,0,0,False,False,False,False,False,False,True,False,False,False,False,False,True
4.1,25.2,0,16.81,0.6688470604441771,103.32,0,0,0,1,0,0,0,0,0,0,0,1,1,0,1,0,0,0,0,0,0,0,0,1,0,0,1,0,0,0,0,0,0,0,0,0,0,0,0,0,0,0,0,0,3,0,0,5,0,0,0,0,0,0,False,False,True,False,False,False,False,False,False,False,False,True,False
2.2,39.4,0,4.840000000000001,0.6837367185219513,86.68,0,0,0,0,0,0,1,0,0,0,0,1,0,0,0,1,0,0,1,1,0,0,0,0,0,0,0,0,0,0,0,0,0,0,0,0,0,0,0,0,0,0,2,0,3,0,0,5,0,0,0,1,0,0,False,False,False,False,True,False,False,False,False,False,False,True,False
2.3,22.7,0,5.289999999999999,-0.04117876503768768,52.209999999999994,0,0,0,0,0,0,1,0,0,0,0,1,0,0,1,1,0,0,0,0,1,1,0,0,0,0,0,0,0,0,0,0,0,0,0,0,0,0,0,0,0,0,1,1,2,0,0,5,0,0,1,0,0,0,True,False,False,False,False,False,False,False,False,False,False,True,False
12.1,15.0,0,146.41,-1.6552992695134476,181.5,0,0,0,0,0,0,0,1,0,0,0,0,0,0,0,0,1,0,1,0,1,0,0,0,0,0,0,0,0,0,0,0,0,0,0,0,0,0,0,0,0,0,1,1,2,0,0,5,0,0,0,0,0,0,True,False,False,False,False,False,False,False,False,False,False,False,True
11.7,45.0,0,136.89,1.6461349756701886,526.5,0,0,0,0,0,0,0,0,1,0,0,1,0,0,0,0,0,0,0,1,0,0,0,0,0,0,0,0,0,0,0,0,0,0,0,0,0,0,0,0,0,0,1,0,0,0,0,5,0,0,0,0,0,0,False,False,False,False,False,False,False,False,True,False,False,False,True
8.0,38.8,0,64.0,0.6829166772130189,310.4,0,0,1,0,0,0,0,0,0,0,0,0,1,0,1,1,0,0,0,0,0,0,0,0,0,0,0,0,0,0,0,0,0,0,0,0,0,0,0,0,0,0,0,0,3,0,0,5,0,0,0,0,0,0,False,False,False,False,False,False,False,False,True,False,False,False,True
3.4,28.4,0,11.559999999999999,1.3611607389117324,96.55999999999999,0,1,0,0,0,0,0,0,0,0,0,0,1,0,0,0,1,0,0,0,0,1,0,0,0,0,0,0,0,0,0,0,0,0,0,1,0,0,0,0,0,0,0,2,1,0,0,5,0,0,0,0,1,0,False,True,False,False,False,False,False,False,False,False,False,True,False
7.6,29.0,0,57.76,-0.839589665509603,220.39999999999998,0,0,0,0,1,0,0,0,0,0,0,1,1,0,0,1,0,0,0,0,0,0,0,0,0,1,0,0,0,0,0,0,0,0,0,0,0,0,0,0,0,0,0,0,2,0,0,5,0,0,0,0,0,0,False,False,False,False,False,False,False,False,True,False,False,False,True
13.8,25.7,1,190.44000000000003,0.7717825544795816,354.66,0,1,0,0,0,0,0,0,0,0,0,0,0,1,0,0,0,1,0,1,0,0,0,0,0,0,0,0,0,0,0,0,0,0,0,0,0,0,0,0,0,0,2,0,1,0,1,5,0,0,0,0,0,0,False,True,False,False,False,False,False,False,False,False,False,False,True
1.0,45.0,0,1.0,1.7427234946057353,45.0,0,0,0,0,1,0,0,0,0,0,0,1,1,1,1,0,0,0,0,0,0,0,0,0,1,0,0,0,0,0,0,0,0,0,0,0,0,0,0,0,0,0,1,0,2,0,0,5,1,0,0,0,0,0,False,False,False,True,False,False,False,False,False,False,True,False,False
7.1,38.0,1,50.41,0.4389652174620383,269.8,0,1,0,0,0,0,0,0,0,0,0,0,1,0,0,0,0,0,0,0,0,0,0,0,0,0,0,0,0,0,0,0,0,0,0,0,0,0,0,0,0,0,0,0,1,0,1,5,0,0,0,0,0,0,False,False,False,False,True,False,False,False,False,False,False,False,True
8.0,3.4,1,64.0,-1.3808459173788354,27.2,0,0,1,0,0,0,0,0,0,0,0,0,0,0,0,0,0,0,0,0,0,0,0,0,1,0,1,0,0,0,0,1,0,0,0,0,0,0,0,0,0,0,0,0,0,0,1,5,0,0,0,0,0,0,False,False,False,False,False,False,False,True,False,False,False,False,True
14.1,29.9,0,198.81,1.468128719666919,421.59,0,1,0,0,0,0,0,0,0,0,0,0,0,0,0,0,0,0,0,0,0,0,1,0,1,0,0,0,1,1,0,0,0,0,0,0,0,0,0,0,0,0,0,0,1,0,0,5,0,0,0,0,0,0,True,False,False,False,False,False,False,False,False,False,False,False,True
0.5,17.4,0,0.25,-0.9894347029376025,8.7,0,1,0,0,0,0,0,0,0,0,0,0,1,0,0,0,0,0,0,1,0,1,0,0,0,0,0,0,0,0,0,0,0,0,0,0,0,0,0,0,0,0,1,2,1,0,0,5,0,1,0,0,0,0,False,False,True,False,False,False,False,False,False,False,True,False,False
9.9,22.7,0,98.01,-0.04117876503768768,224.73,0,0,0,0,0,0,1,0,0,0,0,1,0,1,0,0,1,0,0,0,1,0,0,0,0,0,0,0,0,0,0,0,0,0,0,0,0,0,0,0,0,0,2,1,0,0,0,5,0,0,0,0,0,0,True,False,False,False,False,False,False,False,False,False,False,False,True
7.4,44.5,0,54.760000000000005,1.6654176757401342,329.3,0,0,0,0,0,0,0,0,0,0,1,0,1,1,0,0,0,0,1,1,0,1,0,0,0,0,0,0,0,0,0,0,0,0,0,0,0,0,0,0,0,0,2,1,2,0,0,5,1,1,0,0,0,0,False,False,False,False,False,True,False,False,False,False,False,False,True
13.2,5.0,0,174.23999999999998,-0.6224244219986037,66.0,0,0,0,1,0,0,0,0,0,0,0,1,0,0,0,0,0,1,0,0,0,0,0,1,0,0,0,1,0,0,0,1,1,0,0,0,0,0,0,0,0,0,0,0,2,0,0,5,0,0,0,0,0,0,False,False,False,False,False,False,False,False,False,True,False,False,True
0.5,18.5,0,0.25,-0.7555744542555564,9.25,0,0,0,0,0,0,1,0,0,0,0,1,1,0,0,0,0,0,1,0,1,0,0,0,0,0,0,0,0,0,0,0,0,0,0,0,0,0,0,0,0,0,1,0,2,0,0,5,0,0,0,0,0,0,False,False,True,False,False,False,False,False,False,False,True,False,False
1.9,3.0,1,3.61,-1.5867449666186344,5.699999999999999,0,0,0,0,0,1,0,0,0,0,0,1,0,0,1,0,1,0,1,0,1,0,0,0,0,0,0,0,0,0,0,0,0,0,0,0,0,0,0,0,0,0,1,1,3,0,0,5,0,0,1,0,0,1,False,False,False,False,False,False,False,True,False,False,False,True,False
4.9,18.6,0,24.010000000000005,-0.7780637823605187,91.14000000000001,0,0,0,0,0,0,0,0,0,1,0,0,0,0,0,0,0,0,0,0,0,0,1,0,0,0,0,0,0,0,0,0,0,0,0,0,0,0,0,0,0,0,1,0,1,0,0,5,0,0,0,0,0,0,False,True,False,False,False,False,False,False,False,False,False,True,False
1.5,39.9,0,2.25,0.836703352433109,59.849999999999994,0,0,0,0,0,0,0,0,1,0,0,1,0,0,1,0,0,0,0,0,0,0,0,0,0,0,0,0,0,0,0,0,0,0,0,0,0,0,0,0,0,0,0,0,1,0,0,5,0,0,0,0,0,0,False,False,False,False,False,True,False,False,False,False,False,True,False
11.2,28.6,0,125.43999999999998,0.7690657008472304,320.32,0,0,0,0,1,0,0,0,0,0,0,1,0,0,0,0,0,0,1,1,1,1,0,0,0,0,0,0,0,0,0,0,0,0,0,0,0,0,0,0,0,0,2,1,1,0,0,5,0,0,0,0,0,0,False,False,False,False,False,False,True,False,False,False,False,False,True
1.8,24.4,0,3.24,0.48800787308632354,43.92,0,0,0,0,0,0,1,0,0,0,0,1,1,0,1,0,0,0,0,0,0,0,0,0,0,0,0,0,0,0,0,0,0,0,0,0,0,0,0,1,0,0,0,0,2,0,0,5,0,0,0,0,0,0,False,True,False,False,False,False,False,False,False,False,False,True,False
2.6,27.6,0,6.760000000000001,1.1865301657466512,71.76,0,0,0,0,0,0,0,0,0,1,0,0,0,1,0,0,0,0,0,0,0,0,0,0,0,0,0,0,0,0,0,0,0,0,0,0,0,0,0,0,0,0,2,0,0,0,0,5,0,0,0,0,0,0,False,True,False,False,False,False,False,False,False,False,False,True,False
1.4,16.4,0,1.9599999999999997,-1.3618228141542188,22.959999999999997,0,0,0,0,0,0,0,1,0,0,0,0,0,0,1,0,1,0,0,0,1,0,0,0,0,0,0,0,0,0,0,0,0,0,0,0,0,0,0,0,0,0,1,1,1,1,0,5,0,0,1,0,0,0,True,False,False,False,False,False,False,False,False,False,False,True,False
8.7,43.2,1,75.68999999999998,1.3664909535374625,375.84,0,1,0,0,0,0,0,0,0,0,0,0,0,0,0,0,0,0,0,0,0,0,0,0,0,0,0,0,0,0,0,0,0,0,0,0,0,0,0,0,0,0,0,0,0,0,0,5,0,0,0,0,0,0,False,False,False,False,False,False,False,False,True,False,False,False,True
6.3,15.0,0,39.69,-1.4996752455166114,94.5,0,1,0,0,0,0,0,0,0,0,0,0,1,0,1,0,0,0,0,0,0,1,0,0,0,0,0,0,0,0,0,0,0,0,0,0,0,0,0,0,0,0,0,1,2,0,0,5,0,0,0,0,0,0,False,False,True,False,False,False,False,False,False,False,False,True,False
9.4,36.3,1,88.36000000000001,0.14174268046071462,341.21999999999997,0,0,0,0,0,1,0,0,0,0,0,1,1,0,0,0,0,1,0,0,1,0,0,0,0,0,0,0,0,0,0,0,0,0,0,0,0,0,0,0,0,0,2,0,2,1,0,5,0,0,0,0,0,0,False,False,False,False,True,False,False,False,False,False,False,False,True
2.2,5.0,0,4.840000000000001,-0.6224244219986037,11.0,0,1,0,0,0,0,0,0,0,0,0,0,1,0,1,0,1,0,0,0,0,0,0,0,1,0,0,1,0,0,0,0,0,0,0,0,0,0,0,0,0,0,0,1,2,0,0,5,0,0,0,0,0,0,False,False,False,False,False,False,False,False,False,True,False,True,False
5.9,36.4,0,34.81,0.20615984556906822,214.76,0,0,0,0,0,0,0,0,1,0,0,1,0,0,0,0,0,1,0,1,0,0,0,0,0,0,0,0,0,0,0,0,0,0,0,0,0,0,0,0,0,0,1,0,2,0,0,5,0,0,0,1,0,0,False,False,False,False,False,True,False,False,False,False,False,True,False
8.5,22.4,1,72.25,0.07356642743533305,190.39999999999998,0,0,0,0,0,1,0,0,0,0,0,1,0,0,0,0,0,0,0,0,0,0,0,0,0,0,0,0,0,0,0,0,1,0,0,0,0,0,0,0,0,0,0,0,0,0,0,5,0,0,0,0,0,0,False,False,True,False,False,False,False,False,False,False,False,False,True
7.3,32.4,0,53.29,-0.5144613051326926,236.51999999999998,0,0,0,0,0,0,0,1,0,0,0,0,0,0,0,0,0,1,0,1,1,0,0,0,0,0,0,0,0,0,0,0,0,1,0,0,0,0,0,0,0,0,3,0,1,0,0,5,0,0,0,0,0,0,False,False,False,False,False,True,False,False,False,False,False,False,True
4.7,5.0,0,22.090000000000003,-1.633984731108249,23.5,0,0,0,0,1,0,0,0,0,0,0,1,0,1,0,0,0,1,1,0,0,0,0,0,0,0,0,0,0,0,0,0,0,0,0,0,0,0,0,0,0,0,1,0,2,0,0,5,0,0,0,0,0,0,False,False,False,False,False,False,True,False,False,False,False,True,False
6.3,19.7,1,39.69,-0.13716941967835314,124.10999999999999,0,0,0,0,0,0,0,0,1,0,0,1,0,0,0,1,0,0,0,1,0,1,0,0,0,0,0,0,0,0,0,0,0,0,0,0,0,0,0,0,0,0,2,1,1,0,1,5,0,0,0,1,0,0,False,False,False,False,False,False,True,False,False,False,False,True,False
8.3,27.8,1,68.89000000000001,1.027914036628076,230.74000000000004,0,0,0,0,0,0,0,0,0,0,1,0,1,0,0,0,0,0,0,0,0,0,1,0,0,0,0,0,0,0,0,0,0,0,0,0,1,0,1,0,0,0,0,0,2,0,2,5,0,0,0,0,0,0,True,False,False,False,False,False,False,False,False,False,False,False,True
7.1,15.0,1,50.41,-1.4996752455166114,106.5,0,0,1,0,0,0,0,0,0,0,0,0,0,1,1,0,0,1,0,0,1,0,0,0,0,0,0,0,0,0,0,0,0,0,0,0,0,0,0,0,0,0,2,0,2,0,1,5,0,0,1,0,0,0,False,False,True,False,False,False,False,False,False,False,False,False,True
12.4,10.0,0,153.76000000000002,2.0164883950778476,124.0,0,0,0,1,0,0,0,0,0,0,0,1,1,1,0,0,1,0,0,1,1,0,0,0,0,0,0,0,0,0,0,0,0,0,0,0,0,0,0,0,0,0,3,1,1,0,0,5,1,1,0,0,0,0,False,False,False,False,False,False,False,True,False,False,False,False,True
6.3,33.4,0,39.69,-0.3343060174572524,210.42,0,0,0,0,0,0,0,1,0,0,0,0,0,0,1,0,0,0,0,0,1,1,0,0,0,0,0,0,0,0,0,0,0,0,0,0,0,0,0,0,0,0,2,2,1,0,0,5,0,0,1,0,0,0,False,False,False,False,False,True,False,False,False,False,False,True,False
2.9,25.0,0,8.41,-1.8339130066657272,72.5,0,0,1,0,0,0,0,0,0,0,0,0,0,0,1,0,0,1,1,0,1,0,0,0,0,0,0,0,0,0,0,0,0,0,0,0,0,0,0,0,0,0,1,0,3,0,0,5,0,0,1,0,0,1,False,False,False,False,True,False,False,False,False,False,False,True,False
3.1,35.6,0,9.610000000000001,0.06203561542871657,110.36000000000001,0,0,0,1,0,0,0,0,0,0,0,1,1,0,0,0,0,0,0,0,0,0,0,1,0,1,0,0,0,0,0,0,0,0,0,0,0,0,0,0,0,0,0,0,2,0,0,5,0,0,0,0,0,0,False,False,False,False,False,True,False,False,False,False,False,True,False
8.7,42.1,0,75.68999999999998,1.1557960419946416,366.27,0,0,0,0,0,0,0,1,0,0,0,0,0,0,0,0,0,0,0,0,0,0,1,1,0,0,0,0,0,0,0,0,0,0,0,0,0,0,0,0,0,0,1,0,2,0,0,5,0,0,0,0,0,0,False,False,False,False,True,False,False,False,False,False,False,False,True
8.5,31.6,0,72.25,-0.6585855352730443,268.6,0,0,0,0,0,0,0,0,1,0,0,1,1,0,1,1,1,0,0,0,0,0,0,0,0,0,0,0,0,0,0,0,0,0,0,0,0,0,0,0,0,0,0,2,3,0,0,5,0,0,0,0,0,0,False,False,False,False,False,True,False,False,False,False,False,False,True
11.0,22.1,0,121.0,-0.16695438876307114,243.10000000000002,0,0,0,1,0,0,0,0,0,0,0,1,0,1,1,0,0,0,1,0,0,0,0,0,0,0,0,0,0,0,0,0,0,0,0,0,0,0,0,0,0,0,3,0,2,0,0,5,0,0,0,0,0,1,True,False,False,False,False,False,False,False,False,False,False,False,True
4.6,8.0,0,21.159999999999997,0.919235678275581,36.8,0,0,0,0,0,0,0,0,0,1,0,0,0,0,1,0,0,1,1,0,1,0,0,0,0,0,0,0,0,0,0,0,0,0,0,0,0,0,0,0,0,0,2,0,3,0,0,5,0,0,1,0,0,1,False,False,False,False,False,False,False,False,False,True,False,True,False
1.0,6.8,0,1.0,0.36929600115945577,6.8,0,0,0,0,0,0,0,1,0,0,0,0,0,1,0,0,0,1,1,1,1,0,0,0,0,0,0,0,0,0,0,0,0,0,0,0,0,0,0,0,0,0,3,0,2,0,0,5,0,0,0,0,0,0,False,False,False,False,False,False,False,True,False,False,True,False,False
14.6,30.0,0,213.16,1.48909132362115,438.0,0,0,0,0,0,0,0,0,0,0,1,0,0,0,0,0,0,0,0,0,0,0,1,0,0,0,1,0,0,0,0,0,0,0,0,0,0,0,0,0,0,0,0,0,1,0,0,5,0,0,0,0,0,0,True,False,False,False,False,False,False,False,False,False,False,False,True
5.4,7.8,1,29.160000000000004,0.8840436242589532,42.120000000000005,0,0,0,0,0,1,0,0,0,0,0,1,0,0,0,1,0,1,1,0,0,0,0,0,0,0,0,0,0,0,0,0,0,0,0,0,0,0,0,0,0,0,0,0,3,0,0,5,0,0,0,0,0,0,False,False,False,False,False,False,False,True,False,False,False,True,False
12.0,3.6,1,144.0,-1.3418658021265564,43.2,0,0,0,0,1,0,0,0,0,0,0,1,1,0,0,0,0,0,0,0,0,0,1,0,0,0,0,0,0,0,0,0,0,0,0,0,1,0,1,0,0,0,0,0,2,0,2,5,0,0,0,0,0,0,False,False,False,False,False,False,False,False,False,True,False,False,True
8.7,23.9,0,75.68999999999998,0.37886376485814743,207.92999999999998,0,0,0,1,0,0,0,0,0,0,0,1,0,1,1,0,0,0,1,1,0,0,0,0,0,0,0,0,0,0,0,0,0,0,0,0,0,0,0,0,0,0,2,0,3,0,0,5,0,0,0,0,0,1,False,True,False,False,False,False,False,False,False,False,False,False,True
0.5,34.5,0,0.25,1.3698283088360999,17.25,0,0,1,0,0,0,0,0,0,0,0,0,1,0,0,1,1,0,0,0,0,0,0,0,0,0,0,0,0,0,0,0,0,0,0,0,0,0,0,0,0,0,0,1,3,0,0,5,0,0,0,0,0,0,False,False,False,False,False,False,True,False,False,False,True,False,False
10.6,25.5,0,112.36,-1.3833419307676824,270.3,0,1,0,0,0,0,0,0,0,0,0,0,0,0,0,0,0,0,0,0,0,0,0,0,0,0,0,0,0,0,0,0,0,0,0,0,0,0,0,0,0,0,0,0,0,0,0,5,0,0,0,0,0,0,False,False,False,False,False,False,False,False,True,False,False,False,True
7.7,30.0,1,59.290000000000006,1.48909132362115,231.0,0,0,0,0,0,1,0,0,0,0,0,1,0,0,0,0,1,1,0,1,0,0,0,0,0,0,0,0,0,0,0,0,0,0,0,0,0,0,0,0,0,0,1,1,1,0,0,5,0,0,0,0,0,0,True,False,False,False,False,False,False,False,False,False,False,False,True
10.8,37.0,0,116.64000000000001,0.3753064796429386,399.6,0,0,1,0,0,0,0,0,0,0,0,0,1,1,1,0,0,0,0,0,0,1,0,0,0,0,0,0,0,0,0,0,0,0,0,0,0,0,0,0,0,0,1,2,2,0,0,5,1,0,0,0,0,0,False,False,False,True,False,False,False,False,False,False,False,False,True
5.9,33.7,0,34.81,-0.2802594311546196,198.83000000000004,0,0,0,0,1,0,0,0,0,0,0,1,1,1,0,1,0,1,0,0,0,0,0,0,0,0,0,0,0,0,0,0,0,0,0,0,0,0,0,0,0,0,2,0,3,0,0,5,1,0,0,0,0,0,False,False,False,False,False,True,False,False,False,False,False,True,False
5.3,27.4,0,28.09,-1.4152377435098937,145.22,0,0,0,0,0,0,0,0,0,1,0,0,0,0,0,0,0,1,1,0,0,1,0,0,0,0,0,0,0,0,0,0,0,0,0,0,0,0,0,0,0,0,0,1,2,0,0,5,0,0,0,0,0,0,False,False,False,False,False,True,False,False,False,False,False,True,False
11.0,18.9,0,121.0,-0.8377577152984526,207.89999999999998,0,1,0,0,0,0,0,0,0,0,0,0,0,0,0,0,0,1,1,0,0,1,0,0,0,0,0,0,0,0,0,0,0,0,0,0,0,0,0,0,0,0,0,1,3,0,0,5,0,0,0,0,0,0,True,False,False,False,False,False,False,False,False,False,False,False,True
12.5,3.5,0,156.25,-1.3293711550688856,43.75,0,0,0,0,0,0,0,1,0,0,0,0,1,1,0,0,0,0,0,0,0,0,0,0,0,0,0,0,0,0,0,1,0,0,0,0,0,0,0,0,0,0,1,0,1,0,0,5,1,0,0,0,0,0,False,False,False,False,False,False,False,True,False,False,False,False,True
1.8,28.7,0,3.24,1.412947851705232,51.66,0,0,0,1,0,0,0,0,0,0,0,1,0,0,1,0,1,0,0,0,0,0,0,0,0,0,0,0,0,0,0,0,0,0,0,0,0,0,0,0,0,0,0,1,1,0,0,5,0,0,0,0,0,0,False,False,True,False,False,False,False,False,False,False,False,True,False
4.3,35.1,0,18.49,-0.028042028409003533,150.93,0,0,0,0,0,0,1,0,0,0,0,1,0,0,0,1,0,1,0,0,0,0,0,0,0,0,0,0,0,0,0,0,0,0,0,0,0,0,0,0,0,0,0,0,3,0,0,5,0,0,0,0,0,0,False,False,False,False,False,True,False,False,False,False,False,True,False
5.7,30.0,0,32.49,1.6893281456021954,171.0,0,0,1,0,0,0,0,0,0,0,0,0,0,1,1,1,0,1,0,0,0,0,0,0,0,0,0,0,0,0,0,0,0,0,0,0,0,0,0,0,0,0,1,0,4,0,0,5,0,0,0,0,0,0,False,False,True,False,False,False,False,False,False,False,False,True,False
7.2,3.1,0,51.84,-1.5352702043086845,22.32,0,0,0,0,0,0,0,0,0,0,1,0,0,1,1,0,0,1,1,0,0,0,0,0,0,0,0,0,0,0,0,0,0,0,0,0,0,0,0,0,0,0,1,0,4,0,0,5,0,0,0,0,0,1,False,False,False,False,False,False,False,True,False,False,False,False,True
9.9,24.7,0,98.01,-1.901657020233582,244.53,0,0,0,0,0,0,0,0,0,1,0,0,0,0,0,0,0,0,1,0,0,0,0,1,0,0,0,0,0,0,0,0,0,0,0,0,0,0,0,0,1,0,0,0,2,0,0,5,0,0,0,0,0,0,False,False,False,False,False,True,False,False,False,False,False,False,True
13.1,31.1,1,171.60999999999999,-0.7674086091903909,407.41,0,0,0,0,0,1,0,0,0,0,0,1,0,0,1,0,1,0,0,0,0,0,0,0,0,0,0,0,0,0,0,0,0,0,0,0,0,0,0,0,0,0,0,2,2,0,0,5,0,0,0,0,0,0,False,False,False,False,True,False,False,False,False,False,False,False,True
13.5,22.9,1,182.25,0.000746442870773473,309.15,0,0,0,0,0,0,0,0,0,1,0,0,0,1,0,0,0,0,0,0,0,0,0,0,0,0,0,0,0,0,0,0,0,0,0,0,0,0,0,0,0,0,1,0,1,0,0,5,0,0,0,0,0,0,True,False,False,False,False,False,False,False,False,False,False,False,True
11.0,30.7,1,121.0,-0.5754814223842503,337.7,0,0,0,0,0,1,0,0,0,0,0,1,0,1,1,0,0,0,0,0,0,0,0,1,0,0,0,0,0,0,0,0,0,0,0,0,0,0,0,0,0,1,1,0,2,0,0,5,0,0,0,0,0,0,False,False,False,False,False,False,False,False,True,False,False,False,True
12.6,27.5,0,158.76,1.1578275804157276,346.5,0,1,0,0,0,0,0,0,0,0,0,0,1,0,1,0,0,0,0,0,0,0,0,0,0,0,0,0,0,0,0,0,0,0,0,0,0,0,0,0,0,0,0,0,3,0,0,5,0,0,0,0,0,0,False,False,True,False,False,False,False,False,False,False,False,False,True
8.8,16.9,0,77.44000000000001,-1.095734815974896,148.72,0,0,0,0,0,0,1,0,0,0,0,1,1,0,0,0,0,0,0,0,0,0,0,0,0,0,0,0,0,0,0,0,0,0,0,0,0,0,0,0,0,0,0,0,1,0,0,5,0,0,0,0,0,0,False,False,True,False,False,False,False,False,False,False,False,False,True
11.0,36.8,0,121.0,0.2291610736963979,404.79999999999995,0,0,0,0,0,0,0,0,0,0,1,0,0,0,0,0,0,0,0,0,0,0,1,0,1,0,0,0,1,1,1,0,0,0,0,0,0,0,0,0,0,0,0,0,1,0,0,5,0,0,0,0,0,0,False,False,False,False,True,False,False,False,False,False,False,False,True
1.4,21.7,1,1.9599999999999997,-0.2508048045799942,30.379999999999995,0,1,0,0,0,0,0,0,0,0,0,0,0,1,1,0,1,0,1,0,0,0,0,0,0,0,0,0,0,0,0,0,0,0,0,0,0,0,0,0,0,0,1,1,2,0,1,5,0,0,0,0,0,1,True,False,False,False,False,False,False,False,False,False,False,True,False
5.0,22.0,1,25.0,-0.035883846408921456,110.0,0,0,0,0,0,0,0,1,0,0,0,0,0,0,0,0,1,0,1,0,1,0,0,0,0,0,0,0,0,0,0,0,0,0,0,0,0,0,0,0,0,0,1,2,1,0,1,5,0,0,0,0,0,0,False,True,False,False,False,False,False,False,False,False,False,True,False
4.1,34.5,0,16.81,-0.05201133753293534,141.45,0,0,1,0,0,0,0,0,0,0,0,0,0,1,1,0,1,0,0,0,0,1,0,0,0,0,0,0,0,0,0,0,0,0,0,0,0,0,0,0,0,0,2,2,1,0,0,5,0,0,0,0,1,0,False,False,False,True,False,False,False,False,False,False,False,True,False
6.8,18.4,1,46.239999999999995,-0.7768344768630154,125.11999999999999,0,0,0,0,0,1,0,0,0,0,0,1,0,0,1,0,0,0,0,0,1,1,0,0,0,0,0,0,0,0,0,0,0,0,0,0,0,0,0,0,0,0,1,1,3,0,0,5,0,0,1,0,0,0,False,False,True,False,False,False,False,False,False,False,False,True,False
4.7,15.7,0,22.090000000000003,-1.5085610418338333,73.79,0,0,0,0,1,0,0,0,0,0,0,1,0,0,0,0,0,0,1,0,0,0,0,0,0,0,0,0,0,0,0,0,0,0,0,0,0,0,0,0,0,0,0,0,1,0,0,5,0,0,0,0,0,0,True,False,False,False,False,False,False,False,False,False,False,True,False
10.3,44.5,0,106.09000000000002,1.575404329525921,458.35,0,0,0,0,0,0,0,0,0,0,1,0,0,0,0,0,0,0,0,0,0,0,1,0,1,0,0,0,1,1,1,0,0,0,0,0,0,0,0,0,0,0,0,0,1,0,0,5,0,0,0,0,0,0,False,False,False,False,True,False,False,False,False,False,False,False,True
10.6,24.3,0,112.36,-1.5697712788561666,257.58,0,1,0,0,0,0,0,0,0,0,0,0,0,0,0,0,0,0,0,0,0,0,0,0,0,0,0,0,0,0,0,0,0,0,0,0,0,0,0,0,0,0,0,0,0,0,0,5,0,0,0,0,0,0,False,False,False,False,False,False,False,False,True,False,False,False,True
9.2,27.7,0,84.63999999999999,0.677423947086216,254.83999999999997,0,1,0,0,0,0,0,0,0,0,0,0,0,0,0,1,0,0,0,0,0,1,0,0,0,0,0,1,0,0,0,0,0,0,1,0,0,0,0,0,0,0,0,1,1,0,0,5,0,0,0,0,0,0,False,False,False,False,False,False,True,False,False,False,False,False,True
2.9,30.1,0,8.41,-0.6686960964284921,87.29,0,0,0,0,0,0,0,0,0,1,0,0,0,1,1,1,0,0,0,0,1,0,0,0,0,0,0,0,0,0,0,0,0,0,0,0,0,0,0,0,0,0,2,0,3,0,0,5,0,0,1,0,0,0,False,False,False,False,False,False,False,False,True,False,False,True,False
13.0,34.8,0,169.0,-0.0007331994718309506,452.4,0,0,0,0,0,0,0,0,1,0,0,1,0,0,0,0,0,0,0,0,0,0,1,0,0,0,1,0,0,0,0,0,0,0,0,0,0,0,0,0,0,0,0,0,1,0,0,5,0,0,0,0,0,0,False,False,False,True,False,False,False,False,False,False,False,False,True
11.7,22.1,0,136.89,0.009786359612957528,258.57,0,1,0,0,0,0,0,0,0,0,0,0,1,1,0,0,0,1,0,0,0,0,0,0,0,0,0,0,0,0,0,0,0,0,0,0,0,0,0,0,0,0,1,0,2,0,0,5,1,0,0,0,0,0,False,False,True,False,False,False,False,False,False,False,False,False,True
8.4,35.3,0,70.56,-0.03309410601065196,296.52,0,0,0,0,0,0,0,0,0,0,1,0,0,0,0,0,0,0,0,0,0,0,1,0,0,1,0,0,0,0,0,0,0,0,0,0,0,0,0,0,0,0,0,0,1,0,0,5,0,0,0,0,0,0,False,False,False,False,True,False,False,False,False,False,False,False,True
1.2,5.3,1,1.44,-1.6034374798545776,6.359999999999999,0,0,0,0,0,1,0,0,0,0,0,1,0,0,0,0,0,0,0,0,0,0,0,0,0,0,0,0,0,0,0,0,1,0,0,0,0,0,0,0,0,0,0,0,1,1,1,5,0,0,0,0,0,0,False,False,False,False,False,False,True,False,False,False,False,True,False
4.6,40.0,0,21.159999999999997,1.9298612484867412,184.0,0,0,0,0,0,0,0,1,0,0,0,0,1,1,0,0,0,1,0,0,1,0,0,0,0,0,0,0,0,0,0,0,0,0,0,0,0,0,0,0,0,0,3,0,2,0,0,5,1,0,0,0,0,0,False,False,False,False,False,False,True,False,False,False,False,True,False
8.8,21.3,0,77.44000000000001,-0.18868559792836784,187.44000000000003,0,0,0,0,0,0,0,0,0,0,1,0,0,0,0,1,0,1,0,0,0,1,0,0,0,0,0,0,0,0,0,0,0,0,0,0,0,0,0,0,0,0,0,1,4,0,0,5,0,0,0,0,0,0,False,True,False,False,False,False,False,False,False,False,False,False,True
5.2,8.8,0,27.040000000000003,1.3303450383486972,45.760000000000005,0,0,0,1,0,0,0,0,0,0,0,1,0,0,1,0,0,0,0,0,0,0,0,0,0,0,1,0,0,0,0,0,0,0,0,0,0,0,0,0,0,0,0,0,1,0,0,5,0,0,0,0,0,0,False,False,False,False,False,False,False,False,False,True,False,True,False
12.0,34.8,0,144.0,0.06148551691807098,417.59999999999997,0,1,0,0,0,0,0,0,0,0,0,0,0,0,0,0,1,0,1,1,1,0,0,0,0,0,0,0,0,0,0,0,0,0,0,0,0,0,0,0,0,0,2,1,1,0,0,5,0,0,0,0,0,0,False,False,False,False,False,False,False,False,True,False,False,False,True
6.3,19.4,0,39.69,-0.16771667093202455,122.21999999999998,0,0,1,0,0,0,0,0,0,0,0,0,0,0,0,0,0,1,1,0,0,1,0,0,0,0,0,0,0,0,0,0,0,0,0,0,0,0,0,0,0,0,0,1,3,0,0,5,0,0,0,0,0,0,False,False,False,False,False,False,True,False,False,False,False,True,False
7.7,3.4,1,59.290000000000006,-1.3808459173788354,26.18,0,0,1,0,0,0,0,0,0,0,0,0,0,0,0,0,0,0,0,0,0,0,1,1,0,0,1,0,0,0,0,0,0,0,0,0,0,0,0,0,0,0,0,0,2,0,1,5,0,0,0,0,0,0,False,False,False,False,False,False,False,True,False,False,False,False,True
12.8,27.9,1,163.84000000000003,1.048876640582306,357.12,0,0,0,0,0,1,0,0,0,0,0,1,1,1,0,1,1,0,1,0,0,0,0,0,0,0,0,0,0,0,0,0,0,0,0,0,0,0,0,0,0,0,1,1,3,0,0,5,1,0,0,0,0,0,True,False,False,False,False,False,False,False,False,False,False,False,True
2.8,15.2,1,7.839999999999999,-1.457155200301694,42.559999999999995,0,0,0,0,1,0,0,0,0,0,0,1,0,0,0,0,0,0,0,0,0,0,0,1,1,0,0,0,0,0,0,0,0,0,0,0,0,0,0,0,0,0,1,0,1,0,0,5,0,0,0,0,0,0,False,False,True,False,False,False,False,False,False,False,False,True,False
2.9,37.8,0,8.41,0.4583772483146843,109.61999999999999,0,0,0,0,0,0,0,1,0,0,0,0,1,0,0,0,0,0,0,0,0,0,0,1,0,1,0,0,0,0,0,0,0,0,0,0,0,0,0,0,0,0,0,0,2,0,0,5,0,0,0,0,0,0,False,False,False,False,False,True,False,False,False,False,False,True,False
7.4,36.0,0,54.760000000000005,0.08929164451930514,266.40000000000003,0,0,0,0,0,0,0,0,0,1,0,0,0,0,0,0,0,1,0,1,0,1,0,0,0,0,0,0,0,0,0,0,0,0,0,0,0,0,0,0,0,0,1,1,2,0,0,5,0,0,0,0,0,0,False,False,False,False,True,False,False,False,False,False,False,False,True
13.2,5.4,0,174.23999999999998,-0.4168697419620455,71.28,0,1,0,0,0,0,0,0,0,0,0,0,0,0,0,0,0,0,0,0,0,0,0,1,0,0,1,0,0,0,0,0,0,0,0,0,0,0,0,0,0,0,0,0,1,0,0,5,0,0,0,0,0,0,False,False,False,False,False,False,False,False,False,True,False,False,True
5.4,7.0,0,29.160000000000004,0.47224552577935536,37.800000000000004,0,0,0,0,0,0,0,0,0,1,0,0,1,0,1,0,0,0,0,0,1,0,0,0,0,0,0,0,0,0,0,0,0,0,0,0,0,0,0,0,0,0,2,0,2,0,0,5,0,0,1,0,0,0,False,False,False,False,False,False,False,True,False,False,False,True,False
6.0,29.4,0,36.0,0.8505250375236869,176.39999999999998,0,0,0,0,0,0,0,0,0,1,0,0,1,0,1,0,0,0,0,0,0,0,0,0,0,0,0,0,0,0,0,0,0,0,0,0,0,0,0,0,0,0,0,0,2,0,0,5,0,0,0,0,0,0,False,False,False,False,False,False,True,False,False,False,False,True,False
8.1,28.6,0,65.61,-0.9017327815390976,231.66,0,0,0,0,0,0,0,0,0,1,0,0,0,0,0,0,0,0,0,0,0,0,1,0,0,0,0,0,0,0,0,0,1,0,0,0,0,0,0,0,0,0,0,0,1,0,0,5,0,0,0,0,0,0,False,False,False,False,False,False,False,False,True,False,False,False,True
0.5,26.2,0,0.25,-1.470706490556837,13.1,0,1,0,0,0,0,0,0,0,0,0,0,1,0,0,1,0,0,0,1,0,1,0,0,0,0,0,0,0,0,0,0,0,0,0,0,0,0,0,0,0,0,1,1,3,0,0,5,0,1,0,1,0,0,False,False,False,True,False,False,False,False,False,False,True,False,False
1.4,39.7,0,1.9599999999999997,0.8006722948980217,55.58,0,1,0,0,0,0,0,0,0,0,0,0,0,1,0,0,0,0,0,0,1,1,0,0,0,0,0,0,0,0,0,0,0,0,0,0,0,0,0,0,0,0,3,1,0,0,0,5,0,0,0,0,0,0,False,False,False,False,False,True,False,False,False,False,False,True,False
10.5,24.2,0,110.25,0.45624683436959,254.1,0,0,1,0,0,0,0,0,0,0,0,0,1,0,1,0,1,0,0,0,0,1,0,0,0,0,0,0,0,0,0,0,0,0,0,0,0,0,0,0,0,0,0,2,3,0,0,5,0,0,0,0,1,0,False,False,True,False,False,False,False,False,False,False,False,False,True
9.1,26.0,0,82.80999999999999,0.650587165451924,236.6,0,1,0,0,0,0,0,0,0,0,0,0,1,0,0,0,0,1,0,1,0,1,0,0,0,0,0,0,0,0,0,0,0,0,0,0,0,0,0,0,0,0,1,1,2,0,0,5,0,1,0,0,0,0,True,False,False,False,False,False,False,False,False,False,False,False,True
6.7,43.2,0,44.89,1.3664909535374625,289.44000000000005,0,0,0,0,0,0,0,0,0,0,1,0,1,0,0,0,0,0,1,0,0,0,0,0,0,0,0,0,0,0,0,0,0,0,0,0,0,0,0,0,0,0,0,1,2,0,0,5,0,0,0,0,0,0,False,False,False,False,False,False,False,False,True,False,False,True,False
2.9,19.5,0,8.41,-0.7119820915730684,56.55,0,1,0,0,0,0,0,0,0,0,0,0,0,0,1,0,1,0,0,0,0,0,0,0,0,0,0,0,0,0,0,0,0,0,0,0,0,1,0,0,0,0,0,1,1,0,0,5,0,0,0,0,0,0,True,False,False,False,False,False,False,False,False,False,False,True,False
8.2,35.6,0,67.24,0.18577174897706122,291.91999999999996,0,1,0,0,0,0,0,0,0,0,0,0,0,0,1,0,0,1,1,1,0,0,0,0,0,0,0,0,0,0,0,0,0,0,0,0,0,0,0,0,0,0,1,0,4,0,0,5,0,0,0,0,0,1,False,False,False,False,False,False,False,False,True,False,False,False,True
14.6,16.6,0,213.16,-1.214640215273223,242.36,0,0,0,0,0,0,1,0,0,0,0,1,0,1,0,0,0,0,0,0,0,0,0,1,0,1,0,0,0,0,0,0,0,0,0,0,0,0,0,0,0,1,1,0,1,0,0,5,0,0,0,0,0,0,False,True,False,False,False,False,False,False,False,False,False,False,True
11.3,4.4,0,127.69000000000001,-0.8660982942793378,49.720000000000006,0,0,0,0,0,0,0,1,0,0,0,0,0,0,0,0,0,1,0,0,1,0,0,0,0,0,0,0,0,0,0,0,0,0,0,0,0,0,0,0,0,0,2,0,2,0,0,5,0,0,0,0,0,0,False,False,False,False,False,False,False,True,False,False,False,False,True
11.0,5.6,0,121.0,-0.3140924019437669,61.599999999999994,0,0,0,0,0,0,0,1,0,0,0,0,1,0,0,0,0,0,0,0,0,0,0,0,0,0,0,0,0,0,0,0,0,0,0,1,0,0,0,0,0,0,0,0,2,0,0,5,0,0,0,0,0,0,False,False,False,False,False,False,False,False,False,True,False,False,True
14.7,18.6,0,216.08999999999997,-0.7780637823605187,273.42,0,1,0,0,0,0,0,0,0,0,0,0,0,1,0,0,0,0,0,0,0,0,0,1,0,1,0,0,0,0,0,0,0,0,0,0,0,0,0,0,0,1,1,0,1,0,0,5,0,0,0,0,0,0,False,True,False,False,False,False,False,False,False,False,False,False,True
4.9,7.9,1,24.010000000000005,0.9355183865689032,38.71000000000001,0,0,0,0,0,0,0,0,0,1,0,0,1,0,1,0,0,0,0,0,0,0,0,0,0,0,0,0,0,0,0,0,0,0,0,0,0,0,0,0,0,0,0,0,2,0,1,5,0,0,0,0,0,0,False,False,False,False,False,False,False,True,False,False,False,True,False
13.9,7.1,0,193.21,0.5237202880893049,98.69,0,0,1,0,0,0,0,0,0,0,0,0,0,1,0,0,0,1,0,1,0,1,0,0,0,0,0,0,0,0,0,0,0,0,0,0,0,0,0,0,0,0,2,1,1,0,0,5,0,0,0,0,0,0,False,False,False,False,False,False,False,True,False,False,False,False,True
15.0,4.1,0,225.0,-1.0849224520808591,61.49999999999999,0,0,0,0,0,0,1,0,0,0,0,1,0,1,0,0,1,1,0,1,0,0,0,0,0,0,0,0,0,0,0,0,0,0,0,0,0,0,0,0,0,0,2,1,1,0,0,5,0,0,0,0,0,0,False,False,False,False,False,False,False,False,False,True,False,False,True
7.9,38.0,0,62.410000000000004,0.5462336065132882,300.2,0,0,0,0,0,0,1,0,0,0,0,1,1,1,1,0,0,0,0,0,0,1,0,0,0,0,0,0,0,0,0,0,0,0,0,0,0,0,0,0,0,0,1,1,2,0,0,5,1,0,0,0,0,0,False,False,False,True,False,False,False,False,False,False,False,False,True
3.6,15.3,0,12.96,-1.5924114576507555,55.080000000000005,0,0,0,0,0,0,0,1,0,0,0,0,0,0,0,0,1,0,0,0,1,0,0,0,0,1,0,0,0,0,0,0,0,0,1,0,0,0,0,0,0,0,1,1,0,0,0,5,0,0,0,0,0,0,True,False,False,False,False,False,False,False,False,False,False,True,False
8.7,19.0,0,75.68999999999998,-0.20844633927025286,165.29999999999998,0,1,0,0,0,0,0,0,0,0,0,0,0,1,0,0,0,1,1,1,0,0,0,0,0,0,0,0,0,0,0,0,0,0,0,0,0,0,0,0,0,0,2,0,2,0,0,5,0,0,0,0,0,0,False,False,False,False,False,False,True,False,False,False,False,False,True
9.1,26.5,0,82.80999999999999,-1.5716578269586774,241.14999999999998,0,1,0,0,0,0,0,0,0,0,0,0,0,1,1,0,0,0,0,1,0,0,0,0,0,0,0,0,0,0,0,0,1,0,0,0,0,0,0,0,0,0,2,0,1,0,0,5,0,0,0,0,0,0,False,False,False,False,True,False,False,False,False,False,False,False,True
5.8,6.3,0,33.64,0.11192218960970705,36.54,0,0,0,0,0,0,0,0,0,0,1,0,0,1,1,0,0,1,0,1,0,0,0,0,0,0,0,0,0,0,0,0,0,0,0,0,0,0,0,0,0,0,2,0,2,0,0,5,0,0,0,0,0,0,False,False,False,False,False,False,False,True,False,False,False,True,False
5.5,31.2,0,30.25,-0.6160708562050892,171.6,0,1,0,0,0,0,0,0,0,0,0,0,1,0,0,1,0,0,0,1,0,1,0,0,0,0,0,0,0,0,0,0,0,0,0,0,0,0,0,0,0,0,1,1,3,0,0,5,0,1,0,1,0,0,False,False,False,True,False,False,False,False,False,False,False,True,False
13.2,3.3,0,174.23999999999998,-1.4323206796887853,43.559999999999995,0,0,0,0,0,0,0,0,0,1,0,0,1,0,1,0,0,0,0,0,1,1,0,0,0,0,0,0,0,0,0,0,0,0,0,0,0,0,0,0,0,0,1,1,3,0,0,5,0,0,1,0,0,0,False,False,False,False,False,False,False,True,False,False,False,False,True
6.3,31.7,0,39.69,-0.6405700065055007,199.70999999999998,0,0,0,0,0,0,1,0,0,0,0,1,0,1,0,0,1,0,0,1,0,1,0,0,0,0,0,0,0,0,0,0,0,0,0,0,0,0,0,0,0,0,2,2,0,0,0,5,0,0,0,0,1,0,False,False,False,False,False,True,False,False,False,False,False,True,False
8.1,39.3,1,65.61,0.7684388714447422,318.33,0,0,0,0,0,0,0,0,0,0,1,0,1,0,0,0,0,0,0,0,0,0,0,0,0,0,0,0,0,0,0,0,0,0,0,0,0,0,0,0,0,0,0,0,1,0,2,5,0,0,0,0,0,0,False,False,False,True,False,False,False,False,False,False,False,False,True
9.1,40.8,0,82.80999999999999,0.9936322573604928,371.28,0,0,0,0,1,0,0,0,0,0,0,1,0,0,0,1,1,0,0,0,1,0,0,0,0,0,0,0,0,0,0,0,0,0,0,0,0,0,0,0,0,0,1,2,2,0,0,5,0,0,0,0,0,0,False,False,False,False,False,False,False,False,True,False,False,False,True
14.6,6.1,0,213.16,-0.057149051898069486,89.05999999999999,0,0,0,1,0,0,0,0,0,0,0,1,0,1,1,0,0,0,0,0,1,0,0,0,0,1,0,0,0,0,0,0,0,0,0,0,0,0,0,0,0,0,2,0,1,0,0,5,0,0,1,0,0,0,False,False,False,False,False,False,False,False,False,True,False,False,True
8.8,28.4,0,77.44000000000001,1.3611607389117324,249.92000000000002,0,0,0,0,1,0,0,0,0,0,0,1,0,0,0,0,0,0,0,0,0,0,1,0,0,0,0,0,0,0,0,0,0,0,0,0,0,0,0,0,0,0,0,0,1,0,0,5,0,0,0,0,0,0,False,True,False,False,False,False,False,False,False,False,False,False,True
15.0,35.1,0,225.0,0.10809285394019273,526.5,0,0,0,0,0,0,0,0,0,0,1,0,0,1,0,0,1,0,0,0,0,1,0,0,0,0,0,0,0,0,0,0,0,0,0,0,0,0,0,0,0,0,1,4,0,0,0,5,0,0,0,0,1,0,False,False,False,False,False,False,False,False,True,False,False,False,True
7.8,33.1,1,60.839999999999996,-0.29130931515142455,258.18,0,0,0,0,0,0,0,0,0,1,0,0,0,0,0,0,0,0,0,0,0,0,0,0,0,0,0,0,0,0,0,0,0,0,0,0,0,0,0,0,0,0,0,0,0,0,1,5,0,0,0,0,0,0,False,False,False,True,False,False,False,False,False,False,False,False,True
15.6,25.6,1,243.35999999999999,0.4635931883105169,399.36,0,1,0,0,0,0,0,0,0,0,0,0,0,0,0,0,0,0,0,1,0,0,0,0,0,0,0,0,0,0,0,0,0,0,0,0,0,0,0,0,0,0,1,0,0,0,2,5,0,0,0,0,0,0,False,False,False,False,False,False,True,False,False,False,False,False,True
6.9,34.8,1,47.61000000000001,0.06148551691807098,240.12,0,0,0,0,0,0,1,0,0,0,0,1,0,0,1,0,0,0,0,0,1,0,0,0,0,0,0,0,0,0,0,0,0,0,0,0,0,0,0,0,0,0,1,0,2,0,0,5,0,0,1,0,0,0,False,False,False,False,False,False,False,False,True,False,False,True,False
4.2,23.6,0,17.64,0.3286866987248382,99.12,0,0,0,0,0,0,0,1,0,0,0,0,0,0,0,0,0,0,0,0,0,0,0,0,0,0,0,0,0,0,0,0,0,0,0,0,0,0,0,0,0,0,0,0,0,0,0,5,0,0,0,0,0,0,False,False,True,False,False,False,False,False,False,False,False,True,False
4.0,26.7,1,16.0,0.7973253931315384,106.8,0,0,0,0,0,1,0,0,0,0,0,1,1,0,0,0,1,1,0,0,0,0,0,0,0,0,0,0,0,0,0,0,0,0,0,0,0,0,0,0,0,0,0,2,3,0,0,5,0,0,0,0,0,0,True,False,False,False,False,False,False,False,False,False,False,True,False
12.6,36.7,0,158.76,0.32402834158183424,462.42,0,0,0,0,0,0,0,0,0,0,1,0,0,0,0,0,0,0,1,0,0,0,0,0,0,0,0,0,0,0,0,0,0,0,0,0,0,0,0,0,0,0,0,0,1,0,0,5,0,0,0,0,0,0,False,False,False,True,False,False,False,False,False,False,False,False,True
9.4,7.4,0,88.36000000000001,0.6781445750191545,69.56,0,0,0,0,0,0,0,0,0,0,1,0,0,1,1,1,0,0,0,0,0,0,0,0,0,0,0,0,0,0,0,0,0,0,0,0,0,0,0,0,0,0,2,0,3,0,0,5,0,0,0,0,0,0,False,False,False,False,False,False,False,True,False,False,False,False,True
12.0,7.6,0,144.0,0.7136809982390228,91.19999999999999,0,0,1,0,0,0,0,0,0,0,0,0,0,1,0,1,1,0,0,1,1,0,0,0,0,0,0,0,0,0,0,0,0,0,0,0,0,0,0,0,0,0,3,1,1,0,0,5,0,0,0,1,0,0,False,False,False,False,False,False,False,False,False,True,False,False,True
1.4,43.1,0,1.9599999999999997,1.4132002729945181,60.339999999999996,0,0,0,1,0,0,0,0,0,0,0,1,0,0,1,0,0,0,0,0,0,0,0,0,0,0,0,0,0,0,0,0,0,0,0,0,0,0,0,0,0,0,0,0,1,0,0,5,0,0,0,0,0,0,False,False,False,False,False,True,False,False,False,False,False,True,False
15.0,35.1,0,225.0,0.10809285394019273,526.5,0,0,0,0,0,0,0,1,0,0,0,0,1,1,0,0,0,0,0,0,1,0,0,0,0,0,0,0,0,0,0,0,0,0,0,0,0,0,0,0,0,0,3,0,1,0,0,5,1,0,0,0,0,0,False,False,False,False,False,False,False,False,True,False,False,False,True
5.8,36.6,0,33.64,0.19419371640212535,212.28,0,0,0,0,0,0,0,0,0,1,0,0,0,0,1,0,0,0,0,0,0,0,0,0,0,0,0,0,0,0,0,0,0,0,0,0,0,0,0,0,0,0,0,0,3,0,0,5,0,0,0,0,0,0,False,False,False,False,True,False,False,False,False,False,False,True,False
11.0,38.4,0,121.0,0.6146044572614279,422.4,0,0,0,0,1,0,0,0,0,0,0,1,0,0,0,0,0,0,0,0,0,0,1,0,0,0,1,0,0,0,0,0,0,0,0,0,0,0,0,0,0,0,0,0,1,0,0,5,0,0,0,0,0,0,False,False,False,True,False,False,False,False,False,False,False,False,True
9.8,35.8,0,96.04000000000002,0.17019392739851863,350.84,0,1,0,0,0,0,0,0,0,0,0,0,1,1,0,0,0,1,0,0,0,0,0,0,0,0,0,0,0,0,0,0,0,0,0,0,0,0,0,0,0,0,1,0,2,0,0,5,1,0,0,0,0,0,False,False,False,True,False,False,False,False,False,False,False,False,True
2.1,39.0,1,4.41,0.7139882352277667,81.9,0,0,0,0,0,1,0,0,0,0,0,1,0,1,1,0,0,0,0,1,0,0,0,0,0,0,0,0,0,0,0,0,0,0,0,0,0,0,0,0,0,0,3,0,1,0,0,5,0,0,0,0,0,0,False,False,False,False,False,False,False,False,True,False,False,True,False
0.8,38.8,1,0.6400000000000001,0.5788346466391311,31.04,0,1,0,0,0,0,0,0,0,0,0,0,0,0,0,1,1,1,0,1,0,0,0,0,0,0,0,0,0,0,0,0,0,0,0,0,0,0,0,0,0,0,1,1,2,0,0,5,0,0,0,1,0,0,False,False,False,False,True,False,False,False,False,False,True,False,False
11.2,15.0,0,125.43999999999998,-1.6552992695134476,168.0,0,0,1,0,0,0,0,0,0,0,0,0,0,0,1,1,0,0,0,1,1,0,0,0,0,0,0,0,0,0,0,0,0,0,0,0,0,0,0,0,0,0,2,0,2,0,0,5,0,0,1,1,0,0,True,False,False,False,False,False,False,False,False,False,False,False,True
5.0,45.0,0,25.0,1.6461349756701886,225.0,0,0,0,0,0,0,0,0,0,0,1,0,0,1,0,1,1,0,1,0,0,0,0,0,0,0,0,0,0,0,0,0,0,0,0,0,0,0,0,0,0,0,1,1,2,0,0,5,0,0,0,0,0,0,False,False,False,False,False,False,False,False,True,False,False,True,False
9.5,34.2,0,90.25,-0.031729157126170325,324.90000000000003,0,1,0,0,0,0,0,0,0,0,0,0,0,1,0,0,0,0,0,0,0,0,0,0,0,0,0,0,0,0,0,0,0,0,0,0,0,0,0,0,0,0,1,0,0,0,0,5,0,0,0,0,0,0,False,False,False,False,False,False,False,False,True,False,False,False,True
5.6,27.6,1,31.359999999999996,-1.0570905716128345,154.56,0,0,0,0,0,1,0,0,0,0,0,1,0,1,0,0,0,0,1,0,0,0,0,0,0,0,0,0,0,0,0,0,0,0,0,0,0,0,0,0,0,0,1,0,1,1,0,5,0,0,0,0,0,0,False,False,False,False,False,False,False,False,True,False,False,True,False
15.0,39.0,0,225.0,0.674563593525213,585.0,0,0,0,1,0,0,0,0,0,0,0,1,0,0,0,0,1,0,1,1,0,0,0,0,0,0,0,0,0,0,0,0,0,0,0,0,0,0,0,0,0,0,1,1,1,0,0,5,0,0,0,0,0,0,False,False,False,False,False,True,False,False,False,False,False,False,True
14.8,41.6,0,219.04000000000002,1.1179184894194831,615.6800000000001,0,1,0,0,0,0,0,0,0,0,0,0,0,0,0,0,0,1,0,0,0,0,0,1,0,0,0,1,0,0,0,1,1,0,0,0,0,0,0,0,0,0,0,0,2,0,0,5,0,0,0,0,0,0,False,False,False,False,False,False,False,False,True,False,False,False,True
9.9,32.9,0,98.01,-0.4243836612949725,325.71,0,1,0,0,0,0,0,0,0,0,0,0,0,1,0,0,0,0,0,0,0,0,0,0,0,0,0,0,0,0,0,0,0,0,0,0,0,0,0,0,0,1,1,0,0,0,0,5,0,0,0,0,0,0,False,False,False,False,False,True,False,False,False,False,False,False,True
7.4,16.0,1,54.760000000000005,-0.5139188518069663,118.4,0,0,0,0,0,1,0,0,0,0,0,1,0,0,0,0,0,0,1,0,0,0,0,0,0,0,0,0,0,0,0,0,0,0,1,0,0,0,0,0,0,0,0,0,1,0,0,5,0,0,0,0,0,0,False,False,False,False,False,False,True,False,False,False,False,False,True
9.8,17.8,0,96.04000000000002,-0.9043946125077672,174.44000000000003,0,0,0,1,0,0,0,0,0,0,0,1,0,0,0,0,0,0,0,0,0,0,0,0,0,0,0,0,0,0,0,0,1,0,0,0,0,0,0,0,0,0,0,0,0,0,0,5,0,0,0,0,0,0,False,False,True,False,False,False,False,False,False,False,False,False,True
8.5,15.0,0,72.25,-1.5639013616033868,127.5,0,0,0,0,0,0,0,1,0,0,0,0,0,0,1,0,1,1,1,0,0,0,0,0,0,0,0,0,0,0,0,0,0,0,0,0,0,0,0,0,0,0,0,1,3,0,0,5,0,0,0,0,0,1,False,True,False,False,False,False,False,False,False,False,False,False,True
6.3,35.7,0,39.69,0.15310121471148466,224.91000000000003,0,0,0,1,0,0,0,0,0,0,0,1,0,0,0,0,1,0,0,1,0,0,0,0,0,0,0,0,0,0,0,0,0,0,0,0,0,0,0,0,0,0,1,1,0,1,0,5,0,0,0,0,0,0,False,False,False,True,False,False,False,False,False,False,False,True,False
6.3,19.0,0,39.69,-0.20844633927025286,119.7,0,0,0,0,0,0,0,1,0,0,0,0,1,1,1,0,0,0,1,1,0,0,0,0,0,0,0,0,0,0,0,0,0,0,0,0,0,0,0,0,0,0,2,0,3,0,0,5,1,1,0,0,0,1,False,False,False,False,False,False,True,False,False,False,False,True,False
0.5,7.8,1,0.25,0.8164583382573019,3.9,0,0,0,0,0,0,0,0,0,1,0,0,0,0,0,0,0,0,0,1,0,1,0,0,0,0,0,0,0,0,0,0,0,0,0,0,0,0,0,0,0,0,2,1,0,0,1,5,0,0,0,0,0,0,False,False,False,False,False,False,False,False,False,True,True,False,False
8.4,26.1,0,70.56,-1.29012725672344,219.24,0,0,0,0,0,0,0,1,0,0,0,0,0,0,0,0,0,0,1,0,0,0,0,0,0,0,0,0,0,0,0,0,0,0,0,0,0,0,0,0,0,0,0,0,1,0,0,5,0,0,0,0,0,0,False,False,False,False,False,False,False,False,True,False,False,False,True
9.2,24.2,0,84.63999999999999,0.2732602942757721,222.64,0,1,0,0,0,0,0,0,0,0,0,0,1,1,1,0,0,0,0,0,0,0,0,0,0,1,0,0,0,0,0,0,0,0,0,0,0,0,0,0,0,0,1,0,2,0,0,5,1,0,0,0,0,0,True,False,False,False,False,False,False,False,False,False,False,False,True
6.1,26.3,1,37.209999999999994,-1.453613777869802,160.43,0,0,0,0,0,1,0,0,0,0,0,1,1,1,1,0,0,0,0,1,0,0,0,0,0,0,0,0,0,0,0,0,0,1,0,0,0,0,0,0,0,0,2,0,2,0,0,5,1,1,0,0,0,0,False,False,False,True,False,False,False,False,False,False,False,True,False
4.9,45.0,0,24.010000000000005,1.7554953195778542,220.50000000000003,0,0,0,0,1,0,0,0,0,0,0,1,0,1,0,0,0,1,0,1,0,1,0,0,0,0,0,0,0,0,0,0,0,0,0,0,0,0,0,0,0,0,2,2,1,0,0,5,0,0,0,0,0,0,False,False,False,False,False,True,False,False,False,False,False,True,False
13.0,7.2,0,169.0,0.5081263182024651,93.60000000000001,0,1,0,0,0,0,0,0,0,0,0,0,1,0,0,0,0,0,0,0,0,0,1,1,0,1,0,0,0,0,0,0,0,0,0,0,0,0,0,0,0,0,0,0,4,0,0,5,0,0,0,0,0,0,False,False,False,False,False,False,False,False,False,True,False,False,True
14.2,45.0,0,201.64,1.6461349756701886,639.0,0,1,0,0,0,0,0,0,0,0,0,0,0,0,0,0,0,1,0,0,0,0,0,1,0,0,0,1,0,0,0,1,1,0,0,0,0,0,0,0,0,0,0,0,2,0,0,5,0,0,0,0,0,0,False,False,False,False,False,False,False,False,True,False,False,False,True
7.3,28.2,0,53.29,1.3066477386679385,205.85999999999999,0,0,0,0,1,0,0,0,0,0,0,1,0,0,0,0,0,0,0,0,0,0,0,0,1,0,0,0,0,0,0,0,0,0,0,0,0,0,0,0,0,0,1,0,1,0,0,5,0,0,0,0,0,0,False,False,True,False,False,False,False,False,False,False,False,False,True
10.3,22.1,1,106.09000000000002,0.009786359612957528,227.63000000000002,0,0,0,0,0,1,0,0,0,0,0,1,0,0,0,0,0,0,0,0,0,0,0,0,0,0,0,0,0,0,0,0,1,0,0,0,0,0,0,0,0,0,0,0,0,0,0,5,0,0,0,0,0,0,False,False,True,False,False,False,False,False,False,False,False,False,True
9.7,4.6,0,94.08999999999999,-0.8279791020351618,44.61999999999999,0,0,0,0,0,0,0,0,0,0,1,0,0,0,0,0,1,0,1,0,0,0,0,0,0,0,0,0,0,0,0,0,0,0,0,1,0,0,0,0,0,0,0,1,1,0,0,5,0,0,0,0,0,0,False,False,False,False,False,False,False,False,False,True,False,False,True
9.4,41.4,0,88.36000000000001,1.1273858378724766,389.16,0,0,0,0,0,0,1,0,0,0,0,1,0,0,0,1,1,1,0,1,0,0,0,0,0,0,0,0,0,0,0,0,0,0,0,0,0,0,0,0,0,0,1,1,3,0,0,5,0,0,0,1,0,0,False,False,False,True,False,False,False,False,False,False,False,False,True
7.9,5.7,0,62.410000000000004,-0.1969263842499912,45.03,0,1,0,0,0,0,0,0,0,0,0,0,1,0,0,0,1,0,0,0,0,0,1,0,0,1,0,0,0,0,0,0,0,0,0,0,0,0,0,0,0,0,0,1,2,0,0,5,0,0,0,0,0,0,False,False,False,False,False,False,False,True,False,False,False,False,True
7.5,33.0,0,56.25,-0.4352187148947946,247.5,0,0,0,0,0,0,0,0,0,0,1,0,0,0,0,0,0,0,0,0,0,0,1,0,1,0,0,0,1,1,1,0,0,0,0,0,0,0,0,0,0,0,0,0,1,0,0,5,0,0,0,0,0,0,False,False,False,False,True,False,False,False,False,False,False,False,True
7.6,36.6,0,57.76,0.19419371640212535,278.16,0,0,1,0,0,0,0,0,0,0,0,0,0,0,0,0,1,0,1,1,0,0,0,0,0,0,0,0,0,0,0,0,0,0,0,0,0,0,0,0,0,0,2,2,1,0,0,5,0,0,0,0,0,0,False,False,False,False,True,False,False,False,False,False,False,False,True
1.9,37.7,0,3.61,0.5120231081319091,71.63,0,0,0,0,0,0,0,0,0,0,1,0,1,0,1,0,0,0,0,0,1,0,0,1,0,0,0,0,0,0,0,1,0,0,0,0,0,0,0,0,0,0,1,0,3,0,0,5,0,0,1,0,0,0,False,False,False,False,False,False,False,False,True,False,False,True,False
6.4,10.5,0,40.96000000000001,-1.0739517914576076,67.2,0,0,0,1,0,0,0,0,0,0,0,1,1,0,0,0,0,1,0,1,1,0,0,0,0,0,0,0,0,0,0,0,0,0,0,0,0,0,0,0,0,0,2,0,2,0,0,5,0,1,0,0,0,0,False,False,False,False,False,False,True,False,False,False,False,True,False
10.0,7.1,0,100.0,0.45673764819332535,71.0,0,1,0,0,0,0,0,0,0,0,0,0,0,0,0,1,1,0,1,1,1,0,0,0,0,0,0,0,0,0,0,0,0,0,0,0,0,0,0,0,0,0,2,1,2,0,0,5,0,0,0,1,0,0,False,False,False,False,False,False,False,False,False,True,False,False,True
6.2,24.0,0,38.440000000000005,0.4006925865037829,148.8,0,0,0,1,0,0,0,0,0,0,0,1,0,1,0,0,0,0,0,0,0,0,0,0,0,0,0,0,0,0,0,0,0,0,0,0,0,0,0,0,0,0,1,0,0,0,0,5,0,0,0,0,0,0,False,True,False,False,False,False,False,False,False,False,False,True,False
1.6,41.7,0,2.5600000000000005,1.160982870248902,66.72000000000001,0,0,0,0,0,0,0,0,0,1,0,0,1,0,0,0,0,1,0,0,0,0,0,0,0,0,0,0,0,0,0,0,0,0,0,0,0,1,0,0,0,0,0,0,2,0,0,5,0,0,0,0,0,0,False,False,False,False,False,True,False,False,False,False,False,True,False
2.9,42.5,0,8.41,1.2257307565831879,123.25,0,0,0,0,0,0,0,0,0,0,1,0,1,0,0,0,0,0,0,0,0,0,0,0,0,0,0,0,0,0,0,0,0,0,0,0,0,0,0,0,0,0,0,0,1,0,0,5,0,0,0,0,0,0,False,False,False,False,True,False,False,False,False,False,False,True,False
1.9,20.3,0,3.61,-0.40697381438472,38.57,0,1,0,0,0,0,0,0,0,0,0,0,0,0,0,0,0,0,0,0,1,1,0,0,0,0,0,0,0,0,0,0,0,0,0,0,0,0,0,0,0,0,1,2,0,0,0,5,0,0,0,0,0,0,False,True,False,False,False,False,False,False,False,False,False,True,False
6.7,32.4,0,44.89,-0.5144613051326926,217.07999999999998,0,0,0,0,0,0,0,0,0,1,0,0,0,0,1,0,1,0,1,1,0,0,0,0,0,0,0,0,0,0,0,0,0,0,0,0,0,0,0,0,0,0,1,1,3,0,0,5,0,0,0,0,0,1,False,False,False,False,False,True,False,False,False,False,False,True,False
1.6,23.1,0,2.5600000000000005,0.20903276119658898,36.96,0,1,0,0,0,0,0,0,0,0,0,0,0,1,0,0,1,1,0,0,0,0,0,0,0,0,0,0,0,0,0,0,0,0,0,0,0,0,0,0,0,0,2,1,2,0,0,5,0,0,0,0,0,0,False,False,False,False,False,False,True,False,False,False,False,True,False
11.6,40.6,1,134.56,0.9628120538059176,470.96,0,0,0,0,0,0,0,0,0,1,0,0,0,0,0,0,0,0,0,0,0,0,0,0,0,0,0,0,0,0,0,0,0,0,0,0,0,0,0,0,0,0,0,0,0,0,1,5,0,0,0,0,0,0,False,False,False,False,False,True,False,False,False,False,False,False,True
4.0,39.3,0,16.0,0.6662530398748143,157.2,0,0,0,1,0,0,0,0,0,0,0,1,1,0,0,1,0,0,1,0,0,0,0,0,0,0,0,0,0,0,0,0,0,0,0,0,0,0,0,0,0,0,0,0,3,0,0,5,0,0,0,0,0,0,False,False,False,False,True,False,False,False,False,False,False,True,False
0.5,30.2,1,0.25,-0.7869979830754387,15.1,0,0,0,0,0,0,1,0,0,0,0,1,1,1,0,0,0,0,0,0,1,0,0,0,0,0,0,0,0,0,0,0,0,0,0,0,0,0,0,0,0,0,3,0,1,1,1,5,1,0,0,0,0,0,False,False,False,True,False,False,False,False,False,False,True,False,False
12.1,44.1,0,146.41,1.588889080422421,533.61,0,0,0,0,0,0,0,0,1,0,0,1,0,0,0,1,0,0,1,0,0,0,0,0,1,0,0,0,0,0,0,0,0,0,0,0,0,0,0,0,0,0,0,0,2,0,0,5,0,0,0,0,0,0,False,False,False,True,False,False,False,False,False,False,False,False,True
6.0,26.3,1,36.0,0.7134749773146161,157.8,0,0,0,0,0,0,0,0,0,1,0,0,0,0,0,0,0,1,0,0,0,0,0,0,0,0,0,0,0,0,0,0,0,0,0,0,0,0,0,0,0,0,0,0,1,0,1,5,0,0,0,0,0,0,True,False,False,False,False,False,False,False,False,False,False,True,False
6.7,26.9,0,44.89,1.030267444770975,180.23,0,0,1,0,0,0,0,0,0,0,0,0,0,0,0,0,0,0,0,0,0,0,0,0,1,0,0,0,0,0,0,0,0,0,0,0,0,0,0,0,0,0,1,0,1,0,0,5,0,0,0,0,0,0,False,False,True,False,False,False,False,False,False,False,False,True,False
8.7,45.0,0,75.68999999999998,1.7427234946057353,391.49999999999994,0,0,0,0,0,0,0,0,0,0,1,0,0,0,0,1,0,1,0,0,0,1,0,0,0,0,0,0,0,0,0,0,0,0,0,0,0,0,0,0,0,0,0,1,3,0,0,5,0,0,0,0,0,0,False,False,False,True,False,False,False,False,False,False,False,False,True
1.1,33.7,0,1.2100000000000002,-0.2802594311546196,37.07000000000001,0,0,0,0,0,0,0,0,0,0,1,0,0,1,0,1,1,0,1,0,0,1,0,0,0,0,0,0,0,0,0,0,0,0,0,0,0,0,0,0,0,0,1,2,2,0,0,5,0,0,0,0,1,0,False,False,False,False,False,True,False,False,False,False,False,True,False
5.6,30.5,1,31.359999999999996,-0.8567563517160287,170.79999999999998,0,1,0,0,0,0,0,0,0,0,0,0,0,0,0,0,1,0,0,1,0,0,0,0,0,0,0,0,0,0,0,0,0,0,0,0,0,0,0,0,0,0,1,1,0,0,1,5,0,0,0,0,0,0,False,False,False,False,False,True,False,False,False,False,False,True,False
13.6,40.6,0,184.95999999999998,0.9628120538059176,552.16,0,0,0,0,0,0,0,1,0,0,0,0,1,0,0,0,0,0,1,0,0,0,0,0,0,0,0,0,0,0,0,0,0,0,0,0,0,0,0,0,0,0,0,0,2,0,0,5,0,0,0,0,0,0,False,False,False,False,False,True,False,False,False,False,False,False,True
8.1,6.9,0,65.61,0.4207707634694058,55.89,0,0,0,0,0,0,0,0,0,1,0,0,0,0,1,0,0,0,1,0,1,0,0,0,0,0,0,0,0,0,0,0,0,0,0,0,0,0,0,0,0,0,1,0,3,0,0,5,0,0,1,0,0,1,False,False,False,False,False,False,False,True,False,False,False,False,True
5.2,4.4,0,27.040000000000003,-0.8660982942793378,22.880000000000003,0,0,0,0,0,0,0,0,0,0,1,0,1,1,0,1,1,0,0,0,0,1,0,0,0,0,0,0,0,0,0,0,0,0,0,0,0,0,0,0,0,0,1,2,2,0,0,5,1,0,0,0,1,0,False,False,False,False,False,False,False,True,False,False,False,True,False
12.2,33.8,0,148.83999999999997,-0.17166032634218054,412.35999999999996,0,0,0,0,0,0,1,0,0,0,0,1,1,0,0,0,1,1,0,1,1,0,0,0,0,0,0,0,0,0,0,0,0,0,0,0,0,0,0,0,0,0,2,1,2,0,0,5,0,1,0,0,0,0,False,False,False,True,False,False,False,False,False,False,False,False,True
15.0,41.6,0,225.0,1.1179184894194831,624.0,0,1,0,0,0,0,0,0,0,0,0,0,0,1,0,0,0,1,0,0,1,1,0,0,0,0,0,0,0,0,0,0,0,0,0,0,0,0,0,0,0,0,2,1,1,0,0,5,0,0,0,0,0,0,False,False,False,False,False,False,False,False,True,False,False,False,True
0.5,37.4,0,0.25,0.4436773303910782,18.7,0,0,0,0,0,0,0,1,0,0,0,0,1,0,0,0,1,1,0,0,0,1,0,0,0,0,0,0,0,0,0,0,0,0,0,0,0,0,0,0,0,0,0,2,3,0,0,5,0,0,0,0,1,0,False,False,False,True,False,False,False,False,False,False,True,False,False
7.8,3.9,1,60.839999999999996,-1.1234721058290866,30.419999999999998,0,0,1,0,0,0,0,0,0,0,0,0,0,0,0,0,0,0,0,0,0,0,0,0,1,0,1,0,0,0,0,1,0,0,0,0,0,0,0,0,0,0,0,0,0,0,1,5,0,0,0,0,0,0,False,False,False,False,False,False,False,True,False,False,False,False,True
11.5,5.7,0,132.25,-0.26270373193462715,65.55,0,0,0,0,0,0,0,1,0,0,0,0,1,0,0,0,0,0,0,0,0,0,0,0,0,0,0,0,0,0,0,0,0,0,0,1,0,0,0,0,0,0,0,0,2,0,0,5,0,0,0,0,0,0,False,False,False,False,False,False,False,False,False,True,False,False,True
9.8,23.3,0,96.04000000000002,0.2649066309024619,228.34000000000003,0,0,1,0,0,0,0,0,0,0,0,0,1,1,0,0,0,0,0,0,0,0,0,0,0,0,0,0,0,0,0,0,0,0,0,0,0,0,0,0,0,0,2,0,2,0,0,5,1,0,0,0,0,0,False,False,True,False,False,False,False,False,False,False,False,False,True
5.8,36.9,0,33.64,0.35821376695590346,214.01999999999998,0,0,0,1,0,0,0,0,0,0,0,1,0,0,0,1,0,0,0,0,0,0,0,0,0,0,0,0,0,0,0,0,0,0,0,0,0,0,0,0,0,0,0,0,1,0,0,5,0,0,0,0,0,0,False,False,False,True,False,False,False,False,False,False,False,True,False
6.5,5.4,0,42.25,-0.35135067117984037,35.1,0,0,0,0,0,0,0,1,0,0,0,0,0,1,0,0,0,1,1,0,0,0,0,0,0,0,0,0,0,0,0,0,0,0,0,0,0,0,0,0,0,0,1,0,2,0,0,5,0,0,0,0,0,0,False,False,False,False,False,False,False,True,False,False,False,True,False
3.8,29.1,0,14.44,1.4979879421350673,110.58,0,0,0,0,0,0,0,0,0,1,0,0,0,0,0,0,0,0,0,1,1,0,0,0,0,0,0,0,0,0,0,0,0,0,0,0,0,0,0,0,0,0,2,0,0,0,0,5,0,0,0,0,0,0,False,False,True,False,False,False,False,False,False,False,False,True,False
15.0,22.6,0,225.0,0.11608647265025109,339.0,0,0,0,0,1,0,0,0,0,0,0,1,0,0,0,1,0,1,0,0,1,0,0,0,0,0,0,0,0,0,0,0,0,0,0,0,0,0,0,0,0,0,2,0,3,0,0,5,0,0,0,0,0,0,False,False,True,False,False,False,False,False,False,False,False,False,True
6.0,42.3,0,36.0,1.281220252055791,253.79999999999998,0,0,0,0,0,0,0,1,0,0,0,0,1,0,0,0,0,1,0,1,0,0,0,0,0,0,0,0,0,0,0,0,0,0,0,0,0,0,0,0,0,0,1,0,3,0,0,5,0,1,0,0,0,0,False,False,False,True,False,False,False,False,False,False,False,True,False
4.9,6.2,0,24.010000000000005,-0.005760381888929726,30.380000000000003,0,0,0,0,0,0,0,1,0,0,0,0,1,0,1,0,0,1,0,0,1,0,0,0,0,0,0,0,0,0,0,0,0,0,0,0,0,0,0,0,0,0,2,0,3,0,0,5,0,0,1,0,0,0,False,False,False,False,False,False,False,False,False,True,False,True,False
13.6,5.8,0,184.95999999999998,-0.21131506192548785,78.88,0,1,0,0,0,0,0,0,0,0,0,0,0,0,0,0,0,0,0,0,0,0,0,0,0,0,0,0,0,0,0,1,0,0,0,0,0,0,0,0,0,0,0,0,0,0,0,5,0,0,0,0,0,0,False,False,False,False,False,False,False,False,False,True,False,False,True
0.7,17.1,0,0.48999999999999994,-1.053214770759978,11.97,0,1,0,0,0,0,0,0,0,0,0,0,0,0,0,0,0,0,0,0,0,0,0,0,0,0,1,0,0,0,0,0,0,0,0,0,0,0,0,0,0,0,0,0,0,0,0,5,0,0,0,0,0,0,False,False,True,False,False,False,False,False,False,False,True,False,False
9.5,6.4,0,90.25,0.09701695812934934,60.800000000000004,0,0,0,0,0,0,0,0,1,0,0,1,1,0,0,0,0,1,1,1,0,0,0,0,0,0,0,0,0,0,0,0,0,0,0,0,0,0,0,0,0,0,1,0,3,0,0,5,0,1,0,0,0,0,False,False,False,False,False,False,False,False,False,True,False,False,True
12.8,24.8,0,163.84000000000003,0.5753231596688648,317.44000000000005,0,0,1,0,0,0,0,0,0,0,0,0,0,0,0,0,0,0,0,1,0,0,0,1,0,0,0,0,0,0,0,0,0,0,0,0,0,0,0,0,0,0,1,0,3,0,0,5,0,0,0,1,0,0,False,True,False,False,False,False,False,False,False,False,False,False,True
14.5,5.2,0,210.25,-0.5196470819803246,75.4,0,1,0,0,0,0,0,0,0,0,0,0,0,0,0,0,0,0,0,0,0,0,0,1,0,0,1,0,0,0,0,0,0,0,0,0,0,0,0,0,0,0,0,0,1,0,0,5,0,0,0,0,0,0,False,False,False,False,False,False,False,False,False,True,False,False,True
6.9,27.5,0,47.61000000000001,-1.3972222147423494,189.75,0,1,0,0,0,0,0,0,0,0,0,0,0,0,0,0,0,0,1,0,0,0,0,0,0,0,0,0,0,0,0,0,1,0,0,0,0,0,0,0,0,0,0,0,1,0,0,5,0,0,0,0,0,0,False,False,False,False,False,True,False,False,False,False,False,True,False
0.7,25.7,0,0.48999999999999994,0.7751471734814707,17.99,0,0,0,0,0,0,0,0,1,0,0,1,0,1,0,0,0,1,0,0,0,1,0,0,0,0,0,0,0,0,0,0,0,0,0,0,0,0,0,0,0,0,1,1,1,0,0,5,0,0,0,0,0,0,False,False,True,False,False,False,False,False,False,False,True,False,False
5.0,5.8,0,25.0,-0.21131506192548785,29.0,0,0,0,1,0,0,0,0,0,0,0,1,1,1,0,0,1,0,0,1,0,0,0,0,0,0,0,0,0,0,0,0,0,0,0,0,0,0,0,0,0,0,3,1,1,0,0,5,1,1,0,0,0,0,False,False,False,False,False,False,False,False,False,True,False,True,False
11.1,23.6,0,123.21,0.3286866987248382,261.96,0,0,0,0,0,0,0,0,0,1,0,0,1,0,1,1,0,0,0,0,1,0,0,0,0,0,0,0,0,0,0,0,0,0,0,0,0,0,0,0,0,0,1,0,3,0,0,5,0,0,1,0,0,0,False,False,True,False,False,False,False,False,False,False,False,False,True
11.7,32.3,0,136.89,-0.3269089582662715,377.90999999999997,0,0,0,0,0,0,0,0,0,0,1,0,1,0,0,1,0,0,1,1,0,1,0,0,0,0,0,0,0,0,0,0,0,0,0,0,0,0,0,0,0,0,1,1,3,0,0,5,0,1,0,1,0,0,False,False,False,False,False,False,False,False,True,False,False,False,True
6.8,3.6,0,46.239999999999995,-1.277896392758936,24.48,0,1,0,0,0,0,0,0,0,0,0,0,0,0,0,0,1,0,1,1,1,0,0,0,0,0,0,0,0,0,0,0,0,0,0,0,0,0,0,0,0,0,2,1,1,0,0,5,0,0,0,0,0,0,False,False,False,False,False,False,False,True,False,False,False,True,False
4.8,20.7,0,23.04,-0.4604308441223007,99.36,0,1,0,0,0,0,0,0,0,0,0,0,0,0,1,0,0,1,1,0,0,0,0,0,0,0,0,0,0,0,0,0,0,0,0,0,0,0,0,0,0,0,0,0,3,0,0,5,0,0,0,0,0,1,True,False,False,False,False,False,False,False,False,False,False,True,False
3.2,32.8,0,10.240000000000002,-0.34258745321253015,104.96,0,0,0,0,0,0,0,0,0,1,0,0,1,0,0,0,0,1,1,0,0,1,0,0,0,0,0,0,0,0,0,0,0,0,0,0,0,0,0,0,0,0,0,1,4,0,0,5,0,0,0,0,0,0,False,False,False,True,False,False,False,False,False,False,False,True,False
9.3,44.0,0,86.49000000000001,1.5717963677353857,409.20000000000005,0,0,0,0,0,0,0,0,1,0,0,1,1,0,0,0,0,0,0,0,0,0,0,1,0,1,0,0,0,0,0,0,0,0,0,0,0,0,0,0,0,0,0,0,2,0,0,5,0,0,0,0,0,0,False,False,False,True,False,False,False,False,False,False,False,False,True
7.3,23.4,0,53.29,0.2697196566299713,170.82,0,0,0,0,1,0,0,0,0,0,0,1,1,0,1,0,0,1,0,0,1,0,0,0,0,0,0,0,0,0,0,0,0,0,0,0,0,0,0,0,0,0,1,0,3,0,0,5,0,0,1,0,0,0,False,True,False,False,False,False,False,False,False,False,False,False,True
1.3,32.7,0,1.6900000000000002,-0.48766975083620406,42.510000000000005,0,0,0,0,0,0,0,0,0,1,0,0,1,0,1,1,0,1,0,0,0,0,0,0,0,0,0,0,0,0,0,0,0,0,0,0,0,0,0,0,0,0,0,0,4,0,0,5,0,0,0,0,0,0,False,False,False,False,True,False,False,False,False,False,False,True,False
10.2,38.0,0,104.03999999999999,0.4944083058497728,387.59999999999997,0,0,0,0,0,0,0,0,0,0,1,0,0,1,0,0,1,0,1,1,0,0,0,0,0,0,0,0,0,0,0,0,0,0,0,0,0,0,0,0,0,0,2,1,1,0,0,5,0,0,0,0,0,0,False,False,False,False,False,True,False,False,False,False,False,False,True
8.5,29.9,0,72.25,1.468128719666919,254.14999999999998,0,0,0,0,1,0,0,0,0,0,0,1,1,1,0,1,0,0,1,0,0,0,0,0,0,0,0,0,0,0,0,0,0,0,0,0,0,0,0,0,0,0,1,0,4,0,0,5,1,0,0,0,0,0,True,False,False,False,False,False,False,False,False,False,False,False,True
5.8,6.0,0,33.64,-0.10853772190720878,34.8,0,0,0,0,0,0,0,0,1,0,0,1,1,0,0,0,0,0,0,0,1,0,0,0,0,0,0,0,0,0,0,0,0,0,0,0,0,0,0,0,0,0,1,0,2,0,0,5,0,0,0,0,0,0,False,False,False,False,False,False,False,False,False,True,False,True,False
5.8,33.2,0,33.64,-0.3703370749923397,192.56,0,0,0,1,0,0,0,0,0,0,0,1,0,0,1,0,1,0,0,0,0,1,0,0,0,0,0,0,0,0,0,0,0,0,0,0,0,0,0,0,0,0,0,2,1,0,0,5,0,0,0,0,1,0,False,False,False,False,False,True,False,False,False,False,False,True,False
2.9,25.8,0,8.41,-1.3367345937455613,74.82,0,0,0,1,0,0,0,0,0,0,0,1,0,1,0,0,0,0,0,0,1,1,0,0,0,0,0,0,0,0,0,0,0,0,0,0,0,0,0,0,0,0,3,1,0,0,0,5,0,0,0,0,0,0,False,False,False,False,False,False,False,False,True,False,False,True,False
7.3,15.0,0,53.29,-1.4996752455166114,109.5,0,0,0,0,0,0,1,0,0,0,0,1,1,1,0,0,1,0,0,0,1,0,0,0,0,0,0,0,0,0,0,0,0,0,0,0,0,0,0,0,0,0,2,2,1,0,0,5,1,0,0,0,0,0,False,False,True,False,False,False,False,False,False,False,False,False,True
14.4,26.0,1,207.36,0.5043228566487452,374.40000000000003,0,0,0,0,0,1,0,0,0,0,0,1,0,0,1,0,0,0,0,0,0,0,0,0,0,0,1,0,0,0,0,0,0,0,0,0,0,0,0,0,0,0,0,0,1,0,2,5,0,0,0,0,0,0,False,False,False,False,False,False,True,False,False,False,False,False,True
0.7,24.4,0,0.48999999999999994,-1.9388150785485474,17.08,0,0,0,0,0,0,0,0,1,0,0,1,0,0,0,0,0,0,0,0,0,0,0,0,0,1,0,0,0,0,0,0,0,0,0,0,0,0,0,0,0,0,0,0,0,0,0,5,0,0,0,0,0,0,False,False,False,False,True,False,False,False,False,False,True,False,False
10.0,3.0,0,100.0,-1.6501978221813933,30.0,0,1,0,0,0,0,0,0,0,0,0,0,0,0,0,0,0,1,0,0,1,1,0,0,0,0,0,0,0,0,0,0,0,0,0,0,0,0,0,0,0,0,1,1,1,0,0,5,0,0,0,0,0,0,False,False,False,False,False,False,False,False,False,True,False,False,True
9.5,25.1,0,90.25,0.4619237298638484,238.45000000000002,0,0,0,0,0,0,1,0,0,0,0,1,0,0,0,0,0,0,0,0,0,0,0,0,0,0,0,0,0,0,0,0,0,0,0,0,0,0,0,0,0,0,0,0,0,0,0,5,0,0,0,0,0,0,True,False,False,False,False,False,False,False,False,False,False,False,True
10.1,15.8,1,102.00999999999999,-1.3892707884383049,159.58,0,1,0,0,0,0,0,0,0,0,0,0,1,0,0,0,1,0,0,0,1,0,0,0,0,0,0,0,0,0,0,0,0,0,0,0,0,0,0,0,0,0,1,2,1,0,1,5,0,0,0,0,0,0,False,True,False,False,False,False,False,False,False,False,False,False,True
1.8,6.0,0,3.24,-0.042502097320142075,10.8,0,0,0,0,0,0,0,0,0,0,1,0,0,0,0,0,0,0,0,1,0,0,0,0,0,0,0,0,0,0,0,0,0,0,0,0,0,0,0,0,0,0,1,0,0,0,0,5,0,0,0,0,0,0,False,False,False,False,False,False,False,True,False,False,False,True,False
6.9,4.9,0,47.61000000000001,-0.6087244827295891,33.81,0,0,0,0,0,0,0,0,0,0,1,0,0,0,1,1,1,1,0,0,0,0,0,0,0,0,0,0,0,0,0,0,0,0,0,0,0,0,0,0,0,0,0,2,3,0,0,5,0,0,0,0,0,0,False,False,False,False,False,False,False,True,False,False,False,True,False
11.5,43.7,0,132.25,1.5205182296742814,502.55,0,0,0,0,0,0,0,0,0,0,1,0,0,0,1,1,0,0,0,1,0,0,0,0,0,0,0,0,0,0,0,0,0,0,0,0,0,0,0,0,0,0,1,0,2,0,0,5,0,0,0,1,0,0,False,False,False,True,False,False,False,False,False,False,False,False,True
6.5,29.7,1,42.25,-1.0121801102503045,193.04999999999998,0,0,0,0,0,1,0,0,0,0,0,1,0,0,1,1,1,0,1,0,0,0,0,0,0,0,0,0,0,0,0,0,0,0,0,0,0,0,0,0,0,0,0,1,4,0,0,5,0,0,0,0,0,1,False,False,False,False,True,False,False,False,False,False,False,True,False
12.6,31.8,0,158.76,-0.6450228586604344,400.68,0,1,0,0,0,0,0,0,0,0,0,0,1,0,0,0,0,0,0,0,0,0,0,0,0,0,0,0,0,0,0,0,0,0,0,0,0,0,0,0,0,0,0,0,1,0,0,5,0,0,0,0,0,0,False,False,False,False,True,False,False,False,False,False,False,False,True
2.4,22.1,0,5.76,-0.16695438876307114,53.04,0,0,0,0,0,0,0,0,0,1,0,0,0,1,1,0,0,0,0,0,0,0,0,0,0,0,0,0,0,0,0,0,0,1,0,0,0,0,0,0,0,0,1,0,1,1,0,5,0,0,0,0,0,0,True,False,False,False,False,False,False,False,False,False,False,True,False
3.8,35.2,0,14.44,0.06763765127630986,133.76,0,0,0,0,0,0,0,1,0,0,0,0,1,0,0,1,1,0,0,0,1,0,0,0,0,0,0,0,0,0,0,0,0,0,0,0,0,0,0,0,0,0,1,1,2,0,0,5,0,0,0,0,0,0,False,False,False,True,False,False,False,False,False,False,False,True,False
5.3,34.5,0,28.09,0.014878179895950328,182.85,0,0,0,0,0,0,0,0,0,0,1,0,1,1,0,0,0,0,0,1,0,1,0,0,0,0,0,0,0,0,0,0,0,0,0,0,0,0,0,0,0,0,2,1,1,0,0,5,1,1,0,0,0,0,False,False,False,False,False,False,False,False,True,False,False,True,False
10.8,6.1,0,116.64000000000001,-0.057149051898069486,65.88,0,1,0,0,0,0,0,0,0,0,0,0,0,0,1,0,0,0,0,0,0,0,0,1,0,0,0,0,0,0,0,0,0,0,0,0,0,0,0,0,0,0,0,0,3,0,0,5,0,0,0,0,0,0,False,False,False,False,False,False,False,False,False,True,False,False,True
10.4,40.2,0,108.16000000000001,0.8236061476990453,418.08000000000004,0,1,0,0,0,0,0,0,0,0,0,0,0,0,0,0,0,0,0,0,0,0,0,0,0,0,0,0,0,0,0,0,0,0,0,0,0,0,0,0,0,0,0,0,0,0,0,5,0,0,0,0,0,0,False,False,False,False,True,False,False,False,False,False,False,False,True
7.7,3.0,0,59.290000000000006,-1.5867449666186344,23.1,0,0,0,0,0,0,0,0,0,0,1,0,0,1,1,0,0,0,0,0,1,0,0,0,0,0,0,0,0,0,0,0,0,0,0,0,0,0,0,0,0,0,2,0,1,0,0,5,0,0,1,0,0,0,False,False,False,False,False,False,False,True,False,False,False,False,True
12.5,26.5,0,156.25,0.7554001852230772,331.25,0,0,0,1,0,0,0,0,0,0,0,1,0,0,1,0,0,0,1,1,0,0,0,0,0,0,0,0,0,0,0,0,0,0,1,0,0,0,0,0,0,0,1,0,2,0,0,5,0,0,0,0,0,1,True,False,False,False,False,False,False,False,False,False,False,False,True
4.7,25.8,1,22.090000000000003,0.793611376125217,121.26,0,0,0,0,0,0,0,0,0,0,1,0,1,0,0,0,1,0,0,0,0,0,0,0,0,0,0,0,0,0,0,0,0,0,0,0,0,0,0,1,0,0,0,1,1,0,1,5,0,0,0,0,0,0,False,True,False,False,False,False,False,False,False,False,False,True,False
1.1,31.3,1,1.2100000000000002,-0.7324412518961176,34.43000000000001,0,0,0,0,0,0,1,0,0,0,0,1,1,0,0,0,0,0,0,0,0,0,0,0,0,0,0,1,0,0,0,0,0,0,0,0,0,0,0,0,0,0,0,0,1,0,1,5,0,0,0,0,0,0,False,False,False,False,True,False,False,False,False,False,False,True,False
6.7,30.9,0,44.89,-0.6673489942661941,207.03,0,0,0,0,1,0,0,0,0,0,0,1,1,0,0,0,0,0,0,0,0,1,0,0,0,0,0,0,0,0,0,0,0,0,0,0,0,0,0,0,0,0,0,1,2,0,0,5,0,0,0,0,0,0,False,False,False,True,False,False,False,False,False,False,False,True,False
5.4,23.7,0,29.160000000000004,-1.6629859529004092,127.98,0,1,0,0,0,0,0,0,0,0,0,0,1,0,0,0,0,0,0,0,0,0,0,0,0,0,0,0,0,0,0,0,0,0,0,0,0,0,0,0,0,0,0,0,1,0,0,5,0,0,0,0,0,0,False,False,False,False,False,False,False,False,True,False,False,True,False
9.3,16.2,0,86.49000000000001,-1.40374802206268,150.66,0,0,0,1,0,0,0,0,0,0,0,1,0,0,0,0,0,0,0,0,0,0,1,0,1,0,0,0,1,1,1,0,0,0,0,0,0,0,0,0,0,0,0,0,1,0,0,5,0,0,0,0,0,0,True,False,False,False,False,False,False,False,False,False,False,False,True
0.5,6.1,0,0.25,-0.057149051898069486,3.05,0,0,0,1,0,0,0,0,0,0,0,1,1,1,0,1,0,0,0,0,0,0,0,0,0,0,0,0,0,0,0,0,0,0,0,0,0,0,0,0,0,0,2,0,2,0,0,5,1,0,0,0,0,0,False,False,False,False,False,False,False,False,False,True,True,False,False
2.9,6.7,0,8.41,0.2511829681567677,19.43,0,0,0,1,0,0,0,0,0,0,0,1,0,1,0,0,0,1,0,0,1,0,0,0,0,0,0,0,0,0,0,0,0,0,0,0,0,0,0,0,0,0,2,0,1,0,0,5,0,0,0,0,0,0,False,False,False,False,False,False,False,False,False,True,False,True,False
4.6,5.0,0,21.159999999999997,-0.6224244219986037,23.0,0,0,0,1,0,0,0,0,0,0,0,1,1,1,0,0,0,1,0,0,1,0,0,0,0,0,0,0,0,0,0,0,0,0,0,0,0,0,0,0,0,0,3,0,2,0,0,5,1,0,0,0,0,0,False,False,False,False,False,False,False,False,False,True,False,True,False
7.1,45.0,0,50.41,1.6628227227616044,319.5,0,1,0,0,0,0,0,0,0,0,0,0,0,1,0,0,0,0,0,0,0,0,0,1,0,0,0,0,0,0,0,0,0,0,0,0,0,0,0,0,0,1,1,0,1,0,0,5,0,0,0,0,0,0,False,False,False,False,True,False,False,False,False,False,False,False,True
6.4,23.3,0,40.96000000000001,0.2649066309024619,149.12,0,0,0,0,0,0,0,1,0,0,0,0,0,0,0,0,0,1,1,0,1,1,0,0,0,0,0,0,0,0,0,0,0,0,0,0,0,0,0,0,0,0,2,1,2,0,0,5,0,0,0,0,0,0,False,False,True,False,False,False,False,False,False,False,False,True,False
9.4,41.2,0,88.36000000000001,1.0932004124984074,387.28000000000003,0,0,0,0,0,0,0,0,0,1,0,0,0,0,0,0,0,1,0,0,0,0,0,0,0,0,0,0,0,0,0,0,0,0,0,0,0,0,0,0,0,0,0,0,1,0,0,5,0,0,0,0,0,0,False,False,False,True,False,False,False,False,False,False,False,False,True
1.1,6.5,0,1.2100000000000002,0.21487171422960663,7.15,0,0,0,1,0,0,0,0,0,0,0,1,0,0,0,0,0,0,1,1,0,1,0,0,0,0,0,0,0,0,0,0,0,0,0,0,0,0,0,0,0,0,2,1,1,0,0,5,0,0,0,0,0,0,False,False,False,False,False,False,False,True,False,False,False,True,False
11.3,30.0,0,127.69000000000001,1.48909132362115,339.0,0,0,0,0,0,0,0,1,0,0,0,0,0,1,0,1,1,0,0,0,0,0,0,0,0,0,0,0,0,0,0,0,0,0,0,0,0,0,0,0,0,0,2,2,1,0,0,5,0,0,0,0,0,0,True,False,False,False,False,False,False,False,False,False,False,False,True
10.2,10.3,0,104.03999999999999,-1.0943166256267218,105.06,0,0,0,0,1,0,0,0,0,0,0,1,0,0,0,0,0,0,0,0,0,0,0,0,0,0,0,1,0,0,0,0,0,0,0,0,0,0,0,0,0,0,0,0,1,0,0,5,0,0,0,0,0,0,False,False,False,False,False,False,True,False,False,False,False,False,True
5.7,24.1,0,32.49,0.31085693204216014,137.37,0,0,0,0,0,0,1,0,0,0,0,1,0,1,0,0,1,0,0,0,0,0,0,0,0,0,0,0,0,0,0,0,0,0,0,0,1,0,0,0,0,0,1,1,0,1,0,5,0,0,0,0,0,0,False,False,False,False,False,False,True,False,False,False,False,True,False
2.2,23.1,0,4.840000000000001,0.22238658568754463,50.82000000000001,0,0,0,1,0,0,0,0,0,0,0,1,0,1,0,1,1,0,0,0,0,0,0,0,0,0,0,0,0,0,0,0,0,0,0,0,0,0,0,0,0,0,1,1,3,0,0,5,0,0,0,0,0,0,False,False,True,False,False,False,False,False,False,False,False,True,False
0.8,43.4,0,0.6400000000000001,1.4672468592971497,34.72,0,1,0,0,0,0,0,0,0,0,0,0,0,0,0,0,0,0,1,0,0,0,0,0,0,0,0,0,0,0,0,0,0,0,0,0,0,0,0,0,0,0,0,0,1,0,0,5,0,0,0,0,0,0,False,False,False,False,False,True,False,False,False,False,True,False,False
13.9,28.9,0,193.21,-1.1450048119967333,401.71,0,0,0,0,0,0,1,0,0,0,0,1,0,0,0,0,1,0,0,0,0,0,1,1,0,0,0,0,0,0,0,0,0,0,0,0,0,0,0,0,0,0,0,1,2,0,0,5,0,0,0,0,0,0,False,False,False,False,False,True,False,False,False,False,False,False,True
8.9,28.9,1,79.21000000000001,1.2585026801246124,257.21,0,0,0,0,0,0,0,0,0,1,0,0,0,0,0,0,0,0,0,0,0,0,1,0,0,0,0,0,0,0,0,0,0,0,0,0,0,0,0,0,0,0,0,0,1,0,1,5,0,0,0,0,0,0,True,False,False,False,False,False,False,False,False,False,False,False,True
5.0,35.7,1,25.0,0.20130752798443513,178.5,0,0,0,0,0,1,0,0,0,0,0,1,0,0,0,1,1,0,0,0,1,0,0,0,0,0,0,0,0,0,0,0,0,0,0,0,0,0,0,0,0,0,2,1,2,0,0,5,0,0,0,0,0,0,False,False,False,False,False,False,False,False,True,False,False,True,False
0.5,4.9,0,0.25,-0.6087244827295891,2.45,0,0,0,0,0,0,0,1,0,0,0,0,0,1,0,0,1,0,1,0,0,0,0,0,0,0,0,0,0,0,0,0,0,0,0,0,0,0,0,0,0,0,1,1,1,0,0,5,0,0,0,0,0,0,False,False,False,False,False,False,False,True,False,False,True,False,False
11.5,40.7,0,132.25,0.97809647835312,468.05,0,1,0,0,0,0,0,0,0,0,0,0,0,0,0,0,0,0,0,0,0,0,1,0,0,0,0,0,0,0,0,0,0,1,0,0,0,0,0,0,0,0,0,0,1,0,0,5,0,0,0,0,0,0,False,False,False,False,False,False,False,False,True,False,False,False,True
6.7,17.4,1,44.89,-1.1521967746119124,116.58,0,0,0,0,0,1,0,0,0,0,0,1,1,0,0,0,0,1,0,0,0,0,0,0,0,0,0,0,0,0,0,0,0,0,0,0,0,0,0,0,0,0,0,0,3,0,0,5,0,0,0,0,0,0,True,False,False,False,False,False,False,False,False,False,False,True,False
7.9,36.2,1,62.410000000000004,0.2789864230213036,285.98,0,0,0,0,0,1,0,0,0,0,0,1,1,1,0,1,1,0,0,1,0,0,0,0,0,0,0,0,0,0,0,0,0,0,0,0,0,0,0,0,0,0,2,1,2,0,0,5,1,1,0,1,0,0,False,False,False,False,False,False,False,False,True,False,False,False,True
9.0,41.2,0,81.0,0.9984429341704119,370.8,0,0,0,0,1,0,0,0,0,0,0,1,0,1,1,1,0,0,0,1,0,0,0,0,0,0,0,0,0,0,0,0,0,0,0,0,0,0,0,0,0,0,2,0,2,0,0,5,0,0,0,1,0,0,False,False,False,False,True,False,False,False,False,False,False,False,True
14.9,45.0,0,222.01000000000002,1.7554953195778542,670.5,0,1,0,0,0,0,0,0,0,0,0,0,0,0,0,0,1,0,0,0,0,0,0,0,0,0,0,0,0,0,0,0,0,0,0,0,0,0,0,0,0,0,0,1,1,0,0,5,0,0,0,0,0,0,False,False,False,False,False,True,False,False,False,False,False,False,True
13.3,30.1,1,176.89000000000001,1.7105881682096544,400.33000000000004,0,0,0,0,0,0,0,1,0,0,0,0,0,0,0,1,0,0,0,0,0,0,0,0,0,0,0,0,0,0,0,0,0,0,0,0,0,0,0,0,0,0,0,0,1,0,1,5,0,0,0,0,0,0,False,False,True,False,False,False,False,False,False,False,False,False,True
0.5,29.5,1,0.25,1.3842783038499966,14.75,0,1,0,0,0,0,0,0,0,0,0,0,0,0,0,1,1,0,1,0,0,0,0,0,0,0,0,0,0,0,0,0,0,0,0,0,0,0,0,0,0,0,0,1,2,0,1,5,0,0,0,0,0,0,True,False,False,False,False,False,False,False,False,False,True,False,False
6.0,38.2,0,36.0,0.4739325747563121,229.20000000000002,0,0,0,1,0,0,0,0,0,0,0,1,0,0,0,1,0,1,0,1,0,0,0,0,0,0,0,0,0,0,0,0,0,0,0,0,0,0,0,0,0,0,1,0,2,0,0,5,0,0,0,1,0,0,False,False,False,False,True,False,False,False,False,False,False,True,False
1.6,24.0,1,2.5600000000000005,0.3006745149576029,38.400000000000006,0,0,0,0,0,1,0,0,0,0,0,1,1,0,0,0,0,1,0,0,0,0,0,0,0,0,0,0,0,0,0,0,0,0,0,0,0,0,0,0,0,0,0,0,2,0,1,5,0,0,0,0,0,0,False,False,False,False,False,False,True,False,False,False,False,True,False
6.1,29.6,0,37.209999999999994,-0.7463749914653606,180.56,0,1,0,0,0,0,0,0,0,0,0,0,0,0,0,0,0,0,0,0,0,0,1,0,0,0,0,0,0,0,0,0,0,0,0,0,0,0,0,0,0,0,0,0,1,0,0,5,0,0,0,0,0,0,False,False,False,False,False,False,False,False,True,False,False,True,False
1.0,27.4,0,1.0,-1.4152377435098937,27.4,0,0,0,0,0,0,0,0,0,0,1,0,1,0,0,0,0,0,0,0,0,0,0,0,0,0,0,0,0,0,0,0,0,0,0,0,0,0,0,0,0,0,0,0,1,0,0,5,0,0,0,0,0,0,False,False,False,False,False,True,False,False,False,False,True,False,False
14.6,7.7,0,213.16,0.8325688619490037,112.42,0,0,0,0,0,0,0,0,1,0,0,1,0,0,0,0,1,1,0,0,0,1,0,0,0,0,0,0,0,0,0,0,0,0,0,0,0,0,0,0,0,0,0,3,1,0,0,5,0,0,0,0,1,0,False,False,False,False,False,False,False,True,False,False,False,False,True
8.2,15.9,0,67.24,-1.3674419667926698,130.38,0,0,0,0,0,0,0,0,0,1,0,0,0,0,0,0,1,0,0,1,1,0,0,0,0,0,0,0,0,0,0,0,0,0,0,0,0,0,0,0,0,0,2,2,0,0,0,5,0,0,0,0,0,0,False,True,False,False,False,False,False,False,False,False,False,False,True
8.2,8.8,0,67.24,1.3303450383486972,72.16,0,0,0,0,1,0,0,0,0,0,0,1,1,0,0,0,1,1,0,0,1,0,0,0,0,0,0,0,0,0,0,0,0,0,0,0,0,0,0,0,0,0,1,1,2,0,0,5,0,0,0,0,0,0,False,False,False,False,False,False,False,False,False,True,False,False,True
12.8,3.2,1,163.84000000000003,-1.4837954419987347,40.96000000000001,0,0,0,0,0,0,1,0,0,0,0,1,0,0,0,0,0,0,0,0,0,0,0,0,0,0,0,0,0,0,0,0,0,0,0,0,0,0,0,0,0,0,0,0,0,0,0,5,0,0,0,0,0,0,False,False,False,False,False,False,False,True,False,False,False,False,True
2.7,37.1,0,7.290000000000001,0.39239919232997383,100.17000000000002,0,0,0,0,1,0,0,0,0,0,0,1,0,0,0,1,1,0,0,1,0,1,0,0,0,0,0,0,0,0,0,0,0,0,0,0,0,0,0,0,0,0,1,2,1,0,0,5,0,0,0,1,1,0,False,False,False,True,False,False,False,False,False,False,False,True,False
12.7,21.4,0,161.29,0.03593167075911775,271.78,0,0,0,0,0,0,0,0,0,0,1,0,1,0,1,0,0,1,1,0,0,0,0,0,0,0,0,0,0,0,0,0,0,0,0,0,0,0,0,0,0,0,0,0,5,0,0,5,0,0,0,0,0,1,False,False,False,False,False,False,True,False,False,False,False,False,True
4.9,26.9,1,24.010000000000005,-1.501723112370131,131.81,0,0,0,0,0,0,1,0,0,0,0,1,1,1,0,0,0,0,0,0,1,0,0,0,0,0,0,0,0,0,0,0,0,0,0,0,0,0,0,0,0,0,3,0,1,0,1,5,1,0,0,0,0,0,False,False,False,False,True,False,False,False,False,False,False,True,False
3.7,37.4,1,13.690000000000001,0.38631513324450845,138.38,0,0,0,0,1,0,0,0,0,0,0,1,0,1,0,0,0,1,0,1,0,0,0,0,0,0,0,0,0,0,0,0,0,0,0,0,0,0,0,0,0,0,2,0,1,0,1,5,0,0,0,0,0,0,False,False,False,False,False,True,False,False,False,False,False,True,False
1.6,28.6,0,2.5600000000000005,-1.0604813860679976,45.760000000000005,0,1,0,0,0,0,0,0,0,0,0,0,1,1,0,0,0,0,0,1,0,0,0,0,0,0,0,0,0,0,0,0,0,0,0,0,0,0,0,0,0,0,2,0,1,0,0,5,1,1,0,0,0,0,False,False,False,True,False,False,False,False,False,False,False,True,False
0.8,33.1,0,0.6400000000000001,-0.20262272620728122,26.480000000000004,0,0,0,0,0,0,0,0,1,0,0,1,0,0,0,0,0,0,0,0,0,0,0,0,0,0,0,0,0,0,0,0,0,0,0,0,0,0,0,0,0,0,0,0,1,0,0,5,0,0,0,0,0,0,False,False,False,False,False,False,False,False,True,False,True,False,False
13.3,7.5,0,176.89000000000001,0.7296193373291041,99.75,0,0,1,0,0,0,0,0,0,0,0,0,0,0,0,0,0,0,0,0,0,0,0,0,0,0,0,0,0,0,0,0,0,0,0,0,0,0,0,0,0,0,0,0,1,0,0,5,0,0,0,0,0,0,False,False,False,False,False,False,False,True,False,False,False,False,True
6.3,35.6,0,39.69,0.019356929930758764,224.28,0,0,1,0,0,0,0,0,0,0,0,0,0,1,0,1,0,0,0,0,0,1,0,0,0,0,0,0,0,0,0,0,0,0,0,0,0,0,0,0,0,0,1,2,1,0,0,5,0,0,0,0,0,0,False,False,False,False,True,False,False,False,False,False,False,True,False
13.5,15.8,1,182.25,-1.3892707884383049,213.3,0,0,0,0,0,1,0,0,0,0,0,1,0,0,0,0,0,0,0,0,0,0,0,0,0,0,0,0,0,0,0,0,0,0,0,0,0,0,0,0,0,0,0,0,1,0,0,5,0,0,0,0,0,0,False,True,False,False,False,False,False,False,False,False,False,False,True
6.6,33.6,0,43.559999999999995,-0.3303166430119744,221.76,0,0,0,0,0,0,0,0,0,1,0,0,0,1,0,1,0,0,0,0,1,0,0,0,0,0,0,0,0,0,0,0,0,0,0,0,0,0,0,0,0,0,3,0,1,0,0,5,0,0,0,0,0,0,False,False,False,False,True,False,False,False,False,False,False,True,False
1.7,22.5,0,2.8899999999999997,0.14793825868924615,38.25,0,0,0,1,0,0,0,0,0,0,0,1,0,0,0,0,0,0,0,0,0,0,0,0,0,0,1,1,0,0,0,0,0,0,0,0,0,0,0,0,0,0,0,0,0,0,0,5,0,0,0,0,0,0,False,False,False,False,False,False,True,False,False,False,False,True,False
2.7,27.1,1,7.290000000000001,-1.316872076373522,73.17,0,0,0,1,0,0,0,0,0,0,0,1,1,0,0,0,0,0,0,0,0,0,0,0,0,0,0,0,0,0,0,0,0,0,0,0,0,1,0,1,0,0,0,0,1,0,1,5,0,0,0,0,0,0,False,False,False,True,False,False,False,False,False,False,False,True,False
9.5,38.3,0,90.25,0.5975117445743926,363.84999999999997,0,0,1,0,0,0,0,0,0,0,0,0,0,0,1,1,0,1,1,0,0,0,0,0,0,0,0,0,0,0,0,0,0,0,0,0,0,0,0,0,0,0,0,0,4,0,0,5,0,0,0,0,0,1,False,False,False,True,False,False,False,False,False,False,False,False,True
7.6,15.0,1,57.76,-1.4996752455166114,114.0,0,0,0,0,0,0,0,0,0,1,0,0,0,1,0,1,0,0,0,0,0,1,0,0,0,0,0,0,0,0,0,0,0,0,0,0,0,0,0,0,0,0,1,1,2,0,1,5,0,0,0,0,0,0,False,False,True,False,False,False,False,False,False,False,False,False,True
0.5,29.5,0,0.25,1.5830280325649018,14.75,0,0,0,1,0,0,0,0,0,0,0,1,0,1,1,0,0,0,1,1,0,0,0,0,0,0,0,0,0,0,0,0,0,0,0,0,0,0,0,0,0,0,2,0,2,0,0,5,0,0,0,0,0,1,False,False,True,False,False,False,False,False,False,False,True,False,False
7.7,27.6,1,59.290000000000006,0.9859888287196147,212.52,0,0,0,0,0,1,0,0,0,0,0,1,1,1,1,0,0,0,0,0,0,0,0,0,0,0,0,0,0,0,0,0,0,0,0,0,0,0,0,0,0,0,2,0,2,0,0,5,1,0,0,0,0,0,True,False,False,False,False,False,False,False,False,False,False,False,True
13.5,32.7,0,182.25,-0.4604147188300598,441.45000000000005,0,0,1,0,0,0,0,0,0,0,0,0,0,0,0,0,1,0,0,0,0,0,1,1,0,0,0,0,0,0,0,0,0,0,0,0,0,0,0,0,0,0,0,1,2,0,0,5,0,0,0,0,0,0,False,False,False,False,False,True,False,False,False,False,False,False,True
5.4,4.5,0,29.160000000000004,-0.8146235319693882,24.3,0,0,0,0,0,0,0,0,0,0,1,0,0,1,0,1,1,0,0,0,1,1,0,0,0,0,0,0,0,0,0,0,0,0,0,0,0,0,0,0,0,0,2,2,1,0,0,5,0,0,0,0,1,0,False,False,False,False,False,False,False,True,False,False,False,True,False
15.3,21.9,0,234.09000000000003,-0.057712668054556986,335.07,0,0,0,0,0,0,0,1,0,0,0,0,1,0,0,0,0,0,0,0,0,0,0,0,0,0,0,0,0,0,0,0,0,0,0,0,0,0,0,0,0,0,0,0,1,0,0,5,0,0,0,0,0,0,False,True,False,False,False,False,False,False,False,False,False,False,True
14.9,37.4,0,222.01000000000002,0.38631513324450845,557.26,0,0,0,0,0,0,0,1,0,0,0,0,0,0,1,1,1,0,0,0,1,0,0,0,0,0,0,0,0,0,0,0,0,0,0,0,0,0,0,0,0,0,1,1,2,0,0,5,0,0,1,0,0,0,False,False,False,False,False,True,False,False,False,False,False,False,True
12.6,40.4,0,158.76,0.8585735049933179,509.03999999999996,0,0,0,0,0,0,0,1,0,0,0,0,0,0,0,0,0,1,0,0,0,0,0,0,0,1,0,0,0,0,0,0,0,0,0,0,0,0,0,0,1,0,1,0,1,0,0,5,0,0,0,0,0,0,False,False,False,False,True,False,False,False,False,False,False,False,True
10.2,28.2,0,104.03999999999999,-0.9638758975685927,287.64,0,0,0,0,0,0,1,0,0,0,0,1,0,1,0,0,0,0,0,1,0,0,0,0,0,0,0,0,0,0,0,0,0,0,0,0,0,0,0,0,0,0,5,0,0,0,0,5,0,0,0,0,0,0,False,False,False,False,False,False,False,False,True,False,False,False,True
8.9,9.9,0,79.21000000000001,1.9650136327678982,88.11000000000001,0,1,0,0,0,0,0,0,0,0,0,0,1,1,0,0,0,0,1,0,1,0,0,0,0,0,0,0,0,0,0,0,0,0,0,0,0,0,0,0,0,0,3,0,2,0,0,5,1,0,0,0,0,0,False,False,False,False,False,False,False,True,False,False,False,False,True
15.0,29.0,0,225.0,-0.839589665509603,435.0,0,0,0,0,0,0,0,0,0,0,1,0,1,1,1,0,0,1,0,0,0,0,0,0,0,0,0,0,0,0,0,0,0,0,0,0,0,0,0,0,0,0,1,0,4,0,0,5,1,0,0,0,0,0,False,False,False,False,False,False,False,False,True,False,False,False,True
4.8,40.2,0,23.04,0.8236061476990453,192.96,0,0,0,1,0,0,0,0,0,0,0,1,1,0,0,1,0,1,0,1,0,0,0,0,0,0,0,0,0,0,0,0,0,0,0,0,0,0,0,0,0,0,1,0,3,0,0,5,0,1,0,1,0,0,False,False,False,False,True,False,False,False,False,False,False,True,False
1.0,15.0,0,1.0,-1.5639013616033868,15.0,0,0,0,0,0,0,0,0,1,0,0,1,0,0,1,0,1,1,0,0,0,0,0,0,0,0,0,0,0,0,0,0,0,0,0,0,0,0,0,0,0,0,0,1,2,0,0,5,0,0,0,0,0,0,False,True,False,False,False,False,False,False,False,False,True,False,False
4.9,42.4,0,24.010000000000005,1.208247077936051,207.76000000000002,0,0,0,0,0,0,0,0,1,0,0,1,1,0,1,1,1,0,0,0,0,0,0,0,0,0,0,0,0,0,0,0,0,0,0,0,0,0,0,0,0,0,0,1,4,0,0,5,0,0,0,0,0,0,False,False,False,False,True,False,False,False,False,False,False,True,False
3.3,5.9,0,10.889999999999999,-0.15992639191634808,19.47,0,0,0,0,0,0,0,0,1,0,0,1,1,0,1,0,0,0,0,0,0,0,0,0,0,0,0,0,0,0,0,0,0,0,0,0,0,0,0,0,0,0,0,0,3,0,0,5,0,0,0,0,0,0,False,False,False,False,False,False,False,False,False,True,False,True,False
1.9,6.8,0,3.61,0.36929600115945577,12.92,0,0,0,0,0,0,0,0,0,0,1,0,0,0,0,0,0,0,0,1,0,0,0,0,0,0,0,0,0,0,0,0,0,0,0,0,0,0,0,0,0,0,1,0,0,0,0,5,0,0,0,0,0,0,False,False,False,False,False,False,False,True,False,False,False,True,False
10.6,32.9,0,112.36,1.2069096354831859,348.73999999999995,0,0,0,0,0,0,0,0,1,0,0,1,0,0,1,1,0,0,0,1,1,0,0,0,0,0,0,0,0,0,0,0,0,0,0,0,0,0,0,0,0,0,2,0,3,0,0,5,0,0,1,1,0,0,False,False,False,False,False,False,True,False,False,False,False,False,True
3.2,24.8,0,10.240000000000002,0.5838069700143426,79.36000000000001,0,1,0,0,0,0,0,0,0,0,0,0,1,0,0,0,0,0,0,0,0,0,1,0,0,1,0,0,0,0,0,0,0,0,0,0,0,1,0,0,0,0,0,0,2,0,0,5,0,0,0,0,0,0,False,False,True,False,False,False,False,False,False,False,False,True,False
6.7,36.0,1,44.89,0.20437935277258903,241.20000000000002,0,0,0,0,0,1,0,0,0,0,0,1,1,1,0,1,0,0,0,0,0,0,0,0,0,0,0,0,0,0,0,0,0,0,0,0,0,0,0,0,0,0,2,0,2,0,0,5,1,0,0,0,0,0,False,False,False,True,False,False,False,False,False,False,False,True,False
4.6,45.0,1,21.159999999999997,1.6461349756701886,206.99999999999997,0,0,0,0,0,1,0,0,0,0,0,1,1,1,0,0,0,0,0,0,0,0,0,0,0,0,0,0,0,0,0,0,0,0,0,0,0,0,0,0,0,0,2,0,1,0,0,5,1,0,0,0,0,0,False,False,False,False,False,False,False,False,True,False,False,True,False
7.3,31.5,0,53.29,-0.4511951903252606,229.95,0,0,0,1,0,0,0,0,0,0,0,1,0,0,0,0,0,0,0,0,0,0,1,0,0,0,0,0,0,0,0,0,1,0,0,0,0,0,0,0,0,0,0,0,1,0,0,5,0,0,0,0,0,0,False,False,False,False,False,False,False,False,True,False,False,False,True
10.7,30.0,0,114.48999999999998,1.6893281456021954,321.0,0,0,0,0,0,0,0,1,0,0,0,0,0,0,1,1,0,0,0,0,1,0,0,0,0,0,0,0,0,0,0,0,0,0,0,0,0,0,0,0,0,0,1,0,3,0,0,5,0,0,1,0,0,0,False,False,True,False,False,False,False,False,False,False,False,False,True
0.5,4.9,0,0.25,-0.673813092007743,2.45,0,0,1,0,0,0,0,0,0,0,0,0,0,1,1,1,0,1,0,0,0,0,0,0,0,0,0,0,0,0,0,0,0,0,0,0,0,0,0,0,0,0,1,0,3,0,0,5,0,0,0,0,0,0,False,False,False,False,False,False,False,False,False,True,True,False,False
13.1,17.1,0,171.60999999999999,-1.1054961070450469,224.01000000000002,0,0,0,0,0,0,0,0,0,1,0,0,1,0,0,0,0,0,0,0,0,0,0,0,0,0,0,0,0,0,0,0,0,0,0,0,0,0,0,0,0,0,0,0,1,0,0,5,0,0,0,0,0,0,False,True,False,False,False,False,False,False,False,False,False,False,True
1.3,32.5,0,1.6900000000000002,-0.3938655912736345,42.25,0,0,0,0,0,0,0,0,0,0,1,0,0,1,1,0,1,0,0,0,0,0,0,0,0,0,0,0,0,0,0,0,0,0,0,0,0,0,0,0,0,0,3,1,1,0,0,5,0,0,0,0,0,0,False,False,False,True,False,False,False,False,False,False,False,True,False
10.2,9.8,0,104.03999999999999,1.8442317384400921,99.96,0,1,0,0,0,0,0,0,0,0,0,0,0,0,0,0,0,1,0,0,0,0,0,0,0,0,0,0,0,0,0,0,0,0,0,0,0,0,0,0,0,0,0,0,3,0,0,5,0,0,0,0,0,0,False,False,False,False,False,False,False,False,False,True,False,False,True
5.7,9.8,0,32.49,-1.1452287110495074,55.86000000000001,0,0,0,0,0,0,0,0,0,1,0,0,0,1,0,0,0,0,0,0,1,0,0,0,0,0,0,0,0,0,1,0,0,0,0,0,0,0,0,0,0,0,3,0,1,0,0,5,0,0,0,0,0,0,False,False,False,False,False,False,True,False,False,False,False,True,False
8.3,16.5,0,68.89000000000001,-1.1807749064047306,136.95000000000002,0,0,0,0,1,0,0,0,0,0,0,1,1,0,0,0,1,0,0,0,1,0,0,0,1,0,0,0,0,0,0,0,0,0,1,0,0,0,0,0,0,0,1,1,1,0,0,5,0,0,0,0,0,0,False,False,True,False,False,False,False,False,False,False,False,False,True
10.8,31.6,0,116.64000000000001,-0.6585855352730443,341.28000000000003,0,0,0,0,0,0,1,0,0,0,0,1,1,0,0,0,0,0,1,0,0,1,0,0,0,0,0,0,0,0,0,0,0,0,0,0,0,0,0,0,0,0,0,1,2,0,0,5,0,0,0,0,0,0,False,False,False,False,False,True,False,False,False,False,False,False,True
2.9,42.3,0,8.41,1.1907633992889142,122.66999999999999,0,0,1,0,0,0,0,0,0,0,0,0,1,0,0,0,0,0,0,0,0,0,0,0,0,0,0,0,0,0,0,0,0,0,0,0,0,0,0,0,0,0,0,0,1,0,0,5,0,0,0,0,0,0,False,False,False,False,True,False,False,False,False,False,False,True,False
14.7,34.6,0,216.08999999999997,-0.1554798565406078,508.62,0,0,0,0,0,0,0,1,0,0,0,0,0,0,0,0,0,0,0,0,0,0,1,0,1,0,0,0,1,1,0,0,0,0,0,0,0,0,0,0,0,0,0,0,1,0,0,5,0,0,0,0,0,0,False,False,False,False,True,False,False,False,False,False,False,False,True
13.3,24.8,0,176.89000000000001,0.5753231596688648,329.84000000000003,0,0,0,1,0,0,0,0,0,0,0,1,0,0,1,1,1,0,1,0,1,0,0,0,0,0,0,0,0,0,0,0,0,0,0,0,0,0,0,0,0,0,1,1,3,0,0,5,0,0,1,0,0,1,False,True,False,False,False,False,False,False,False,False,False,False,True
15.0,28.0,0,225.0,1.2641276934530212,420.0,0,1,0,0,0,0,0,0,0,0,0,0,0,0,1,1,1,0,1,0,0,0,0,0,0,0,0,0,0,0,0,0,0,0,0,0,0,0,0,0,0,0,0,1,4,0,0,5,0,0,0,0,0,1,False,False,True,False,False,False,False,False,False,False,False,False,True
5.3,3.3,0,28.09,-1.496031812153975,17.49,0,0,1,0,0,0,0,0,0,0,0,0,1,0,0,0,1,0,1,0,0,0,0,0,0,0,0,0,0,0,0,0,0,0,0,0,0,0,0,0,0,0,1,1,2,0,0,5,0,0,0,0,0,0,False,False,False,False,False,False,False,False,False,True,False,True,False
12.3,44.4,0,151.29000000000002,1.6401672184835254,546.12,0,0,0,0,1,0,0,0,0,0,0,1,1,0,0,0,0,0,0,0,0,0,0,0,0,0,1,0,0,0,0,0,0,0,0,0,0,0,0,0,0,0,0,0,2,0,0,5,0,0,0,0,0,0,False,False,False,True,False,False,False,False,False,False,False,False,True
4.6,6.6,0,21.159999999999997,0.2663464765395562,30.359999999999996,0,1,0,0,0,0,0,0,0,0,0,0,0,0,0,1,1,0,1,0,1,0,0,0,0,0,0,0,0,0,0,0,0,0,0,0,0,0,0,0,0,0,1,1,2,0,0,5,0,0,0,0,0,0,False,False,False,False,False,False,False,True,False,False,False,True,False
5.7,3.4,1,32.49,-1.4446431421448356,19.38,0,0,0,0,0,1,0,0,0,0,0,1,0,0,0,0,0,0,0,0,0,0,1,0,1,0,0,0,1,1,1,0,0,0,0,0,0,0,0,0,0,0,0,0,1,0,0,5,0,0,0,0,0,0,False,False,False,False,False,False,False,False,False,True,False,True,False
13.7,8.4,0,187.68999999999997,1.124790358312139,115.08,0,0,0,0,1,0,0,0,0,0,0,1,1,0,0,0,0,0,0,0,0,0,0,0,0,0,0,0,0,0,0,0,0,0,0,0,0,0,0,0,0,0,0,0,1,0,0,5,0,0,0,0,0,0,False,False,False,False,False,False,False,False,False,True,False,False,True
14.9,29.1,1,222.01000000000002,1.4979879421350673,433.59000000000003,0,0,0,0,0,0,0,0,0,1,0,0,0,0,0,1,0,0,0,0,0,0,0,0,0,0,0,0,0,0,0,0,0,0,0,0,0,0,0,0,0,0,0,0,1,0,1,5,0,0,0,0,0,0,False,False,True,False,False,False,False,False,False,False,False,False,True
7.3,40.4,0,53.29,0.9267809962708291,294.91999999999996,0,0,0,0,0,0,1,0,0,0,0,1,1,0,0,1,0,1,0,1,0,0,0,0,0,0,0,0,0,0,0,0,0,0,0,0,0,0,0,0,0,0,1,0,3,0,0,5,0,1,0,1,0,0,False,False,False,False,False,True,False,False,False,False,False,False,True
11.0,32.8,0,121.0,-0.34258745321253015,360.79999999999995,0,0,0,0,0,0,0,0,1,0,0,1,0,0,0,0,0,0,0,0,0,0,1,0,0,0,1,0,0,0,0,0,0,0,0,0,0,0,0,0,0,0,0,0,1,0,0,5,0,0,0,0,0,0,False,False,False,True,False,False,False,False,False,False,False,False,True
4.1,34.0,0,16.81,-0.06280071514091816,139.39999999999998,0,0,0,0,0,0,0,0,0,1,0,0,1,0,0,0,1,1,0,0,1,0,0,0,0,0,0,0,0,0,0,0,0,0,1,0,0,0,0,0,0,0,1,1,2,0,0,5,0,0,0,0,0,0,False,False,False,False,False,False,False,False,True,False,False,True,False
14.1,5.9,0,198.81,-0.15992639191634808,83.19,0,0,0,1,0,0,0,0,0,0,0,1,0,0,0,0,0,0,0,0,0,0,0,0,0,0,0,0,0,0,0,1,0,0,0,0,0,0,0,0,0,0,0,0,0,0,0,5,0,0,0,0,0,0,False,False,False,False,False,False,False,False,False,True,False,False,True
7.5,24.1,0,56.25,0.25229769032154187,180.75,0,0,0,1,0,0,0,0,0,0,0,1,0,0,1,0,0,0,0,0,0,1,0,0,0,0,0,1,0,0,0,0,0,0,0,0,0,0,0,0,0,0,0,1,1,0,0,5,0,0,0,0,0,0,True,False,False,False,False,False,False,False,False,False,False,False,True
11.6,24.4,0,134.56,0.48800787308632354,283.03999999999996,0,1,0,0,0,0,0,0,0,0,0,0,0,0,0,0,0,0,0,0,0,0,0,0,0,0,0,0,0,0,0,0,0,0,0,1,0,0,0,0,0,0,0,0,0,0,0,5,0,0,0,0,0,0,False,True,False,False,False,False,False,False,False,False,False,False,True
8.5,23.4,1,72.25,-2.113651865019914,198.89999999999998,0,0,0,0,0,1,0,0,0,0,0,1,0,1,1,0,0,0,0,1,0,0,0,0,0,0,0,0,0,0,0,0,1,0,0,0,0,0,0,0,0,0,2,0,1,0,0,5,0,0,0,0,0,0,False,False,False,False,True,False,False,False,False,False,False,False,True
6.4,5.5,1,40.96000000000001,-0.2998759088698908,35.2,0,0,0,0,0,1,0,0,0,0,0,1,0,0,0,0,1,0,1,0,0,0,0,0,0,0,0,0,0,0,0,0,0,0,0,0,0,0,0,0,0,0,0,1,2,0,0,5,0,0,0,0,0,0,False,False,False,False,False,False,False,True,False,False,False,True,False
7.6,40.4,0,57.76,0.956458711002127,307.03999999999996,0,0,1,0,0,0,0,0,0,0,0,0,0,0,1,0,1,1,0,1,0,0,0,0,0,0,0,0,0,0,0,0,0,0,0,0,0,0,0,0,0,0,1,1,2,0,0,5,0,0,0,0,0,0,False,False,False,True,False,False,False,False,False,False,False,False,True
6.0,21.3,0,36.0,-0.16029382124671232,127.80000000000001,0,1,0,0,0,0,0,0,0,0,0,0,1,0,1,0,0,0,0,0,0,1,0,0,0,0,0,0,0,0,0,0,0,0,0,0,0,0,0,0,0,0,0,1,2,0,0,5,0,0,0,0,0,0,False,False,True,False,False,False,False,False,False,False,False,True,False
7.3,17.8,0,53.29,-0.9043946125077672,129.94,0,0,0,0,0,0,0,0,1,0,0,1,1,1,0,1,0,0,0,0,1,0,0,0,0,0,0,0,0,0,0,0,0,0,0,0,0,0,0,0,0,0,2,0,3,0,0,5,1,0,0,0,0,0,False,False,True,False,False,False,False,False,False,False,False,False,True
13.3,31.4,0,176.89000000000001,1.0541733792148293,417.62,0,0,0,0,0,0,0,1,0,0,0,0,0,0,1,1,1,1,1,0,0,0,0,0,0,0,0,0,0,0,0,0,0,0,0,0,0,0,0,0,0,0,0,1,4,0,0,5,0,0,0,0,0,1,False,False,False,False,False,False,True,False,False,False,False,False,True
4.5,29.1,1,20.25,1.5139624904311795,130.95000000000002,0,0,0,0,0,0,0,0,0,0,1,0,1,0,0,0,1,0,0,0,0,0,0,0,0,0,0,0,0,0,0,0,0,0,0,0,0,0,0,1,0,0,0,1,1,0,1,5,0,0,0,0,0,0,False,True,False,False,False,False,False,False,False,False,False,True,False
10.3,31.9,0,106.09000000000002,-0.6275391800132981,328.57,0,0,0,0,0,0,1,0,0,0,0,1,0,0,0,0,0,0,0,0,1,1,0,0,0,0,0,0,0,0,0,0,0,0,0,0,0,0,0,0,0,0,2,1,0,0,0,5,0,0,0,0,0,0,False,False,False,False,True,False,False,False,False,False,False,False,True
4.6,7.5,1,21.159999999999997,0.7296193373291041,34.5,0,0,0,0,0,0,0,0,0,1,0,0,1,0,1,0,0,0,0,0,0,0,0,0,0,0,0,0,0,0,0,0,0,0,0,0,0,0,0,0,0,0,0,0,2,0,1,5,0,0,0,0,0,0,False,False,False,False,False,False,False,True,False,False,False,True,False
8.1,8.0,0,65.61,0.919235678275581,64.8,0,0,0,0,0,0,0,0,1,0,0,1,1,0,0,0,0,0,1,0,1,0,0,0,0,0,0,0,0,0,0,0,0,0,0,0,0,0,0,0,0,0,1,0,3,0,0,5,0,0,0,0,0,0,False,False,False,False,False,False,False,False,False,True,False,False,True
11.6,26.1,0,134.56,0.8590978410621228,302.76,0,1,0,0,0,0,0,0,0,0,0,0,0,0,0,0,0,0,0,0,0,0,0,0,0,0,0,0,0,0,0,0,0,0,0,1,0,0,0,0,0,0,0,0,0,0,0,5,0,0,0,0,0,0,False,True,False,False,False,False,False,False,False,False,False,False,True
5.3,28.1,0,28.09,1.2956742739748273,148.93,0,0,0,0,1,0,0,0,0,0,0,1,0,0,0,1,0,0,0,0,0,0,0,0,0,0,0,0,0,0,0,0,0,0,0,0,0,0,0,0,0,0,0,0,1,0,0,5,0,0,0,0,0,0,False,True,False,False,False,False,False,False,False,False,False,True,False
11.6,15.0,0,134.56,-1.6552992695134476,174.0,0,0,0,0,0,0,0,0,0,1,0,0,0,1,0,0,0,0,1,0,1,0,0,0,0,0,0,0,0,0,0,0,0,0,0,0,0,0,0,0,0,0,3,0,1,0,0,5,0,0,0,0,0,0,True,False,False,False,False,False,False,False,False,False,False,False,True
8.1,23.9,0,65.61,-1.6319143948856618,193.58999999999997,0,0,0,0,1,0,0,0,0,0,0,1,1,0,0,1,0,0,0,0,0,0,0,0,0,1,0,0,0,0,0,0,0,0,0,0,0,0,0,0,0,0,0,0,2,0,0,5,0,0,0,0,0,0,False,False,False,False,False,False,False,False,True,False,False,False,True
15.0,34.1,0,225.0,-0.20819731608444375,511.5,0,0,1,0,0,0,0,0,0,0,0,0,1,1,0,0,0,0,0,0,0,1,0,0,0,0,0,0,0,0,0,0,0,0,0,0,0,0,0,0,0,0,1,1,2,0,0,5,1,0,0,0,0,0,False,False,False,False,False,True,False,False,False,False,False,False,True
13.7,35.3,0,187.68999999999997,-0.03309410601065196,483.60999999999996,0,0,0,0,0,0,0,1,0,0,0,0,0,0,0,0,0,1,0,0,0,0,0,0,0,1,0,0,0,0,0,0,0,0,0,0,0,0,0,0,1,0,1,0,1,0,0,5,0,0,0,0,0,0,False,False,False,False,True,False,False,False,False,False,False,False,True
4.4,33.4,0,19.360000000000003,1.2578217209059714,146.96,0,0,0,0,0,0,0,0,0,0,1,0,0,1,0,1,0,0,0,0,0,0,0,0,0,0,0,0,0,0,0,0,0,0,0,0,0,0,0,0,0,0,2,0,1,0,0,5,0,0,0,0,0,0,False,False,False,False,False,False,True,False,False,False,False,True,False
5.3,7.0,1,28.09,0.47224552577935536,37.1,0,1,0,0,0,0,0,0,0,0,0,0,0,0,0,0,0,1,1,1,0,0,0,0,0,0,0,0,0,0,0,0,0,0,0,0,0,0,0,0,0,0,1,0,3,0,1,5,0,0,0,1,0,0,False,False,False,False,False,False,False,True,False,False,False,True,False
11.0,36.2,0,121.0,0.17012878803398096,398.20000000000005,0,0,0,0,0,0,0,1,0,0,0,0,0,0,1,0,1,0,0,0,1,0,0,0,0,0,0,0,0,0,0,0,0,0,0,0,0,0,0,0,0,0,1,2,2,0,0,5,0,0,1,0,0,0,False,False,False,False,False,True,False,False,False,False,False,False,True
9.9,40.3,1,98.01,0.9087654675032848,398.96999999999997,0,0,0,0,0,1,0,0,0,0,0,1,0,1,0,0,1,1,0,1,0,0,0,0,0,0,0,0,0,0,0,0,0,0,0,0,0,0,0,0,0,0,2,1,1,0,0,5,0,0,0,0,0,0,False,False,False,False,False,True,False,False,False,False,False,False,True
13.6,44.4,0,184.95999999999998,1.64740214697259,603.8399999999999,0,1,0,0,0,0,0,0,0,0,0,0,0,0,0,0,1,0,0,0,0,0,0,0,0,0,0,0,0,0,0,0,0,0,0,0,0,0,0,0,0,0,0,1,1,0,0,5,0,0,0,0,0,0,False,False,False,False,False,True,False,False,False,False,False,False,True
4.3,6.6,1,18.49,0.19979429814762795,28.38,0,1,0,0,0,0,0,0,0,0,0,0,0,0,1,0,0,0,1,0,0,1,0,0,0,0,0,0,0,0,0,0,0,0,0,0,0,0,0,0,0,0,0,1,2,0,0,5,0,0,0,0,0,1,False,False,False,False,False,False,False,False,False,True,False,True,False
11.2,35.9,0,125.43999999999998,0.18728664008555385,402.08,0,0,0,0,0,0,0,1,0,0,0,0,0,0,0,0,0,0,0,0,0,0,0,0,0,0,0,1,0,0,0,0,0,0,0,0,0,0,0,0,0,0,0,0,1,0,0,5,0,0,0,0,0,0,False,False,False,True,False,False,False,False,False,False,False,False,True
9.6,15.8,0,92.16,-1.3892707884383049,151.68,0,0,0,0,0,0,0,0,0,1,0,0,0,0,0,1,1,0,0,1,1,0,0,0,0,0,0,0,0,0,0,0,0,0,0,0,0,0,0,0,0,0,2,1,1,0,0,5,0,0,0,1,0,0,False,True,False,False,False,False,False,False,False,False,False,False,True
5.5,25.8,0,30.25,0.48395802247963104,141.9,0,0,0,0,0,0,0,0,0,0,1,0,1,1,0,0,1,0,0,1,1,0,0,0,0,0,0,0,0,0,0,0,0,0,0,0,0,0,0,0,0,0,3,1,1,0,0,5,1,1,0,0,0,0,False,False,False,False,False,False,True,False,False,False,False,True,False
10.1,21.0,1,102.00999999999999,-0.2240738890690886,212.1,0,0,0,0,0,1,0,0,0,0,0,1,0,0,1,1,0,0,0,0,0,1,0,0,0,0,0,0,0,0,0,0,0,0,0,0,0,0,0,0,0,0,0,1,3,0,0,5,0,0,0,0,0,0,False,False,True,False,False,False,False,False,False,False,False,False,True
5.3,35.0,0,28.09,0.03345222590223945,185.5,0,0,0,0,0,0,1,0,0,0,0,1,0,0,1,0,1,1,0,1,0,0,0,0,0,0,0,0,0,0,0,0,0,0,0,0,0,0,0,0,0,0,1,1,2,0,0,5,0,0,0,0,0,0,False,False,False,True,False,False,False,False,False,False,False,True,False
13.0,17.7,0,169.0,-0.974523177171236,230.1,0,0,0,1,0,0,0,0,0,0,0,1,1,0,0,0,0,0,0,0,0,0,0,0,0,0,0,0,0,0,0,0,0,0,0,0,0,0,0,0,0,0,0,0,1,0,0,5,0,0,0,0,0,0,False,True,False,False,False,False,False,False,False,False,False,False,True
8.1,3.0,0,65.61,-1.6501978221813933,24.299999999999997,0,0,0,0,0,0,0,0,0,0,1,0,1,0,1,0,0,1,0,0,0,0,0,0,0,0,0,0,0,0,0,0,0,0,0,0,0,0,0,0,0,0,0,0,4,0,0,5,0,0,0,0,0,0,False,False,False,False,False,False,False,False,False,True,False,False,True
15.0,4.2,0,225.0,-1.0335337820717194,63.0,0,1,0,0,0,0,0,0,0,0,0,0,1,0,0,0,0,0,0,0,0,1,0,0,0,0,0,0,0,0,0,0,0,0,0,0,0,0,0,0,0,0,0,2,1,0,0,5,0,0,0,0,0,0,False,False,False,False,False,False,False,False,False,True,False,False,True
6.8,14.3,0,46.239999999999995,-0.6870199422444372,97.24000000000001,0,0,0,0,1,0,0,0,0,0,0,1,0,0,0,0,1,0,0,0,1,1,0,0,0,0,0,0,0,0,0,0,0,0,0,0,0,0,0,0,0,0,1,3,1,0,0,5,0,0,0,0,1,0,False,False,False,False,False,False,True,False,False,False,False,True,False
3.3,26.7,0,10.889999999999999,0.575599776240645,88.11,0,0,0,0,0,0,0,0,0,0,1,0,0,0,1,0,0,0,0,0,0,0,0,0,0,0,1,0,0,0,0,0,0,0,0,0,0,0,0,0,0,0,0,0,1,0,0,5,0,0,0,0,0,0,False,False,False,False,False,False,True,False,False,False,False,True,False
11.5,30.9,0,132.25,-0.544409864369503,355.34999999999997,0,0,0,0,0,0,1,0,0,0,0,1,0,0,1,1,1,1,0,0,0,0,0,0,0,0,0,0,0,0,0,0,0,0,0,0,0,0,0,0,0,0,0,1,4,0,0,5,0,0,0,0,0,0,False,False,False,False,False,False,False,False,True,False,False,False,True
12.0,27.7,0,144.0,-1.3611911572072615,332.4,0,1,0,0,0,0,0,0,0,0,0,0,0,0,0,0,0,0,0,0,0,0,0,0,0,0,1,1,0,0,0,0,0,0,0,0,0,0,0,0,0,0,0,0,0,0,0,5,0,0,0,0,0,0,False,False,False,False,False,True,False,False,False,False,False,False,True
2.5,27.4,0,6.25,0.9440636208111528,68.5,0,0,0,0,0,0,0,0,0,1,0,0,1,0,0,0,0,0,0,0,0,0,0,1,0,1,0,0,0,0,0,0,0,0,0,0,0,0,0,0,0,0,0,0,2,0,0,5,0,0,0,0,0,0,True,False,False,False,False,False,False,False,False,False,False,True,False
5.7,45.0,0,32.49,1.6628227227616044,256.5,0,0,0,0,0,0,0,0,0,0,1,0,1,1,0,0,0,0,1,0,0,1,0,0,0,0,0,0,0,0,0,0,0,0,0,0,0,0,0,0,0,0,1,1,2,0,0,5,1,0,0,0,0,0,False,False,False,False,True,False,False,False,False,False,False,True,False
1.7,33.7,0,2.8899999999999997,-0.18875303902921453,57.290000000000006,0,0,0,0,0,0,0,0,0,0,1,0,1,0,1,1,0,0,0,1,0,0,0,0,0,0,0,0,0,0,0,0,0,0,0,0,0,0,0,0,0,0,1,0,3,0,0,5,0,1,0,1,0,0,False,False,False,True,False,False,False,False,False,False,False,True,False
4.7,11.5,0,22.090000000000003,-0.9721276206120365,54.050000000000004,0,0,0,0,1,0,0,0,0,0,0,1,0,0,0,0,0,0,1,0,0,0,0,1,0,0,0,0,0,0,0,0,0,0,0,0,0,0,0,0,0,0,0,0,2,0,0,5,0,0,0,0,0,0,False,False,False,False,False,False,True,False,False,False,False,True,False
5.7,8.4,1,32.49,-1.287782550233307,47.88,0,0,0,0,0,0,0,1,0,0,0,0,0,0,0,0,1,0,0,1,0,1,0,0,0,0,0,0,0,0,0,0,0,0,0,0,0,0,0,0,0,0,1,2,0,0,1,5,0,0,0,0,1,0,False,False,False,False,False,False,True,False,False,False,False,True,False
1.5,14.2,0,2.25,-0.6972023593289944,21.299999999999997,0,0,0,0,0,0,1,0,0,0,0,1,1,1,0,0,0,0,0,0,0,1,0,0,0,0,0,0,0,0,0,0,0,0,0,0,0,0,0,0,0,0,1,1,1,0,0,5,1,0,0,0,0,0,False,False,False,False,False,False,True,False,False,False,False,True,False
10.0,27.7,1,100.0,-1.2143158002513126,277.0,0,0,0,0,0,1,0,0,0,0,0,1,1,0,0,1,0,0,0,0,0,0,0,0,0,0,0,1,0,0,0,0,0,0,0,0,0,0,0,0,0,0,0,0,2,0,1,5,0,0,0,0,0,0,False,False,False,True,False,False,False,False,False,False,False,False,True
4.1,7.2,1,16.81,0.5751950503992549,29.52,0,0,0,0,0,1,0,0,0,0,0,1,0,0,0,1,0,1,0,0,0,1,0,0,0,0,0,0,0,0,0,0,0,0,0,0,0,0,0,0,0,0,0,1,4,0,0,5,0,0,0,0,0,0,False,False,False,False,False,False,False,True,False,False,False,True,False
6.4,42.4,0,40.96000000000001,1.2422047214784722,271.36,0,0,0,1,0,0,0,0,0,0,0,1,1,0,0,0,1,0,0,0,1,0,0,0,0,0,0,0,0,0,0,0,0,0,0,0,0,0,0,0,0,0,2,1,2,0,0,5,0,0,0,0,0,0,False,False,False,False,False,False,False,False,True,False,False,True,False
2.3,7.1,0,5.289999999999999,0.45673764819332535,16.33,0,0,0,1,0,0,0,0,0,0,0,1,1,0,0,0,0,0,0,0,0,0,0,0,0,0,0,0,0,0,0,0,0,0,0,0,0,0,0,0,0,0,0,0,1,0,0,5,0,0,0,0,0,0,False,False,False,False,False,False,False,False,False,True,False,True,False
13.1,33.0,1,171.60999999999999,-0.4352187148947946,432.3,0,0,0,0,0,1,0,0,0,0,0,1,0,0,0,0,0,0,0,0,0,0,1,0,1,0,0,0,1,1,0,0,0,0,0,0,0,0,0,0,0,0,0,0,1,0,0,5,0,0,0,0,0,0,False,False,False,False,True,False,False,False,False,False,False,False,True
8.9,32.1,0,79.21000000000001,-0.5925718227190243,285.69,0,0,0,1,0,0,0,0,0,0,0,1,0,0,0,0,0,1,0,0,0,0,0,0,0,0,0,0,0,0,0,0,0,0,0,0,0,0,0,0,0,0,0,0,1,0,0,5,0,0,0,0,0,0,False,False,False,False,True,False,False,False,False,False,False,False,True
5.9,4.0,0,34.81,-1.1363111220899984,23.6,0,0,0,0,1,0,0,0,0,0,0,1,0,0,0,0,0,0,0,0,0,0,1,0,1,0,0,0,1,1,1,0,0,0,0,0,0,0,0,0,0,0,0,0,1,0,0,5,0,0,0,0,0,0,False,False,False,False,False,False,False,False,False,True,False,True,False
9.2,22.9,1,84.63999999999999,0.000746442870773473,210.67999999999998,0,0,0,0,0,1,0,0,0,0,0,1,1,0,0,1,0,0,0,0,0,0,0,0,0,0,0,0,0,0,0,0,0,0,0,0,0,0,0,0,0,0,0,0,2,0,1,5,0,0,0,0,0,0,True,False,False,False,False,False,False,False,False,False,False,False,True
10.0,3.4,0,100.0,-1.3808459173788354,34.0,0,0,1,0,0,0,0,0,0,0,0,0,0,1,1,0,1,0,0,0,0,0,0,0,0,0,0,0,0,0,0,0,0,0,0,0,0,0,0,0,0,0,1,1,1,0,0,5,0,0,0,0,0,0,False,False,False,False,False,False,False,True,False,False,False,False,True
3.0,5.1,0,9.0,-0.50577495810969,15.299999999999999,0,1,0,0,0,0,0,0,0,0,0,0,0,0,0,0,1,0,0,0,0,0,0,1,1,0,0,0,0,0,0,0,0,0,0,0,0,0,0,0,0,0,0,1,1,0,0,5,0,0,0,0,0,0,False,False,False,False,False,False,False,True,False,False,False,True,False
9.9,3.9,0,98.01,-1.1234721058290866,38.61,0,0,0,0,0,0,0,0,0,0,1,0,0,0,0,1,1,0,0,0,0,0,0,0,0,0,0,0,0,0,0,0,0,0,0,0,0,0,0,0,0,0,0,1,2,0,0,5,0,0,0,0,0,0,False,False,False,False,False,False,False,True,False,False,False,False,True
9.1,24.9,1,82.80999999999999,0.4199985219553865,226.58999999999997,0,0,0,0,0,0,1,0,0,0,0,1,0,1,0,1,0,0,1,0,0,0,0,0,0,0,0,0,0,0,0,0,0,0,0,0,0,0,0,0,0,0,1,0,2,0,0,5,0,0,0,0,0,0,True,False,False,False,False,False,False,False,False,False,False,False,True
8.7,27.4,0,75.68999999999998,-1.2655939383124177,238.37999999999997,0,0,0,0,1,0,0,0,0,0,0,1,0,0,1,1,0,0,0,0,1,1,0,0,0,0,0,0,0,0,0,0,0,0,0,0,0,0,0,0,0,0,1,1,3,0,0,5,0,0,1,0,0,0,False,False,False,True,False,False,False,False,False,False,False,False,True
9.1,40.7,0,82.80999999999999,1.0077368490632326,370.37,0,0,0,0,0,0,0,0,1,0,0,1,1,0,0,0,0,0,0,0,0,0,0,1,0,1,0,0,0,0,0,0,0,0,0,0,0,0,0,0,0,0,0,0,2,0,0,5,0,0,0,0,0,0,False,False,False,True,False,False,False,False,False,False,False,False,True
4.0,11.0,1,16.0,2.4608957785497654,44.0,0,0,0,0,0,0,0,0,0,0,1,0,0,0,0,0,0,0,0,0,0,0,1,0,0,0,0,0,0,0,0,0,0,0,0,0,0,0,0,0,0,0,0,0,1,0,1,5,0,0,0,0,0,0,False,False,False,False,False,False,False,False,False,True,False,True,False
14.9,39.6,0,222.01000000000002,0.7826567661304774,590.0400000000001,0,0,0,0,0,0,0,0,0,1,0,0,1,0,1,0,0,0,0,0,0,1,0,0,0,0,0,0,0,0,0,0,0,0,0,0,0,0,0,0,0,0,0,2,2,0,0,5,0,0,0,0,0,0,False,False,False,False,False,True,False,False,False,False,False,False,True
7.3,33.8,1,53.29,-0.093872273155666,246.73999999999998,0,1,0,0,0,0,0,0,0,0,0,0,1,0,0,0,0,1,0,0,1,0,0,0,0,0,0,0,0,0,0,0,0,0,0,0,0,0,0,0,0,0,1,0,2,0,0,5,0,0,0,0,0,0,False,False,False,False,False,False,False,False,True,False,False,False,True
8.9,19.8,0,79.21000000000001,-0.12698700259379586,176.22000000000003,0,0,0,0,0,0,0,1,0,0,0,0,0,0,1,1,0,0,0,0,1,0,0,0,0,0,0,0,0,0,0,0,0,0,0,0,0,0,0,0,0,0,1,0,3,0,0,5,0,0,1,0,0,0,False,False,False,False,False,False,True,False,False,False,False,False,True
3.2,3.0,0,10.240000000000002,-1.5867449666186344,9.600000000000001,0,0,1,0,0,0,0,0,0,0,0,0,0,0,0,1,1,0,0,0,1,0,0,0,0,0,0,0,0,0,0,0,0,0,0,0,0,0,0,0,0,0,1,1,1,0,0,5,0,0,0,0,0,0,False,False,False,False,False,False,False,True,False,False,False,True,False
7.2,34.1,1,51.84,-0.04726493613354424,245.52,0,0,0,0,0,0,0,1,0,0,0,0,0,0,1,0,0,0,1,0,0,1,0,0,0,0,0,0,0,0,0,0,0,0,0,0,0,0,0,0,0,0,0,1,2,0,1,5,0,0,0,0,0,1,False,False,False,False,False,False,False,False,True,False,False,False,True
10.8,42.4,0,116.64000000000001,1.2983129647428262,457.92,0,1,0,0,0,0,0,0,0,0,0,0,0,0,0,0,0,0,0,0,0,0,0,0,0,0,0,1,0,0,0,0,0,0,0,0,0,0,0,0,0,0,0,0,1,0,0,5,0,0,0,0,0,0,False,False,False,True,False,False,False,False,False,False,False,False,True
3.8,4.2,0,14.44,-1.0335337820717194,15.959999999999999,0,0,0,0,0,0,0,0,0,0,1,0,1,0,0,0,1,0,0,0,1,0,0,0,0,0,0,0,0,0,0,0,0,0,0,0,0,0,0,0,0,0,1,1,1,0,0,5,0,0,0,0,0,0,False,False,False,False,False,False,False,False,False,True,False,True,False
10.4,43.5,0,108.16000000000001,1.486332804300211,452.40000000000003,0,0,0,0,0,0,1,0,0,0,0,1,0,0,1,0,1,0,0,0,0,0,0,0,0,0,0,0,0,0,0,0,0,0,0,0,0,0,0,0,0,0,0,1,1,0,0,5,0,0,0,0,0,0,False,False,False,True,False,False,False,False,False,False,False,False,True
9.6,6.3,1,92.16,0.11192218960970705,60.48,0,0,0,0,0,0,1,0,0,0,0,1,0,1,0,0,0,1,0,0,1,0,0,0,0,0,0,0,0,0,0,0,0,0,0,0,0,0,0,0,0,0,2,0,2,0,1,5,0,0,0,0,0,0,False,False,False,False,False,False,False,True,False,False,False,False,True
3.1,37.4,0,9.610000000000001,1.665118404288256,115.94,0,1,0,0,0,0,0,0,0,0,0,0,1,0,0,1,0,0,0,0,1,1,0,0,0,0,0,0,0,0,0,0,0,0,0,0,0,0,0,0,0,0,1,1,2,0,0,5,0,0,0,0,0,0,False,False,False,False,False,False,True,False,False,False,False,True,False
1.3,26.6,0,1.6900000000000002,-1.5541741483115405,34.580000000000005,0,1,0,0,0,0,0,0,0,0,0,0,1,0,0,1,0,1,0,0,1,0,0,0,0,0,0,0,0,0,0,0,0,0,0,0,0,0,0,0,0,0,1,0,3,0,0,5,0,0,0,0,0,0,False,False,False,False,True,False,False,False,False,False,False,True,False
2.4,5.4,0,5.76,-0.35135067117984037,12.96,0,0,0,0,1,0,0,0,0,0,0,1,0,0,1,0,0,1,1,0,0,0,0,0,0,0,0,0,0,0,0,0,0,0,0,0,0,0,0,0,0,0,0,0,4,0,0,5,0,0,0,0,0,1,False,False,False,False,False,False,False,True,False,False,False,True,False
0.5,8.3,0,0.25,1.1414174358087024,4.15,0,0,0,1,0,0,0,0,0,0,0,1,0,1,0,0,1,1,0,0,0,0,0,0,0,0,0,0,0,0,0,0,0,0,0,0,0,0,0,0,0,0,2,1,2,0,0,5,0,0,0,0,0,0,False,False,False,False,False,False,False,True,False,False,True,False,False
4.2,23.4,0,17.64,0.28616665350992015,98.28,0,0,0,0,0,0,0,0,1,0,0,1,1,0,0,0,0,1,1,1,0,0,0,0,0,0,0,0,0,0,0,0,0,0,0,0,0,0,0,0,0,0,1,0,3,0,0,5,0,1,0,0,0,0,False,False,True,False,False,False,False,False,False,False,False,True,False
1.8,21.6,0,3.24,-0.2717674085342244,38.88,0,0,0,1,0,0,0,0,0,0,0,1,0,0,1,0,0,0,0,0,0,0,1,0,0,0,0,0,0,0,0,0,0,0,0,0,0,0,0,0,0,0,0,0,2,0,0,5,0,0,0,0,0,0,True,False,False,False,False,False,False,False,False,False,False,True,False
7.4,36.0,0,54.760000000000005,0.1340977304988924,266.40000000000003,0,0,0,0,0,0,0,0,0,1,0,0,0,0,0,1,1,0,0,1,0,0,0,0,0,0,0,0,0,0,0,0,0,0,0,0,0,0,0,0,0,0,2,2,1,0,0,5,0,0,0,1,0,0,False,False,False,False,False,True,False,False,False,False,False,False,True
10.9,31.5,1,118.81,-0.5647927181439841,343.35,0,0,0,0,0,1,0,0,0,0,0,1,1,0,0,0,0,0,0,1,0,1,0,0,0,0,0,0,0,0,0,0,0,0,0,0,0,0,0,0,0,0,1,1,1,0,0,5,0,1,0,0,0,0,False,False,False,True,False,False,False,False,False,False,False,False,True
0.9,45.0,0,0.81,1.7427234946057353,40.5,0,0,0,0,1,0,0,0,0,0,0,1,1,1,1,0,0,0,0,0,0,0,0,0,1,0,0,0,0,0,0,0,0,0,0,0,0,0,0,0,0,0,1,0,2,0,0,5,1,0,0,0,0,0,False,False,False,True,False,False,False,False,False,False,True,False,False
9.0,19.0,0,81.0,-0.6492743412182628,171.0,0,0,0,0,0,0,0,0,0,0,1,0,1,0,0,0,0,1,0,0,0,0,0,0,0,0,0,1,0,0,0,0,0,0,0,0,0,0,0,0,0,0,0,0,2,0,0,5,0,0,0,0,0,0,False,False,True,False,False,False,False,False,False,False,False,False,True
8.8,9.0,0,77.44000000000001,1.4331223783669758,79.2,0,1,0,0,0,0,0,0,0,0,0,0,0,1,0,1,0,1,0,0,0,0,0,0,0,0,0,0,0,0,0,0,0,0,0,0,0,0,0,0,0,0,1,0,3,0,0,5,0,0,0,0,0,0,False,False,False,False,False,False,False,False,False,True,False,False,True
4.7,20.8,0,22.090000000000003,-0.29782970615654397,97.76,0,0,0,0,1,0,0,0,0,0,0,1,0,0,0,0,0,0,0,0,0,0,1,0,0,0,0,0,0,0,0,0,0,0,0,0,0,0,0,0,0,0,1,0,1,0,0,5,0,0,0,0,0,0,False,True,False,False,False,False,False,False,False,False,False,True,False
7.6,22.7,0,57.76,-0.04117876503768768,172.51999999999998,0,0,0,0,0,0,0,1,0,0,0,0,1,0,0,0,1,1,1,0,1,0,0,0,0,0,0,0,0,0,0,0,0,0,0,0,0,0,0,0,0,0,1,1,3,0,0,5,0,0,0,0,0,0,True,False,False,False,False,False,False,False,False,False,False,False,True
12.7,4.5,0,161.29,-0.879367772044301,57.15,0,0,0,0,0,0,0,0,0,1,0,0,0,1,0,0,0,0,0,0,0,0,0,0,0,0,0,0,0,0,0,0,0,0,0,0,0,0,0,0,0,0,4,0,1,0,0,5,0,0,0,0,0,0,False,False,False,False,False,False,False,False,False,True,False,False,True
12.2,23.3,0,148.83999999999997,-1.9663951584808506,284.26,0,0,0,0,0,0,0,1,0,0,0,0,1,0,0,0,1,0,1,0,1,0,0,0,0,0,0,0,0,0,0,0,0,0,1,0,0,0,0,0,0,0,1,1,2,0,0,5,0,0,0,0,0,0,False,False,False,True,False,False,False,False,False,False,False,False,True
6.6,24.3,0,43.559999999999995,0.47750685697704903,160.38,0,0,0,0,1,0,0,0,0,0,0,1,0,0,0,0,0,0,0,0,0,0,0,0,1,0,0,0,0,0,0,0,0,0,0,0,0,0,0,0,0,0,1,0,1,0,0,5,0,0,0,0,0,0,False,False,True,False,False,False,False,False,False,False,False,True,False
8.7,36.6,1,75.68999999999998,0.24219090310415678,318.41999999999996,0,0,0,0,0,1,0,0,0,0,0,1,1,0,0,0,0,0,0,0,0,1,0,0,0,1,0,0,0,0,0,0,0,0,0,0,0,0,0,0,0,0,0,1,1,0,0,5,0,0,0,0,0,0,False,False,False,False,False,True,False,False,False,False,False,False,True
2.1,12.6,0,4.41,-0.8601210326819082,26.46,0,0,0,0,0,0,0,0,1,0,0,1,0,0,0,0,0,1,1,0,1,1,0,0,0,0,0,0,0,0,0,0,0,0,0,0,0,0,0,0,0,0,1,2,2,0,0,5,0,0,0,0,0,0,False,False,False,False,False,False,True,False,False,False,False,True,False
9.5,17.1,0,90.25,-1.1054961070450469,162.45000000000002,0,1,0,0,0,0,0,0,0,0,0,0,0,0,0,1,0,0,0,0,1,0,0,0,0,0,0,0,0,0,0,0,0,0,0,0,0,0,0,0,0,0,2,0,2,0,0,5,0,0,0,0,0,0,False,True,False,False,False,False,False,False,False,False,False,False,True
4.9,24.0,0,24.010000000000005,0.3006745149576029,117.60000000000001,0,0,0,0,0,0,0,0,0,1,0,0,0,1,1,1,0,1,0,0,0,0,0,0,0,0,0,0,0,0,0,0,0,0,0,0,0,0,0,0,0,0,1,0,3,0,0,5,0,0,0,0,0,0,False,False,False,False,False,False,True,False,False,False,False,True,False
12.9,29.8,0,166.41,-0.9946964316031676,384.42,0,0,0,0,0,0,0,0,0,1,0,0,0,0,0,1,0,0,0,0,0,1,0,0,0,0,0,0,0,0,0,0,0,0,0,0,0,0,0,0,0,0,0,1,1,0,0,5,0,0,0,0,0,0,False,False,False,False,True,False,False,False,False,False,False,False,True
8.1,27.7,0,65.61,1.200347625630645,224.36999999999998,0,0,1,0,0,0,0,0,0,0,0,0,1,1,0,1,0,0,0,0,0,0,0,0,0,0,0,0,0,0,0,0,0,0,0,0,0,0,0,0,0,0,1,0,2,0,0,5,1,0,0,0,0,0,False,False,True,False,False,False,False,False,False,False,False,False,True
9.9,10.7,0,98.01,-1.0535869572884935,105.92999999999999,0,0,0,0,1,0,0,0,0,0,0,1,0,0,0,0,0,0,0,0,0,0,0,0,0,0,0,1,0,0,0,0,0,0,0,0,0,0,0,0,0,0,0,0,1,0,0,5,0,0,0,0,0,0,False,False,False,False,False,False,True,False,False,False,False,False,True
0.5,28.7,0,0.25,-0.8861970025317242,14.35,0,0,0,0,0,0,0,0,0,0,1,0,1,1,0,1,0,0,0,1,0,1,0,0,0,0,0,0,0,0,0,0,0,0,0,0,0,0,0,0,0,0,2,1,2,0,0,5,1,1,0,1,0,0,False,False,False,False,False,False,False,False,True,False,True,False,False
7.6,22.4,0,57.76,-0.10406657690037978,170.23999999999998,0,0,0,1,0,0,0,0,0,0,0,1,1,0,0,1,0,0,0,0,1,1,0,0,0,0,0,0,0,0,0,0,0,0,0,0,0,0,0,0,0,0,1,1,3,0,0,5,0,0,0,0,0,0,True,False,False,False,False,False,False,False,False,False,False,False,True
15.0,15.0,0,225.0,-1.6552992695134476,225.0,0,0,0,0,0,0,0,1,0,0,0,0,0,0,0,0,1,1,1,0,0,1,0,0,0,0,0,0,0,0,0,0,0,0,0,0,0,0,0,0,0,0,0,2,2,0,0,5,0,0,0,0,1,0,True,False,False,False,False,False,False,False,False,False,False,False,True
7.8,15.0,0,60.839999999999996,-1.4996752455166114,117.0,0,0,0,1,0,0,0,0,0,0,0,1,1,0,1,0,0,1,1,0,0,1,0,0,0,0,0,0,0,0,0,0,0,0,0,0,0,0,0,0,0,0,0,1,4,0,0,5,0,0,0,0,0,1,False,False,True,False,False,False,False,False,False,False,False,False,True
15.0,37.9,1,225.0,0.4214815388149014,568.5,0,0,0,0,0,0,1,0,0,0,0,1,0,0,0,0,1,0,0,0,1,0,0,0,0,0,0,0,0,0,0,0,0,0,0,0,0,0,0,0,0,0,2,1,0,0,1,5,0,0,0,0,0,0,False,False,False,False,True,False,False,False,False,False,False,False,True
6.1,29.8,0,37.209999999999994,1.4471661157126887,181.78,0,1,0,0,0,0,0,0,0,0,0,0,0,1,0,0,0,0,0,1,0,1,0,0,0,0,0,0,0,0,0,0,0,0,0,0,0,0,0,0,0,0,2,2,0,0,0,5,0,0,0,0,0,0,True,False,False,False,False,False,False,False,False,False,False,True,False
8.7,8.4,0,75.68999999999998,-1.287782550233307,73.08,0,0,0,0,0,0,0,0,0,0,1,0,0,0,0,0,0,0,1,0,0,0,0,0,0,0,0,0,0,0,0,0,0,0,0,0,0,0,0,0,0,0,0,0,1,0,0,5,0,0,0,0,0,0,False,False,False,False,False,False,True,False,False,False,False,False,True
4.7,24.3,0,22.090000000000003,0.294222898230003,114.21000000000001,0,0,1,0,0,0,0,0,0,0,0,0,1,1,0,1,0,0,0,0,0,0,0,0,0,0,0,0,0,0,0,0,0,0,0,0,0,0,0,0,0,0,1,0,3,0,0,5,1,0,0,0,0,0,True,False,False,False,False,False,False,False,False,False,False,True,False
9.1,32.1,0,82.80999999999999,-0.5685078914353242,292.11,0,0,1,0,0,0,0,0,0,0,0,0,0,0,0,0,0,0,1,0,0,0,0,1,0,0,0,0,0,0,0,0,0,0,0,0,0,0,0,0,1,0,0,0,2,0,0,5,0,0,0,0,0,0,False,False,False,False,False,True,False,False,False,False,False,False,True
13.7,15.0,0,187.68999999999997,-1.4996752455166114,205.5,0,0,0,0,0,0,0,1,0,0,0,0,1,0,0,0,0,0,1,0,0,0,0,0,0,0,0,0,0,0,0,0,0,0,0,0,0,0,0,0,0,0,0,0,4,0,0,5,0,0,0,0,0,0,False,False,True,False,False,False,False,False,False,False,False,False,True
9.8,18.2,0,96.04000000000002,-0.8653790689430599,178.36,0,0,0,0,0,0,0,0,0,0,1,0,0,0,0,0,0,0,0,0,0,0,0,0,0,0,0,0,0,0,0,0,1,0,0,0,0,0,0,0,0,0,0,0,0,0,0,5,0,0,0,0,0,0,False,True,False,False,False,False,False,False,False,False,False,False,True
9.7,36.6,1,94.08999999999999,0.3411295390507982,355.02,0,0,0,0,0,0,0,0,0,1,0,0,0,1,0,0,0,0,0,0,0,0,0,0,0,0,0,0,0,0,0,0,0,0,0,0,0,1,0,0,0,0,1,0,0,0,0,5,0,0,0,0,0,0,False,False,False,False,False,False,False,False,True,False,False,False,True
5.4,41.0,0,29.160000000000004,0.963475576876138,221.4,0,0,0,0,0,0,0,0,0,1,0,0,0,0,1,0,0,0,0,1,0,1,0,0,0,0,0,0,0,0,0,0,0,0,0,0,0,0,0,0,0,0,1,1,1,0,0,5,0,0,0,0,0,0,False,False,False,False,True,False,False,False,False,False,False,True,False
3.8,34.9,0,14.44,0.016359513215204253,132.61999999999998,0,0,0,0,1,0,0,0,0,0,0,1,1,0,0,1,1,0,0,0,0,0,0,0,0,0,0,0,0,0,0,0,0,0,0,0,0,0,0,0,0,0,0,1,4,0,0,5,0,0,0,0,0,0,False,False,False,True,False,False,False,False,False,False,False,True,False
2.1,41.2,1,4.41,1.070905226411182,86.52000000000001,0,0,0,0,0,0,1,0,0,0,0,1,1,0,0,0,0,0,0,0,0,0,0,0,0,0,0,0,0,0,0,0,0,0,0,0,0,0,0,0,0,0,0,0,2,0,1,5,0,0,0,0,0,0,False,False,False,False,False,True,False,False,False,False,False,True,False
14.1,21.1,0,198.81,-0.23234324121963812,297.51,0,0,0,1,0,0,0,0,0,0,0,1,1,0,0,0,0,0,0,0,0,0,0,0,0,0,0,0,0,0,0,0,0,0,0,0,0,0,0,0,0,0,0,0,1,0,0,5,0,0,0,0,0,0,False,True,False,False,False,False,False,False,False,False,False,False,True
8.6,31.2,0,73.96,-0.7306476503432208,268.32,0,0,0,0,1,0,0,0,0,0,0,1,1,0,0,0,0,0,0,0,0,1,0,0,0,1,0,0,0,0,0,0,0,0,0,0,0,0,0,0,0,0,0,1,1,0,0,5,0,0,0,0,0,0,False,False,False,False,False,True,False,False,False,False,False,False,True
0.5,33.1,0,0.25,-0.4177350362476577,16.55,0,0,0,0,0,0,0,0,1,0,0,1,0,1,0,0,1,0,1,0,1,0,0,0,0,0,0,0,0,0,0,0,0,0,0,0,0,0,0,0,0,0,2,1,1,0,0,5,0,0,0,0,0,0,False,False,False,False,True,False,False,False,False,False,True,False,False
10.3,43.8,0,106.09000000000002,1.5376109423613153,451.14,0,0,1,0,0,0,0,0,0,0,0,0,0,1,0,0,0,0,0,0,1,0,0,0,0,0,0,0,0,0,1,0,0,0,0,0,0,0,0,0,0,0,3,0,1,0,0,5,0,0,0,0,0,0,False,False,False,True,False,False,False,False,False,False,False,False,True
15.0,31.7,0,225.0,-0.5306072927699144,475.5,0,0,0,0,0,0,1,0,0,0,0,1,0,0,1,1,0,0,0,0,1,1,0,0,0,0,0,0,0,0,0,0,0,0,0,0,0,0,0,0,0,0,1,1,2,0,0,5,0,0,1,0,0,0,False,False,False,True,False,False,False,False,False,False,False,False,True
11.8,12.5,1,139.24,-0.8703034497664653,147.5,0,0,0,1,0,0,0,0,0,0,0,1,0,0,0,1,0,0,0,0,0,0,0,0,0,0,0,0,0,0,0,0,0,0,0,0,0,0,0,0,0,0,0,0,1,0,1,5,0,0,0,0,0,0,False,False,False,False,False,False,True,False,False,False,False,False,True
3.0,34.9,0,9.0,0.016359513215204253,104.69999999999999,0,0,0,0,0,0,0,0,1,0,0,1,0,1,0,1,0,1,0,0,0,0,0,0,0,0,0,0,0,0,0,0,0,0,0,0,0,0,0,0,0,0,1,0,4,0,0,5,0,0,0,0,0,0,False,False,False,True,False,False,False,False,False,False,False,True,False
3.9,31.0,1,15.209999999999999,1.9019283716767825,120.89999999999999,0,0,0,0,0,0,1,0,0,0,0,1,0,0,0,1,0,0,0,0,0,0,0,0,0,0,0,0,0,0,0,0,0,0,0,0,0,0,0,0,0,0,0,0,1,0,1,5,0,0,0,0,0,0,False,False,True,False,False,False,False,False,False,False,False,True,False
5.4,25.0,0,29.160000000000004,-1.84761043393095,135.0,0,1,0,0,0,0,0,0,0,0,0,0,0,0,1,1,0,0,1,1,0,0,0,0,0,0,0,0,0,0,0,0,0,0,0,0,0,0,0,0,0,0,1,0,3,0,0,5,0,0,0,1,0,1,False,False,False,False,False,True,False,False,False,False,False,True,False
1.5,33.2,0,2.25,-0.1870869471999073,49.800000000000004,0,0,0,0,0,0,1,0,0,0,0,1,0,1,1,0,0,0,0,0,0,0,0,1,0,0,0,0,0,0,0,0,0,0,0,0,0,0,0,0,0,1,1,0,2,0,0,5,0,0,0,0,0,0,False,False,False,False,False,False,False,False,True,False,False,True,False
9.8,31.0,0,96.04000000000002,-0.6502562815791589,303.8,0,0,0,0,0,0,1,0,0,0,0,1,1,0,1,0,0,0,0,0,1,0,0,1,0,0,0,0,0,0,0,1,0,0,0,0,0,0,0,0,0,0,1,0,3,0,0,5,0,0,1,0,0,0,False,False,False,True,False,False,False,False,False,False,False,False,True
11.4,40.9,0,129.96,1.016858640108549,466.26,0,0,0,0,0,0,0,0,0,0,1,0,1,0,0,0,1,0,0,0,0,0,0,0,0,0,1,0,0,0,0,0,0,0,0,0,0,0,0,0,0,0,0,1,1,0,0,5,0,0,0,0,0,0,False,False,False,False,False,True,False,False,False,False,False,False,True
9.2,23.7,1,84.63999999999999,0.16844727450461883,218.03999999999996,0,0,0,0,0,1,0,0,0,0,0,1,1,0,0,1,0,0,0,0,0,0,0,0,0,0,0,0,0,0,0,0,0,0,0,0,0,0,0,0,0,0,0,0,2,0,1,5,0,0,0,0,0,0,True,False,False,False,False,False,False,False,False,False,False,False,True
4.7,6.7,0,22.090000000000003,-1.4608836406707781,31.490000000000002,0,0,0,0,0,0,0,0,1,0,0,1,0,0,0,0,0,0,1,0,0,0,0,1,1,0,1,0,0,0,0,0,0,0,0,0,0,0,0,0,0,0,0,0,2,0,0,5,0,0,0,0,0,0,False,False,False,False,False,False,True,False,False,False,False,True,False
8.0,33.8,0,64.0,-0.2953492857177018,270.4,0,1,0,0,0,0,0,0,0,0,0,0,0,1,1,0,0,0,0,1,0,1,0,0,0,0,0,0,0,0,0,0,0,0,0,0,0,0,0,0,0,0,2,1,1,0,0,5,0,0,0,0,0,0,False,False,False,False,True,False,False,False,False,False,False,False,True
8.7,37.3,0,75.68999999999998,0.42658461770404305,324.50999999999993,0,0,0,0,0,0,0,0,0,1,0,0,0,0,0,0,0,1,0,0,0,0,0,0,0,0,0,0,0,0,0,0,0,0,0,0,0,0,0,0,0,0,0,0,1,0,0,5,0,0,0,0,0,0,False,False,False,True,False,False,False,False,False,False,False,False,True
14.4,26.2,0,207.36,-1.6241088629000875,377.28,0,0,0,0,0,0,0,0,1,0,0,1,1,0,0,0,0,0,0,0,0,0,0,1,0,1,0,0,0,0,0,0,0,0,0,0,0,0,0,0,0,0,0,0,2,0,0,5,0,0,0,0,0,0,False,False,False,False,True,False,False,False,False,False,False,False,True
6.9,22.8,0,47.61000000000001,-0.02021616108345673,157.32000000000002,0,0,0,1,0,0,0,0,0,0,0,1,0,0,1,0,0,0,0,0,1,1,0,0,0,0,0,0,0,0,0,0,0,0,0,0,0,0,0,0,0,0,1,1,1,0,0,5,0,0,1,0,0,0,True,False,False,False,False,False,False,False,False,False,False,True,False
9.3,23.5,1,86.49000000000001,0.29154847827560687,218.55,0,0,0,1,0,0,0,0,0,0,0,1,1,0,0,1,0,0,0,0,0,0,0,0,0,0,0,0,0,0,0,0,0,0,0,0,0,0,1,0,0,0,0,0,2,0,2,5,0,0,0,0,0,0,False,True,False,False,False,False,False,False,False,False,False,False,True
7.8,42.7,1,60.839999999999996,1.2606981138774618,333.06,0,0,0,1,0,0,0,0,0,0,0,1,0,0,0,0,0,0,0,0,0,0,0,0,0,0,1,0,0,0,0,1,0,0,0,0,0,0,1,0,0,0,0,0,0,0,2,5,0,0,0,0,0,0,False,False,False,False,True,False,False,False,False,False,False,False,True
10.5,25.1,0,110.25,-1.6587263301142212,263.55,0,0,1,0,0,0,0,0,0,0,0,0,1,0,0,0,0,0,0,0,0,0,0,0,0,0,0,0,0,0,0,0,0,0,0,0,0,0,0,0,0,0,0,0,1,0,0,5,0,0,0,0,0,0,False,False,False,True,False,False,False,False,False,False,False,False,True
7.7,36.9,1,59.290000000000006,0.35821376695590346,284.13,0,0,0,0,0,1,0,0,0,0,0,1,1,0,0,0,1,0,1,0,0,1,0,0,0,0,0,0,0,0,0,0,0,0,0,0,0,0,0,0,0,0,0,2,2,0,0,5,0,0,0,0,1,0,False,False,False,True,False,False,False,False,False,False,False,False,True
5.4,21.4,0,29.160000000000004,-0.13903379863925405,115.56,0,0,0,0,0,0,0,0,1,0,0,1,0,0,0,0,0,1,0,0,0,1,0,0,0,0,0,0,0,0,0,0,0,0,0,0,0,0,0,0,0,0,0,1,2,0,0,5,0,0,0,0,0,0,False,False,True,False,False,False,False,False,False,False,False,True,False
14.5,37.4,0,210.25,0.38631513324450845,542.3,0,1,0,0,0,0,0,0,0,0,0,0,0,0,0,1,0,0,1,0,0,0,0,0,1,0,0,0,0,0,0,0,0,0,0,0,0,0,0,0,0,0,0,0,2,0,0,5,0,0,0,0,0,0,False,False,False,False,False,True,False,False,False,False,False,False,True
9.3,41.4,0,86.49000000000001,1.0334102914646843,385.02000000000004,0,0,0,0,1,0,0,0,0,0,0,1,0,1,1,1,0,0,0,1,0,0,0,0,0,0,0,0,0,0,0,0,0,0,0,0,0,0,0,0,0,0,2,0,2,0,0,5,0,0,0,1,0,0,False,False,False,False,True,False,False,False,False,False,False,False,True
10.2,29.4,0,104.03999999999999,-0.7774465494801085,299.87999999999994,0,0,0,0,0,0,0,0,0,0,1,0,0,1,1,0,0,0,0,0,0,0,0,1,0,0,0,0,0,0,0,0,0,0,0,0,0,0,0,0,0,1,1,0,2,0,0,5,0,0,0,0,0,0,False,False,False,False,False,False,False,False,True,False,False,False,True
12.4,27.9,1,153.76000000000002,-1.010483234590714,345.96,0,0,0,0,0,0,0,0,0,0,1,0,0,0,0,0,0,0,0,0,0,0,0,0,0,0,0,0,0,0,0,0,1,0,0,0,0,0,0,0,0,0,0,0,1,1,1,5,0,0,0,0,0,0,False,False,False,False,False,False,False,False,True,False,False,False,True
5.7,30.9,1,32.49,1.6777547592092255,176.13,0,0,0,0,0,1,0,0,0,0,0,1,1,0,0,0,0,0,0,0,0,0,0,0,0,0,0,0,0,0,0,0,0,0,0,0,0,0,0,0,0,0,0,0,1,0,0,5,0,0,0,0,0,0,True,False,False,False,False,False,False,False,False,False,False,True,False
2.8,34.6,0,7.839999999999999,-0.11811967224672364,96.88,0,0,0,0,0,0,1,0,0,0,0,1,0,1,0,0,0,1,0,0,0,1,0,0,0,0,1,0,0,0,0,0,0,0,0,0,0,0,0,0,0,0,2,1,1,0,0,5,0,0,0,0,0,0,False,False,False,False,False,True,False,False,False,False,False,True,False
6.3,38.3,0,39.69,0.5484548921524044,241.28999999999996,0,0,0,0,0,0,0,0,0,1,0,0,1,0,0,0,0,0,0,0,0,1,0,0,0,0,0,0,0,0,0,0,0,0,0,0,0,0,0,0,0,0,0,1,2,0,0,5,0,0,0,0,0,0,False,False,False,False,False,True,False,False,False,False,False,True,False
6.7,30.0,1,44.89,1.6893281456021954,201.0,0,0,0,0,0,1,0,0,0,0,0,1,0,0,0,0,1,0,0,1,0,0,0,0,0,0,0,0,0,0,0,0,0,0,0,0,0,0,0,0,0,0,1,1,1,0,0,5,0,0,0,0,0,0,False,False,True,False,False,False,False,False,False,False,False,True,False
5.6,25.6,0,31.359999999999996,-1.3678061517603086,143.35999999999999,0,1,0,0,0,0,0,0,0,0,0,0,1,0,0,0,0,0,0,0,0,0,0,0,0,0,0,0,0,0,0,0,0,0,0,0,0,0,0,0,0,0,0,0,1,0,0,5,0,0,0,0,0,0,False,False,False,False,False,False,False,False,True,False,False,True,False
4.2,26.4,1,17.64,0.9239673317336815,110.88,0,0,0,0,0,0,0,0,0,1,0,0,0,0,0,1,0,0,1,1,0,0,0,0,0,0,0,0,0,0,0,0,0,0,0,0,0,0,0,0,0,0,1,0,2,0,0,5,0,0,0,1,0,0,False,False,True,False,False,False,False,False,False,False,False,True,False
6.6,28.6,0,43.559999999999995,-1.0604813860679976,188.76,0,1,0,0,0,0,0,0,0,0,0,0,0,1,1,0,0,0,0,1,0,0,0,0,0,0,0,0,0,0,0,0,0,1,0,0,0,0,0,0,0,0,2,0,1,0,0,5,0,0,0,0,0,0,False,False,False,True,False,False,False,False,False,False,False,True,False
7.5,19.3,1,56.25,-0.5854942733958866,144.75,0,0,0,0,0,0,0,0,1,0,0,1,0,0,0,0,0,0,0,0,0,0,0,0,0,0,0,0,0,0,0,0,0,0,0,0,0,0,0,0,0,0,0,0,0,0,1,5,0,0,0,0,0,0,False,False,True,False,False,False,False,False,False,False,False,False,True
10.5,36.0,0,110.25,0.1340977304988924,378.0,0,1,0,0,0,0,0,0,0,0,0,0,0,0,0,0,0,0,0,0,0,0,0,0,0,0,0,0,0,0,0,0,0,0,0,0,0,0,0,0,0,0,0,0,0,0,0,5,0,0,0,0,0,0,False,False,False,False,False,True,False,False,False,False,False,False,True
3.8,35.6,0,14.44,0.13600850202444945,135.28,0,0,0,0,0,0,0,0,0,0,1,0,1,1,0,1,0,1,0,0,0,0,0,0,0,0,0,0,0,0,0,0,0,0,0,0,0,0,0,0,0,0,1,0,3,1,0,5,1,0,0,0,0,0,False,False,False,True,False,False,False,False,False,False,False,True,False
11.8,23.0,0,139.24,-2.0176732965419557,271.40000000000003,0,0,0,0,0,0,0,1,0,0,0,0,1,0,0,0,0,0,0,0,0,0,0,0,0,0,0,0,0,0,0,0,0,0,0,0,0,0,0,0,0,0,0,0,1,0,0,5,0,0,0,0,0,0,False,False,False,True,False,False,False,False,False,False,False,False,True
3.8,5.6,0,14.44,-0.24840114655994122,21.279999999999998,0,0,0,0,0,0,0,0,0,1,0,0,0,0,0,1,0,0,1,0,0,1,0,0,0,0,0,0,0,0,0,0,0,0,0,0,0,0,0,0,0,0,0,1,3,0,0,5,0,0,0,0,0,0,False,False,False,False,False,False,False,True,False,False,False,True,False
8.0,25.3,0,64.0,-1.4144134887824298,202.4,0,1,0,0,0,0,0,0,0,0,0,0,0,0,1,0,0,0,0,0,0,0,1,0,0,0,0,0,0,0,0,0,0,0,0,0,0,0,0,0,0,0,0,0,2,1,0,5,0,0,0,0,0,0,False,False,False,False,False,False,False,False,True,False,False,False,True
3.6,25.4,1,12.96,0.7113671056590944,91.44,0,0,0,0,0,1,0,0,0,0,0,1,0,0,0,1,0,0,0,0,0,0,0,0,0,0,0,0,0,0,0,0,0,0,0,0,0,0,0,0,0,0,0,0,1,0,1,5,0,0,0,0,0,0,False,False,True,False,False,False,False,False,False,False,False,True,False
2.9,21.7,1,8.41,-0.07525373081687776,62.92999999999999,0,1,0,0,0,0,0,0,0,0,0,0,1,0,0,0,0,0,0,0,0,0,0,0,0,0,0,0,0,0,0,0,0,0,0,0,0,0,0,0,0,0,0,0,2,0,1,5,0,0,0,0,0,0,False,False,True,False,False,False,False,False,False,False,False,True,False
3.2,15.9,0,10.240000000000002,-1.3674419667926698,50.88,0,0,0,0,0,0,0,1,0,0,0,0,0,1,1,0,1,0,0,0,0,0,0,0,0,0,0,0,0,0,0,0,0,0,0,0,0,0,0,0,0,0,2,1,1,0,0,5,0,0,0,0,0,0,False,True,False,False,False,False,False,False,False,False,False,True,False
1.3,40.7,1,1.6900000000000002,0.9808275825734619,52.910000000000004,0,0,0,0,0,1,0,0,0,0,0,1,0,0,0,1,1,1,0,1,0,0,0,0,0,0,0,0,0,0,0,0,0,0,0,0,0,0,0,0,0,0,1,1,3,0,0,5,0,0,0,1,0,0,False,False,False,False,False,True,False,False,False,False,False,True,False
8.2,24.7,0,67.24,-1.5076281628266721,202.53999999999996,0,0,0,0,0,0,0,0,0,1,0,0,0,0,1,0,0,0,0,0,0,0,1,0,0,0,0,0,0,0,0,0,0,0,0,0,0,0,0,0,0,0,0,0,2,1,0,5,0,0,0,0,0,0,False,False,False,False,False,False,False,False,True,False,False,False,True
11.0,36.9,0,121.0,0.38773687607291885,405.9,0,0,0,0,0,0,0,0,0,1,0,0,0,0,0,0,1,1,0,0,0,0,0,0,0,0,0,0,0,0,0,0,0,0,0,0,0,0,0,0,0,0,0,3,1,0,0,5,0,0,0,0,0,0,False,False,False,False,False,False,False,False,True,False,False,False,True
10.1,20.3,1,102.00999999999999,-0.40697381438472,205.03,0,0,0,0,0,0,0,1,0,0,0,0,0,0,0,0,0,0,0,0,0,0,0,0,1,0,1,0,0,0,0,1,0,0,0,0,0,0,0,0,0,0,0,0,0,0,1,5,0,0,0,0,0,0,False,True,False,False,False,False,False,False,False,False,False,False,True
9.1,29.7,0,82.80999999999999,1.426203511758458,270.27,0,0,0,0,0,0,0,0,0,0,1,0,0,0,1,0,0,0,0,1,1,0,0,0,0,0,0,0,0,0,0,0,0,0,0,0,0,0,0,0,0,0,2,0,2,0,0,5,0,0,1,0,0,0,True,False,False,False,False,False,False,False,False,False,False,False,True
9.7,27.4,1,94.08999999999999,-1.2655939383124177,265.78,0,0,0,0,0,1,0,0,0,0,0,1,1,0,0,1,0,0,0,0,0,0,0,0,0,0,0,1,0,0,0,0,0,0,0,0,0,0,0,0,0,0,0,0,2,0,1,5,0,0,0,0,0,0,False,False,False,True,False,False,False,False,False,False,False,False,True
12.1,45.0,0,146.41,1.7427234946057353,544.5,0,0,0,0,0,0,0,0,0,1,0,0,0,1,0,1,0,0,1,0,0,0,0,0,0,0,0,0,0,0,0,0,0,0,0,0,0,0,0,0,0,0,1,0,4,0,0,5,0,0,0,0,0,0,False,False,False,True,False,False,False,False,False,False,False,False,True
5.8,28.2,0,33.64,-1.128852236816138,163.56,0,0,0,0,0,0,0,1,0,0,0,0,0,0,1,0,0,0,0,0,0,0,1,0,0,0,0,0,0,0,0,0,0,0,0,0,0,0,0,0,0,0,0,0,2,1,0,5,0,0,0,0,0,0,False,False,False,True,False,False,False,False,False,False,False,True,False
4.4,31.0,0,19.360000000000003,-0.6502562815791589,136.4,0,0,0,0,0,0,0,1,0,0,0,0,1,0,1,0,0,1,1,0,0,0,0,0,0,0,0,0,0,0,0,0,0,0,0,0,0,0,0,0,0,0,0,0,4,0,0,5,0,0,0,0,0,1,False,False,False,True,False,False,False,False,False,False,False,True,False
8.1,17.2,1,65.61,-0.391729846792281,139.32,0,0,0,0,0,1,0,0,0,0,0,1,1,1,0,0,0,0,0,0,0,0,0,0,0,0,0,0,0,0,0,0,0,0,0,0,0,0,0,0,0,0,3,0,1,0,0,5,1,0,0,0,0,0,False,False,False,False,False,False,True,False,False,False,False,False,True
7.7,4.7,1,59.290000000000006,-0.7765904320260221,36.190000000000005,0,0,0,0,0,1,0,0,0,0,0,1,0,0,1,0,0,0,0,0,0,0,1,0,0,0,0,0,0,0,0,0,0,0,0,0,0,0,0,0,0,0,0,0,2,0,0,5,0,0,0,0,0,0,False,False,False,False,False,False,False,False,False,True,False,False,True
9.0,29.3,0,81.0,1.3423530959415355,263.7,0,0,1,0,0,0,0,0,0,0,0,0,0,0,1,1,1,0,0,0,1,1,0,0,0,0,0,0,0,0,0,0,0,0,0,0,0,0,0,0,0,0,1,2,2,0,0,5,0,0,1,0,1,0,True,False,False,False,False,False,False,False,False,False,False,False,True
6.8,26.4,0,46.239999999999995,0.924584305999028,179.51999999999998,0,0,0,0,0,0,0,0,0,0,1,0,0,1,1,0,1,0,1,1,0,0,0,0,0,0,0,0,0,0,0,0,0,0,0,0,0,0,0,0,0,0,2,1,2,0,0,5,0,0,0,0,0,1,False,True,False,False,False,False,False,False,False,False,False,True,False
14.1,18.6,1,198.81,-0.2491760076084812,262.26,0,0,0,0,0,1,0,0,0,0,0,1,0,0,0,0,0,0,0,0,0,0,1,0,1,0,0,0,1,1,1,0,0,0,0,0,0,0,0,0,0,0,0,0,1,0,0,5,0,0,0,0,0,0,False,False,False,False,False,False,True,False,False,False,False,False,True
6.6,6.5,1,43.559999999999995,0.21487171422960663,42.9,0,0,0,0,0,1,0,0,0,0,0,1,1,0,0,0,0,0,0,1,1,1,0,0,0,0,0,0,0,0,0,0,0,0,0,0,0,0,0,0,0,0,3,1,1,0,0,5,0,1,0,0,0,0,False,False,False,False,False,False,False,True,False,False,False,True,False
6.3,28.3,1,39.69,1.132727056399229,178.29,0,0,0,0,0,0,0,0,0,1,0,0,0,0,0,0,0,1,0,0,0,0,0,0,0,0,0,0,0,0,0,0,0,0,0,0,0,0,0,0,0,0,0,0,1,0,1,5,0,0,0,0,0,0,True,False,False,False,False,False,False,False,False,False,False,True,False
2.4,3.9,0,5.76,-1.1234721058290866,9.36,0,0,0,0,0,0,0,0,0,0,1,0,0,0,0,0,0,0,0,0,0,0,1,0,1,0,0,0,0,0,0,0,0,0,0,0,0,0,0,0,0,0,0,0,1,0,0,5,0,0,0,0,0,0,False,False,False,False,False,False,False,True,False,False,False,True,False
1.0,29.0,0,1.0,0.8097953691854586,29.0,0,0,0,0,1,0,0,0,0,0,0,1,0,0,0,1,0,0,0,0,0,0,0,0,0,0,0,0,0,0,0,0,0,0,0,0,0,0,0,0,0,0,0,0,1,0,0,5,0,0,0,0,0,0,False,False,False,False,False,False,True,False,False,False,True,False,False
4.3,24.6,0,18.49,0.5316655163775946,105.78,0,0,0,0,0,0,1,0,0,0,0,1,0,0,0,1,0,0,0,0,1,1,0,0,0,0,0,0,0,0,0,0,0,0,0,0,0,0,0,0,0,0,1,2,1,0,0,5,0,0,0,0,0,0,False,True,False,False,False,False,False,False,False,False,False,True,False
8.2,16.9,1,67.24,-1.095734815974896,138.57999999999998,0,0,0,0,0,1,0,0,0,0,0,1,0,0,0,0,1,0,0,0,1,1,0,0,0,0,0,0,0,0,0,0,0,0,0,0,0,0,0,0,0,0,1,3,0,0,0,5,0,0,0,0,1,0,False,False,True,False,False,False,False,False,False,False,False,False,True
5.0,45.0,0,25.0,1.6628227227616044,225.0,0,1,0,0,0,0,0,0,0,0,0,0,0,0,0,0,0,0,1,0,0,0,0,0,0,0,0,0,0,0,0,0,0,0,0,0,0,0,0,0,0,0,0,0,1,0,0,5,0,0,0,0,0,0,False,False,False,False,True,False,False,False,False,False,False,True,False
8.6,7.0,0,73.96,-1.4303363894171066,60.199999999999996,0,0,0,0,0,0,0,0,0,0,1,0,0,0,0,0,0,0,1,0,0,0,0,0,0,0,0,0,0,0,0,0,0,0,0,0,0,0,0,0,0,0,0,0,1,0,0,5,0,0,0,0,0,0,False,False,False,False,False,False,True,False,False,False,False,False,True
0.7,15.7,0,0.48999999999999994,-1.3508550872644005,10.989999999999998,0,1,0,0,0,0,0,0,0,0,0,0,0,0,0,0,0,0,0,0,0,0,0,0,0,0,1,0,0,0,0,0,0,0,0,0,0,0,0,0,0,0,0,0,0,0,0,5,0,0,0,0,0,0,False,False,True,False,False,False,False,False,False,False,True,False,False
3.4,30.5,0,11.559999999999999,1.795628258639489,103.7,0,1,0,0,0,0,0,0,0,0,0,0,0,1,0,0,0,0,1,0,0,0,0,0,0,0,0,0,0,0,0,0,0,0,0,0,0,0,0,0,1,0,1,0,1,0,0,5,0,0,0,0,0,0,False,False,True,False,False,False,False,False,False,False,False,True,False
12.4,35.8,0,153.76000000000002,0.05432428722503133,443.91999999999996,0,1,0,0,0,0,0,0,0,0,0,0,0,1,0,1,0,0,1,0,0,0,0,0,0,0,0,0,0,0,0,0,0,0,0,0,0,0,0,0,0,0,2,0,2,0,0,5,0,0,0,0,0,0,False,False,False,False,True,False,False,False,False,False,False,False,True
4.7,30.2,0,22.090000000000003,-0.7869979830754387,141.94,0,0,0,0,0,0,0,1,0,0,0,0,0,1,0,1,1,1,0,0,0,0,0,0,0,0,0,0,0,0,0,0,0,0,0,0,0,0,0,0,0,0,2,1,2,0,0,5,0,0,0,0,0,0,False,False,False,True,False,False,False,False,False,False,False,True,False
1.4,9.5,0,1.9599999999999997,-1.1757759623031787,13.299999999999999,0,1,0,0,0,0,0,0,0,0,0,0,0,1,0,0,0,0,0,0,0,0,1,0,0,0,0,0,0,0,0,0,0,0,0,0,0,0,0,0,0,0,1,0,1,0,0,5,0,0,0,0,0,0,False,False,False,False,False,False,True,False,False,False,False,True,False
9.5,12.9,0,90.25,-0.8295737814282368,122.55,0,0,0,1,0,0,0,0,0,0,0,1,0,0,0,0,0,0,0,0,0,0,0,0,0,1,0,0,0,0,0,0,0,0,0,0,0,0,0,0,0,0,0,0,0,0,0,5,0,0,0,0,0,0,False,False,False,False,False,False,True,False,False,False,False,False,True
15.0,35.1,0,225.0,-0.028042028409003533,526.5,0,0,1,0,0,0,0,0,0,0,0,0,0,0,0,1,1,0,1,0,1,0,0,0,0,0,0,0,0,0,0,0,0,0,0,0,0,0,0,0,0,0,1,1,2,0,0,5,0,0,0,0,0,0,False,False,False,False,False,True,False,False,False,False,False,False,True
2.3,12.3,0,5.289999999999999,-0.8906682839355795,28.29,0,0,0,0,0,0,0,1,0,0,0,0,0,0,1,0,0,0,0,0,0,0,0,0,0,0,0,0,0,0,0,0,0,0,0,0,0,0,0,0,0,0,0,0,1,0,0,5,0,0,0,0,0,0,False,False,False,False,False,False,True,False,False,False,False,True,False
9.2,18.1,1,84.63999999999999,-0.8406145446853909,166.52,0,0,0,0,0,1,0,0,0,0,0,1,1,1,1,0,0,0,0,0,0,0,0,0,0,1,0,0,0,0,0,0,0,0,0,0,0,0,0,0,0,0,1,0,2,0,0,5,1,0,0,0,0,0,False,False,True,False,False,False,False,False,False,False,False,False,True
9.8,25.0,0,96.04000000000002,-1.461020825804551,245.00000000000003,0,1,0,0,0,0,0,0,0,0,0,0,0,1,0,0,1,0,0,0,0,1,0,0,0,0,0,0,0,0,0,0,0,0,0,0,0,0,0,0,0,0,2,3,0,0,0,5,0,0,0,0,1,0,False,False,False,False,False,False,False,False,True,False,False,False,True
5.3,39.9,1,28.09,0.8538102462941297,211.47,0,0,0,0,0,0,0,0,0,1,0,0,1,0,0,1,1,0,0,0,0,0,0,0,0,0,0,0,0,0,0,0,0,0,0,0,0,0,0,0,0,0,0,1,3,0,1,5,0,0,0,0,0,0,False,False,False,False,False,False,False,False,True,False,False,True,False
1.7,15.3,0,2.8899999999999997,-1.5924114576507555,26.01,0,0,0,0,0,0,0,0,0,0,1,0,1,0,0,0,0,0,0,0,0,0,0,0,0,0,1,0,0,0,0,0,0,0,0,0,0,0,0,0,0,0,0,0,1,0,0,5,0,0,0,0,0,0,True,False,False,False,False,False,False,False,False,False,False,True,False
8.5,27.5,0,72.25,-1.2485012256253825,233.75,0,1,0,0,0,0,0,0,0,0,0,0,0,0,1,0,1,0,1,0,0,1,0,0,0,0,0,0,0,0,0,0,0,0,0,0,0,0,0,0,0,0,0,3,2,0,0,5,0,0,0,0,1,1,False,False,False,True,False,False,False,False,False,False,False,False,True
9.9,3.5,0,98.01,-1.3293711550688856,34.65,0,0,1,0,0,0,0,0,0,0,0,0,0,1,1,0,1,0,0,0,0,0,0,0,0,0,0,0,0,0,0,0,0,0,0,0,0,0,0,0,0,0,1,1,1,0,0,5,0,0,0,0,0,0,False,False,False,False,False,False,False,True,False,False,False,False,True
7.9,8.1,0,62.410000000000004,-1.3183298014869784,63.99,0,0,0,0,0,0,0,0,1,0,0,1,0,0,0,0,0,0,0,0,0,1,0,0,0,0,0,0,0,0,0,0,0,0,0,0,0,0,0,0,0,0,0,1,0,0,0,5,0,0,0,0,0,0,False,False,False,False,False,False,True,False,False,False,False,False,True
0.5,34.0,1,0.25,-0.13747490096811013,17.0,0,0,0,0,0,1,0,0,0,0,0,1,0,0,0,1,0,0,0,1,0,1,0,0,0,0,0,0,0,0,0,0,0,0,0,0,0,0,0,0,0,0,1,1,1,0,0,5,0,0,0,1,0,0,False,False,False,True,False,False,False,False,False,False,True,False,False
8.4,45.0,1,70.56,1.6628227227616044,378.0,0,0,0,1,0,0,0,0,0,0,0,1,0,0,0,0,0,0,0,0,0,0,0,0,0,0,1,0,0,0,0,1,0,0,0,0,0,0,1,0,0,0,0,0,0,0,2,5,0,0,0,0,0,0,False,False,False,False,True,False,False,False,False,False,False,False,True
8.7,28.3,0,75.68999999999998,-1.1117595241291027,246.20999999999998,0,0,0,0,0,0,0,0,0,1,0,0,1,0,1,0,0,0,0,0,0,0,0,0,0,0,0,0,0,0,0,0,0,0,0,0,0,0,0,1,0,0,0,0,2,0,0,5,0,0,0,0,0,0,False,False,False,True,False,False,False,False,False,False,False,False,True
8.9,27.0,1,79.21000000000001,-1.3339647890605573,240.3,0,0,0,0,0,1,0,0,0,0,0,1,1,0,0,1,0,0,0,0,0,0,0,0,0,0,0,1,0,0,0,0,0,0,0,0,0,0,0,0,0,0,0,0,2,0,1,5,0,0,0,0,0,0,False,False,False,True,False,False,False,False,False,False,False,False,True
4.4,30.0,0,19.360000000000003,1.48909132362115,132.0,0,1,0,0,0,0,0,0,0,0,0,0,0,1,0,1,1,0,0,0,1,0,0,0,0,0,0,0,0,0,0,1,0,0,0,0,0,0,0,0,0,0,2,1,1,0,0,5,0,0,0,0,0,0,True,False,False,False,False,False,False,False,False,False,False,True,False
1.3,11.0,0,1.6900000000000002,-1.023039706034822,14.3,0,1,0,0,0,0,0,0,0,0,0,0,0,1,0,0,0,0,0,0,0,0,1,0,0,0,0,0,0,0,0,0,0,0,0,0,0,0,0,0,0,0,1,0,1,0,0,5,0,0,0,0,0,0,False,False,False,False,False,False,True,False,False,False,False,True,False
2.5,28.0,0,6.25,1.069839244536537,70.0,0,1,0,0,0,0,0,0,0,0,0,0,1,1,1,0,0,0,0,1,0,0,0,0,0,0,0,0,0,0,0,0,0,0,0,0,0,0,0,0,0,0,2,0,2,0,0,5,1,1,0,0,0,0,True,False,False,False,False,False,False,False,False,False,False,True,False
13.6,27.9,0,184.95999999999998,-1.3251600996721735,379.44,0,1,0,0,0,0,0,0,0,0,0,0,0,0,0,0,1,0,0,0,0,0,1,1,0,0,0,0,0,0,0,0,0,0,0,0,0,0,0,0,0,0,0,1,2,0,0,5,0,0,0,0,0,0,False,False,False,False,False,True,False,False,False,False,False,False,True
11.6,40.2,0,134.56,0.9222732856280578,466.32,0,0,0,1,0,0,0,0,0,0,0,1,1,1,0,0,1,0,0,0,1,0,0,0,0,0,0,0,0,0,0,0,0,0,0,0,0,0,0,0,0,0,2,2,1,0,0,5,1,0,0,0,0,0,False,False,False,True,False,False,False,False,False,False,False,False,True
12.9,31.2,0,166.41,-0.6160708562050892,402.48,0,1,0,0,0,0,0,0,0,0,0,0,0,0,1,0,0,0,0,0,1,0,0,0,0,0,0,0,0,0,0,0,0,0,0,0,0,0,0,0,0,0,2,0,2,0,0,5,0,0,1,0,0,0,False,False,False,True,False,False,False,False,False,False,False,False,True
10.9,22.7,0,118.81,0.13734649525770934,247.43,0,1,0,0,0,0,0,0,0,0,0,0,1,0,1,1,0,1,0,0,0,0,0,0,0,0,0,0,0,0,0,0,0,0,0,0,0,0,0,0,0,0,0,0,4,0,0,5,0,0,0,0,0,0,False,False,True,False,False,False,False,False,False,False,False,False,True
6.5,18.8,0,42.25,-0.22881117343936702,122.2,0,1,0,0,0,0,0,0,0,0,0,0,0,0,0,0,0,1,0,0,1,0,0,0,0,0,0,0,0,0,0,0,0,0,0,0,0,0,0,0,0,0,2,0,1,0,0,5,0,0,0,0,0,0,False,False,False,False,False,False,True,False,False,False,False,True,False
10.6,8.8,0,112.36,1.3303450383486972,93.28,0,1,0,0,0,0,0,0,0,0,0,0,0,1,1,0,1,1,0,0,0,0,0,0,0,0,0,0,0,0,0,0,0,0,0,0,0,0,0,0,0,0,1,1,2,0,0,5,0,0,0,0,0,0,False,False,False,False,False,False,False,False,False,True,False,False,True
11.6,20.6,0,134.56,-0.30911397949892316,238.96,0,0,0,0,0,0,0,1,0,0,0,0,1,1,0,0,0,1,0,0,0,0,0,0,0,0,0,0,0,0,0,0,0,0,0,0,0,0,0,0,0,0,1,0,2,0,0,5,1,0,0,0,0,0,False,False,True,False,False,False,False,False,False,False,False,False,True
4.4,24.2,0,19.360000000000003,0.44435022979505323,106.48,0,0,1,0,0,0,0,0,0,0,0,0,1,1,0,0,1,0,1,0,0,0,0,0,0,0,0,0,0,0,0,0,0,0,0,0,0,0,0,0,0,0,1,1,2,0,0,5,1,0,0,0,0,0,False,True,False,False,False,False,False,False,False,False,False,True,False
5.8,30.4,0,33.64,-0.6220887594063715,176.32,0,0,0,0,1,0,0,0,0,0,0,1,0,0,0,0,0,0,0,0,0,0,1,0,1,0,0,0,1,1,1,0,0,0,0,0,0,0,0,0,0,0,0,0,1,0,0,5,0,0,0,0,0,0,False,False,False,False,False,False,False,False,True,False,False,True,False
11.9,40.7,0,141.61,0.9808275825734619,484.33000000000004,0,0,0,0,0,0,0,0,1,0,0,1,0,0,0,0,0,1,1,0,0,0,0,0,0,0,0,0,0,0,0,1,0,0,0,0,0,0,0,0,0,0,0,0,2,0,0,5,0,0,0,0,0,0,False,False,False,False,False,True,False,False,False,False,False,False,True
7.9,30.8,1,62.410000000000004,-0.8027097654133966,243.32000000000002,0,0,0,0,0,1,0,0,0,0,0,1,1,0,0,0,0,0,0,0,0,1,0,0,0,1,0,0,0,0,0,0,0,0,0,0,0,0,0,0,0,0,0,1,1,0,0,5,0,0,0,0,0,0,False,False,False,False,False,True,False,False,False,False,False,False,True
6.9,35.7,0,47.61000000000001,0.20130752798443513,246.33000000000004,0,0,0,1,0,0,0,0,0,0,0,1,1,0,0,1,1,1,0,0,0,0,0,0,0,0,0,0,0,0,0,0,0,0,0,0,0,0,0,0,0,0,0,1,3,1,0,5,0,0,0,0,0,0,False,False,False,False,False,False,False,False,True,False,False,True,False
9.7,37.7,0,94.08999999999999,0.49495546845218386,365.69,0,0,0,0,0,0,0,1,0,0,0,0,0,0,0,0,0,0,0,0,0,0,0,0,0,0,0,1,0,0,0,0,0,0,0,0,0,0,0,0,0,0,0,0,1,0,0,5,0,0,0,0,0,0,False,False,False,True,False,False,False,False,False,False,False,False,True
9.5,20.6,1,90.25,-0.30911397949892316,195.70000000000002,0,0,0,0,0,1,0,0,0,0,0,1,0,0,0,0,0,0,0,0,0,0,0,0,0,0,0,0,0,0,0,0,1,0,0,0,0,0,0,0,0,0,0,0,0,0,0,5,0,0,0,0,0,0,False,False,True,False,False,False,False,False,False,False,False,False,True
1.9,37.4,0,3.61,0.4654157711097873,71.05999999999999,0,0,0,0,0,0,0,0,0,0,1,0,1,0,1,0,0,0,0,0,1,0,0,1,0,0,0,0,0,0,0,1,0,0,0,0,0,0,0,0,0,0,1,0,3,0,0,5,0,0,1,0,0,0,False,False,False,False,False,False,False,False,True,False,False,True,False
12.7,35.3,1,161.29,0.00798902912608374,448.30999999999995,0,0,0,0,0,0,0,0,0,1,0,0,0,0,0,0,0,0,0,0,0,0,0,0,0,0,0,0,0,0,0,0,0,0,0,0,0,0,0,0,0,0,0,0,0,0,1,5,0,0,0,0,0,0,False,False,False,False,False,True,False,False,False,False,False,False,True
1.6,28.5,0,2.5600000000000005,0.758883283762673,45.6,0,0,0,0,0,0,0,0,0,0,1,0,0,0,0,0,0,0,0,0,0,0,0,0,0,0,0,0,0,0,0,0,0,0,0,0,0,0,0,0,0,0,0,0,1,0,0,5,0,0,0,0,0,0,False,False,False,False,False,False,True,False,False,False,False,True,False
8.8,40.0,0,77.44000000000001,1.9298612484867412,352.0,0,0,0,0,0,0,0,0,1,0,0,1,0,0,1,1,0,0,0,1,1,0,0,0,0,0,0,0,0,0,0,0,0,0,0,0,0,0,0,0,0,0,3,0,2,0,0,5,0,0,1,1,0,0,False,False,False,False,False,False,True,False,False,False,False,False,True
1.6,41.0,0,2.5600000000000005,1.0247038153752406,65.60000000000001,0,1,0,0,0,0,0,0,0,0,0,0,0,0,0,0,0,0,0,0,0,0,0,0,0,0,0,0,0,0,0,0,0,0,0,0,0,0,0,0,0,0,0,0,1,0,0,5,0,0,0,0,0,0,False,False,False,False,False,False,False,False,True,False,False,True,False
9.1,16.1,0,82.80999999999999,-1.265814996834565,146.51000000000002,0,0,0,0,0,0,0,0,1,0,0,1,0,1,1,0,0,0,0,1,1,1,0,0,0,0,0,0,0,0,0,0,0,0,0,0,0,0,0,0,0,0,3,1,1,0,0,5,0,0,1,0,0,0,False,False,True,False,False,False,False,False,False,False,False,False,True
5.0,37.5,0,25.0,0.351546824226355,187.5,0,1,0,0,0,0,0,0,0,0,0,0,0,0,0,0,0,0,1,0,0,0,0,0,0,0,0,0,0,0,0,0,0,0,0,0,0,0,0,0,0,0,0,0,1,0,0,5,0,0,0,0,0,0,False,False,False,False,True,False,False,False,False,False,False,True,False
6.1,33.1,1,37.209999999999994,-0.29130931515142455,201.91,0,0,0,0,0,1,0,0,0,0,0,1,1,1,1,0,0,0,0,1,0,0,0,0,0,0,0,0,0,0,0,0,0,1,0,0,0,0,0,0,0,0,2,0,2,0,0,5,1,1,0,0,0,0,False,False,False,True,False,False,False,False,False,False,False,True,False
3.0,17.5,0,9.0,-0.9681746803301435,52.5,0,0,0,0,0,0,0,0,1,0,0,1,1,1,0,0,1,1,0,0,0,0,0,0,0,0,0,0,0,0,0,0,0,0,0,0,0,0,0,0,0,0,1,1,2,0,0,5,1,0,0,0,0,0,False,False,True,False,False,False,False,False,False,False,False,True,False
10.9,33.6,0,118.81,-0.12494383117041273,366.24,0,1,0,0,0,0,0,0,0,0,0,0,0,1,1,0,0,0,0,1,1,0,0,0,0,0,0,0,0,0,0,0,0,0,0,0,0,0,0,0,0,0,3,0,1,0,0,5,0,0,1,0,0,0,False,False,False,False,False,False,False,False,True,False,False,False,True
9.1,39.2,0,82.80999999999999,0.7513461587577083,356.72,0,0,0,1,0,0,0,0,0,0,0,1,0,0,0,1,0,0,0,0,1,1,0,0,0,0,0,0,0,0,0,0,0,0,0,0,0,0,0,0,0,0,1,2,1,0,0,5,0,0,0,0,0,0,False,False,False,True,False,False,False,False,False,False,False,False,True
8.8,44.9,0,77.44000000000001,1.6305991966628146,395.12,0,0,1,0,0,0,0,0,0,0,0,0,0,1,1,0,0,1,0,0,1,0,0,0,0,0,0,0,0,0,0,0,0,0,0,0,0,0,0,0,0,0,3,0,2,0,0,5,0,0,1,0,0,0,False,False,False,False,False,False,False,False,True,False,False,False,True
7.9,10.6,0,62.410000000000004,2.325336968937546,83.74,0,0,0,0,0,0,0,1,0,0,0,0,1,1,0,0,0,0,0,1,0,0,0,0,0,0,0,0,0,0,0,0,0,0,0,0,0,0,0,0,0,0,3,0,1,0,0,5,1,1,0,0,0,0,False,False,False,False,False,False,False,True,False,False,False,False,True
10.0,3.7,0,100.0,-1.226421630448986,37.0,0,0,0,1,0,0,0,0,0,0,0,1,0,0,0,0,0,0,0,1,0,0,0,1,0,0,0,0,0,0,0,0,0,0,0,0,0,0,0,0,0,0,2,0,2,0,0,5,0,0,0,1,0,0,False,False,False,False,False,False,False,True,False,False,False,False,True
7.1,44.1,0,50.41,1.588889080422421,313.11,0,0,0,0,0,0,0,0,0,0,1,0,0,1,0,0,0,0,1,0,0,1,0,0,0,0,0,0,0,0,0,0,0,0,0,0,0,0,0,0,0,0,1,2,1,0,0,5,0,0,0,0,0,0,False,False,False,True,False,False,False,False,False,False,False,False,True
10.4,30.6,0,108.16000000000001,1.8413948151157078,318.24,0,1,0,0,0,0,0,0,0,0,0,0,0,0,0,0,1,0,0,0,0,0,0,0,0,0,0,0,0,0,0,0,0,0,0,0,0,0,0,0,1,0,0,1,0,1,0,5,0,0,0,0,0,0,False,True,False,False,False,False,False,False,False,False,False,False,True
14.8,6.2,0,219.04000000000002,-0.005760381888929726,91.76,0,0,0,0,0,0,0,1,0,0,0,0,1,0,0,0,0,0,0,0,0,0,0,0,0,0,0,0,0,0,0,0,0,0,0,1,0,0,0,0,0,0,0,0,2,0,0,5,0,0,0,0,0,0,False,False,False,False,False,False,False,False,False,True,False,False,True
12.1,2.9,1,146.41,-1.6382197289285843,35.089999999999996,0,0,0,0,0,0,1,0,0,0,0,1,0,0,0,0,0,0,0,0,0,0,0,0,0,0,0,0,0,0,0,0,0,0,0,0,0,0,0,0,0,0,0,0,0,0,0,5,0,0,0,0,0,0,False,False,False,False,False,False,False,True,False,False,False,False,True
15.0,15.0,1,225.0,-1.6552992695134476,225.0,0,0,0,0,0,0,0,0,0,0,1,0,0,0,0,1,1,0,0,0,1,0,0,0,0,0,0,0,0,0,0,0,0,0,0,0,0,0,0,0,0,0,1,1,1,0,1,5,0,0,0,0,0,0,True,False,False,False,False,False,False,False,False,False,False,False,True
5.8,27.3,0,33.64,-1.1036979086349559,158.34,0,1,0,0,0,0,0,0,0,0,0,0,1,0,0,0,0,0,0,0,0,0,0,0,0,0,0,0,0,0,0,0,0,0,0,0,0,0,0,0,0,0,0,0,1,0,0,5,0,0,0,0,0,0,False,False,False,False,False,False,False,False,True,False,False,True,False
6.0,35.2,0,36.0,0.06763765127630986,211.20000000000002,0,0,0,0,1,0,0,0,0,0,0,1,0,1,0,0,0,1,0,0,0,1,0,0,0,0,0,0,0,0,0,0,0,0,0,0,0,0,0,0,0,0,1,1,2,0,0,5,0,0,0,0,0,0,False,False,False,True,False,False,False,False,False,False,False,True,False
11.9,30.8,1,141.61,-0.819859645131801,366.52000000000004,0,0,0,0,0,0,1,0,0,0,0,1,0,1,1,0,0,0,1,0,0,0,0,0,0,0,0,0,0,0,0,0,0,0,0,0,0,0,0,0,0,0,1,0,3,0,1,5,0,0,0,0,0,1,False,False,False,False,True,False,False,False,False,False,False,False,True
3.7,4.4,0,13.690000000000001,-0.8660982942793378,16.28,0,0,0,0,0,0,0,0,0,0,1,0,0,0,0,1,1,0,1,0,0,1,0,0,0,0,0,0,0,0,0,0,0,0,0,0,0,0,0,0,0,0,0,2,2,0,0,5,0,0,0,0,1,0,False,False,False,False,False,False,False,True,False,False,False,True,False
15.2,26.3,0,231.04,0.7134749773146161,399.76,0,0,0,0,0,0,0,0,1,0,0,1,0,0,0,0,0,0,0,0,0,0,1,0,0,0,1,0,0,0,0,0,0,0,0,0,0,0,0,0,0,0,0,0,1,0,0,5,0,0,0,0,0,0,True,False,False,False,False,False,False,False,False,False,False,False,True
5.9,36.1,0,34.81,0.2634506440139297,212.99,0,0,0,0,0,0,0,0,0,1,0,0,1,0,0,1,0,0,0,0,0,1,0,0,0,0,0,0,0,0,0,0,0,0,0,0,0,0,0,0,0,0,0,1,2,0,0,5,0,0,0,0,0,0,False,False,False,False,False,False,False,False,True,False,False,True,False
10.0,28.6,1,100.0,1.1956148682619212,286.0,0,0,0,0,0,1,0,0,0,0,0,1,1,1,0,1,0,0,1,0,0,0,0,0,0,0,0,0,0,0,0,0,0,0,0,0,0,0,0,0,0,0,1,0,3,0,0,5,1,0,0,0,0,0,True,False,False,False,False,False,False,False,False,False,False,False,True
5.8,8.4,0,33.64,1.124790358312139,48.72,0,0,0,0,0,0,0,0,0,1,0,0,1,0,0,0,1,0,0,0,0,0,0,0,0,0,0,0,0,0,0,0,0,0,0,0,0,0,0,0,0,0,0,2,1,0,0,5,0,0,0,0,1,0,False,False,False,False,False,False,False,False,False,True,False,True,False
6.7,4.6,0,44.89,-0.8279791020351618,30.819999999999997,0,0,0,0,0,0,0,0,0,0,1,0,0,1,1,1,0,0,0,0,0,0,0,0,0,0,0,0,0,0,0,0,0,0,0,0,0,0,0,0,0,0,1,0,2,0,0,5,0,0,0,0,0,0,False,False,False,False,False,False,False,False,False,True,False,True,False
9.1,15.9,0,82.80999999999999,-1.4666358339253718,144.69,0,0,0,0,0,0,0,0,0,0,1,0,0,0,0,0,0,0,0,0,0,0,1,0,1,0,0,0,1,1,1,0,0,0,0,0,0,0,0,0,0,0,0,0,1,0,0,5,0,0,0,0,0,0,True,False,False,False,False,False,False,False,False,False,False,False,True
5.0,36.8,0,25.0,0.37220109706554494,184.0,0,0,1,0,0,0,0,0,0,0,0,0,1,0,1,0,0,0,0,1,1,0,0,0,0,0,0,0,0,0,0,0,0,0,0,0,0,0,0,0,0,0,3,0,2,0,0,5,0,1,1,0,0,0,False,False,False,False,False,False,False,False,True,False,False,True,False
7.9,20.6,0,62.410000000000004,-0.4813934480765309,162.74,0,0,0,1,0,0,0,0,0,0,0,1,0,0,0,1,1,0,0,0,1,1,0,0,0,0,0,0,0,0,0,0,0,0,0,0,0,0,0,0,0,0,1,2,1,0,0,5,0,0,0,0,1,0,True,False,False,False,False,False,False,False,False,False,False,False,True
6.3,33.2,1,39.69,-0.4002513576005208,209.16000000000003,0,0,0,0,0,1,0,0,0,0,0,1,0,1,0,1,0,0,0,1,1,0,0,0,0,0,0,0,0,0,0,0,0,0,0,0,0,0,0,0,0,0,3,0,1,0,0,5,0,0,0,1,0,0,False,False,False,False,True,False,False,False,False,False,False,True,False
8.6,3.6,1,73.96,-1.3418658021265564,30.96,0,0,0,0,0,1,0,0,0,0,0,1,0,1,0,0,1,0,0,1,1,0,0,0,0,0,0,0,0,0,0,0,0,0,0,0,0,0,0,0,0,0,4,1,0,0,0,5,0,0,0,0,0,0,False,False,False,False,False,False,False,False,False,True,False,False,True
12.4,39.9,0,153.76000000000002,0.8538102462941297,494.76,0,1,0,0,0,0,0,0,0,0,0,0,0,0,0,0,0,0,0,0,0,0,1,0,1,0,0,0,0,0,0,0,0,1,0,0,0,0,0,0,0,0,0,0,1,0,0,5,0,0,0,0,0,0,False,False,False,False,False,False,False,False,True,False,False,False,True
9.6,8.7,0,92.16,-1.2572352989796358,83.52,0,0,0,0,0,0,0,0,1,0,0,1,0,0,0,0,0,0,0,0,0,1,0,0,0,0,0,0,0,0,0,0,0,0,0,0,0,0,0,0,0,0,0,1,0,0,0,5,0,0,0,0,0,0,False,False,False,False,False,False,True,False,False,False,False,False,True
1.6,38.4,0,2.5600000000000005,0.6207735611835243,61.44,0,0,0,0,0,0,0,0,0,1,0,0,0,0,0,1,0,0,0,0,0,0,0,0,0,0,0,0,0,0,0,0,0,0,0,0,0,0,0,0,0,0,0,0,1,0,0,5,0,0,0,0,0,0,False,False,False,False,False,False,False,False,True,False,False,True,False
12.1,27.4,1,146.41,1.1365675578082686,331.53999999999996,0,0,0,0,0,1,0,0,0,0,0,1,1,0,0,0,1,0,0,1,0,1,0,0,0,0,0,0,0,0,0,0,0,0,0,0,0,0,0,0,0,0,1,3,1,0,0,5,0,1,0,0,1,0,False,False,True,False,False,False,False,False,False,False,False,False,True
11.3,39.0,0,127.69000000000001,0.7139882352277667,440.70000000000005,0,0,0,0,1,0,0,0,0,0,0,1,0,1,0,0,0,0,1,1,1,1,0,0,0,0,0,0,0,0,0,0,0,0,0,0,0,0,0,0,0,0,3,1,1,0,0,5,0,0,0,0,0,0,False,False,False,False,False,False,False,False,True,False,False,False,True
14.1,5.9,0,198.81,-0.09397685963009164,83.19,0,0,0,1,0,0,0,0,0,0,0,1,1,0,1,0,0,0,1,0,0,0,0,0,0,0,0,0,0,0,0,0,0,0,0,0,0,0,0,0,0,0,0,0,4,0,0,5,0,0,0,0,0,1,False,False,False,False,False,False,False,True,False,False,False,False,True
4.4,20.7,1,19.360000000000003,-0.4604308441223007,91.08,0,0,0,0,0,1,0,0,0,0,0,1,1,0,0,0,1,1,1,0,0,1,0,0,0,0,0,0,0,0,0,0,0,0,0,0,0,0,0,0,0,0,0,2,3,0,0,5,0,0,0,0,1,0,True,False,False,False,False,False,False,False,False,False,False,True,False
5.6,42.0,0,31.359999999999996,1.1383123633475045,235.2,0,0,0,0,0,0,0,0,0,0,1,0,1,0,0,0,1,1,0,0,1,0,0,0,0,0,0,0,0,0,0,0,0,0,1,0,0,0,0,0,0,0,1,1,2,0,0,5,0,0,0,0,0,0,False,False,False,False,True,False,False,False,False,False,False,True,False
3.3,16.2,0,10.889999999999999,-1.3019555018557645,53.459999999999994,0,0,0,0,0,0,0,0,1,0,0,1,0,0,0,1,0,0,0,0,0,0,0,0,0,0,0,0,0,0,0,0,0,0,0,0,0,0,0,0,0,0,0,0,1,0,0,5,0,0,0,0,0,0,False,True,False,False,False,False,False,False,False,False,False,True,False
5.1,8.6,0,26.009999999999998,1.2275676983304176,43.85999999999999,0,0,0,0,0,0,0,1,0,0,0,0,0,0,1,0,0,0,0,0,0,0,0,0,0,0,1,0,0,0,0,0,0,0,0,0,0,0,0,0,0,0,0,0,1,0,0,5,0,0,0,0,0,0,False,False,False,False,False,False,False,False,False,True,False,True,False
6.3,25.7,0,39.69,-1.7215017325581419,161.91,0,0,0,0,0,0,0,0,0,0,1,0,0,0,0,1,0,1,1,1,0,0,0,0,0,0,0,0,0,0,0,0,0,0,0,0,0,0,0,0,0,0,1,0,4,0,0,5,0,0,0,1,0,0,False,False,False,False,False,True,False,False,False,False,False,True,False
9.0,36.4,0,81.0,0.31005798103605037,327.59999999999997,0,1,0,0,0,0,0,0,0,0,0,0,0,1,0,0,0,0,0,0,0,0,0,0,0,0,0,0,0,0,0,0,0,0,0,0,0,0,0,0,0,0,1,0,0,0,0,5,0,0,0,0,0,0,False,False,False,False,False,False,False,False,True,False,False,False,True
0.9,44.1,0,0.81,1.5063129646038256,39.690000000000005,0,0,0,0,0,0,0,0,1,0,0,1,0,0,0,0,0,0,0,0,0,0,0,0,0,0,0,0,0,0,0,0,0,0,0,0,0,0,0,0,0,0,0,0,1,0,0,5,0,0,0,0,0,0,False,False,False,False,False,False,False,False,True,False,True,False,False
6.2,25.1,0,38.440000000000005,-1.445485046797177,155.62,0,0,0,0,0,0,1,0,0,0,0,1,1,0,0,1,1,0,0,1,1,0,0,0,0,0,0,0,0,0,0,0,0,0,0,0,0,0,0,0,0,0,2,1,2,0,0,5,0,1,0,1,0,0,False,False,False,False,False,False,False,False,True,False,False,True,False
3.8,33.9,0,14.44,-0.2778656070705649,128.82,0,0,0,1,0,0,0,0,0,0,0,1,0,0,0,0,1,1,0,0,0,0,0,0,0,0,0,1,0,0,0,0,0,0,1,1,0,0,0,0,0,0,0,1,1,0,0,5,0,0,0,0,0,0,False,False,False,False,True,False,False,False,False,False,False,True,False
0.9,44.4,0,0.81,1.6401672184835254,39.96,0,0,0,0,0,0,1,0,0,0,0,1,0,1,1,1,0,0,0,0,0,1,0,0,0,0,0,0,0,0,0,0,0,0,0,0,0,0,0,0,0,0,1,1,3,0,0,5,0,0,0,0,0,0,False,False,False,True,False,False,False,False,False,False,True,False,False
11.6,26.8,1,134.56,-1.1813768036718242,310.88,0,0,0,0,0,1,0,0,0,0,0,1,0,0,0,0,0,0,0,0,0,0,0,0,0,0,0,0,0,0,0,0,0,0,0,0,0,0,0,0,0,0,0,1,0,0,3,5,0,0,0,0,0,0,False,False,False,False,False,False,False,False,True,False,False,False,True
3.7,13.8,1,13.690000000000001,-1.9068505169642154,51.06,0,0,0,0,0,0,0,0,0,1,0,0,0,0,0,0,0,0,0,0,0,0,0,0,0,0,0,0,0,0,0,0,0,0,0,0,0,0,0,0,0,0,0,0,1,0,1,5,0,0,0,0,0,0,True,False,False,False,False,False,False,False,False,False,False,True,False
5.7,34.0,0,32.49,-0.22621284485198803,193.8,0,0,0,0,0,0,0,0,0,0,1,0,0,0,0,0,0,0,0,0,0,0,1,0,1,0,0,0,1,1,1,0,0,0,0,0,0,0,0,0,0,0,0,0,1,0,0,5,0,0,0,0,0,0,False,False,False,False,False,True,False,False,False,False,False,True,False
5.6,3.0,0,31.359999999999996,-1.6501978221813933,16.799999999999997,0,1,0,0,0,0,0,0,0,0,0,0,0,1,1,0,0,0,0,1,1,0,0,0,0,0,0,0,0,0,0,0,0,0,0,0,0,0,0,0,0,0,3,0,1,0,0,5,0,0,1,0,0,0,False,False,False,False,False,False,False,False,False,True,False,True,False
6.0,34.8,0,36.0,0.06148551691807098,208.79999999999998,0,0,0,0,0,0,0,0,0,0,1,0,1,1,0,0,0,1,0,0,0,1,0,0,0,0,0,0,0,0,0,0,0,0,0,0,0,0,0,0,0,0,1,1,3,0,0,5,1,0,0,0,0,0,False,False,False,False,False,False,False,False,True,False,False,True,False
15.0,33.2,0,225.0,-0.3703370749923397,498.00000000000006,0,0,0,0,0,0,0,1,0,0,0,0,0,0,0,0,0,0,1,1,0,0,0,0,0,0,0,0,0,0,0,0,0,0,0,0,0,0,0,0,0,0,2,0,2,0,0,5,0,0,0,1,0,0,False,False,False,False,False,True,False,False,False,False,False,False,True
3.1,18.8,1,9.610000000000001,-0.6917943864331801,58.28,0,0,0,0,1,0,0,0,0,0,0,1,1,0,0,0,0,1,0,0,0,0,0,0,0,0,0,0,0,0,0,0,0,0,0,0,0,0,0,0,0,0,0,0,3,0,1,5,0,0,0,0,0,0,False,False,True,False,False,False,False,False,False,False,False,True,False
2.7,3.1,0,7.290000000000001,-1.5352702043086845,8.370000000000001,0,0,0,0,0,0,0,0,0,0,1,0,0,0,0,0,0,0,0,0,0,0,1,0,1,0,0,0,0,0,0,0,0,0,0,0,0,0,0,0,0,0,0,0,1,0,0,5,0,0,0,0,0,0,False,False,False,False,False,False,False,True,False,False,False,True,False
11.0,8.5,1,121.0,1.1761790283212783,93.5,0,0,0,0,0,1,0,0,0,0,0,1,0,1,1,0,1,1,0,0,0,0,0,0,0,0,0,0,0,0,0,0,0,0,0,0,0,0,0,0,0,0,1,1,2,0,0,5,0,0,0,0,0,0,False,False,False,False,False,False,False,False,False,True,False,False,True
5.1,9.3,0,26.009999999999998,1.5872883883943947,47.43,0,0,0,0,1,0,0,0,0,0,0,1,1,0,0,1,0,0,0,0,1,1,0,0,0,0,0,0,0,0,0,0,0,0,0,0,0,0,0,0,0,0,1,2,2,0,0,5,0,0,0,0,0,0,False,False,False,False,False,False,False,False,False,True,False,True,False
7.6,15.1,0,57.76,-1.4784152229091527,114.75999999999999,0,0,0,0,0,0,0,1,0,0,0,0,0,0,0,0,1,0,1,0,0,0,0,0,0,0,0,0,0,0,0,0,0,0,0,0,0,0,0,0,0,0,0,1,3,0,0,5,0,0,0,0,0,0,False,False,True,False,False,False,False,False,False,False,False,False,True
5.3,43.6,0,28.09,1.5034255169872461,231.08,0,1,0,0,0,0,0,0,0,0,0,0,1,0,0,0,1,0,1,0,0,0,0,0,0,0,0,0,0,0,0,0,0,0,0,0,0,0,0,0,0,0,0,1,3,0,0,5,0,0,0,0,0,0,False,False,False,True,False,False,False,False,False,False,False,True,False
11.1,25.8,1,123.21,0.793611376125217,286.38,0,0,0,0,0,1,0,0,0,0,0,1,0,1,0,1,0,0,1,0,1,0,0,0,0,0,0,0,0,0,0,0,0,0,0,0,0,0,0,0,0,0,2,0,2,0,0,5,0,0,0,0,0,0,False,True,False,False,False,False,False,False,False,False,False,False,True
2.0,4.5,0,4.0,-0.8146235319693882,9.0,0,0,0,0,0,0,0,0,1,0,0,1,0,1,0,0,0,0,0,1,0,1,0,0,0,0,0,0,0,0,0,0,0,0,0,0,0,0,0,0,0,0,2,1,0,0,0,5,0,0,0,0,0,0,False,False,False,False,False,False,False,True,False,False,False,True,False
0.9,22.7,0,0.81,0.11691790511052493,20.43,0,0,0,1,0,0,0,0,0,0,0,1,0,0,0,0,0,0,0,0,0,0,0,0,0,0,0,0,0,0,0,0,0,0,0,0,0,0,0,0,0,0,0,0,0,0,0,5,0,0,0,0,0,0,False,True,False,False,False,False,False,False,False,False,True,False,False
1.8,25.5,1,3.24,0.7326271282665534,45.9,0,0,0,0,0,1,0,0,0,0,0,1,1,0,0,0,0,0,0,0,0,0,0,0,0,0,0,1,0,0,0,0,0,0,0,0,0,0,0,0,0,0,0,0,1,0,2,5,0,0,0,0,0,0,False,False,True,False,False,False,False,False,False,False,False,True,False
4.4,20.4,1,19.360000000000003,-0.35163402471384114,89.76,0,0,0,0,0,1,0,0,0,0,0,1,1,0,0,0,0,0,0,0,0,0,0,0,0,0,0,0,0,0,0,0,0,0,0,0,0,0,0,0,0,0,0,0,1,0,0,5,0,0,0,0,0,0,False,False,True,False,False,False,False,False,False,False,False,True,False
15.0,30.0,0,225.0,1.6893281456021954,450.0,0,0,0,0,0,0,0,0,1,0,0,1,0,0,0,0,0,0,1,1,0,1,0,0,0,0,0,0,0,0,0,0,0,0,0,0,0,0,0,0,0,0,1,1,1,0,0,5,0,0,0,0,0,0,False,False,True,False,False,False,False,False,False,False,False,False,True
5.9,6.8,1,34.81,0.302571638165907,40.120000000000005,0,0,1,0,0,0,0,0,0,0,0,0,0,0,0,1,1,0,0,0,1,0,0,0,0,0,0,0,0,0,0,0,0,0,0,0,0,0,0,0,0,0,1,1,1,0,1,5,0,0,0,0,0,0,False,False,False,False,False,False,False,False,False,True,False,True,False
1.2,29.5,0,1.44,-0.7619107704727346,35.4,0,0,0,1,0,0,0,0,0,0,0,1,0,1,0,0,0,0,0,1,0,0,0,0,0,0,0,0,0,0,0,0,0,0,0,0,0,0,0,0,0,0,2,0,1,0,0,5,0,0,0,1,0,0,False,False,False,False,False,False,False,False,True,False,False,True,False
10.0,31.5,0,100.0,-0.6766010640405885,315.0,0,0,1,0,0,0,0,0,0,0,0,0,0,1,0,0,0,0,0,0,0,0,0,0,1,0,0,0,0,0,0,0,0,0,0,0,0,0,0,0,0,0,1,0,0,0,0,5,0,0,0,0,0,0,False,False,False,False,False,True,False,False,False,False,False,False,True
15.0,28.8,0,225.0,1.4484760254942737,432.0,0,0,0,0,0,0,0,0,0,1,0,0,1,1,0,0,0,0,0,1,1,0,0,0,0,0,0,0,0,0,0,0,0,0,0,0,0,0,0,0,0,0,3,0,1,0,0,5,1,1,0,0,0,0,False,True,False,False,False,False,False,False,False,False,False,False,True
1.2,29.2,0,1.44,-0.8085181074948558,35.04,0,0,0,1,0,0,0,0,0,0,0,1,0,1,0,0,0,0,0,1,0,0,0,0,0,0,0,0,0,0,0,0,0,0,0,0,0,0,0,0,0,0,2,0,1,0,0,5,0,0,0,1,0,0,False,False,False,False,False,False,False,False,True,False,False,True,False
2.1,5.8,0,4.41,-1.552525394431792,12.18,0,0,0,0,0,0,0,1,0,0,0,0,0,1,0,0,0,0,0,0,0,0,0,0,1,0,0,0,0,0,0,0,0,0,0,0,0,0,0,0,0,0,1,0,0,0,0,5,0,0,0,0,0,0,False,False,False,False,False,False,True,False,False,False,False,True,False
5.2,21.5,0,27.040000000000003,-0.14502795463709756,111.8,0,0,1,0,0,0,0,0,0,0,0,0,1,1,0,0,0,0,1,0,1,0,0,0,0,0,0,0,0,0,0,0,0,0,0,0,0,0,0,0,0,0,3,0,2,0,0,5,1,0,0,0,0,0,False,True,False,False,False,False,False,False,False,False,False,True,False
14.8,23.9,0,219.04000000000002,0.21037248241308,353.71999999999997,0,0,0,0,0,0,1,0,0,0,0,1,0,1,1,0,0,1,0,0,0,0,0,0,0,0,0,0,0,0,0,0,0,0,0,0,0,0,0,0,0,0,1,0,4,0,0,5,0,0,0,0,0,0,True,False,False,False,False,False,False,False,False,False,False,False,True
7.4,42.9,0,54.760000000000005,1.2956654711717344,317.46,0,0,0,0,0,0,0,0,0,1,0,0,1,0,1,0,0,0,1,0,0,0,0,0,0,0,0,0,0,0,0,0,0,0,0,0,0,0,0,0,0,0,0,0,4,0,0,5,0,0,0,0,0,1,False,False,False,False,True,False,False,False,False,False,False,False,True
9.4,25.0,0,88.36000000000001,-1.461020825804551,235.0,0,0,0,0,0,0,0,0,1,0,0,1,1,1,0,1,0,0,0,0,0,0,0,0,0,0,0,0,0,0,0,0,0,0,0,0,0,0,0,0,0,0,1,0,4,0,0,5,1,0,0,0,0,0,False,False,False,False,False,False,False,False,True,False,False,False,True
15.0,34.9,0,225.0,-0.10302882059919834,523.5,0,0,0,0,0,0,1,0,0,0,0,1,0,0,1,0,1,0,0,0,1,0,0,0,0,0,0,0,0,0,0,0,0,0,0,0,0,0,0,0,0,0,2,1,2,0,0,5,0,0,1,0,0,0,False,False,False,False,True,False,False,False,False,False,False,False,True
0.5,19.1,0,0.25,-0.7958325073899907,9.55,0,0,0,0,0,0,0,1,0,0,0,0,0,0,1,1,0,0,0,1,0,0,0,0,0,0,0,0,0,0,0,0,0,0,0,0,0,0,0,0,0,0,2,0,3,0,0,5,0,0,0,1,0,0,True,False,False,False,False,False,False,False,False,False,True,False,False
2.9,39.1,0,8.41,0.6312856825805417,113.39,0,0,0,0,0,0,0,0,1,0,0,1,0,0,1,0,0,1,1,0,0,0,0,0,0,0,0,0,0,0,0,0,0,0,0,0,0,0,0,0,0,0,0,0,3,0,0,5,0,0,0,0,0,1,False,False,False,False,True,False,False,False,False,False,False,True,False
8.7,26.7,0,75.68999999999998,0.9877473995560578,232.28999999999996,0,0,0,0,0,0,1,0,0,0,0,1,0,0,0,1,0,1,1,0,1,0,0,0,0,0,0,0,0,0,0,0,0,0,0,0,0,0,0,0,0,0,1,0,4,0,0,5,0,0,0,0,0,0,False,False,True,False,False,False,False,False,False,False,False,False,True
6.8,29.8,0,46.239999999999995,-0.9946964316031676,202.64,0,0,0,1,0,0,0,0,0,0,0,1,0,1,0,1,0,1,0,1,0,0,0,0,0,0,0,0,0,0,0,0,0,0,0,0,0,0,0,0,0,0,3,0,2,0,0,5,0,0,0,1,0,0,False,False,False,False,True,False,False,False,False,False,False,True,False
1.8,28.7,0,3.24,1.2165774722161513,51.66,0,0,0,0,0,0,1,0,0,0,0,1,0,0,0,1,1,0,0,0,0,0,0,0,0,0,0,0,0,0,0,0,0,0,0,0,0,0,0,0,0,0,0,2,1,0,0,5,0,0,0,0,0,0,True,False,False,False,False,False,False,False,False,False,False,True,False
12.8,39.9,0,163.84000000000003,0.836703352433109,510.72,0,0,0,0,0,0,0,0,1,0,0,1,0,1,0,1,0,0,0,1,0,1,0,0,0,0,0,0,0,0,0,0,0,0,0,0,0,0,0,0,0,0,2,1,2,0,0,5,0,0,0,1,0,0,False,False,False,False,False,True,False,False,False,False,False,False,True
3.8,14.1,0,14.44,-1.760360756414104,53.58,0,1,0,0,0,0,0,0,0,0,0,0,0,0,0,0,0,0,0,0,0,0,0,0,0,0,0,0,0,0,0,0,0,0,0,0,0,0,0,0,0,0,1,0,1,0,0,5,0,0,0,0,0,0,False,True,False,False,False,False,False,False,False,False,False,True,False
7.1,28.5,1,50.41,1.3829895605573679,202.35,0,0,0,0,0,1,0,0,0,0,0,1,0,0,0,0,0,0,1,0,0,0,0,0,1,1,0,0,0,0,0,0,0,0,0,0,1,0,0,0,0,0,0,0,1,0,0,5,0,0,0,0,0,0,False,True,False,False,False,False,False,False,False,False,False,False,True
12.5,23.3,0,156.25,0.24789083498433656,291.25,0,0,0,1,0,0,0,0,0,0,0,1,0,0,1,1,1,0,0,0,0,0,0,0,0,0,0,0,0,0,0,0,0,0,0,0,0,0,0,0,0,0,0,1,2,0,0,5,0,0,0,0,0,0,False,True,False,False,False,False,False,False,False,False,False,False,True
2.9,26.6,0,8.41,0.565417359156088,77.14,0,0,0,1,0,0,0,0,0,0,0,1,0,0,1,0,0,0,0,0,0,0,0,0,0,0,1,0,0,0,0,0,0,0,0,0,0,0,0,0,0,0,0,0,1,0,0,5,0,0,0,0,0,0,False,False,False,False,False,False,True,False,False,False,False,True,False
9.1,21.0,0,82.80999999999999,-0.25417206286527366,191.1,0,0,0,1,0,0,0,0,0,0,0,1,0,0,0,0,1,0,0,0,1,0,0,0,0,0,0,0,0,0,0,0,0,0,0,0,0,0,0,0,0,0,2,3,0,0,0,5,0,0,0,0,0,0,False,True,False,False,False,False,False,False,False,False,False,False,True
8.6,34.0,0,73.96,-0.22621284485198803,292.4,0,0,0,0,1,0,0,0,0,0,0,1,1,0,0,0,0,0,0,0,0,1,0,0,0,1,0,0,0,0,0,0,0,0,0,0,0,0,0,0,0,0,0,1,1,0,0,5,0,0,0,0,0,0,False,False,False,False,False,True,False,False,False,False,False,False,True
2.0,42.5,0,4.0,1.2577405004858462,85.0,0,0,0,0,0,0,0,0,0,1,0,0,0,0,0,0,1,1,1,0,0,0,0,0,0,0,0,0,0,0,0,0,0,0,0,0,0,0,0,0,0,0,0,2,2,0,0,5,0,0,0,0,0,0,False,False,False,False,False,False,False,False,True,False,False,True,False
1.6,24.3,0,2.5600000000000005,0.4661790514406888,38.88,0,0,0,0,0,0,1,0,0,0,0,1,1,0,1,0,0,0,0,0,0,0,0,0,0,0,0,0,0,0,0,0,0,0,0,0,0,0,0,1,0,0,0,0,2,0,0,5,0,0,0,0,0,0,False,True,False,False,False,False,False,False,False,False,False,True,False
2.9,3.9,0,8.41,-1.1876997920991381,11.309999999999999,0,0,0,0,0,0,0,0,0,0,1,0,0,0,0,0,0,0,0,0,0,0,1,0,1,0,0,0,1,1,1,0,0,0,0,0,0,0,0,0,0,0,0,0,1,0,0,5,0,0,0,0,0,0,False,False,False,False,False,False,False,False,False,True,False,True,False
8.7,5.8,0,75.68999999999998,-0.21131506192548785,50.459999999999994,0,0,0,0,0,0,1,0,0,0,0,1,1,1,0,1,0,0,0,1,0,0,0,0,0,0,0,0,0,0,0,0,0,0,0,0,0,0,0,0,0,0,2,0,2,0,0,5,1,1,0,1,0,0,False,False,False,False,False,False,False,False,False,True,False,False,True
6.3,28.2,1,39.69,-1.128852236816138,177.66,0,0,0,0,0,0,1,0,0,0,0,1,0,0,0,0,0,0,0,0,0,0,0,0,0,0,0,0,0,0,0,0,0,0,0,0,0,0,0,0,0,0,0,0,0,0,3,5,0,0,0,0,0,0,False,False,False,True,False,False,False,False,False,False,False,True,False
12.5,12.4,1,156.25,-0.8804858668510224,155.0,0,0,0,1,0,0,0,0,0,0,0,1,0,0,0,1,0,0,0,0,0,0,0,0,0,0,0,0,0,0,0,0,0,0,0,0,0,0,0,0,0,0,0,0,1,0,1,5,0,0,0,0,0,0,False,False,False,False,False,False,True,False,False,False,False,False,True
3.8,10.0,0,14.44,2.0164883950778476,38.0,0,1,0,0,0,0,0,0,0,0,0,0,0,0,0,0,0,0,0,0,0,0,1,0,1,0,0,0,1,1,1,0,0,0,0,0,0,0,0,0,0,0,0,0,1,0,0,5,0,0,0,0,0,0,False,False,False,False,False,False,False,True,False,False,False,True,False
8.3,22.3,0,68.89000000000001,-2.3059723301384167,185.09000000000003,0,0,1,0,0,0,0,0,0,0,0,0,1,0,0,0,0,0,0,0,0,0,0,0,0,1,0,0,0,0,0,0,0,1,0,0,0,0,0,0,0,0,0,0,1,0,0,5,0,0,0,0,0,0,False,False,False,False,True,False,False,False,False,False,False,False,True
9.3,30.2,0,86.49000000000001,-0.910802938018661,280.86,0,0,0,0,1,0,0,0,0,0,0,1,0,0,1,1,1,0,0,0,0,1,0,0,0,0,0,0,0,0,0,0,0,0,0,0,0,0,0,0,0,0,0,2,2,0,0,5,0,0,0,0,1,0,False,False,False,False,False,True,False,False,False,False,False,False,True
3.5,13.5,0,12.25,-0.7684792789208942,47.25,0,0,0,0,0,0,0,0,0,1,0,0,0,0,0,1,0,1,0,0,0,0,0,0,0,0,0,0,0,0,0,0,0,0,0,0,0,0,0,0,0,0,0,0,4,0,0,5,0,0,0,0,0,0,False,False,False,False,False,False,True,False,False,False,False,True,False
2.0,23.3,0,4.0,0.24789083498433656,46.6,0,0,1,0,0,0,0,0,0,0,0,0,0,0,0,0,0,0,0,0,0,0,0,0,0,0,0,1,0,0,0,0,0,0,0,0,0,0,0,0,0,0,0,0,0,0,0,5,0,0,0,0,0,0,False,True,False,False,False,False,False,False,False,False,False,True,False
4.2,6.6,0,17.64,0.2663464765395562,27.72,0,0,0,0,0,0,0,0,1,0,0,1,0,1,1,0,0,0,0,0,0,1,0,0,0,0,0,0,0,0,0,0,0,0,0,0,0,0,0,0,0,0,1,1,1,0,0,5,0,0,0,0,0,0,False,False,False,False,False,False,False,True,False,False,False,True,False
13.4,26.3,1,179.56,-1.2590556987086927,352.42,0,0,0,0,0,0,0,0,0,0,1,0,0,0,0,0,0,0,0,0,0,0,0,0,0,0,0,0,0,0,0,0,1,0,0,0,0,0,0,0,0,0,0,0,1,1,1,5,0,0,0,0,0,0,False,False,False,False,False,False,False,False,True,False,False,False,True
1.5,32.5,0,2.25,-0.49644577636514836,48.75,0,0,0,0,0,0,0,0,0,1,0,0,0,0,0,1,0,0,1,0,0,0,0,0,0,0,0,0,0,0,0,0,0,0,0,0,0,0,0,0,0,0,0,0,3,0,0,5,0,0,0,0,0,0,False,False,False,False,False,True,False,False,False,False,False,True,False
5.7,7.3,0,32.49,0.6266698127092045,41.61,0,0,0,0,0,0,1,0,0,0,0,1,0,0,0,0,1,0,0,1,0,0,0,1,0,0,0,0,0,0,0,0,0,0,0,0,0,0,0,0,0,0,1,1,1,0,0,5,0,0,0,0,0,0,False,False,False,False,False,False,False,True,False,False,False,True,False
2.5,17.1,0,6.25,-0.4019122638768379,42.75,0,0,0,0,0,0,0,0,0,1,0,0,1,0,0,0,0,0,0,0,1,1,0,1,0,0,0,0,0,0,0,0,0,0,0,0,0,0,0,0,0,0,1,1,2,0,0,5,0,0,0,0,0,0,False,False,False,False,False,False,True,False,False,False,False,True,False
4.8,17.8,0,23.04,-0.3306353442849382,85.44,0,0,0,0,0,0,1,0,0,0,0,1,1,1,0,0,0,0,0,0,0,1,0,0,0,0,0,0,0,0,0,0,0,0,0,0,0,0,0,0,0,0,1,1,1,0,0,5,1,0,0,0,0,0,False,False,False,False,False,False,True,False,False,False,False,True,False
9.8,33.0,0,96.04000000000002,-0.4352187148947946,323.40000000000003,0,1,0,0,0,0,0,0,0,0,0,0,0,0,0,0,0,0,0,0,0,0,1,0,0,0,0,0,0,0,0,0,1,0,0,0,0,0,0,0,0,0,0,0,1,0,0,5,0,0,0,0,0,0,False,False,False,False,True,False,False,False,False,False,False,False,True
12.7,20.5,1,161.29,-0.36331617109344977,260.34999999999997,0,0,0,0,0,1,0,0,0,0,0,1,0,0,0,0,0,0,0,0,0,0,0,0,0,0,0,0,0,0,0,0,0,0,0,0,0,0,0,0,0,0,0,0,1,0,0,5,0,0,0,0,0,0,False,True,False,False,False,False,False,False,False,False,False,False,True
8.0,18.5,0,64.0,-0.7998926040061541,148.0,0,0,1,0,0,0,0,0,0,0,0,0,1,0,0,0,0,0,1,0,0,1,0,0,0,0,0,0,0,0,0,0,0,0,0,0,0,0,0,0,0,0,0,1,3,0,0,5,0,0,0,0,0,0,False,True,False,False,False,False,False,False,False,False,False,False,True
9.2,25.4,0,84.63999999999999,0.5248115417265398,233.67999999999998,0,0,0,0,0,0,0,0,1,0,0,1,0,0,0,0,0,0,0,0,0,0,0,0,0,0,0,0,0,0,0,0,0,0,0,0,0,0,0,0,0,0,0,0,0,0,0,5,0,0,0,0,0,0,True,False,False,False,False,False,False,False,False,False,False,False,True
1.7,7.3,0,2.8899999999999997,0.6266698127092045,12.41,0,0,0,1,0,0,0,0,0,0,0,1,0,0,0,0,0,0,0,0,0,0,0,0,0,0,0,0,0,0,0,0,0,0,0,0,1,0,0,0,0,0,0,0,0,0,0,5,0,0,0,0,0,0,False,False,False,False,False,False,False,True,False,False,False,True,False
10.9,25.9,0,118.81,-1.5219846286179421,282.31,0,0,0,0,0,0,1,0,0,0,0,1,0,0,1,0,0,1,1,1,0,0,0,0,0,0,0,0,0,0,0,0,0,0,0,0,0,0,0,0,0,0,1,0,3,0,0,5,0,0,0,0,0,1,False,False,False,True,False,False,False,False,False,False,False,False,True
12.9,21.5,0,166.41,0.046114087843675,277.35,0,0,0,0,0,0,0,1,0,0,0,0,0,0,0,1,1,0,1,0,0,0,0,0,0,0,0,0,0,0,0,0,0,0,0,0,0,0,0,0,0,0,0,2,2,0,0,5,0,0,0,0,0,0,False,False,False,False,False,False,True,False,False,False,False,False,True
13.2,8.0,0,174.23999999999998,0.919235678275581,105.6,0,0,0,0,1,0,0,0,0,0,0,1,1,0,0,0,0,0,0,0,0,0,1,1,0,1,0,0,0,0,0,0,0,0,0,0,0,0,0,0,0,0,0,0,4,0,0,5,0,0,0,0,0,0,False,False,False,False,False,False,False,False,False,True,False,False,True
5.7,37.4,0,32.49,0.38631513324450845,213.18,0,0,0,0,0,0,0,0,1,0,0,1,0,1,0,1,0,0,1,0,0,1,0,0,0,0,0,0,0,0,0,0,0,0,0,0,0,0,0,0,0,0,1,1,3,0,0,5,0,0,0,0,0,0,False,False,False,False,False,True,False,False,False,False,False,True,False
3.5,30.0,0,12.25,1.7104218852418962,105.0,0,0,0,0,1,0,0,0,0,0,0,1,0,1,0,1,0,0,1,0,0,1,0,0,0,0,0,0,0,0,0,0,0,0,0,0,0,0,0,0,0,0,1,1,3,0,0,5,0,0,0,0,0,0,False,True,False,False,False,False,False,False,False,False,False,True,False
4.7,20.8,0,22.090000000000003,-0.43946824016806973,97.76,0,0,1,0,0,0,0,0,0,0,0,0,0,1,1,1,0,1,1,0,0,0,0,0,0,0,0,0,0,0,0,0,0,0,0,0,0,0,0,0,0,0,1,0,4,0,0,5,0,0,0,0,0,1,True,False,False,False,False,False,False,False,False,False,False,True,False
3.2,6.2,0,10.240000000000002,0.0604474272997575,19.840000000000003,0,0,0,0,0,0,0,0,1,0,0,1,1,1,0,1,0,1,0,0,0,0,0,0,0,0,0,0,0,0,0,0,0,0,0,0,0,0,0,0,0,0,1,0,3,0,0,5,1,0,0,0,0,0,False,False,False,False,False,False,False,True,False,False,False,True,False
2.5,27.7,0,6.25,1.208358987392286,69.25,0,0,0,0,0,0,0,1,0,0,0,0,0,1,0,0,0,0,0,0,0,0,0,0,0,0,0,0,0,0,0,0,0,0,0,0,0,0,0,0,0,0,4,0,1,0,0,5,0,0,0,0,0,0,False,True,False,False,False,False,False,False,False,False,False,True,False
15.9,38.8,0,252.81,1.8076722434720556,616.92,0,0,0,0,0,0,0,0,0,1,0,0,0,1,0,0,1,0,0,0,0,0,0,0,0,0,0,0,0,0,0,0,0,0,0,0,1,0,0,0,0,0,1,1,0,1,0,5,0,0,0,0,0,0,False,False,False,False,False,False,True,False,False,False,False,False,True
11.1,45.0,1,123.21,1.7554953195778542,499.5,0,0,0,0,0,0,0,0,1,0,0,1,0,0,0,0,0,0,0,0,0,0,0,0,0,0,0,0,0,0,0,0,0,0,0,0,0,0,0,0,0,0,0,0,0,0,2,5,0,0,0,0,0,0,False,False,False,False,False,True,False,False,False,False,False,False,True
8.9,30.0,0,79.21000000000001,1.6893281456021954,267.0,0,0,0,0,0,0,0,0,0,0,1,0,0,1,1,0,0,0,0,1,0,0,0,0,0,0,0,0,0,0,0,0,0,0,0,0,0,0,0,0,0,0,2,0,2,0,0,5,0,0,0,0,0,0,False,False,True,False,False,False,False,False,False,False,False,False,True
7.7,10.0,1,59.290000000000006,1.9470090784583707,77.0,0,1,0,0,0,0,0,0,0,0,0,0,0,0,1,0,0,1,0,0,0,0,0,0,0,0,0,0,0,0,0,0,0,0,0,0,0,0,1,0,0,0,0,0,2,0,2,5,0,0,0,0,0,0,False,False,False,False,False,False,False,False,False,True,False,False,True
13.5,5.7,0,182.25,-0.26270373193462715,76.95,0,0,0,1,0,0,0,0,0,0,0,1,0,0,0,0,0,0,0,0,0,0,0,0,0,0,0,0,0,0,0,1,0,0,0,0,0,0,0,0,0,0,0,0,0,0,0,5,0,0,0,0,0,0,False,False,False,False,False,False,False,False,False,True,False,False,True
8.8,22.4,0,77.44000000000001,-2.3160141818870947,197.12,0,0,0,0,1,0,0,0,0,0,0,1,0,0,0,0,0,1,0,1,0,0,0,0,0,0,0,0,0,0,0,0,0,1,0,0,0,0,0,0,0,0,1,0,1,0,0,5,0,0,0,0,0,0,False,False,False,False,False,True,False,False,False,False,False,False,True
9.7,34.6,0,94.08999999999999,-0.03491862484590014,335.62,0,0,0,0,0,0,0,0,0,1,0,0,0,0,0,0,1,1,0,0,0,0,0,0,0,0,0,1,0,0,0,0,0,0,1,1,0,0,0,0,0,0,0,1,1,0,0,5,0,0,0,0,0,0,False,False,False,True,False,False,False,False,False,False,False,False,True
10.4,5.0,0,108.16000000000001,-1.633984731108249,52.0,0,0,0,0,0,0,0,0,0,1,0,0,0,0,0,0,1,1,0,1,0,0,0,0,0,0,0,0,0,0,0,0,0,0,0,0,0,0,0,0,0,0,2,1,1,0,0,5,0,0,0,0,0,0,False,False,False,False,False,False,True,False,False,False,False,False,True
4.3,17.6,1,18.49,-0.9469146577226845,75.68,0,0,0,0,0,1,0,0,0,0,0,1,1,0,0,0,0,0,0,0,0,0,0,0,0,0,0,0,0,0,0,0,0,0,0,0,0,0,0,0,0,0,0,0,1,0,0,5,0,0,0,0,0,0,False,False,True,False,False,False,False,False,False,False,False,True,False
8.3,30.3,0,68.89000000000001,-0.6376245384137449,251.49000000000004,0,1,0,0,0,0,0,0,0,0,0,0,0,1,0,0,1,0,1,0,0,1,0,0,0,0,0,0,0,0,0,0,0,0,0,0,0,0,0,0,0,0,1,3,1,0,0,5,0,0,0,0,1,0,False,False,False,False,False,False,False,False,True,False,False,False,True
8.0,20.9,0,64.0,-0.014980414663667828,167.2,0,0,1,0,0,0,0,0,0,0,0,0,0,0,1,0,0,0,0,1,0,0,0,0,0,0,0,0,0,0,0,0,0,0,0,0,0,0,0,0,0,0,2,0,1,0,0,5,0,0,0,0,0,0,False,False,False,False,False,False,True,False,False,False,False,False,True
8.8,22.0,0,77.44000000000001,0.09702617326646058,193.60000000000002,0,1,0,0,0,0,0,0,0,0,0,0,0,0,0,0,1,1,0,1,0,1,0,0,0,0,0,0,0,0,0,0,0,0,0,0,0,0,0,0,0,0,2,2,1,0,0,5,0,0,0,0,1,0,False,False,False,False,False,False,True,False,False,False,False,False,True
3.8,35.4,0,14.44,0.15470019096231338,134.51999999999998,0,0,0,0,0,0,0,0,0,1,0,0,1,0,0,0,1,1,0,0,1,0,0,0,0,0,0,0,0,0,0,0,0,0,1,0,0,0,0,0,0,0,1,1,2,0,0,5,0,0,0,0,0,0,False,False,False,False,False,False,False,False,True,False,False,True,False
5.7,31.3,0,32.49,-0.7126321215756765,178.41,0,0,0,1,0,0,0,0,0,0,0,1,0,0,0,1,0,1,0,1,1,0,0,0,0,0,0,0,0,0,0,0,0,0,0,0,0,0,0,0,0,0,2,0,2,0,0,5,0,0,0,1,0,0,False,False,False,False,False,True,False,False,False,False,False,True,False
3.1,34.1,0,9.610000000000001,-0.12038218828107494,105.71000000000001,0,0,0,0,1,0,0,0,0,0,0,1,1,0,1,0,1,0,0,0,1,1,0,0,0,0,0,0,0,0,0,0,0,0,0,0,0,0,0,0,0,0,1,2,2,0,0,5,0,0,1,0,1,0,False,False,False,True,False,False,False,False,False,False,False,True,False
13.7,21.8,0,187.68999999999997,-0.053993708209418755,298.65999999999997,0,0,0,0,0,0,0,1,0,0,0,0,0,0,0,0,0,1,1,0,1,1,0,0,0,0,0,0,0,0,0,0,0,0,0,0,0,0,0,0,0,0,1,1,2,0,0,5,0,0,0,0,0,0,False,False,True,False,False,False,False,False,False,False,False,False,True
7.4,24.4,0,54.760000000000005,-1.5542354998487933,180.56,0,1,0,0,0,0,0,0,0,0,0,0,0,0,1,0,0,0,0,0,0,0,1,0,0,0,0,0,0,0,0,0,0,0,0,0,0,0,0,0,0,0,0,0,2,1,0,5,0,0,0,0,0,0,False,False,False,False,False,False,False,False,True,False,False,False,True
15.0,23.1,0,225.0,0.20903276119658898,346.5,0,1,0,0,0,0,0,0,0,0,0,0,0,1,0,0,0,0,0,0,0,1,0,0,0,0,0,0,0,0,0,0,0,0,0,0,0,0,0,0,0,0,1,2,0,0,0,5,0,0,0,0,0,0,False,False,False,False,False,False,True,False,False,False,False,False,True
0.9,20.0,0,0.81,-0.4724602793216259,18.0,0,0,0,0,0,0,0,0,0,0,1,0,1,0,0,0,0,0,0,0,0,0,0,0,0,1,0,1,0,0,0,0,0,0,0,0,0,0,0,0,0,0,0,0,1,0,0,5,0,0,0,0,0,0,False,True,False,False,False,False,False,False,False,False,True,False,False
6.6,6.1,0,43.559999999999995,0.008972664989807482,40.26,0,0,0,0,0,0,1,0,0,0,0,1,0,0,1,1,1,0,1,0,0,0,0,0,0,0,0,0,0,0,0,0,0,0,0,0,0,0,0,0,0,0,0,1,4,0,0,5,0,0,0,0,0,1,False,False,False,False,False,False,False,True,False,False,False,True,False
9.6,8.4,0,92.16,1.124790358312139,80.64,0,0,0,0,0,0,0,0,0,1,0,0,0,0,0,0,1,0,0,1,0,0,0,0,0,0,0,0,0,0,0,0,0,0,0,0,0,0,0,0,0,0,1,2,0,0,0,5,0,0,0,0,0,0,False,False,False,False,False,False,False,False,False,True,False,False,True
0.5,29.3,0,0.25,-1.0821148248388508,14.65,0,0,0,0,1,0,0,0,0,0,0,1,1,0,0,0,0,0,1,0,0,1,0,0,0,0,0,0,0,0,0,0,0,0,0,0,0,0,0,0,0,0,0,2,3,0,0,5,0,0,0,0,0,0,False,False,False,False,True,False,False,False,False,False,True,False,False
7.0,21.0,0,49.0,-0.3975430322596086,147.0,0,0,0,0,0,0,0,0,1,0,0,1,0,0,0,0,0,1,1,0,0,0,0,0,0,0,0,0,0,0,0,0,0,0,0,0,0,0,0,0,0,0,0,0,3,0,0,5,0,0,0,0,0,0,True,False,False,False,False,False,False,False,False,False,False,True,False
13.2,19.2,0,174.23999999999998,-0.18808150510113872,253.43999999999997,0,0,0,0,0,0,0,1,0,0,0,0,0,0,0,0,0,0,0,0,0,0,1,0,1,0,0,0,1,1,1,0,0,0,0,0,0,0,0,0,0,0,0,0,1,0,0,5,0,0,0,0,0,0,False,False,False,False,False,False,True,False,False,False,False,False,True
3.9,16.6,1,15.209999999999999,-1.319897606245757,64.74000000000001,0,0,0,0,1,0,0,0,0,0,0,1,1,0,0,0,0,0,1,0,1,0,0,0,0,0,0,0,0,0,0,0,0,0,0,0,0,0,0,0,0,0,1,0,3,0,1,5,0,0,0,0,0,0,True,False,False,False,False,False,False,False,False,False,False,True,False
8.4,32.7,0,70.56,-0.2647658422367758,274.68000000000006,0,1,0,0,0,0,0,0,0,0,0,0,0,0,0,0,0,0,0,0,0,0,0,0,0,1,0,0,0,0,0,0,0,0,0,0,0,0,0,0,0,0,0,0,0,0,0,5,0,0,0,0,0,0,False,False,False,False,False,False,False,False,True,False,False,False,True
10.6,40.0,0,112.36,1.9298612484867412,424.0,0,0,0,0,0,0,0,0,1,0,0,1,0,1,1,0,0,0,1,0,0,1,0,0,0,0,0,0,0,0,0,0,0,0,0,0,0,0,0,0,0,0,1,1,3,0,0,5,0,0,0,0,0,1,False,False,False,False,False,False,True,False,False,False,False,False,True
2.5,25.0,0,6.25,-1.84761043393095,62.5,0,0,0,0,0,0,0,1,0,0,0,0,0,0,1,0,0,0,1,0,1,0,0,0,0,0,0,0,0,0,0,0,0,0,0,0,0,0,0,0,0,0,1,0,2,0,0,5,0,0,1,0,0,1,False,False,False,False,False,True,False,False,False,False,False,True,False
12.3,27.1,0,151.29000000000002,1.077386057518475,333.33000000000004,0,0,0,0,0,0,0,0,0,1,0,0,1,0,0,0,1,0,0,0,0,0,0,0,0,1,0,0,0,0,0,0,0,0,0,0,0,0,0,0,0,0,0,1,1,0,0,5,0,0,0,0,0,0,False,True,False,False,False,False,False,False,False,False,False,False,True
4.9,16.5,0,24.010000000000005,-1.2364690369188587,80.85000000000001,0,0,0,1,0,0,0,0,0,0,0,1,0,0,0,1,1,0,1,0,0,1,0,0,0,0,0,0,0,0,0,0,0,0,0,0,0,0,0,0,0,0,0,3,2,0,0,5,0,0,0,0,1,0,False,True,False,False,False,False,False,False,False,False,False,True,False
8.6,27.5,0,73.96,-1.3972222147423494,236.5,0,0,0,0,0,0,0,1,0,0,0,0,0,1,0,0,0,1,1,0,0,0,0,0,0,0,0,0,0,0,0,0,0,0,0,0,0,0,0,0,0,0,1,0,3,0,0,5,0,0,0,0,0,0,False,False,False,False,False,True,False,False,False,False,False,False,True
8.4,31.2,0,70.56,1.033808545045715,262.08,0,0,0,0,0,0,0,0,1,0,0,1,0,0,0,0,0,0,1,0,0,0,0,0,1,1,0,0,0,0,0,0,0,0,0,0,1,0,0,0,0,0,0,0,1,0,0,5,0,0,0,0,0,0,False,False,False,False,False,False,True,False,False,False,False,False,True
6.8,21.8,0,46.239999999999995,-0.22984220062576324,148.24,0,0,1,0,0,0,0,0,0,0,0,0,0,1,0,0,0,0,0,0,1,1,0,0,0,0,0,0,0,0,0,0,0,0,0,0,0,0,0,0,0,0,3,1,0,0,0,5,0,0,0,0,0,0,True,False,False,False,False,False,False,False,False,False,False,True,False
10.7,10.6,0,114.48999999999998,-1.0637693743730505,113.41999999999999,0,0,0,1,0,0,0,0,0,0,0,1,0,0,0,0,0,0,0,0,0,0,0,0,0,0,0,0,0,0,0,0,0,0,0,0,0,0,0,0,0,0,0,0,0,0,0,5,0,0,0,0,0,0,False,False,False,False,False,False,True,False,False,False,False,False,True
2.5,40.1,0,6.25,0.9051805729410226,100.25,0,0,0,0,0,0,0,0,0,0,1,0,0,0,0,0,1,0,1,0,1,1,0,0,0,0,0,0,0,0,0,0,0,0,0,0,0,0,0,0,0,0,1,3,1,0,0,5,0,0,0,0,1,0,False,False,False,True,False,False,False,False,False,False,False,True,False
4.1,7.5,0,16.81,0.6622923282298835,30.749999999999996,0,0,0,1,0,0,0,0,0,0,0,1,1,1,0,1,0,0,0,1,0,0,0,0,0,0,0,0,0,0,0,0,0,0,0,0,0,0,0,0,0,0,3,0,2,0,0,5,1,1,0,1,0,0,False,False,False,False,False,False,False,False,False,True,False,True,False
14.9,45.0,1,222.01000000000002,1.6461349756701886,670.5,0,0,0,0,0,0,0,1,0,0,0,0,1,1,0,0,1,0,0,1,0,0,0,0,0,0,0,0,0,0,0,0,0,0,0,0,0,0,0,0,0,0,2,1,1,0,1,5,1,1,0,0,0,0,False,False,False,False,False,False,False,False,True,False,False,False,True
7.2,5.0,0,51.84,-0.6224244219986037,36.0,0,0,0,0,0,0,0,0,0,1,0,0,1,1,1,0,0,0,0,0,0,0,0,0,0,0,0,0,0,0,0,0,0,0,0,0,0,1,0,0,0,0,1,0,2,0,0,5,1,0,0,0,0,0,False,False,False,False,False,False,False,False,False,True,False,False,True
7.7,27.6,0,59.290000000000006,-1.3792066859748051,212.52,0,0,0,0,0,0,0,0,0,1,0,0,0,0,0,0,0,1,1,0,0,0,0,0,0,0,0,0,0,0,0,0,0,0,0,0,0,0,0,0,0,0,0,0,3,0,0,5,0,0,0,0,0,0,False,False,False,False,False,True,False,False,False,False,False,False,True
0.5,40.0,0,0.25,1.9298612484867412,20.0,0,0,0,0,1,0,0,0,0,0,0,1,0,0,1,0,1,0,0,1,1,0,0,0,0,0,0,0,0,0,0,0,0,0,0,0,0,0,0,0,0,0,2,1,1,0,0,5,0,0,1,0,0,0,False,False,False,False,False,False,True,False,False,False,True,False,False
6.2,42.6,0,38.440000000000005,1.2432144352303247,264.12,0,0,0,0,0,0,1,0,0,0,0,1,0,0,0,0,0,0,0,0,0,0,0,0,0,0,0,0,0,0,0,0,0,0,0,0,0,0,0,0,0,0,0,0,0,0,0,5,0,0,0,0,0,0,False,False,False,False,True,False,False,False,False,False,False,True,False
8.5,28.5,0,72.25,-1.2219842540159442,242.25,0,0,0,0,0,0,0,0,0,1,0,0,0,0,1,1,0,0,0,1,0,1,0,0,0,0,0,0,0,0,0,0,0,0,0,0,0,0,0,0,0,0,1,1,2,0,0,5,0,0,0,1,0,0,False,False,False,False,True,False,False,False,False,False,False,False,True
10.7,38.1,1,114.48999999999998,0.4564488961091752,407.67,0,0,0,1,0,0,0,0,0,0,0,1,0,0,1,1,0,0,1,1,0,0,0,0,0,0,0,0,0,0,0,0,0,0,0,0,0,0,0,0,0,0,1,0,3,0,0,5,0,0,0,1,0,1,False,False,False,False,True,False,False,False,False,False,False,False,True
13.8,7.6,0,190.44000000000003,0.7810940996390536,104.88,0,1,0,0,0,0,0,0,0,0,0,0,0,1,0,1,0,0,0,1,1,0,0,0,0,0,0,0,0,0,0,0,0,0,0,0,0,0,0,0,0,0,3,0,2,0,0,5,0,0,0,1,0,0,False,False,False,False,False,False,False,True,False,False,False,False,True
5.5,3.0,0,30.25,-1.6501978221813933,16.5,0,0,0,1,0,0,0,0,0,0,0,1,1,0,1,0,0,0,0,1,0,0,0,0,0,0,0,0,0,0,0,0,0,0,0,0,0,0,0,0,0,0,2,0,3,0,0,5,0,1,0,0,0,0,False,False,False,False,False,False,False,False,False,True,False,True,False
5.6,45.0,1,31.359999999999996,1.6461349756701886,251.99999999999997,0,0,0,0,0,1,0,0,0,0,0,1,0,0,1,0,1,0,0,0,0,0,0,0,0,0,0,0,0,0,0,0,0,0,0,0,0,0,0,0,0,0,0,1,3,0,0,5,0,0,0,0,0,0,False,False,False,False,False,False,False,False,True,False,False,True,False
0.9,8.9,0,0.81,-1.2368704648105215,8.01,0,0,0,0,1,0,0,0,0,0,0,1,1,0,0,0,0,1,0,0,0,0,1,0,1,0,0,0,0,0,0,0,0,0,0,1,0,0,0,0,0,0,0,0,3,0,0,5,0,0,0,0,0,0,False,False,False,False,False,False,True,False,False,False,True,False,False
14.6,19.6,0,213.16,-0.5597755659041664,286.16,0,0,0,0,0,0,0,0,1,0,0,1,1,0,0,0,0,0,0,0,0,0,0,0,0,0,0,0,0,0,0,0,0,0,0,0,0,0,0,0,0,0,0,0,1,0,0,5,0,0,0,0,0,0,False,True,False,False,False,False,False,False,False,False,False,False,True
10.7,5.0,1,114.48999999999998,-1.633984731108249,53.5,0,0,0,0,0,1,0,0,0,0,0,1,1,1,0,0,0,0,0,1,1,1,0,0,0,0,0,0,0,0,0,0,0,0,0,0,0,0,0,0,0,0,3,1,1,0,0,5,1,1,0,0,0,0,False,False,False,False,False,False,True,False,False,False,False,False,True
8.6,28.4,0,73.96,-0.9328043395538455,244.23999999999998,0,0,0,0,0,0,0,1,0,0,0,0,0,0,0,0,0,0,1,0,0,0,0,0,0,0,0,0,0,0,0,0,0,0,0,0,0,0,0,0,0,0,0,0,1,0,0,5,0,0,0,0,0,0,False,False,False,False,False,False,False,False,True,False,False,False,True
8.2,40.0,0,67.24,1.9298612484867412,328.0,0,0,1,0,0,0,0,0,0,0,0,0,0,0,0,1,0,1,0,0,1,1,0,0,0,0,0,0,0,0,0,0,0,0,0,0,0,0,0,0,0,0,1,1,3,0,0,5,0,0,0,0,0,0,False,False,False,False,False,False,True,False,False,False,False,False,True
13.1,13.0,0,171.60999999999999,-0.8193913643436798,170.29999999999998,0,1,0,0,0,0,0,0,0,0,0,0,0,0,0,0,0,0,0,0,0,0,0,0,0,0,0,0,0,0,0,0,0,0,0,0,1,0,0,0,0,0,0,0,0,0,0,5,0,0,0,0,0,0,False,False,False,False,False,False,True,False,False,False,False,False,True
9.5,32.6,0,90.25,-0.47843024759760405,309.7,0,0,1,0,0,0,0,0,0,0,0,0,0,0,0,0,0,0,1,0,0,0,0,1,0,0,0,0,0,0,0,0,0,0,0,0,0,0,0,0,1,0,0,0,2,0,0,5,0,0,0,0,0,0,False,False,False,False,False,True,False,False,False,False,False,False,True
10.6,27.2,0,112.36,-1.1192336876423297,288.32,0,0,0,0,0,0,1,0,0,0,0,1,1,0,0,0,0,0,0,0,0,0,0,0,0,0,1,0,0,0,0,0,0,0,0,0,0,0,0,0,0,0,0,0,2,0,0,5,0,0,0,0,0,0,False,False,False,False,False,False,False,False,True,False,False,False,True
2.7,5.5,0,7.290000000000001,-0.2998759088698908,14.850000000000001,0,0,0,0,0,0,0,0,1,0,0,1,1,0,0,0,0,0,1,0,1,0,0,0,0,0,0,0,0,0,0,0,0,0,0,0,0,0,0,0,0,0,2,0,2,0,0,5,0,0,0,0,0,0,False,False,False,False,False,False,False,True,False,False,False,True,False
7.1,18.2,1,50.41,-0.8193545220779327,129.22,0,0,0,0,0,1,0,0,0,0,0,1,0,0,0,0,0,0,0,0,0,0,0,0,0,0,0,0,0,0,0,0,0,0,0,0,0,0,0,0,0,0,0,0,0,0,1,5,0,0,0,0,0,0,False,False,True,False,False,False,False,False,False,False,False,False,True
13.5,36.6,0,182.25,0.24219090310415678,494.1,0,0,1,0,0,0,0,0,0,0,0,0,0,0,0,0,0,0,1,0,0,0,0,1,0,0,0,0,0,0,0,0,0,0,0,0,0,0,0,0,1,0,0,0,2,0,0,5,0,0,0,0,0,0,False,False,False,False,False,True,False,False,False,False,False,False,True
8.2,15.7,0,67.24,-0.5444661030606377,128.73999999999998,0,0,0,0,0,0,0,0,0,0,1,0,0,0,0,0,1,0,1,1,0,0,0,0,0,0,0,0,0,0,0,0,0,0,0,0,0,0,0,0,0,0,1,1,1,0,0,5,0,0,0,0,0,0,False,False,False,False,False,False,True,False,False,False,False,False,True
5.8,21.4,0,33.64,-0.1668567762827331,124.11999999999999,0,1,0,0,0,0,0,0,0,0,0,0,0,1,1,1,0,0,0,1,0,0,0,0,0,0,0,0,0,0,0,0,0,0,0,0,0,0,0,0,0,0,2,0,3,0,0,5,0,0,0,1,0,0,False,True,False,False,False,False,False,False,False,False,False,True,False
14.6,35.8,0,213.16,0.17019392739851863,522.68,0,0,0,0,0,0,0,0,0,1,0,0,1,1,0,0,1,0,0,0,0,0,1,0,0,0,0,0,0,0,0,0,0,0,0,0,0,0,0,0,0,0,1,1,2,0,0,5,1,0,0,0,0,0,False,False,False,True,False,False,False,False,False,False,False,False,True
8.8,15.1,0,77.44000000000001,-1.4784152229091527,132.88,0,1,0,0,0,0,0,0,0,0,0,0,1,0,0,0,1,1,0,0,0,1,0,0,0,0,0,0,0,0,0,0,0,0,0,0,0,0,0,1,0,0,0,2,2,0,0,5,0,0,0,0,1,0,False,False,True,False,False,False,False,False,False,False,False,False,True
10.2,30.5,0,104.03999999999999,-0.8567563517160287,311.09999999999997,0,0,0,0,0,0,0,0,0,0,1,0,0,0,1,0,0,0,0,1,1,0,0,0,0,0,0,0,0,0,0,0,0,0,0,0,0,0,0,0,0,0,4,0,1,0,0,5,0,0,1,0,0,0,False,False,False,False,False,True,False,False,False,False,False,False,True
5.5,41.3,0,30.25,1.0713111523973613,227.14999999999998,0,0,0,0,1,0,0,0,0,0,0,1,1,0,1,0,0,0,0,0,0,1,0,0,0,0,0,0,0,0,0,0,0,0,0,0,0,0,0,0,0,0,0,2,3,0,0,5,0,0,0,0,0,0,False,False,False,False,False,False,False,False,True,False,False,True,False
8.4,6.2,0,70.56,0.0604474272997575,52.080000000000005,0,0,0,0,0,0,0,0,0,1,0,0,0,1,0,1,0,0,1,0,1,1,0,0,0,0,0,0,0,0,0,0,0,0,0,0,0,0,0,0,0,0,2,1,2,0,0,5,0,0,0,0,0,0,False,False,False,False,False,False,False,True,False,False,False,False,True
11.6,19.1,0,134.56,-0.6689196741323425,221.56,0,0,0,0,0,0,0,0,0,0,1,0,0,0,0,0,1,0,0,1,0,1,0,0,0,0,0,0,0,0,0,0,0,0,0,0,0,0,0,0,0,0,2,2,0,0,0,5,0,0,0,0,1,0,False,True,False,False,False,False,False,False,False,False,False,False,True
8.3,10.0,0,68.89000000000001,1.9470090784583707,83.0,0,0,0,0,0,0,0,0,0,0,1,0,1,0,1,0,0,0,0,1,0,0,0,0,0,0,0,0,0,0,0,0,0,0,0,0,0,0,0,0,0,0,1,0,2,0,0,5,0,1,0,0,0,0,False,False,False,False,False,False,False,False,False,True,False,False,True
7.5,3.2,1,56.25,-1.4837954419987347,24.0,0,0,1,0,0,0,0,0,0,0,0,0,0,0,0,0,0,0,0,0,0,0,1,1,0,0,1,0,0,0,0,0,0,0,0,0,0,0,0,0,0,0,0,0,2,0,1,5,0,0,0,0,0,0,False,False,False,False,False,False,False,True,False,False,False,False,True
7.7,10.0,0,59.290000000000006,1.9470090784583707,77.0,0,1,0,0,0,0,0,0,0,0,0,0,0,1,0,0,1,0,0,0,0,1,0,0,0,0,0,0,0,0,0,0,0,0,0,0,0,0,0,0,0,0,2,2,0,0,0,5,0,0,0,0,1,0,False,False,False,False,False,False,False,False,False,True,False,False,True
9.4,40.6,0,88.36000000000001,0.9628120538059176,381.64000000000004,0,0,1,0,0,0,0,0,0,0,0,0,1,0,0,0,0,0,0,0,0,0,1,1,0,1,0,0,0,0,0,0,0,0,0,0,0,0,0,0,0,0,0,0,4,0,0,5,0,0,0,0,0,0,False,False,False,False,False,True,False,False,False,False,False,False,True
11.7,37.5,0,136.89,0.4043306620120527,438.75,0,0,0,0,0,0,0,0,0,0,1,0,1,0,0,0,1,0,0,0,0,0,0,0,0,0,1,0,0,0,0,0,0,0,0,0,0,0,0,0,0,0,0,1,1,0,0,5,0,0,0,0,0,0,False,False,False,False,False,True,False,False,False,False,False,False,True
4.4,31.9,0,19.360000000000003,-0.6045389489704127,140.36,0,0,0,0,1,0,0,0,0,0,0,1,0,0,1,1,0,0,1,0,1,0,0,0,0,0,0,0,0,0,0,0,0,0,0,0,0,0,0,0,0,0,1,0,4,0,0,5,0,0,1,0,0,1,False,False,False,False,False,True,False,False,False,False,False,True,False
6.4,28.2,0,40.96000000000001,-0.9638758975685927,180.48000000000002,0,0,0,0,1,0,0,0,0,0,0,1,0,1,0,1,0,0,1,0,1,0,0,0,0,0,0,0,0,0,0,0,0,0,0,0,0,0,0,0,0,0,2,0,2,0,0,5,0,0,0,0,0,0,False,False,False,False,False,False,False,False,True,False,False,True,False
6.8,18.4,1,46.239999999999995,-0.8217214256517897,125.11999999999999,0,0,0,0,0,0,0,0,1,0,0,1,1,1,0,1,0,0,0,1,0,0,0,0,0,0,0,0,0,0,0,0,0,0,0,0,0,0,0,0,0,0,2,0,2,0,1,5,1,1,0,1,0,0,False,True,False,False,False,False,False,False,False,False,False,True,False
6.2,32.6,0,38.440000000000005,-0.3767728785865993,202.12,0,0,0,1,0,0,0,0,0,0,0,1,1,0,1,0,1,1,0,0,0,0,0,0,0,0,0,0,0,0,0,0,0,0,0,0,0,0,0,0,0,0,0,1,4,0,0,5,0,0,0,0,0,0,False,False,False,True,False,False,False,False,False,False,False,True,False
0.9,26.5,0,0.81,0.9464131276446635,23.85,0,0,0,1,0,0,0,0,0,0,0,1,0,0,0,0,0,0,0,0,0,0,0,0,0,0,0,0,0,0,0,0,0,0,0,0,0,0,0,0,0,0,0,0,0,1,0,5,0,0,0,0,0,0,False,True,False,False,False,False,False,False,False,False,True,False,False
5.7,22.9,1,32.49,-2.0347660092289908,130.53,0,1,0,0,0,0,0,0,0,0,0,0,0,0,0,0,0,0,0,0,0,0,0,0,0,0,0,0,0,0,0,0,0,0,0,0,0,0,0,0,0,0,0,0,0,0,3,5,0,0,0,0,0,0,False,False,False,True,False,False,False,False,False,False,False,True,False
13.7,13.8,1,187.68999999999997,-0.7379320276672228,189.06,0,0,0,0,0,1,0,0,0,0,0,1,0,0,0,0,0,0,0,0,0,0,0,0,0,0,0,0,0,0,0,0,0,0,0,0,1,0,0,0,0,0,0,0,0,0,0,5,0,0,0,0,0,0,False,False,False,False,False,False,True,False,False,False,False,False,True
14.3,4.7,0,204.49,-0.7116740073494886,67.21000000000001,0,1,0,0,0,0,0,0,0,0,0,0,0,0,0,0,0,0,1,1,0,1,0,0,0,0,0,0,0,0,0,0,0,0,0,0,0,0,0,0,0,0,1,2,1,0,0,5,0,0,0,0,0,0,False,False,False,False,False,False,False,True,False,False,False,False,True
9.0,18.8,0,81.0,-0.6917943864331801,169.20000000000002,0,0,1,0,0,0,0,0,0,0,0,0,0,0,1,0,0,1,0,0,0,1,0,0,0,0,0,0,0,0,0,0,0,0,0,0,0,0,0,0,0,0,0,3,2,0,0,5,0,0,0,0,0,0,False,False,True,False,False,False,False,False,False,False,False,False,True
8.2,38.7,0,67.24,0.6673808982056461,317.34,0,1,0,0,0,0,0,0,0,0,0,0,1,0,1,0,0,0,0,0,0,0,0,0,0,0,0,0,0,0,0,0,0,0,0,0,0,0,0,0,0,0,0,0,2,0,0,5,0,0,0,0,0,0,False,False,False,False,False,False,False,False,True,False,False,False,True
7.0,23.7,0,49.0,0.16844727450461883,165.9,0,0,0,1,0,0,0,0,0,0,0,1,0,0,1,0,0,0,0,0,0,1,0,0,0,0,0,1,0,0,0,0,0,0,0,0,0,0,0,0,0,0,0,1,1,0,0,5,0,0,0,0,0,0,True,False,False,False,False,False,False,False,False,False,False,True,False
4.0,43.5,1,16.0,1.485262388064694,174.0,0,0,0,0,1,0,0,0,0,0,0,1,0,1,0,0,0,1,0,1,0,0,0,0,0,0,0,0,0,0,0,0,0,0,0,0,0,0,0,0,0,0,2,0,1,0,1,5,0,0,0,0,0,0,False,False,False,False,False,True,False,False,False,False,False,True,False
13.3,7.9,0,176.89000000000001,0.8678470082664417,105.07000000000001,0,0,0,0,0,0,0,0,0,0,1,0,1,0,1,0,0,0,0,0,0,0,0,0,0,0,1,0,0,0,0,0,0,0,0,0,0,0,0,0,0,0,0,0,2,0,0,5,0,0,0,0,0,0,False,False,False,False,False,False,False,False,False,True,False,False,True
9.3,28.7,0,86.49000000000001,-1.187016896721671,266.91,0,0,1,0,0,0,0,0,0,0,0,0,0,0,0,0,0,0,0,0,0,0,0,0,0,0,0,0,0,0,0,0,0,0,0,0,0,0,0,0,0,0,1,0,0,0,0,5,0,0,0,0,0,0,False,False,False,False,True,False,False,False,False,False,False,False,True
4.8,25.6,0,23.04,-1.7395172613256855,122.88,0,1,0,0,0,0,0,0,0,0,0,0,0,0,0,0,1,1,0,0,1,0,0,0,0,0,0,0,0,0,0,0,0,0,0,0,0,0,0,0,0,0,2,1,1,0,0,5,0,0,0,0,0,0,False,False,False,False,False,True,False,False,False,False,False,True,False
3.6,44.4,0,12.96,1.6401672184835254,159.84,0,0,0,0,0,0,0,0,0,0,1,0,0,0,1,1,0,1,0,0,0,0,0,0,0,0,0,0,0,0,0,0,0,0,0,0,0,0,0,0,0,0,0,0,3,0,0,5,0,0,0,0,0,0,False,False,False,True,False,False,False,False,False,False,False,True,False
7.5,45.0,0,56.25,1.7554953195778542,337.5,0,0,1,0,0,0,0,0,0,0,0,0,1,0,0,1,0,0,0,0,0,0,0,0,0,0,0,0,0,0,0,0,0,0,0,0,0,0,0,0,0,0,0,0,3,0,0,5,0,0,0,0,0,0,False,False,False,False,False,True,False,False,False,False,False,False,True
9.7,37.7,0,94.08999999999999,0.38651418152062883,365.69,0,0,0,1,0,0,0,0,0,0,0,1,0,0,0,0,0,1,0,0,0,0,0,0,0,0,0,0,0,0,0,0,0,0,0,0,0,0,0,0,0,0,0,0,1,0,0,5,0,0,0,0,0,0,False,False,False,False,True,False,False,False,False,False,False,False,True
2.8,44.4,0,7.839999999999999,1.64740214697259,124.32,0,1,0,0,0,0,0,0,0,0,0,0,0,1,0,0,0,1,1,0,0,0,0,0,0,0,0,0,0,0,0,0,0,0,0,0,0,0,0,0,0,0,1,0,2,0,0,5,0,0,0,0,0,0,False,False,False,False,False,True,False,False,False,False,False,True,False
9.0,35.4,1,81.0,0.15470019096231338,318.59999999999997,0,0,0,1,0,0,0,0,0,0,0,1,0,0,0,0,0,0,0,0,0,0,0,0,0,0,0,0,0,0,0,0,0,0,0,0,0,0,0,0,0,0,0,0,0,0,0,5,0,0,0,0,0,0,False,False,False,False,False,False,False,False,True,False,False,False,True
7.8,8.3,0,60.839999999999996,1.1414174358087024,64.74000000000001,0,0,0,0,0,0,0,0,1,0,0,1,1,0,1,0,0,0,1,1,0,0,0,0,0,0,0,0,0,0,0,0,0,0,0,0,0,0,0,0,0,0,1,0,4,0,0,5,0,1,0,0,0,1,False,False,False,False,False,False,False,True,False,False,False,False,True
12.4,33.4,0,153.76000000000002,-0.3343060174572524,414.15999999999997,0,0,0,0,1,0,0,0,0,0,0,1,0,0,0,0,1,0,1,0,1,1,0,0,0,0,0,0,0,0,0,0,0,0,0,0,0,0,0,0,0,0,1,2,2,0,0,5,0,0,0,0,1,0,False,False,False,False,False,True,False,False,False,False,False,False,True
9.3,7.5,0,86.49000000000001,0.6622923282298835,69.75,0,0,1,0,0,0,0,0,0,0,0,0,0,0,0,0,1,1,0,0,1,0,0,0,0,0,0,0,0,0,0,0,0,0,0,0,0,0,0,0,0,0,1,2,2,0,0,5,0,0,0,0,0,0,False,False,False,False,False,False,False,False,False,True,False,False,True
3.5,25.8,0,12.25,0.48395802247963104,90.3,0,0,0,0,1,0,0,0,0,0,0,1,0,0,1,0,1,0,0,0,0,0,0,0,0,0,0,0,0,0,0,0,0,0,0,0,0,0,0,0,0,0,0,2,1,0,0,5,0,0,0,0,0,0,False,False,False,False,False,False,True,False,False,False,False,True,False
6.1,5.5,0,37.209999999999994,-0.2998759088698908,33.55,0,0,1,0,0,0,0,0,0,0,0,0,1,1,0,0,0,0,1,0,1,0,0,0,0,0,0,0,0,0,0,0,0,0,0,0,0,0,0,0,0,0,2,0,2,1,0,5,1,0,0,0,0,0,False,False,False,False,False,False,False,True,False,False,False,True,False
10.0,23.7,0,100.0,0.16844727450461883,237.0,0,0,0,0,0,0,1,0,0,0,0,1,1,0,1,0,0,1,0,0,0,1,0,0,0,0,0,0,0,0,0,0,0,0,0,0,0,0,0,0,0,0,0,1,3,0,0,5,0,0,0,0,0,0,True,False,False,False,False,False,False,False,False,False,False,False,True
12.3,7.3,0,151.29000000000002,0.6266698127092045,89.79,0,0,0,0,0,0,0,0,0,1,0,0,0,0,0,0,0,0,0,0,0,0,0,1,0,0,0,0,0,0,0,0,0,0,0,0,0,0,0,0,0,0,0,0,1,0,0,5,0,0,0,0,0,0,False,False,False,False,False,False,False,True,False,False,False,False,True
8.7,30.7,0,75.68999999999998,-0.8207252941809409,267.09,0,0,0,0,0,0,0,0,1,0,0,1,0,0,0,1,1,0,0,0,1,1,0,0,0,0,0,0,0,0,0,0,0,0,0,0,0,0,0,0,0,0,1,2,1,0,0,5,0,0,0,0,1,0,False,False,False,False,False,True,False,False,False,False,False,False,True
9.9,16.5,1,98.01,-1.1807749064047306,163.35,0,0,0,0,0,1,0,0,0,0,0,1,1,1,1,0,0,0,0,0,0,0,0,0,0,1,0,0,0,0,0,0,0,0,0,0,0,0,0,0,0,0,1,0,2,0,0,5,1,0,0,0,0,0,False,False,True,False,False,False,False,False,False,False,False,False,True
3.8,39.2,1,14.44,0.7105946510603016,148.96,0,0,0,0,1,0,0,0,0,0,0,1,0,1,0,0,0,1,0,1,0,0,0,0,0,0,0,0,0,0,0,0,0,0,0,0,0,0,0,0,0,0,2,0,1,0,1,5,0,0,0,0,0,0,False,False,False,False,False,True,False,False,False,False,False,True,False
0.5,10.0,0,0.25,1.9470090784583707,5.0,0,0,0,0,0,0,0,0,0,1,0,0,0,0,0,1,1,0,0,0,1,0,0,0,0,0,0,0,0,0,0,0,0,0,0,0,0,0,0,0,0,0,1,1,1,0,0,5,0,0,0,0,0,0,False,False,False,False,False,False,False,False,False,True,True,False,False
9.7,25.0,1,94.08999999999999,-1.6758190428012565,242.49999999999997,0,0,0,0,0,0,0,1,0,0,0,0,1,0,0,1,0,0,0,0,0,0,0,0,0,0,0,1,0,0,0,0,0,0,0,0,0,0,0,0,0,0,0,0,2,0,1,5,0,0,0,0,0,0,False,False,False,True,False,False,False,False,False,False,False,False,True
7.0,20.3,0,49.0,-0.40697381438472,142.1,0,1,0,0,0,0,0,0,0,0,0,0,1,0,0,0,0,0,1,0,1,0,0,0,0,0,0,0,0,0,0,0,0,0,0,0,0,0,0,0,0,0,1,0,3,0,0,5,0,0,0,0,0,0,False,True,False,False,False,False,False,False,False,False,False,True,False
14.4,34.8,0,207.36,-0.0007331994718309506,501.11999999999995,0,0,0,0,0,0,1,0,0,0,0,1,0,1,0,0,0,0,0,0,0,0,0,1,0,0,1,0,0,0,0,0,0,0,0,0,0,0,0,0,0,0,1,0,1,0,0,5,0,0,0,0,0,0,False,False,False,True,False,False,False,False,False,False,False,False,True
15.6,29.0,0,243.35999999999999,-1.126989283229189,452.4,0,0,0,0,0,0,0,1,0,0,0,0,0,0,0,0,0,1,0,0,0,0,0,0,0,0,0,0,0,0,0,0,0,0,0,0,0,0,0,0,0,0,0,0,2,0,0,5,0,0,0,0,0,0,False,False,False,False,False,True,False,False,False,False,False,False,True
6.1,42.3,0,37.209999999999994,1.1907633992889142,258.03,0,0,0,0,0,0,1,0,0,0,0,1,0,0,0,0,0,0,0,0,0,0,0,0,0,0,0,0,0,0,0,0,0,0,0,0,0,0,0,0,0,0,0,0,0,0,0,5,0,0,0,0,0,0,False,False,False,False,True,False,False,False,False,False,False,True,False
3.4,8.4,0,11.559999999999999,1.124790358312139,28.56,0,0,0,0,0,0,1,0,0,0,0,1,0,0,0,0,0,0,0,0,0,0,1,0,1,0,0,0,1,1,1,0,0,0,0,0,0,0,0,0,0,0,0,0,1,0,0,5,0,0,0,0,0,0,False,False,False,False,False,False,False,False,False,True,False,True,False
5.4,23.3,0,29.160000000000004,0.24789083498433656,125.82000000000001,0,0,0,0,0,0,0,0,0,0,1,0,1,1,0,0,0,0,1,1,0,0,0,0,0,0,0,0,0,0,0,0,0,0,0,0,0,0,0,0,0,0,3,0,2,0,0,5,1,1,0,0,0,0,False,True,False,False,False,False,False,False,False,False,False,True,False
15.0,23.8,0,225.0,0.18940987845884977,357.0,0,0,0,0,1,0,0,0,0,0,0,1,0,0,1,0,0,1,0,0,1,1,0,0,0,0,0,0,0,0,0,0,0,0,0,0,0,0,0,0,0,0,2,1,2,0,0,5,0,0,1,0,0,0,True,False,False,False,False,False,False,False,False,False,False,False,True
0.7,38.2,0,0.48999999999999994,0.5804190318873587,26.740000000000002,0,1,0,0,0,0,0,0,0,0,0,0,0,0,0,0,0,0,0,0,0,0,0,0,0,0,0,0,0,0,0,0,0,0,0,0,0,0,0,0,0,0,0,0,0,0,0,5,0,0,0,0,0,0,False,False,False,True,False,False,False,False,False,False,True,False,False
0.5,5.8,0,0.25,-1.552525394431792,2.9,0,0,0,1,0,0,0,0,0,0,0,1,0,0,0,1,0,0,1,1,0,1,0,0,0,0,0,0,0,0,0,0,0,0,0,0,0,0,0,0,0,0,1,2,2,0,0,5,0,0,0,1,0,0,False,False,False,False,False,False,True,False,False,False,True,False,False
7.5,24.8,1,56.25,0.5753231596688648,186.0,0,0,0,0,0,0,0,1,0,0,0,0,0,0,0,0,1,1,0,0,1,0,0,0,0,0,0,0,0,0,0,0,0,0,0,0,0,0,0,0,0,0,1,2,1,0,1,5,0,0,0,0,0,0,False,True,False,False,False,False,False,False,False,False,False,False,True
5.9,6.9,0,34.81,0.35396030817504676,40.71000000000001,0,0,0,1,0,0,0,0,0,0,0,1,0,1,0,0,0,0,0,0,1,0,0,0,0,0,0,0,0,0,0,0,0,0,0,0,0,0,0,0,0,0,3,0,0,0,0,5,0,0,0,0,0,0,False,False,False,False,False,False,False,False,False,True,False,True,False
3.4,28.4,0,11.559999999999999,1.1536896603534592,96.55999999999999,0,0,0,0,0,0,0,0,0,1,0,0,0,1,1,0,0,0,0,1,0,0,0,0,0,0,0,0,0,0,0,0,0,1,0,0,0,0,0,0,0,0,2,0,1,0,0,5,0,0,0,0,0,0,True,False,False,False,False,False,False,False,False,False,False,True,False
2.3,3.7,0,5.289999999999999,-1.226421630448986,8.51,0,0,0,0,0,0,0,0,0,1,0,0,0,0,0,0,0,0,0,0,0,0,1,0,1,0,0,0,0,0,0,0,0,0,0,0,0,0,0,0,0,0,0,0,1,0,0,5,0,0,0,0,0,0,False,False,False,False,False,False,False,True,False,False,False,True,False
8.8,30.0,0,77.44000000000001,-0.684231875435866,264.0,0,1,0,0,0,0,0,0,0,0,0,0,0,1,0,0,1,0,0,0,1,1,0,0,0,0,0,0,0,0,0,0,0,0,0,0,0,0,0,0,0,0,3,2,0,0,0,5,0,0,0,0,1,0,False,False,False,False,False,False,False,False,True,False,False,False,True
12.6,5.5,0,158.76,-0.36548107195290624,69.3,0,0,0,0,0,0,0,0,0,1,0,0,0,0,0,0,0,0,1,0,0,0,0,0,0,0,0,0,0,0,0,1,0,0,0,0,0,0,0,0,1,0,0,0,1,0,0,5,0,0,0,0,0,0,False,False,False,False,False,False,False,False,False,True,False,False,True
6.4,33.1,0,40.96000000000001,-0.29130931515142455,211.84000000000003,0,0,0,1,0,0,0,0,0,0,0,1,1,0,1,0,0,0,0,0,0,1,0,0,0,0,0,0,0,0,0,0,0,0,0,0,0,0,0,0,0,0,0,1,3,0,0,5,0,0,0,0,0,0,False,False,False,True,False,False,False,False,False,False,False,True,False
4.1,44.5,0,16.81,1.56845608063332,182.45,0,0,0,0,0,0,1,0,0,0,0,1,1,0,1,0,0,0,0,0,0,0,0,0,0,0,0,0,0,0,0,0,0,0,0,0,0,0,0,0,0,0,0,0,2,0,0,5,0,0,0,0,0,0,False,False,False,False,False,False,False,False,True,False,False,True,False
12.2,8.5,0,148.83999999999997,1.1761790283212783,103.69999999999999,0,1,0,0,0,0,0,0,0,0,0,0,0,1,0,0,0,0,0,1,0,1,0,0,0,0,0,0,0,0,0,0,0,0,0,0,0,0,0,0,0,0,3,1,0,0,0,5,0,0,0,0,0,0,False,False,False,False,False,False,False,False,False,True,False,False,True
9.7,5.7,1,94.08999999999999,-0.1969263842499912,55.29,0,1,0,0,0,0,0,0,0,0,0,0,1,1,0,0,0,1,0,0,1,0,0,0,0,0,0,0,0,0,0,0,0,0,0,0,0,0,0,0,0,0,2,0,2,0,1,5,1,0,0,0,0,0,False,False,False,False,False,False,False,True,False,False,False,False,True
9.2,8.3,0,84.63999999999999,1.0734016883029998,76.36,0,0,0,0,1,0,0,0,0,0,0,1,0,1,0,0,0,0,1,0,1,0,0,0,0,0,0,0,0,0,0,0,0,0,0,0,0,0,0,0,0,0,3,0,1,0,0,5,0,0,0,0,0,0,False,False,False,False,False,False,False,False,False,True,False,False,True
13.5,22.9,0,182.25,0.17986654047262662,309.15,0,1,0,0,0,0,0,0,0,0,0,0,0,0,0,0,0,0,0,0,0,0,0,0,0,0,0,0,0,0,0,1,0,0,0,0,0,0,0,0,0,0,0,0,1,0,0,5,0,0,0,0,0,0,False,False,True,False,False,False,False,False,False,False,False,False,True
2.8,32.8,0,7.839999999999999,-0.4701860721890684,91.83999999999999,0,0,0,0,0,0,0,0,0,1,0,0,1,0,0,0,0,0,0,0,0,0,0,0,0,0,0,0,0,0,0,0,0,0,0,1,0,0,0,0,0,0,0,0,1,0,0,5,0,0,0,0,0,0,False,False,False,False,True,False,False,False,False,False,False,True,False
9.9,13.6,0,98.01,-1.7973155620210333,134.64000000000001,0,1,0,0,0,0,0,0,0,0,0,0,1,0,0,0,1,1,0,0,0,1,0,0,0,0,0,0,0,0,0,0,0,0,0,0,0,0,0,1,0,0,0,2,2,0,0,5,0,0,0,0,1,0,False,False,True,False,False,False,False,False,False,False,False,False,True
15.0,20.7,0,225.0,-0.4604308441223007,310.5,0,0,0,0,0,0,0,0,0,0,1,0,0,0,0,1,0,1,1,0,0,0,0,0,0,0,0,0,0,0,0,0,0,0,0,0,0,0,0,0,0,0,0,0,3,0,0,5,0,0,0,0,0,0,True,False,False,False,False,False,False,False,False,False,False,False,True
0.5,36.2,0,0.25,0.17012878803398096,18.1,0,0,1,0,0,0,0,0,0,0,0,0,0,0,0,1,1,1,0,0,1,0,0,0,0,0,0,0,0,0,0,0,0,0,0,0,0,0,0,0,0,0,1,1,2,0,0,5,0,0,0,0,0,0,False,False,False,False,False,True,False,False,False,False,True,False,False
8.7,5.8,0,75.68999999999998,-0.14545162194004166,50.459999999999994,0,0,1,0,0,0,0,0,0,0,0,0,0,0,1,0,1,0,1,1,0,0,0,0,0,0,0,0,0,0,0,0,0,0,0,0,0,0,0,0,0,0,1,1,2,0,0,5,0,0,0,0,0,1,False,False,False,False,False,False,False,True,False,False,False,False,True
5.1,30.0,0,26.009999999999998,1.48909132362115,153.0,0,0,0,0,1,0,0,0,0,0,0,1,0,0,1,0,1,0,0,1,0,1,0,0,0,0,0,0,0,0,0,0,0,0,0,0,0,0,0,0,0,0,1,2,1,0,0,5,0,0,0,0,1,0,True,False,False,False,False,False,False,False,False,False,False,True,False
3.2,37.0,0,10.240000000000002,0.3753064796429386,118.4,0,0,0,0,0,0,0,0,0,0,1,0,0,0,0,0,1,0,1,0,0,0,0,0,0,0,0,0,0,0,0,0,0,0,0,0,0,0,0,0,0,0,0,1,3,0,0,5,0,0,0,0,0,0,False,False,False,True,False,False,False,False,False,False,False,True,False
0.9,8.1,0,0.81,-1.3183298014869784,7.29,0,0,0,0,1,0,0,0,0,0,0,1,1,0,0,0,0,1,0,0,0,0,1,0,1,0,0,0,0,0,0,0,0,0,0,1,0,0,0,0,0,0,0,0,3,0,0,5,0,0,0,0,0,0,False,False,False,False,False,False,True,False,False,False,True,False,False
8.4,26.6,0,70.56,0.9682419492902989,223.44000000000003,0,0,0,0,1,0,0,0,0,0,0,1,0,1,1,1,1,0,0,1,0,0,0,0,0,0,0,0,0,0,0,0,0,0,0,0,0,0,0,0,0,0,2,1,2,0,0,5,0,0,0,1,0,0,False,True,False,False,False,False,False,False,False,False,False,False,True
6.6,20.6,0,43.559999999999995,-0.4813934480765309,135.96,0,0,1,0,0,0,0,0,0,0,0,0,1,0,1,1,1,1,0,0,0,0,0,0,0,0,0,0,0,0,0,0,0,0,0,0,0,0,0,0,0,0,0,1,4,0,0,5,0,0,0,0,0,0,True,False,False,False,False,False,False,False,False,False,False,True,False
6.1,6.3,0,37.209999999999994,0.045628288120209574,38.43,0,0,0,0,0,0,0,1,0,0,0,0,0,1,1,0,1,0,0,1,0,0,0,0,0,0,0,0,0,0,0,0,0,0,0,0,0,0,0,0,0,0,2,1,1,0,0,5,0,0,0,0,0,0,False,False,False,False,False,False,False,False,False,True,False,True,False
15.0,7.2,0,225.0,0.5751950503992549,108.0,0,0,0,1,0,0,0,0,0,0,0,1,1,0,1,1,1,0,0,0,0,1,0,0,0,0,0,0,0,0,0,0,0,0,0,0,0,0,0,0,0,0,0,2,3,0,0,5,0,0,0,0,1,0,False,False,False,False,False,False,False,True,False,False,False,False,True
10.8,18.8,0,116.64000000000001,-0.8587203192526828,203.04000000000002,0,0,0,0,0,0,0,0,1,0,0,1,1,0,1,0,0,0,0,0,0,0,0,0,0,0,0,0,0,0,0,0,0,0,0,0,0,0,0,0,0,0,0,0,2,0,0,5,0,0,0,0,0,0,True,False,False,False,False,False,False,False,False,False,False,False,True
3.7,23.3,0,13.690000000000001,0.08459685868769652,86.21000000000001,0,0,0,0,0,0,0,1,0,0,0,0,0,0,1,0,1,0,1,0,0,0,0,0,0,0,0,0,0,0,0,0,0,0,0,0,0,0,0,0,0,0,0,1,2,0,0,5,0,0,0,0,0,1,True,False,False,False,False,False,False,False,False,False,False,True,False
5.2,19.2,0,27.040000000000003,-0.7748699034357605,99.84,0,0,1,0,0,0,0,0,0,0,0,0,0,0,0,1,0,0,0,1,1,0,0,0,0,0,0,0,0,0,0,0,0,0,0,0,0,0,0,0,0,0,2,0,1,0,0,5,0,0,0,1,0,0,True,False,False,False,False,False,False,False,False,False,False,True,False
5.6,16.3,1,31.359999999999996,-1.2801266802101288,91.28,0,0,0,0,0,0,0,0,0,0,1,0,1,0,0,0,0,0,0,0,0,0,0,0,0,0,0,0,0,0,0,0,0,0,0,0,0,0,0,0,0,0,0,0,1,0,1,5,0,0,0,0,0,0,False,True,False,False,False,False,False,False,False,False,False,True,False
13.3,35.5,1,176.89000000000001,0.11891578933741424,472.15000000000003,0,0,0,0,0,1,0,0,0,0,0,1,0,1,0,0,1,0,0,0,0,1,0,0,0,0,0,0,0,0,0,0,0,0,0,0,0,0,0,0,0,0,2,3,0,0,0,5,0,0,0,0,1,0,False,False,False,True,False,False,False,False,False,False,False,False,True
7.2,10.0,0,51.84,2.0164883950778476,72.0,0,0,0,0,0,0,0,0,1,0,0,1,1,0,0,0,1,1,0,0,1,0,0,0,0,0,0,0,0,0,0,0,0,0,0,0,0,0,0,0,0,0,1,1,2,0,0,5,0,0,0,0,0,0,False,False,False,False,False,False,False,True,False,False,False,False,True
5.7,26.4,0,32.49,-1.4365210651827673,150.48,0,0,0,1,0,0,0,0,0,0,0,1,0,1,1,0,1,1,0,0,0,0,0,0,0,0,0,0,0,0,0,0,0,0,0,0,0,0,0,0,0,0,1,1,2,0,0,5,0,0,0,0,0,0,False,False,False,True,False,False,False,False,False,False,False,True,False
4.8,13.0,0,23.04,-0.8193913643436798,62.4,0,0,0,0,0,0,1,0,0,0,0,1,0,0,0,0,0,0,0,0,0,0,1,0,0,0,0,0,0,0,0,0,0,1,0,0,0,0,0,0,0,0,0,0,1,0,0,5,0,0,0,0,0,0,False,False,False,False,False,False,True,False,False,False,False,True,False
5.9,7.5,0,34.81,0.6622923282298835,44.25,0,1,0,0,0,0,0,0,0,0,0,0,1,0,0,0,0,0,0,0,0,1,0,0,0,0,0,0,0,0,0,0,0,0,0,0,0,0,0,0,0,0,0,1,2,0,0,5,0,0,0,0,0,0,False,False,False,False,False,False,False,False,False,True,False,True,False
2.7,27.1,0,7.290000000000001,1.0727874899858931,73.17,0,0,0,0,0,0,1,0,0,0,0,1,0,0,0,1,0,1,0,0,1,0,0,0,0,0,0,0,0,0,0,0,0,0,0,0,0,0,0,0,0,0,1,0,3,0,0,5,0,0,0,0,0,0,False,False,True,False,False,False,False,False,False,False,False,True,False
13.5,30.8,0,182.25,-0.8027097654133966,415.8,0,0,0,0,0,0,0,0,0,0,1,0,0,0,0,0,1,1,1,1,0,1,0,0,0,0,0,0,0,0,0,0,0,0,0,0,0,0,0,0,0,0,1,2,2,0,0,5,0,0,0,0,1,0,False,False,False,False,False,True,False,False,False,False,False,False,True
13.9,28.9,0,193.21,-1.1450048119967333,401.71,0,1,0,0,0,0,0,0,0,0,0,0,0,0,0,0,0,1,0,0,0,0,0,0,0,0,0,0,0,0,0,0,0,0,0,0,0,0,0,0,0,0,0,0,2,0,0,5,0,0,0,0,0,0,False,False,False,False,False,True,False,False,False,False,False,False,True
7.4,26.9,0,54.760000000000005,1.033728414227204,199.06,0,0,0,0,0,0,0,0,0,1,0,0,0,0,1,0,0,0,1,0,0,1,0,0,0,0,0,0,0,0,0,0,0,0,0,0,0,0,0,0,0,0,0,1,3,0,0,5,0,0,0,0,0,1,False,True,False,False,False,False,False,False,False,False,False,False,True
11.7,14.0,0,136.89,-0.7175671934981086,163.79999999999998,0,0,1,0,0,0,0,0,0,0,0,0,0,0,0,0,0,0,0,0,0,0,0,0,0,0,0,0,0,0,0,0,0,0,0,0,1,0,0,0,0,0,0,0,0,0,0,5,0,0,0,0,0,0,False,False,False,False,False,False,True,False,False,False,False,False,True
9.3,9.5,0,86.49000000000001,-1.1757759623031787,88.35000000000001,0,0,0,0,0,0,0,0,0,0,1,0,0,0,0,0,0,0,0,0,0,1,0,0,0,0,0,0,0,0,0,0,0,0,0,0,0,0,0,0,0,0,0,1,0,0,0,5,0,0,0,0,0,0,False,False,False,False,False,False,True,False,False,False,False,False,True
9.3,35.7,0,86.49000000000001,1.4920173138507855,332.01000000000005,0,1,0,0,0,0,0,0,0,0,0,0,0,0,0,1,0,0,0,0,0,1,0,0,0,0,0,1,0,0,0,0,0,0,1,0,0,0,0,0,0,0,0,1,1,0,0,5,0,0,0,0,0,0,False,False,False,False,False,False,True,False,False,False,False,False,True
9.1,21.4,1,82.80999999999999,-0.13903379863925405,194.73999999999998,0,0,0,0,0,1,0,0,0,0,0,1,1,1,1,0,0,0,0,0,0,0,0,0,0,1,0,0,0,0,0,0,0,0,0,0,0,0,0,0,0,0,1,0,2,0,0,5,1,0,0,0,0,0,False,False,True,False,False,False,False,False,False,False,False,False,True
11.8,22.1,0,139.24,0.10720859035101785,260.78000000000003,0,0,0,0,0,0,0,0,0,1,0,0,1,1,1,0,1,1,0,0,0,0,0,0,0,0,0,0,0,0,0,0,0,0,0,0,0,0,0,0,0,0,1,1,3,0,0,5,1,0,0,0,0,0,False,False,False,False,False,False,True,False,False,False,False,False,True
12.9,38.9,0,166.41,0.5963183252862679,501.81,0,1,0,0,0,0,0,0,0,0,0,0,0,1,1,0,0,0,0,0,0,1,0,0,0,0,0,0,0,0,0,0,0,0,0,0,0,0,0,0,0,0,1,1,2,0,0,5,0,0,0,0,0,0,False,False,False,False,True,False,False,False,False,False,False,False,True
13.1,15.4,1,171.60999999999999,-1.476586075020846,201.74,0,0,0,0,0,1,0,0,0,0,0,1,0,0,0,0,0,0,0,0,0,0,0,0,0,0,0,0,0,0,0,0,0,0,0,0,0,0,0,0,0,0,0,0,0,0,0,5,0,0,0,0,0,0,False,True,False,False,False,False,False,False,False,False,False,False,True
1.6,38.6,0,2.5600000000000005,0.6518451191982721,61.760000000000005,0,0,1,0,0,0,0,0,0,0,0,0,0,1,0,0,0,0,1,0,0,0,0,0,0,0,0,0,0,0,0,0,0,0,0,0,0,0,0,0,0,0,1,0,1,0,0,5,0,0,0,0,0,0,False,False,False,False,False,False,False,False,True,False,False,True,False
13.4,5.5,0,179.56,-0.36548107195290624,73.7,0,0,0,0,0,0,0,0,0,1,0,0,0,0,0,0,0,0,1,0,0,0,0,0,0,0,0,0,0,0,0,1,0,0,0,0,0,0,0,0,1,0,0,0,1,0,0,5,0,0,0,0,0,0,False,False,False,False,False,False,False,False,False,True,False,False,True
3.3,20.3,0,10.889999999999999,-0.40697381438472,66.99,0,1,0,0,0,0,0,0,0,0,0,0,0,1,1,0,0,1,1,0,0,1,0,0,0,0,0,0,0,0,0,0,0,0,0,0,0,0,0,0,0,0,1,1,3,0,0,5,0,0,0,0,0,1,False,True,False,False,False,False,False,False,False,False,False,True,False
10.8,21.4,0,116.64000000000001,0.03593167075911775,231.12,0,0,0,0,0,0,0,0,0,0,1,0,0,1,0,1,0,0,0,1,0,0,0,0,0,0,0,0,0,0,0,0,0,0,0,0,0,0,0,0,0,0,3,0,2,0,0,5,0,0,0,1,0,0,False,False,False,False,False,False,True,False,False,False,False,False,True
2.6,33.3,0,6.760000000000001,2.180857254110761,86.58,0,0,0,0,0,0,0,1,0,0,0,0,1,0,0,0,0,0,0,0,0,0,0,1,0,1,0,0,0,0,0,0,0,0,0,0,0,0,0,0,0,0,0,0,2,0,0,5,0,0,0,0,0,0,True,False,False,False,False,False,False,False,False,False,False,True,False
12.5,44.2,0,156.25,1.5229532935845116,552.5,0,0,0,0,0,0,1,0,0,0,0,1,1,0,1,0,0,0,0,1,1,0,0,0,0,0,0,0,0,0,0,0,0,0,0,0,0,0,0,0,0,0,2,0,2,0,0,5,0,1,1,0,0,0,False,False,False,False,True,False,False,False,False,False,False,False,True
7.9,29.6,0,62.410000000000004,0.8708898716928014,233.84000000000003,0,0,0,0,0,0,0,0,1,0,0,1,0,0,0,1,0,1,1,0,1,0,0,0,0,0,0,0,0,0,0,0,0,0,0,0,0,0,0,0,0,0,1,0,4,0,0,5,0,0,0,0,0,0,False,False,False,False,False,False,True,False,False,False,False,False,True
7.2,23.8,0,51.84,-1.6474501738930352,171.36,0,0,0,1,0,0,0,0,0,0,0,1,0,0,0,0,0,0,0,0,0,0,1,0,0,0,0,0,0,0,0,0,1,0,0,0,0,0,0,0,0,0,0,0,1,0,0,5,0,0,0,0,0,0,False,False,False,False,False,False,False,False,True,False,False,False,True
7.6,3.8,0,57.76,-1.2390884621082776,28.88,0,0,1,0,0,0,0,0,0,0,0,0,0,1,1,0,0,1,0,0,1,0,0,0,0,0,0,0,0,0,0,0,0,0,0,0,0,0,0,0,0,0,3,0,2,0,0,5,0,0,1,0,0,0,False,False,False,False,False,False,False,False,False,True,False,False,True
0.5,45.0,1,0.25,1.6461349756701886,22.5,0,0,0,1,0,0,0,0,0,0,0,1,0,0,1,0,0,1,0,0,1,1,0,0,0,0,0,0,0,0,0,0,0,0,0,0,0,0,0,0,0,0,1,1,2,0,0,5,0,0,1,0,0,0,False,False,False,False,False,False,False,False,True,False,True,False,False
7.1,33.9,0,50.41,-0.2442283736195323,240.68999999999997,0,0,0,1,0,0,0,0,0,0,0,1,0,0,0,1,0,1,0,0,0,0,0,0,0,0,0,0,0,0,0,0,0,0,0,0,0,0,0,0,0,0,0,0,4,0,0,5,0,0,0,0,0,0,False,False,False,False,False,True,False,False,False,False,False,False,True
1.5,3.8,0,2.25,-1.2390884621082776,5.699999999999999,0,0,0,0,0,0,0,0,0,1,0,0,1,0,0,0,0,1,0,0,0,1,0,0,0,0,0,0,0,0,0,0,0,0,0,0,0,0,0,1,0,0,0,1,2,0,0,5,0,0,0,0,0,0,False,False,False,False,False,False,False,False,False,True,False,True,False
11.9,35.9,0,141.61,0.07180796587216824,427.21,0,0,0,0,0,0,1,0,0,0,0,1,1,0,0,0,0,0,0,0,0,0,0,0,0,0,0,0,0,0,0,0,0,0,0,0,0,0,0,0,0,0,0,0,1,0,0,5,0,0,0,0,0,0,False,False,False,False,True,False,False,False,False,False,False,False,True
10.0,28.5,0,100.0,-1.2170669270669092,285.0,0,0,1,0,0,0,0,0,0,0,0,0,0,1,0,0,0,0,0,0,0,0,0,0,1,0,0,0,0,0,0,0,0,0,0,0,0,0,0,0,0,0,1,0,0,0,0,5,0,0,0,0,0,0,False,False,False,False,False,True,False,False,False,False,False,False,True
0.5,35.7,0,0.25,0.036840608577895666,17.85,0,1,0,0,0,0,0,0,0,0,0,0,1,0,0,1,1,0,0,0,0,0,0,0,0,0,0,0,0,0,0,0,0,0,0,0,0,0,0,0,0,0,0,1,4,0,0,5,0,0,0,0,0,0,False,False,False,False,True,False,False,False,False,False,True,False,False
12.6,26.1,0,158.76,0.6715497694061549,328.86,0,0,0,0,0,0,0,1,0,0,0,0,0,0,0,1,1,1,0,1,0,0,0,0,0,0,0,0,0,0,0,0,0,0,0,0,0,0,0,0,0,0,1,1,3,0,0,5,0,0,0,1,0,0,True,False,False,False,False,False,False,False,False,False,False,False,True
8.3,26.2,0,68.89000000000001,-1.2745914777160667,217.46,0,0,0,0,0,0,0,1,0,0,0,0,0,0,0,0,0,0,0,0,0,0,1,0,0,0,0,0,0,0,0,0,1,0,0,0,0,0,0,0,0,0,0,0,1,0,0,5,0,0,0,0,0,0,False,False,False,False,False,False,False,False,True,False,False,False,True
6.6,45.0,0,43.559999999999995,1.6628227227616044,297.0,0,0,0,0,0,0,1,0,0,0,0,1,0,0,0,0,0,0,0,0,0,0,0,0,0,0,0,0,0,0,0,0,0,0,0,0,0,0,0,0,0,0,0,0,0,0,0,5,0,0,0,0,0,0,False,False,False,False,True,False,False,False,False,False,False,True,False
5.8,28.7,0,33.64,1.412947851705232,166.45999999999998,0,0,1,0,0,0,0,0,0,0,0,0,1,0,1,0,0,0,0,0,0,0,0,1,0,0,1,0,0,0,0,0,0,0,0,0,0,0,0,0,0,0,0,0,3,0,0,5,0,0,0,0,0,0,False,False,True,False,False,False,False,False,False,False,False,True,False
11.5,22.2,0,132.25,0.007773796882348827,255.29999999999998,0,0,1,0,0,0,0,0,0,0,0,0,0,0,0,1,0,0,0,0,0,1,0,0,0,0,0,1,0,0,0,0,0,0,1,0,0,0,0,0,0,0,0,1,1,0,0,5,0,0,0,0,0,0,False,True,False,False,False,False,False,False,False,False,False,False,True
8.7,17.4,0,75.68999999999998,-0.9894347029376025,151.37999999999997,0,0,0,0,1,0,0,0,0,0,0,1,1,0,0,0,0,0,0,0,0,0,0,0,0,0,0,0,0,0,0,0,0,0,0,0,0,0,0,0,0,0,0,0,1,0,0,5,0,0,0,0,0,0,False,False,True,False,False,False,False,False,False,False,False,False,True
11.1,21.1,0,123.21,-0.37658042830537763,234.21,0,0,0,0,0,0,0,1,0,0,0,0,1,1,0,0,1,0,0,1,1,0,0,0,0,0,0,0,0,0,0,0,0,0,0,0,0,0,0,0,0,0,3,1,1,0,0,5,1,1,0,0,0,0,True,False,False,False,False,False,False,False,False,False,False,False,True
13.2,34.7,0,174.23999999999998,-0.1379961778934709,458.04,0,0,0,0,0,0,0,0,1,0,0,1,0,1,0,1,0,0,0,0,1,0,0,0,0,0,0,0,0,0,0,0,0,0,0,0,0,0,0,0,0,0,4,0,1,0,0,5,0,0,0,0,0,0,False,False,False,False,True,False,False,False,False,False,False,False,True
10.7,7.0,0,114.48999999999998,0.47224552577935536,74.89999999999999,0,1,0,0,0,0,0,0,0,0,0,0,0,0,0,0,1,0,0,0,1,0,0,0,0,1,0,0,0,0,0,0,0,0,1,0,0,0,0,0,0,0,1,1,0,0,0,5,0,0,0,0,0,0,False,False,False,False,False,False,False,True,False,False,False,False,True
5.2,5.2,0,27.040000000000003,-0.5196470819803246,27.040000000000003,0,0,0,0,0,0,0,0,0,0,1,0,1,0,0,0,1,1,0,1,0,0,0,0,0,0,0,0,0,0,0,0,0,0,0,0,0,0,0,0,0,0,1,1,3,0,0,5,0,1,0,0,0,0,False,False,False,False,False,False,False,False,False,True,False,True,False
9.6,25.8,1,92.16,0.6086619575434628,247.68,0,0,0,0,0,1,0,0,0,0,0,1,1,0,0,1,0,0,0,0,0,0,0,0,0,0,0,0,0,0,0,0,0,0,0,0,0,0,0,0,0,0,0,0,2,0,1,5,0,0,0,0,0,0,True,False,False,False,False,False,False,False,False,False,False,False,True
0.5,30.7,0,0.25,0.9828964596229295,15.35,0,0,0,0,0,0,0,0,0,1,0,0,1,0,0,0,0,1,0,0,0,1,0,0,0,0,0,0,0,0,0,0,0,0,0,0,0,0,0,0,0,0,0,1,3,0,0,5,0,0,0,0,0,0,False,False,False,False,False,False,True,False,False,False,True,False,False
2.0,26.6,0,4.0,0.9682419492902989,53.2,0,0,1,0,0,0,0,0,0,0,0,0,0,0,0,0,0,0,0,0,0,0,0,0,0,0,0,1,0,0,0,0,0,0,0,0,0,0,0,0,0,0,0,0,0,0,0,5,0,0,0,0,0,0,False,True,False,False,False,False,False,False,False,False,False,True,False
4.7,21.5,1,22.090000000000003,-0.14502795463709756,101.05,0,0,0,0,0,1,0,0,0,0,0,1,1,0,0,1,0,1,0,0,0,0,0,0,0,0,0,0,0,0,0,0,0,0,0,0,0,0,0,0,0,0,0,0,4,0,0,5,0,0,0,0,0,0,False,True,False,False,False,False,False,False,False,False,False,True,False
10.2,35.6,0,104.03999999999999,0.019356929930758764,363.12,0,0,0,0,1,0,0,0,0,0,0,1,0,1,1,1,0,0,0,1,0,0,0,0,0,0,0,0,0,0,0,0,0,0,0,0,0,0,0,0,0,0,2,0,2,0,0,5,0,0,0,1,0,0,False,False,False,False,True,False,False,False,False,False,False,False,True
10.1,42.0,0,102.00999999999999,1.1383123633475045,424.2,0,0,0,1,0,0,0,0,0,0,0,1,0,1,1,1,0,0,0,1,0,0,0,0,0,0,0,0,0,0,0,0,0,0,0,0,0,0,0,0,0,0,2,0,2,0,0,5,0,0,0,1,0,0,False,False,False,False,True,False,False,False,False,False,False,False,True
7.8,20.9,0,60.839999999999996,-0.2760008845109092,163.01999999999998,0,0,0,1,0,0,0,0,0,0,0,1,0,1,1,1,0,0,0,1,0,0,0,0,0,0,0,0,0,0,0,0,0,0,0,0,0,0,0,0,0,0,2,0,2,1,0,5,0,0,0,1,0,0,False,True,False,False,False,False,False,False,False,False,False,False,True
5.3,10.2,0,28.09,2.119437919697747,54.059999999999995,0,0,0,0,1,0,0,0,0,0,0,1,0,1,0,0,0,0,0,0,0,0,0,1,0,0,1,0,0,0,0,0,0,0,0,0,0,0,0,0,0,0,1,0,1,0,0,5,0,0,0,0,0,0,False,False,False,False,False,False,False,True,False,False,False,True,False
3.7,33.2,0,13.690000000000001,-0.4002513576005208,122.84000000000002,0,1,0,0,0,0,0,0,0,0,0,0,1,1,0,0,0,0,0,0,0,0,0,0,0,0,0,0,0,0,0,0,0,0,0,0,0,0,0,0,0,0,1,0,2,0,0,5,1,0,0,0,0,0,False,False,False,False,True,False,False,False,False,False,False,True,False
10.6,16.1,1,112.36,-0.503736434722409,170.66,0,0,0,0,0,0,1,0,0,0,0,1,0,0,0,0,1,0,0,0,0,1,0,0,0,0,0,0,0,0,0,0,0,0,0,0,0,0,0,0,0,0,0,2,0,0,1,5,0,0,0,0,1,0,False,False,False,False,False,False,True,False,False,False,False,False,True
16.2,7.1,0,262.44,0.5237202880893049,115.02,0,0,0,1,0,0,0,0,0,0,0,1,1,0,0,0,1,1,0,0,0,0,0,0,0,0,0,0,0,0,0,0,0,0,0,0,0,0,0,0,0,0,0,1,3,0,0,5,0,0,0,0,0,0,False,False,False,False,False,False,False,True,False,False,False,False,True
6.8,26.7,0,46.239999999999995,-1.3852429271216622,181.56,0,0,0,1,0,0,0,0,0,0,0,1,0,1,1,0,0,0,0,1,0,0,0,0,0,0,0,0,0,0,0,0,0,1,0,0,0,0,0,0,0,0,2,0,1,0,0,5,0,0,0,0,0,0,False,False,False,True,False,False,False,False,False,False,False,True,False
2.5,37.0,0,6.25,0.40327265508029275,92.5,0,0,0,0,0,0,1,0,0,0,0,1,0,0,1,1,1,0,0,0,0,0,0,0,0,0,0,0,0,0,0,0,0,0,0,0,0,0,0,0,0,0,0,1,2,0,0,5,0,0,0,0,0,0,False,False,False,False,False,False,False,False,True,False,False,True,False
5.6,39.8,1,31.359999999999996,0.7536714331104977,222.87999999999997,0,0,1,0,0,0,0,0,0,0,0,0,1,0,0,0,1,0,0,0,1,0,0,0,0,0,0,0,0,0,0,0,0,0,0,0,0,0,0,0,0,0,2,1,1,0,0,5,0,0,0,0,0,0,False,False,False,False,True,False,False,False,False,False,False,True,False
5.7,7.1,0,32.49,0.5237202880893049,40.47,0,0,1,0,0,0,0,0,0,0,0,0,0,0,0,1,0,1,0,1,0,0,0,0,0,0,0,0,0,0,0,0,0,0,0,0,0,0,0,0,0,0,1,0,2,0,0,5,0,0,0,1,0,0,False,False,False,False,False,False,False,True,False,False,False,True,False
6.0,22.1,0,36.0,0.009786359612957528,132.60000000000002,0,0,0,0,1,0,0,0,0,0,0,1,0,1,0,0,0,0,1,0,0,0,0,0,0,0,0,0,0,0,0,0,0,0,0,0,0,0,0,0,0,0,3,0,1,0,0,5,0,0,0,0,0,0,False,False,True,False,False,False,False,False,False,False,False,True,False
0.9,20.2,0,0.81,-0.5652438638934539,18.18,0,0,0,0,0,0,0,1,0,0,0,0,1,0,0,0,0,0,0,0,0,0,1,1,1,0,0,0,0,0,0,0,0,0,0,0,0,0,0,0,0,0,0,0,3,0,0,5,0,0,0,0,0,0,True,False,False,False,False,False,False,False,False,False,True,False,False
4.4,34.2,0,19.360000000000003,-0.19018178731689947,150.48000000000002,0,0,0,0,0,0,0,0,0,0,1,0,0,0,0,0,0,0,0,1,0,0,0,1,0,0,0,0,0,0,0,0,0,0,0,0,0,0,0,0,0,0,2,0,1,0,0,5,0,0,0,0,0,0,False,False,False,False,False,True,False,False,False,False,False,True,False
1.2,41.9,0,1.44,1.1645258264416036,50.279999999999994,0,0,0,0,1,0,0,0,0,0,0,1,0,0,1,0,1,1,1,0,0,0,0,0,0,0,0,0,0,0,0,0,0,0,0,0,0,0,0,0,0,0,0,1,4,0,0,5,0,0,0,0,0,1,False,False,False,False,False,False,False,False,True,False,False,True,False
12.8,3.0,0,163.84000000000003,-1.6501978221813933,38.400000000000006,0,0,0,1,0,0,0,0,0,0,0,1,0,1,0,0,0,1,0,1,1,0,0,0,0,0,0,0,0,0,0,0,0,0,0,0,0,0,0,0,0,0,3,0,1,0,0,5,0,0,0,0,0,0,False,False,False,False,False,False,False,False,False,True,False,False,True
8.3,25.4,1,68.89000000000001,0.5248115417265398,210.82,0,0,0,0,0,1,0,0,0,0,0,1,1,0,0,1,0,0,0,0,0,0,0,0,0,0,0,0,0,0,0,0,0,0,0,0,0,0,0,0,0,0,0,0,2,0,1,5,0,0,0,0,0,0,True,False,False,False,False,False,False,False,False,False,False,False,True
4.2,4.1,0,17.64,-1.0205225812091874,17.22,0,0,0,0,0,0,1,0,0,0,0,1,0,0,1,1,0,0,0,0,0,1,0,0,0,0,0,0,0,0,0,0,0,0,0,0,0,0,0,0,0,0,0,1,2,0,0,5,0,0,0,0,0,0,False,False,False,False,False,False,False,True,False,False,False,True,False
8.7,36.4,1,75.68999999999998,0.31005798103605037,316.67999999999995,0,0,0,0,0,0,0,0,0,0,1,0,0,0,0,0,0,0,0,0,0,0,0,0,0,0,0,0,0,0,0,0,0,0,0,0,0,0,0,0,0,0,0,0,0,0,0,5,0,0,0,0,0,0,False,False,False,False,False,False,False,False,True,False,False,False,True
9.2,33.5,0,84.63999999999999,-0.3478003216591113,308.2,0,1,0,0,0,0,0,0,0,0,0,0,0,0,0,0,0,0,0,0,0,0,1,0,0,0,0,0,0,0,0,0,1,0,0,0,0,0,0,0,0,0,0,0,1,0,0,5,0,0,0,0,0,0,False,False,False,False,True,False,False,False,False,False,False,False,True
2.8,23.5,0,7.839999999999999,0.2497624295348173,65.8,0,0,0,1,0,0,0,0,0,0,0,1,0,0,1,0,0,0,0,0,0,0,0,0,0,0,1,0,0,0,0,0,0,0,0,0,0,0,0,0,0,0,0,0,1,0,0,5,0,0,0,0,0,0,False,False,False,False,False,False,True,False,False,False,False,True,False
5.5,5.6,0,30.25,-0.24840114655994122,30.799999999999997,0,1,0,0,0,0,0,0,0,0,0,0,0,0,0,0,1,0,0,1,1,0,0,0,0,0,0,0,0,0,0,0,0,0,0,0,0,0,0,0,0,0,2,2,0,0,0,5,0,0,0,0,0,0,False,False,False,False,False,False,False,True,False,False,False,True,False
12.8,27.1,1,163.84000000000003,-1.316872076373522,346.88000000000005,0,0,0,0,0,1,0,0,0,0,0,1,0,0,1,1,0,0,1,0,1,0,0,0,0,0,0,0,0,0,0,0,0,0,0,0,0,0,0,0,0,0,1,0,3,0,0,5,0,0,1,0,0,1,False,False,False,True,False,False,False,False,False,False,False,False,True
10.0,38.9,1,100.0,0.6565480647576688,389.0,0,0,0,0,0,1,0,0,0,0,0,1,1,0,0,0,0,0,0,0,0,0,1,1,0,1,0,0,0,0,0,0,0,0,0,0,0,0,0,0,0,0,0,0,4,0,0,5,0,0,0,0,0,0,False,False,False,False,False,True,False,False,False,False,False,False,True
8.8,30.0,0,77.44000000000001,-0.9597290743088943,264.0,0,0,0,1,0,0,0,0,0,0,0,1,1,0,0,1,0,0,0,0,0,1,0,0,0,0,0,0,0,0,0,0,0,0,0,0,0,0,0,0,0,0,0,1,3,0,0,5,0,0,0,0,0,0,False,False,False,False,True,False,False,False,False,False,False,False,True
15.4,30.1,1,237.16000000000003,0.921801957115587,463.54,0,0,0,1,0,0,0,0,0,0,0,1,0,0,0,0,0,0,0,1,0,0,0,0,0,0,0,0,0,0,0,0,0,0,0,0,0,0,0,0,0,0,1,0,0,0,2,5,0,0,0,0,0,0,False,False,False,False,False,False,True,False,False,False,False,False,True
5.0,18.2,0,25.0,-0.28990567594670985,91.0,0,0,0,0,0,0,0,0,0,1,0,0,1,0,0,1,1,1,0,0,0,0,1,0,0,0,0,0,0,0,0,0,0,0,0,0,0,0,0,0,0,0,0,1,4,0,0,5,0,0,0,0,0,0,False,False,False,False,False,False,True,False,False,False,False,True,False
8.2,36.9,0,67.24,0.38773687607291885,302.58,0,0,0,0,0,0,1,0,0,0,0,1,1,0,1,0,0,0,0,0,0,0,0,0,0,0,0,0,0,0,0,0,0,0,0,0,0,0,0,0,0,0,0,0,2,0,0,5,0,0,0,0,0,0,False,False,False,False,False,False,False,False,True,False,False,False,True
0.5,39.1,0,0.25,0.7295240142351406,19.55,0,0,0,0,0,0,0,0,1,0,0,1,1,1,0,1,0,1,0,0,0,0,0,0,0,0,0,0,0,0,0,0,0,0,0,0,0,0,0,0,0,0,1,0,4,0,0,5,1,0,0,0,0,0,False,False,False,False,False,False,False,False,True,False,True,False,False
11.7,6.6,0,136.89,0.2663464765395562,77.21999999999998,0,0,0,0,0,0,1,0,0,0,0,1,0,0,0,0,0,0,0,0,0,0,0,0,0,0,0,0,0,0,0,0,0,0,0,0,0,0,0,0,0,0,0,0,0,0,0,5,0,0,0,0,0,0,False,False,False,False,False,False,False,True,False,False,False,False,True
4.9,8.7,0,24.010000000000005,1.278956368339557,42.63,0,0,0,1,0,0,0,0,0,0,0,1,0,0,1,1,1,0,0,0,0,0,0,0,0,0,0,0,0,0,0,0,0,0,0,0,0,0,0,0,0,0,0,1,2,0,0,5,0,0,0,0,0,0,False,False,False,False,False,False,False,False,False,True,False,True,False
1.5,7.5,1,2.25,0.7296193373291041,11.25,0,0,0,0,0,1,0,0,0,0,0,1,0,0,0,0,0,0,0,0,0,0,0,0,0,0,0,0,0,0,0,0,0,0,0,0,0,0,0,0,0,0,0,0,0,0,0,5,0,0,0,0,0,0,False,False,False,False,False,False,False,True,False,False,False,True,False
2.5,3.6,0,6.25,-1.277896392758936,9.0,0,0,0,0,0,0,0,0,0,0,1,0,0,0,0,0,0,0,0,0,0,0,1,0,1,0,0,0,0,0,0,0,0,0,0,0,0,0,0,0,0,0,0,0,1,0,0,5,0,0,0,0,0,0,False,False,False,False,False,False,False,True,False,False,False,True,False
7.2,7.0,1,51.84,0.47224552577935536,50.4,0,0,0,0,0,0,0,1,0,0,0,0,0,0,0,0,0,1,1,0,1,0,0,0,0,0,0,0,0,0,0,0,0,0,0,0,0,0,0,0,0,0,1,0,2,0,0,5,0,0,0,0,0,0,False,False,False,False,False,False,False,True,False,False,False,False,True
8.9,22.7,0,79.21000000000001,-0.04117876503768768,202.03,0,1,0,0,0,0,0,0,0,0,0,0,0,0,0,1,1,1,0,0,1,0,0,0,0,0,0,0,0,0,0,0,0,0,0,0,0,0,0,0,0,0,1,1,2,0,0,5,0,0,0,0,0,0,True,False,False,False,False,False,False,False,False,False,False,False,True
10.1,25.4,0,102.00999999999999,-1.7755483188607741,256.53999999999996,0,0,0,0,0,0,0,0,1,0,0,1,1,1,0,0,1,1,0,0,0,1,0,0,0,0,0,0,0,0,0,0,0,0,0,0,0,0,0,0,0,0,1,2,2,0,0,5,1,0,0,0,1,0,False,False,False,False,False,True,False,False,False,False,False,False,True
7.2,25.3,0,51.84,-1.7935638476283178,182.16,0,0,0,0,0,0,1,0,0,0,0,1,0,0,0,0,0,0,1,0,0,0,0,0,0,0,0,0,0,0,0,0,1,0,0,0,0,0,0,0,0,0,0,0,1,0,0,5,0,0,0,0,0,0,False,False,False,False,False,True,False,False,False,False,False,False,True
14.9,28.3,0,222.01000000000002,1.132727056399229,421.67,0,1,0,0,0,0,0,0,0,0,0,0,0,0,0,0,0,0,0,0,0,0,1,0,1,0,0,0,1,1,0,0,0,0,0,0,0,0,0,0,0,0,0,0,1,0,0,5,0,0,0,0,0,0,True,False,False,False,False,False,False,False,False,False,False,False,True
6.8,17.9,0,46.239999999999995,-0.32045292720038127,121.71999999999998,0,0,0,0,0,0,0,0,0,0,1,0,0,0,1,0,0,0,1,0,0,1,0,0,0,0,0,0,0,0,0,0,0,0,0,0,0,0,0,0,0,0,0,1,2,0,0,5,0,0,0,0,0,1,False,False,False,False,False,False,True,False,False,False,False,True,False
5.1,6.4,0,26.009999999999998,0.09701695812934934,32.64,0,0,0,0,0,0,0,0,1,0,0,1,0,0,0,1,0,0,0,0,1,1,0,0,0,0,0,0,0,0,0,0,0,0,0,0,0,0,0,0,0,0,2,2,1,0,0,5,0,0,0,0,0,0,False,False,False,False,False,False,False,False,False,True,False,True,False
5.1,28.7,0,26.009999999999998,-1.0433886733809632,146.36999999999998,0,1,0,0,0,0,0,0,0,0,0,0,0,0,0,0,1,1,0,0,0,1,0,0,0,0,0,0,0,0,0,0,0,0,0,0,0,0,0,0,0,0,0,2,1,0,0,5,0,0,0,0,1,0,False,False,False,True,False,False,False,False,False,False,False,True,False
9.6,31.8,1,92.16,-0.5135145800828791,305.28,0,0,0,0,0,1,0,0,0,0,0,1,0,0,0,0,1,1,0,0,0,0,0,0,0,0,0,1,0,0,0,0,0,0,1,1,0,0,0,0,0,0,0,1,1,0,0,5,0,0,0,0,0,0,False,False,False,True,False,False,False,False,False,False,False,False,True
7.9,28.4,0,62.410000000000004,-1.0946668114420681,224.35999999999999,0,0,0,1,0,0,0,0,0,0,0,1,0,0,0,0,0,0,0,0,0,0,1,0,1,0,0,0,1,1,1,0,0,0,0,0,0,0,0,0,0,0,0,0,1,0,0,5,0,0,0,0,0,0,False,False,False,True,False,False,False,False,False,False,False,False,True
1.1,32.9,0,1.2100000000000002,-0.32549474052549493,36.190000000000005,0,1,0,0,0,0,0,0,0,0,0,0,0,0,1,0,0,0,1,0,0,1,0,0,0,0,0,0,0,0,0,0,0,0,0,0,0,0,0,0,0,0,0,1,2,0,0,5,0,0,0,0,0,1,False,False,False,True,False,False,False,False,False,False,False,True,False
2.7,20.5,1,7.290000000000001,-0.055710083001896143,55.35,0,0,0,0,0,1,0,0,0,0,0,1,0,0,0,0,1,0,0,0,0,0,0,0,0,0,0,0,0,0,0,0,0,0,0,0,0,0,0,0,0,0,0,1,0,0,0,5,0,0,0,0,0,0,False,False,False,False,False,False,True,False,False,False,False,True,False
6.9,8.0,0,47.61000000000001,0.919235678275581,55.2,0,0,0,0,0,0,0,0,1,0,0,1,1,0,0,0,0,0,0,0,0,0,0,0,0,1,0,0,0,0,0,0,0,0,0,0,0,0,0,0,0,0,0,0,1,1,0,5,0,0,0,0,0,0,False,False,False,False,False,False,False,False,False,True,False,True,False
15.0,20.3,0,225.0,-0.40697381438472,304.5,0,0,0,0,0,0,0,0,1,0,0,1,0,1,0,0,0,0,0,0,1,1,0,0,0,0,0,0,0,0,0,0,0,0,0,0,0,0,0,0,0,0,2,1,0,0,0,5,0,0,0,0,0,0,False,True,False,False,False,False,False,False,False,False,False,False,True
7.2,45.0,0,51.84,1.6461349756701886,324.0,0,0,1,0,0,0,0,0,0,0,0,0,0,1,1,0,0,1,0,0,0,0,0,0,0,0,0,0,0,0,0,0,0,0,0,0,0,0,0,0,0,0,1,0,3,0,0,5,0,0,0,0,0,0,False,False,False,False,False,False,False,False,True,False,False,False,True
3.1,19.1,0,9.610000000000001,-0.6280143186108038,59.21000000000001,0,0,0,0,0,0,0,0,0,0,1,0,0,0,0,0,1,0,0,1,0,0,0,1,0,0,0,0,0,0,0,0,0,0,0,0,0,0,0,0,0,0,1,1,1,0,0,5,0,0,0,0,0,0,False,False,True,False,False,False,False,False,False,False,False,True,False
14.9,5.8,0,222.01000000000002,-0.21131506192548785,86.42,0,0,0,0,0,0,0,0,0,1,0,0,0,1,0,0,0,0,0,0,0,0,0,0,0,0,0,0,0,0,0,0,0,0,0,0,0,0,0,0,0,0,4,0,1,0,0,5,0,0,0,0,0,0,False,False,False,False,False,False,False,False,False,True,False,False,True
8.4,17.5,0,70.56,-0.9681746803301435,147.0,0,1,0,0,0,0,0,0,0,0,0,0,1,0,0,0,1,1,0,0,0,1,0,0,0,0,0,0,0,0,0,0,0,0,0,0,0,0,0,1,0,0,0,2,2,0,0,5,0,0,0,0,1,0,False,False,True,False,False,False,False,False,False,False,False,False,True
3.3,24.7,0,10.889999999999999,0.5625469474068836,81.50999999999999,0,0,1,0,0,0,0,0,0,0,0,0,1,0,0,0,0,0,0,0,0,0,1,0,0,1,0,0,0,0,0,0,0,0,0,0,0,1,0,0,0,0,0,0,2,0,0,5,0,0,0,0,0,0,False,False,True,False,False,False,False,False,False,False,False,True,False
5.7,29.0,0,32.49,-0.839589665509603,165.3,0,0,0,0,0,0,0,0,0,1,0,0,0,0,0,0,0,0,0,0,0,0,1,0,0,0,0,0,0,0,0,0,0,0,0,0,0,0,0,0,0,0,0,0,1,0,0,5,0,0,0,0,0,0,False,False,False,False,False,False,False,False,True,False,False,True,False
13.9,18.9,0,193.21,-0.8377577152984526,262.71,0,0,1,0,0,0,0,0,0,0,0,0,0,0,1,1,0,0,0,0,0,1,0,0,0,0,0,0,0,0,0,0,0,0,0,0,0,0,0,0,0,0,0,1,3,0,0,5,0,0,0,0,0,0,True,False,False,False,False,False,False,False,False,False,False,False,True
10.4,18.6,0,108.16000000000001,-0.7343144316480974,193.44000000000003,0,0,0,0,0,0,0,0,0,1,0,0,0,0,0,1,0,0,1,1,0,0,0,0,0,0,0,0,0,0,0,0,0,0,0,0,0,0,0,0,0,0,1,0,3,0,0,5,0,0,0,1,0,0,False,False,True,False,False,False,False,False,False,False,False,False,True
4.8,28.6,0,23.04,0.7690657008472304,137.28,0,1,0,0,0,0,0,0,0,0,0,0,0,0,1,0,1,0,0,0,0,0,0,0,0,0,0,0,0,0,0,0,0,0,0,0,0,0,0,0,0,0,0,1,1,0,0,5,0,0,0,0,0,0,False,False,False,False,False,False,True,False,False,False,False,True,False
15.0,35.2,1,225.0,0.12362863294756665,528.0,0,0,0,0,0,1,0,0,0,0,0,1,0,0,0,0,0,1,0,0,1,0,0,0,0,0,0,0,0,0,0,0,0,0,0,0,0,0,0,0,0,0,1,0,3,0,0,5,0,0,0,0,0,0,False,False,False,False,False,False,False,False,True,False,False,False,True
9.3,38.6,0,86.49000000000001,0.5438672893448585,358.98,0,0,0,0,0,0,0,1,0,0,0,0,0,0,1,1,0,0,1,0,1,0,0,0,0,0,0,0,0,0,0,0,0,0,0,0,0,0,0,0,0,0,2,0,3,0,0,5,0,0,1,0,0,1,False,False,False,False,True,False,False,False,False,False,False,False,True
1.6,38.5,0,2.5600000000000005,0.6363093401908982,61.6,0,0,0,0,0,0,0,0,0,1,0,0,0,0,0,1,0,0,0,0,0,0,0,0,0,0,0,0,0,0,0,0,0,0,0,0,0,0,0,0,0,0,0,0,1,0,0,5,0,0,0,0,0,0,False,False,False,False,False,False,False,False,True,False,False,True,False
5.3,5.6,0,28.09,-0.3140924019437669,29.679999999999996,0,0,1,0,0,0,0,0,0,0,0,0,0,0,1,0,0,1,0,0,1,1,0,0,0,1,0,0,0,0,0,0,0,0,0,0,0,0,0,0,0,0,1,1,2,0,0,5,0,0,1,0,0,0,False,False,False,False,False,False,False,False,False,True,False,True,False
11.7,16.1,1,136.89,-1.323784323501399,188.37,0,0,0,0,0,1,0,0,0,0,0,1,0,1,0,0,1,0,0,0,1,1,0,0,0,0,0,0,0,0,0,0,0,0,0,0,0,0,0,0,0,0,3,2,0,0,0,5,0,0,0,0,1,0,False,True,False,False,False,False,False,False,False,False,False,False,True
11.0,42.3,1,121.0,1.281220252055791,465.29999999999995,0,0,0,0,1,0,0,0,0,0,0,1,0,0,0,0,1,0,0,1,1,0,0,0,0,0,0,0,0,0,0,0,0,0,0,0,0,0,0,0,0,0,2,1,0,0,1,5,0,0,0,0,0,0,False,False,False,True,False,False,False,False,False,False,False,False,True
9.1,5.7,0,82.80999999999999,-0.1969263842499912,51.87,0,0,0,1,0,0,0,0,0,0,0,1,1,0,0,1,0,1,1,1,0,0,0,0,0,0,0,0,0,0,0,0,0,0,0,0,0,0,0,0,0,0,1,0,4,0,0,5,0,1,0,1,0,0,False,False,False,False,False,False,False,True,False,False,False,False,True
12.5,14.1,0,156.25,-0.7073847764135516,176.25,0,0,1,0,0,0,0,0,0,0,0,0,0,0,0,0,0,0,0,0,0,0,0,0,0,0,0,0,0,0,0,0,0,0,0,0,1,0,0,0,0,0,0,0,0,0,0,5,0,0,0,0,0,0,False,False,False,False,False,False,True,False,False,False,False,False,True
5.4,35.9,1,29.160000000000004,0.23237908599918186,193.86,0,0,1,0,0,0,0,0,0,0,0,0,0,0,0,0,1,0,1,1,0,1,0,0,0,0,0,0,0,0,0,0,0,0,0,0,0,0,0,0,0,0,1,2,1,0,0,5,0,0,0,0,1,0,False,False,False,False,False,False,False,False,True,False,False,True,False
6.2,26.3,0,38.440000000000005,-1.2590556987086927,163.06,0,0,0,0,0,0,0,0,0,0,1,0,0,1,0,0,0,0,1,0,1,1,0,0,0,0,0,0,0,0,0,0,0,0,0,0,0,0,0,0,0,0,2,1,1,0,0,5,0,0,0,0,0,0,False,False,False,False,False,False,False,False,True,False,False,True,False
3.5,27.8,0,12.25,1.221607648238104,97.3,0,0,0,0,0,0,0,0,0,0,1,0,1,1,0,0,0,0,0,1,1,0,0,0,0,0,0,0,0,0,0,0,0,0,0,0,0,0,0,0,0,0,4,0,1,0,0,5,1,1,0,0,0,0,False,False,True,False,False,False,False,False,False,False,False,True,False
9.0,7.1,0,81.0,0.5237202880893049,63.9,0,1,0,0,0,0,0,0,0,0,0,0,0,1,0,1,0,1,0,1,0,0,0,0,0,0,0,0,0,0,0,0,0,0,0,0,0,0,0,0,0,0,2,0,3,0,0,5,0,0,0,1,0,0,False,False,False,False,False,False,False,True,False,False,False,False,True
11.9,32.7,0,141.61,-0.4604147188300598,389.13000000000005,0,0,0,0,0,0,0,0,0,1,0,0,1,0,0,1,0,0,0,0,1,1,0,0,0,0,0,0,0,0,0,0,0,0,0,0,0,0,0,0,0,0,1,1,3,0,0,5,0,0,0,0,0,0,False,False,False,False,False,True,False,False,False,False,False,False,True
13.7,26.4,0,187.68999999999997,-1.595393031185334,361.67999999999995,0,0,0,1,0,0,0,0,0,0,0,1,1,1,0,0,0,0,0,0,0,0,0,0,0,0,0,0,0,0,0,0,0,0,0,0,0,0,0,0,0,0,2,0,2,0,0,5,1,0,0,0,0,0,False,False,False,False,False,True,False,False,False,False,False,False,True
7.0,33.7,0,49.0,-0.3128329643648375,235.90000000000003,0,1,0,0,0,0,0,0,0,0,0,0,0,0,0,1,0,1,1,1,0,1,0,0,0,0,0,0,0,0,0,0,0,0,0,0,0,0,0,0,0,0,1,1,3,0,0,5,0,0,0,1,0,0,False,False,False,False,True,False,False,False,False,False,False,True,False
0.6,30.0,1,0.36,1.7104218852418962,18.0,0,0,0,0,0,1,0,0,0,0,0,1,0,0,1,0,0,0,0,0,0,1,0,0,0,0,0,0,0,0,0,0,0,0,0,0,0,0,0,0,0,0,0,2,2,0,0,5,0,0,0,0,0,0,False,True,False,False,False,False,False,False,False,False,True,False,False
9.1,25.0,1,82.80999999999999,0.44096112590961745,227.5,0,0,0,0,0,1,0,0,0,0,0,1,1,0,0,1,0,0,0,0,0,0,0,0,0,0,0,0,0,0,0,0,0,0,0,0,0,0,0,0,0,0,0,0,2,0,1,5,0,0,0,0,0,0,True,False,False,False,False,False,False,False,False,False,False,False,True
10.3,5.0,0,106.09000000000002,-1.633984731108249,51.5,0,0,0,0,0,0,0,0,1,0,0,1,0,0,0,1,0,1,1,0,0,0,0,0,0,0,0,0,0,0,0,0,0,0,0,0,0,0,0,0,0,0,0,0,4,0,0,5,0,0,0,0,0,0,False,False,False,False,False,False,True,False,False,False,False,False,True
14.3,29.5,0,204.49,-1.036911639391469,421.85,0,1,0,0,0,0,0,0,0,0,0,0,0,0,0,0,1,0,0,0,0,0,1,1,0,0,0,0,0,0,0,0,0,0,0,0,0,0,0,0,0,0,0,1,2,0,0,5,0,0,0,0,0,0,False,False,False,False,False,True,False,False,False,False,False,False,True
11.7,20.3,0,136.89,-0.544281259939223,237.51,0,0,0,0,0,0,0,0,1,0,0,1,1,0,1,0,0,0,0,0,0,0,0,0,0,0,0,0,0,0,0,0,0,0,0,0,0,0,0,0,0,0,0,0,2,0,0,5,0,0,0,0,0,0,True,False,False,False,False,False,False,False,False,False,False,False,True
11.9,36.2,0,141.61,0.23856477814665944,430.78000000000003,0,0,1,0,0,0,0,0,0,0,0,0,0,0,1,0,0,1,0,1,1,0,0,0,0,0,0,0,0,0,0,0,0,0,0,0,0,0,0,0,0,0,2,0,2,0,0,5,0,0,1,0,0,0,False,False,False,True,False,False,False,False,False,False,False,False,True
11.0,5.1,0,121.0,-0.5710357519894643,56.099999999999994,0,0,1,0,0,0,0,0,0,0,0,0,1,0,1,1,0,0,0,1,1,0,0,0,0,0,0,0,0,0,0,0,0,0,0,0,0,0,0,0,0,0,2,0,3,0,0,5,0,1,1,1,0,0,False,False,False,False,False,False,False,False,False,True,False,False,True
4.3,33.2,0,18.49,-0.3703370749923397,142.76000000000002,0,0,0,0,0,0,0,0,0,0,1,0,0,0,0,0,0,0,0,1,0,0,0,1,0,0,0,0,0,0,0,0,0,0,0,0,0,0,0,0,0,0,2,0,1,0,0,5,0,0,0,0,0,0,False,False,False,False,False,True,False,False,False,False,False,True,False
1.5,37.5,0,2.25,0.4043306620120527,56.25,0,0,0,0,0,0,0,1,0,0,0,0,0,0,1,0,0,0,0,0,0,0,0,0,0,0,0,0,0,0,0,0,0,0,0,0,0,0,0,0,0,0,0,0,1,0,0,5,0,0,0,0,0,0,False,False,False,False,False,True,False,False,False,False,False,True,False
14.7,31.3,0,216.08999999999997,1.7616051750261486,460.11,0,0,0,0,0,0,0,0,0,1,0,0,0,0,0,0,0,0,0,0,0,0,1,0,1,0,0,0,1,1,0,0,0,0,0,0,0,0,0,0,0,0,0,0,1,0,0,5,0,0,0,0,0,0,True,False,False,False,False,False,False,False,False,False,False,False,True
13.5,24.6,0,182.25,0.5316655163775946,332.1,0,0,0,1,0,0,0,0,0,0,0,1,1,0,0,0,0,0,0,0,0,1,0,0,0,0,0,0,0,0,0,0,0,0,0,0,0,0,0,0,0,0,0,1,1,0,0,5,0,0,0,0,0,0,False,True,False,False,False,False,False,False,False,False,False,False,True
14.8,44.4,0,219.04000000000002,1.552920301625946,657.12,0,1,0,0,0,0,0,0,0,0,0,0,0,0,0,0,0,1,0,0,0,0,0,1,0,0,0,1,0,0,0,1,1,0,0,0,0,0,0,0,0,0,0,0,2,0,0,5,0,0,0,0,0,0,False,False,False,False,False,False,False,False,True,False,False,False,True
12.9,13.3,1,166.41,-0.7888441130900083,171.57000000000002,0,0,0,0,0,1,0,0,0,0,0,1,0,0,0,0,0,1,0,0,0,0,0,0,0,0,0,0,0,0,0,0,0,0,0,0,0,0,0,0,0,0,0,0,2,0,0,5,0,0,0,0,0,0,False,False,False,False,False,False,True,False,False,False,False,False,True
9.6,42.5,0,92.16,1.2577405004858462,408.0,0,0,0,1,0,0,0,0,0,0,0,1,0,0,1,0,0,0,0,1,1,1,0,0,0,0,0,0,0,0,0,0,0,0,0,0,0,0,0,0,0,0,2,1,1,0,0,5,0,0,1,0,0,0,False,False,False,False,False,False,False,False,True,False,False,False,True
14.5,29.9,0,210.25,0.9014371229464725,433.54999999999995,0,0,0,0,0,0,0,0,0,0,1,0,0,0,1,0,0,0,0,1,1,1,0,0,0,0,0,0,0,0,0,0,0,0,0,0,0,0,0,0,0,0,2,1,1,0,0,5,0,0,1,0,0,0,False,False,False,False,False,False,True,False,False,False,False,False,True
10.8,39.6,0,116.64000000000001,0.8072029092720091,427.68000000000006,0,0,1,0,0,0,0,0,0,0,0,0,0,0,0,0,0,0,0,1,0,0,0,0,0,0,0,0,0,0,0,0,0,0,0,0,0,0,0,0,0,0,1,0,0,0,0,5,0,0,0,0,0,0,False,False,False,False,False,False,False,False,True,False,False,False,True
11.3,24.0,1,127.69000000000001,0.23133508636731093,271.20000000000005,0,0,0,0,0,1,0,0,0,0,0,1,0,0,1,0,0,0,0,1,1,0,0,0,0,0,0,0,0,0,0,0,0,0,0,0,0,0,0,0,0,0,2,0,1,0,0,5,0,0,1,0,0,0,True,False,False,False,False,False,False,False,False,False,False,False,True
10.8,30.0,0,116.64000000000001,1.7104218852418962,324.0,0,0,0,0,0,0,0,1,0,0,0,0,0,0,0,0,0,1,1,0,0,0,0,0,0,0,0,0,0,0,0,0,0,0,0,0,0,0,0,0,0,0,0,0,3,0,0,5,0,0,0,0,0,0,False,True,False,False,False,False,False,False,False,False,False,False,True
4.6,22.0,0,21.159999999999997,-0.18791699271730208,101.19999999999999,0,0,0,1,0,0,0,0,0,0,0,1,0,1,0,0,0,1,1,0,1,0,0,0,0,0,0,0,0,0,0,0,0,0,0,0,0,0,0,0,0,0,2,0,2,0,0,5,0,0,0,0,0,0,True,False,False,False,False,False,False,False,False,False,False,True,False
4.1,32.4,1,16.81,1.1559975500604003,132.83999999999997,0,0,0,0,0,1,0,0,0,0,0,1,1,1,1,1,0,0,0,0,0,0,0,0,0,0,0,0,0,0,0,1,0,0,0,0,0,0,0,0,0,0,1,0,3,0,0,5,1,0,0,0,0,0,False,False,False,False,False,False,True,False,False,False,False,True,False
0.5,5.0,0,0.25,-0.6224244219986037,2.5,0,0,0,0,0,0,0,0,0,0,1,0,1,0,1,0,1,0,0,1,0,0,0,0,0,0,0,0,0,0,0,0,0,0,0,0,0,0,0,0,0,0,1,1,2,0,0,5,0,1,0,0,0,0,False,False,False,False,False,False,False,False,False,True,True,False,False
8.1,24.9,0,65.61,0.4199985219553865,201.68999999999997,0,1,0,0,0,0,0,0,0,0,0,0,1,1,1,0,0,0,0,0,0,0,0,0,0,1,0,0,0,0,0,0,0,0,0,0,0,0,0,0,0,0,1,0,2,0,0,5,1,0,0,0,0,0,True,False,False,False,False,False,False,False,False,False,False,False,True
5.9,7.6,1,34.81,0.7810940996390536,44.84,0,0,0,0,0,0,0,0,1,0,0,1,0,0,0,0,0,0,0,0,0,0,0,0,0,0,0,0,0,0,0,0,0,0,0,0,0,0,0,0,0,0,0,0,0,0,2,5,0,0,0,0,0,0,False,False,False,False,False,False,False,True,False,False,False,True,False
10.0,42.6,0,100.0,1.3324983901168965,426.0,0,0,0,0,1,0,0,0,0,0,0,1,0,0,1,0,1,0,0,0,0,0,0,0,0,0,0,0,0,0,0,0,0,0,0,0,0,0,0,0,0,0,0,1,1,0,0,5,0,0,0,0,0,0,False,False,False,True,False,False,False,False,False,False,False,False,True
5.9,5.5,0,34.81,-0.2998759088698908,32.45,0,0,0,0,0,0,0,0,0,0,1,0,1,0,0,1,0,1,0,0,1,0,0,0,0,0,0,0,0,0,0,0,0,0,0,0,0,0,0,0,0,0,1,0,4,0,0,5,0,0,0,0,0,0,False,False,False,False,False,False,False,True,False,False,False,True,False
14.0,16.8,0,196.0,-1.1709825719819527,235.20000000000002,0,0,1,0,0,0,0,0,0,0,0,0,1,0,0,1,0,0,1,0,0,1,0,0,0,0,0,0,0,0,0,0,0,0,0,0,0,0,0,0,0,0,0,1,3,0,0,5,0,0,0,0,0,0,False,True,False,False,False,False,False,False,False,False,False,False,True
4.5,29.3,0,20.25,-0.9408323972587531,131.85,0,1,0,0,0,0,0,0,0,0,0,0,0,0,1,0,0,0,0,1,1,1,0,0,0,0,0,0,0,0,0,0,0,0,0,0,0,0,0,0,0,0,2,1,1,1,0,5,0,0,1,0,0,0,False,False,False,True,False,False,False,False,False,False,False,True,False
13.2,33.1,1,174.23999999999998,1.2272744696523006,436.92,0,1,0,0,0,0,0,0,0,0,0,0,0,0,0,0,0,0,0,1,0,0,0,0,0,0,0,0,0,0,0,0,0,0,0,0,0,0,0,0,0,0,1,0,0,0,2,5,0,0,0,0,0,0,False,False,False,False,False,False,True,False,False,False,False,False,True
7.9,18.6,0,62.410000000000004,-0.7780637823605187,146.94000000000003,0,0,0,0,1,0,0,0,0,0,0,1,0,0,1,1,0,0,0,0,0,0,0,0,0,0,0,0,0,0,0,0,0,0,0,0,0,0,0,0,0,0,0,0,3,0,0,5,0,0,0,0,0,0,False,True,False,False,False,False,False,False,False,False,False,False,True
8.6,44.5,1,73.96,1.6572599311705605,382.7,0,0,0,0,0,1,0,0,0,0,0,1,1,0,0,0,0,1,1,0,1,1,0,0,0,0,0,0,0,0,0,0,0,0,0,0,0,0,0,0,0,0,1,1,3,0,0,5,0,0,0,0,0,0,False,False,False,True,False,False,False,False,False,False,False,False,True
11.8,7.4,0,139.24,0.6781445750191545,87.32000000000001,0,0,0,0,0,0,1,0,0,0,0,1,0,0,0,0,0,0,0,0,0,0,0,0,0,0,0,0,0,0,0,0,0,0,0,0,0,0,0,0,0,0,0,0,0,0,0,5,0,0,0,0,0,0,False,False,False,False,False,False,False,True,False,False,False,False,True
5.8,37.5,1,33.64,0.4043306620120527,217.5,0,0,0,0,1,0,0,0,0,0,0,1,0,0,0,0,0,0,1,0,0,0,0,0,0,0,0,0,0,0,0,0,0,0,0,0,0,0,0,0,0,0,0,0,2,0,1,5,0,0,0,0,0,0,False,False,False,False,False,True,False,False,False,False,False,True,False
14.9,45.0,0,222.01000000000002,1.7554953195778542,670.5,0,0,0,0,0,0,0,0,0,0,1,0,0,0,0,0,1,0,0,0,0,0,0,0,0,0,0,0,0,0,0,0,0,0,0,0,0,0,0,0,0,0,0,1,1,0,0,5,0,0,0,0,0,0,False,False,False,False,False,True,False,False,False,False,False,False,True
5.6,20.0,0,31.359999999999996,-0.6071690718019152,112.0,0,0,0,0,0,0,0,0,1,0,0,1,0,0,0,0,1,0,1,0,0,1,0,0,0,0,0,0,0,0,0,0,0,0,0,0,0,0,0,0,0,0,0,2,1,0,0,5,0,0,0,0,1,0,True,False,False,False,False,False,False,False,False,False,False,True,False
3.1,32.0,0,9.610000000000001,-0.5865234202028684,99.2,0,0,0,1,0,0,0,0,0,0,0,1,0,0,0,0,0,0,1,0,0,0,0,0,1,0,0,0,0,0,0,0,0,0,0,0,0,0,0,0,0,0,0,0,1,0,0,5,0,0,0,0,0,0,False,False,False,False,False,True,False,False,False,False,False,True,False
14.5,33.7,0,210.25,-0.2802594311546196,488.65000000000003,0,1,0,0,0,0,0,0,0,0,0,0,0,0,0,0,1,0,0,0,0,0,1,1,0,0,0,0,0,0,0,0,0,0,0,0,0,0,0,0,0,0,0,1,2,0,0,5,0,0,0,0,0,0,False,False,False,False,False,True,False,False,False,False,False,False,True
8.4,30.0,0,70.56,1.48909132362115,252.0,0,0,0,1,0,0,0,0,0,0,0,1,0,1,1,0,0,1,0,0,0,0,0,0,0,0,0,0,0,0,0,0,0,0,0,0,0,0,0,0,0,0,1,0,3,0,0,5,0,0,0,0,0,0,True,False,False,False,False,False,False,False,False,False,False,False,True
4.0,40.1,0,16.0,0.9051805729410226,160.4,0,0,0,0,0,0,0,0,0,1,0,0,0,0,0,0,0,1,0,1,0,0,0,0,0,0,0,0,0,0,0,0,0,0,0,0,0,0,0,0,0,0,2,0,1,0,0,5,0,0,0,0,0,0,False,False,False,True,False,False,False,False,False,False,False,True,False
10.2,13.7,0,104.03999999999999,-0.74811444475178,139.73999999999998,0,1,0,0,0,0,0,0,0,0,0,0,0,0,0,0,0,0,0,0,0,0,0,0,0,0,0,1,0,0,0,0,0,0,0,0,0,0,0,0,0,0,0,0,1,0,0,5,0,0,0,0,0,0,False,False,False,False,False,False,True,False,False,False,False,False,True
7.1,42.0,0,50.41,1.1383123633475045,298.2,0,0,0,1,0,0,0,0,0,0,0,1,0,0,0,0,1,1,0,1,0,1,0,0,0,0,0,0,0,0,0,0,0,0,0,0,0,0,0,0,0,0,1,2,1,0,0,5,0,0,0,0,1,0,False,False,False,False,True,False,False,False,False,False,False,False,True
7.9,40.7,0,62.410000000000004,0.97809647835312,321.53000000000003,0,0,0,0,0,0,1,0,0,0,0,1,0,0,0,0,1,1,0,1,0,1,0,0,0,0,0,0,0,0,0,0,0,0,0,0,0,0,0,0,0,0,2,2,1,0,0,5,0,0,0,0,1,0,False,False,False,False,False,False,False,False,True,False,False,False,True
2.7,27.2,0,7.290000000000001,1.0992148791641099,73.44,0,1,0,0,0,0,0,0,0,0,0,0,0,0,0,0,0,0,1,0,0,0,0,0,0,0,0,0,0,0,0,0,0,0,0,0,0,0,0,0,0,0,0,0,1,0,0,5,0,0,0,0,0,0,False,True,False,False,False,False,False,False,False,False,False,True,False
12.5,27.2,0,156.25,1.0940475125933513,340.0,0,0,0,0,0,0,0,0,0,0,1,0,0,0,0,1,0,0,0,1,1,1,0,0,0,0,0,0,0,0,0,0,0,0,0,0,0,0,0,0,0,0,3,1,1,0,0,5,0,0,0,1,0,0,False,False,True,False,False,False,False,False,False,False,False,False,True
13.0,17.3,1,169.0,-1.1731593785661425,224.9,0,0,0,0,0,1,0,0,0,0,0,1,0,0,1,0,0,0,0,0,0,1,0,0,0,0,0,0,0,0,0,0,0,0,0,0,0,0,0,0,0,0,0,1,2,0,0,5,0,0,0,0,0,0,True,False,False,False,False,False,False,False,False,False,False,False,True
10.2,16.6,0,104.03999999999999,-1.214640215273223,169.32,0,0,0,0,0,0,0,0,1,0,0,1,1,1,1,1,0,0,0,0,1,0,0,0,0,0,0,0,0,0,0,0,0,0,0,0,0,0,0,0,0,0,2,0,3,0,0,5,1,0,1,0,0,0,False,True,False,False,False,False,False,False,False,False,False,False,True
9.0,32.5,0,81.0,-0.3938655912736345,292.5,0,0,0,0,0,0,1,0,0,0,0,1,1,1,1,0,0,0,0,0,0,1,0,0,0,0,0,0,0,0,0,0,0,0,0,0,0,0,0,0,0,0,1,2,2,0,0,5,1,0,0,0,0,0,False,False,False,True,False,False,False,False,False,False,False,False,True
1.1,26.9,0,1.2100000000000002,-1.1658410246644508,29.59,0,0,0,1,0,0,0,0,0,0,0,1,0,1,0,0,0,0,0,1,0,0,0,0,0,0,0,0,0,0,0,0,0,0,0,0,0,0,0,0,0,0,2,0,1,0,0,5,0,0,0,1,0,0,False,False,False,False,False,False,False,False,True,False,False,True,False
5.8,25.0,0,33.64,-1.461020825804551,145.0,0,0,0,0,1,0,0,0,0,0,0,1,0,1,0,0,1,0,1,0,1,0,0,0,0,0,0,0,0,0,0,0,0,0,0,0,0,0,0,0,0,0,3,1,1,0,0,5,0,0,0,0,0,0,False,False,False,False,False,False,False,False,True,False,False,True,False
12.6,22.3,0,158.76,0.02960261852798436,280.98,0,1,0,0,0,0,0,0,0,0,0,0,0,1,0,0,0,0,0,1,0,0,0,0,0,0,0,0,0,1,0,0,0,0,0,0,0,0,0,0,0,0,2,0,0,0,0,5,0,0,0,0,0,0,False,True,False,False,False,False,False,False,False,False,False,False,True
13.8,26.3,0,190.44000000000003,0.9027554843533931,362.94000000000005,0,1,0,0,0,0,0,0,0,0,0,0,0,1,0,1,0,1,0,1,1,0,0,0,0,0,0,0,0,0,0,0,0,0,0,0,0,0,0,0,0,0,3,0,2,0,0,5,0,0,0,1,0,0,False,True,False,False,False,False,False,False,False,False,False,False,True
15.0,34.8,0,225.0,-0.08208861471163637,522.0,0,0,0,0,0,0,0,0,0,0,1,0,0,0,0,1,1,1,0,0,0,0,0,0,0,0,0,0,0,0,0,0,0,0,0,0,0,0,0,0,0,0,0,2,3,0,0,5,0,0,0,0,0,0,False,False,False,False,False,True,False,False,False,False,False,False,True
1.2,38.4,0,1.44,0.5088999320505847,46.08,0,0,0,0,0,0,0,0,0,1,0,0,1,0,0,0,1,0,0,0,0,0,0,0,0,0,0,0,0,0,0,0,0,0,0,0,0,0,0,0,0,0,0,1,2,0,0,5,0,0,0,0,0,0,False,False,False,False,True,False,False,False,False,False,False,True,False
12.9,17.5,1,166.41,-1.0181808204625065,225.75,0,0,0,0,0,1,0,0,0,0,0,1,0,0,0,0,0,0,0,0,0,0,0,0,0,0,0,0,0,0,0,0,0,0,0,0,0,0,0,0,0,0,0,0,0,0,0,5,0,0,0,0,0,0,False,True,False,False,False,False,False,False,False,False,False,False,True
12.8,30.0,1,163.84000000000003,1.6893281456021954,384.0,0,0,0,0,1,0,0,0,0,0,0,1,0,0,0,0,1,0,0,1,1,0,0,0,0,0,0,0,0,0,0,0,0,0,0,0,0,0,0,0,0,0,2,1,0,0,0,5,0,0,0,0,0,0,False,False,True,False,False,False,False,False,False,False,False,False,True
3.3,26.5,0,10.889999999999999,0.9452273543411405,87.44999999999999,0,1,0,0,0,0,0,0,0,0,0,0,1,0,0,0,0,0,0,0,0,0,1,0,0,1,0,0,0,0,0,0,0,0,0,0,0,1,0,0,0,0,0,0,2,0,0,5,0,0,0,0,0,0,False,False,True,False,False,False,False,False,False,False,False,True,False
5.8,10.1,0,33.64,-1.114681459795836,58.58,0,0,0,0,0,0,0,0,0,1,0,0,0,1,0,0,0,0,0,0,1,0,0,0,0,0,0,0,0,0,1,0,0,0,0,0,0,0,0,0,0,0,3,0,1,0,0,5,0,0,0,0,0,0,False,False,False,False,False,False,True,False,False,False,False,True,False
9.1,38.9,0,82.80999999999999,0.7000680206966026,353.98999999999995,0,0,0,0,1,0,0,0,0,0,0,1,0,0,1,0,1,0,0,0,0,0,0,0,0,0,0,0,0,0,0,0,0,0,0,0,0,0,0,0,0,0,0,1,1,0,0,5,0,0,0,0,0,0,False,False,False,True,False,False,False,False,False,False,False,False,True
6.0,26.2,1,36.0,-1.470706490556837,157.2,0,1,0,0,0,0,0,0,0,0,0,0,0,0,0,0,0,0,0,0,0,0,0,0,0,0,0,0,0,0,0,0,0,0,0,0,0,0,0,0,0,0,0,0,0,0,3,5,0,0,0,0,0,0,False,False,False,True,False,False,False,False,False,False,False,True,False
13.8,4.0,0,190.44000000000003,-1.071997343519137,55.2,0,1,0,0,0,0,0,0,0,0,0,0,0,1,0,1,0,0,0,1,1,0,0,0,0,0,0,0,0,0,0,0,0,0,0,0,0,0,0,0,0,0,4,0,1,0,0,5,0,0,0,1,0,0,False,False,False,False,False,False,False,True,False,False,False,False,True
11.7,20.4,0,136.89,-0.5233186559849928,238.67999999999998,0,0,0,0,0,0,0,1,0,0,0,0,1,1,0,0,0,1,0,0,0,0,0,0,0,0,0,1,0,0,0,0,0,0,0,0,0,0,0,0,0,0,1,0,2,0,0,5,1,0,0,0,0,0,True,False,False,False,False,False,False,False,False,False,False,False,True
10.9,17.4,0,118.81,-0.9894347029376025,189.66,0,1,0,0,0,0,0,0,0,0,0,0,1,0,0,1,1,0,0,0,1,0,0,0,0,0,0,0,0,0,0,0,0,0,0,0,0,0,0,0,0,0,1,2,2,0,0,5,0,0,0,0,0,0,False,False,True,False,False,False,False,False,False,False,False,False,True
8.3,30.2,0,68.89000000000001,-0.6531603174211188,250.66000000000003,0,1,0,0,0,0,0,0,0,0,0,0,1,0,0,0,1,0,0,0,0,1,0,0,0,0,0,0,0,0,0,0,0,0,0,1,0,0,0,0,0,0,0,2,1,0,0,5,0,0,0,0,1,0,False,False,False,False,False,False,False,False,True,False,False,False,True
12.4,27.0,0,153.76000000000002,1.0555572358728396,334.8,0,0,1,0,0,0,0,0,0,0,0,0,0,0,0,0,0,0,0,1,0,0,0,1,0,0,0,0,0,0,0,0,0,0,0,0,0,0,0,0,0,0,1,0,3,0,0,5,0,0,0,1,0,0,False,True,False,False,False,False,False,False,False,False,False,False,True
0.5,33.6,0,0.25,-0.12494383117041273,16.8,0,1,0,0,0,0,0,0,0,0,0,0,0,0,0,0,0,0,1,0,0,1,0,0,0,0,0,0,0,0,0,0,0,0,0,0,0,0,0,0,0,0,0,1,1,0,0,5,0,0,0,0,0,0,False,False,False,False,False,False,False,False,True,False,True,False,False
9.6,21.2,1,92.16,-0.21051441957400338,203.51999999999998,0,0,0,0,0,1,0,0,0,0,0,1,0,1,1,0,0,0,1,0,1,0,0,0,0,0,0,0,0,0,0,0,0,0,0,0,0,0,0,0,0,0,2,0,2,0,0,5,0,0,1,0,0,1,False,True,False,False,False,False,False,False,False,False,False,False,True
0.5,3.1,0,0.25,-1.5988091521722538,1.55,0,0,0,0,0,0,0,1,0,0,0,0,0,0,0,1,1,0,0,1,0,0,0,0,0,0,0,0,0,0,0,0,0,0,0,0,0,0,0,0,0,0,2,1,2,0,0,5,0,0,0,1,0,0,False,False,False,False,False,False,False,False,False,True,True,False,False
5.7,6.2,1,32.49,-0.005760381888929726,35.34,0,0,0,0,0,1,0,0,0,0,0,1,0,0,1,0,1,0,0,1,0,0,0,0,0,0,0,0,0,0,0,0,0,0,0,0,0,0,0,0,0,0,1,1,2,0,1,5,0,0,0,0,0,0,False,False,False,False,False,False,False,False,False,True,False,True,False
12.1,40.6,1,146.41,0.9628120538059176,491.26,0,0,0,0,0,0,0,1,0,0,0,0,0,0,0,0,0,0,0,0,0,0,0,0,0,0,0,0,0,0,0,0,0,0,0,0,0,0,0,0,0,0,0,0,0,0,1,5,0,0,0,0,0,0,False,False,False,False,False,True,False,False,False,False,False,False,True
0.5,21.2,0,0.25,0.015566836590003588,10.6,0,0,0,0,0,0,0,0,1,0,0,1,1,0,0,0,1,0,1,0,0,0,0,0,0,0,0,0,0,0,0,0,0,0,0,0,0,0,0,0,0,0,0,2,3,0,0,5,0,0,0,0,0,0,False,False,False,False,False,False,True,False,False,False,True,False,False
0.9,25.4,0,0.81,0.7062960895426758,22.86,0,0,0,0,0,0,0,0,0,0,1,0,0,0,0,0,0,0,0,0,0,0,0,0,0,0,0,0,0,0,0,0,0,0,0,0,0,0,0,0,0,0,0,0,0,1,0,5,0,0,0,0,0,0,False,True,False,False,False,False,False,False,False,False,True,False,False
2.1,42.2,0,4.41,1.1732797206417784,88.62,0,0,1,0,0,0,0,0,0,0,0,0,0,0,1,1,0,1,1,0,0,1,0,0,0,0,0,0,0,0,0,0,0,0,0,0,0,0,0,0,0,0,0,1,4,0,0,5,0,0,0,0,0,1,False,False,False,False,True,False,False,False,False,False,False,True,False
7.6,25.8,0,57.76,-1.3367345937455613,196.07999999999998,0,1,0,0,0,0,0,0,0,0,0,0,1,0,0,0,1,0,0,0,0,1,0,0,0,0,0,0,0,0,0,0,0,0,0,1,0,0,0,0,0,0,0,2,1,0,0,5,0,0,0,0,1,0,False,False,False,False,False,False,False,False,True,False,False,False,True
13.4,22.3,0,179.56,0.02960261852798436,298.82,0,0,0,0,0,0,0,0,0,1,0,0,0,1,0,0,0,1,0,1,0,1,0,0,0,0,0,0,0,0,0,0,0,0,0,0,0,0,0,0,0,0,2,1,1,0,0,5,0,0,0,0,0,0,False,True,False,False,False,False,False,False,False,False,False,False,True
12.9,18.0,0,166.41,-0.9090367122343302,232.20000000000002,0,1,0,0,0,0,0,0,0,0,0,0,1,1,0,1,0,1,1,0,0,0,0,0,0,0,0,0,0,0,0,0,0,0,0,0,0,0,0,0,0,0,1,0,4,0,0,5,1,0,0,0,0,0,False,True,False,False,False,False,False,False,False,False,False,False,True
10.2,11.4,0,104.03999999999999,-0.9823100376965935,116.28,0,0,0,1,0,0,0,0,0,0,0,1,0,0,0,0,0,0,0,0,0,0,0,0,0,0,0,0,0,0,0,0,0,0,0,0,0,0,0,0,0,0,0,0,0,0,0,5,0,0,0,0,0,0,False,False,False,False,False,False,True,False,False,False,False,False,True
11.3,18.7,0,127.69000000000001,-0.8796829232069137,211.31,0,0,0,0,0,0,0,0,1,0,0,1,0,0,1,0,1,0,0,1,0,0,0,0,0,0,0,0,0,0,0,0,0,0,0,0,0,0,0,0,0,0,2,1,1,0,0,5,0,0,0,0,0,0,True,False,False,False,False,False,False,False,False,False,False,False,True
10.4,32.6,0,108.16000000000001,-0.47843024759760405,339.04,0,0,0,0,0,0,0,0,1,0,0,1,0,1,0,1,1,0,0,0,1,0,0,0,0,0,0,0,0,0,0,0,0,0,0,0,0,0,0,0,0,0,2,1,1,0,0,5,0,0,0,0,0,0,False,False,False,False,False,True,False,False,False,False,False,False,True
7.8,15.0,0,60.839999999999996,-1.6552992695134476,117.0,0,0,0,0,0,0,1,0,0,0,0,1,0,1,0,1,0,0,0,0,1,1,0,0,0,0,0,0,0,0,0,0,0,0,0,0,0,0,0,0,0,0,3,1,1,0,0,5,0,0,0,0,0,0,True,False,False,False,False,False,False,False,False,False,False,False,True
14.3,37.9,0,204.49,0.47639277708222855,541.97,0,0,0,0,1,0,0,0,0,0,0,1,1,1,0,0,1,0,0,0,0,0,1,0,0,0,0,0,0,0,0,0,0,0,0,0,0,0,0,0,0,0,1,1,2,0,0,5,1,0,0,0,0,0,False,False,False,False,False,True,False,False,False,False,False,False,True
11.1,17.9,0,123.21,-0.8831345899003089,198.68999999999997,0,1,0,0,0,0,0,0,0,0,0,0,0,0,0,1,0,1,0,0,0,1,0,0,0,0,0,0,0,0,0,0,0,0,0,0,0,0,0,0,0,0,0,1,2,0,0,5,0,0,0,0,0,0,False,False,True,False,False,False,False,False,False,False,False,False,True
8.6,27.2,0,73.96,-1.2997793636864874,233.92,0,0,0,1,0,0,0,0,0,0,0,1,0,0,0,0,0,0,0,0,0,0,1,0,1,0,0,0,1,1,1,0,0,0,0,0,0,0,0,0,0,0,0,0,1,0,0,5,0,0,0,0,0,0,False,False,False,True,False,False,False,False,False,False,False,False,True
5.8,23.3,1,33.64,-1.9663951584808506,135.14,0,0,0,0,0,1,0,0,0,0,0,1,0,0,0,0,0,0,0,0,0,0,0,0,0,0,0,0,0,0,0,0,0,0,0,0,0,0,0,0,0,0,0,0,0,0,3,5,0,0,0,0,0,0,False,False,False,True,False,False,False,False,False,False,False,True,False
8.7,39.6,0,75.68999999999998,0.8072029092720091,344.52,0,0,0,0,0,0,0,0,0,0,1,0,0,0,1,0,1,1,0,1,0,0,0,0,0,0,0,0,0,0,0,0,0,0,0,0,0,0,0,0,0,0,1,1,2,1,0,5,0,0,0,0,0,0,False,False,False,False,False,False,False,False,True,False,False,False,True
5.7,8.0,0,32.49,0.9869931488788528,45.6,0,0,0,0,0,0,0,0,0,1,0,0,0,0,0,1,1,0,0,0,1,1,0,0,0,0,0,0,0,0,0,0,0,0,0,0,0,0,0,0,0,0,2,2,1,0,0,5,0,0,0,0,1,0,False,False,False,False,False,False,False,True,False,False,False,True,False
5.2,28.3,0,27.040000000000003,-0.9483401185612188,147.16,0,0,0,0,1,0,0,0,0,0,0,1,0,0,0,0,1,0,0,0,1,0,0,0,0,1,0,0,0,0,0,0,0,0,1,0,0,0,0,0,0,0,1,1,0,0,0,5,0,0,0,0,0,0,False,False,False,False,False,False,False,False,True,False,False,True,False
7.2,32.3,1,51.84,-0.5324768339002369,232.55999999999997,0,0,0,0,0,1,0,0,0,0,0,1,1,0,1,0,0,0,1,0,0,1,0,0,0,0,0,0,0,0,0,0,0,0,0,0,0,0,0,0,0,0,0,1,3,0,0,5,0,0,0,0,0,1,False,False,False,False,False,True,False,False,False,False,False,False,True
8.7,21.1,0,75.68999999999998,-0.37658042830537763,183.57,0,0,0,0,1,0,0,0,0,0,0,1,0,0,1,0,0,1,1,0,0,1,0,0,0,0,0,0,0,0,0,0,0,0,0,0,0,0,0,0,0,0,0,1,4,0,0,5,0,0,0,0,0,1,True,False,False,False,False,False,False,False,False,False,False,False,True
8.9,5.9,0,79.21000000000001,-0.09397685963009164,52.510000000000005,0,1,0,0,0,0,0,0,0,0,0,0,0,1,0,0,1,0,0,0,0,0,0,0,0,0,0,0,0,0,0,0,0,0,0,0,0,0,0,0,0,0,3,2,0,0,0,5,0,0,0,0,0,0,False,False,False,False,False,False,False,True,False,False,False,False,True
13.7,26.5,1,187.68999999999997,-1.2279841406939456,363.04999999999995,0,0,0,0,0,0,0,0,0,0,1,0,0,0,1,0,0,0,0,0,1,1,0,0,0,0,0,0,0,0,0,0,0,0,0,0,0,0,0,0,0,0,1,1,1,0,1,5,0,0,1,0,0,0,False,False,False,False,False,False,False,False,True,False,False,False,True
4.6,32.8,0,21.159999999999997,-0.4701860721890684,150.87999999999997,0,0,0,0,0,0,0,1,0,0,0,0,1,0,0,0,0,1,1,0,0,0,0,0,0,0,0,0,0,0,0,0,0,0,0,0,0,0,0,0,0,0,0,0,5,0,0,5,0,0,0,0,0,0,False,False,False,False,True,False,False,False,False,False,False,True,False
9.0,8.0,0,81.0,-1.3285122185715355,72.0,0,0,0,0,0,0,0,0,0,0,1,0,0,0,0,0,0,0,1,0,0,0,0,0,0,0,0,0,0,0,0,0,0,0,0,0,0,0,0,0,0,0,0,0,1,0,0,5,0,0,0,0,0,0,False,False,False,False,False,False,True,False,False,False,False,False,True
3.0,37.8,0,9.0,0.5275588871392819,113.39999999999999,0,1,0,0,0,0,0,0,0,0,0,0,1,0,1,1,1,0,0,0,1,0,0,0,0,0,0,0,0,0,0,0,0,0,0,0,0,0,0,0,0,0,1,1,3,0,0,5,0,0,1,0,0,0,False,False,False,False,False,False,False,False,True,False,False,True,False
4.4,33.5,0,19.360000000000003,-0.3162904886897081,147.4,0,0,0,0,0,0,0,0,0,0,1,0,0,0,0,0,0,0,0,1,0,0,0,1,0,0,0,0,0,0,0,0,0,0,0,0,0,0,0,0,0,0,2,0,1,0,0,5,0,0,0,0,0,0,False,False,False,False,False,True,False,False,False,False,False,True,False
4.5,30.0,0,20.25,1.6893281456021954,135.0,0,0,1,0,0,0,0,0,0,0,0,0,0,0,0,1,0,1,1,0,0,0,0,0,0,0,0,0,0,0,0,0,0,0,0,0,0,0,0,0,0,0,0,0,5,0,0,5,0,0,0,0,0,0,False,False,True,False,False,False,False,False,False,False,False,True,False
8.6,18.7,0,73.96,-0.7562349607148838,160.82,0,0,0,0,0,0,0,0,0,0,1,0,0,1,0,0,1,0,0,0,0,1,0,0,0,0,0,0,0,0,0,0,0,0,0,0,0,0,0,0,0,0,1,3,0,0,0,5,0,0,0,0,1,0,False,True,False,False,False,False,False,False,False,False,False,False,True
9.9,35.3,0,98.01,0.00798902912608374,349.46999999999997,0,0,0,0,0,0,0,0,1,0,0,1,0,1,0,0,1,1,0,0,1,0,0,0,0,0,0,0,0,0,0,0,0,0,0,0,0,0,0,0,0,0,2,1,2,0,0,5,0,0,0,0,0,0,False,False,False,False,False,True,False,False,False,False,False,False,True
8.3,8.9,1,68.89000000000001,1.4502660096684006,73.87,0,1,0,0,0,0,0,0,0,0,0,0,0,0,0,1,0,0,0,0,0,0,0,0,0,0,0,0,0,0,0,0,0,0,0,0,0,0,0,0,0,0,0,0,1,0,1,5,0,0,0,0,0,0,False,False,False,False,False,False,False,True,False,False,False,False,True
1.7,45.0,0,2.8899999999999997,1.7554953195778542,76.5,0,0,1,0,0,0,0,0,0,0,0,0,1,0,0,0,0,1,0,0,0,0,0,0,0,0,0,0,0,0,0,0,0,0,0,0,0,1,0,0,0,0,0,0,2,0,0,5,0,0,0,0,0,0,False,False,False,False,False,True,False,False,False,False,False,True,False
4.3,7.7,0,18.49,0.8325688619490037,33.11,0,0,0,0,0,0,0,0,0,0,1,0,0,0,1,0,0,0,1,0,0,1,0,0,0,0,0,0,0,0,0,0,0,0,0,0,0,0,0,0,0,0,0,1,2,0,0,5,0,0,0,0,0,1,False,False,False,False,False,False,False,True,False,False,False,True,False
8.7,17.7,0,75.68999999999998,-0.9256546351152262,153.98999999999998,0,0,0,0,1,0,0,0,0,0,0,1,1,0,0,0,1,0,0,0,1,0,0,0,1,0,0,0,0,0,0,0,0,0,1,0,0,0,0,0,0,0,1,1,1,0,0,5,0,0,0,0,0,0,False,False,True,False,False,False,False,False,False,False,False,False,True
7.3,19.4,0,53.29,-0.5642342507884283,141.61999999999998,0,0,1,0,0,0,0,0,0,0,0,0,0,0,0,1,0,0,0,1,0,0,0,0,0,0,0,0,0,0,0,0,0,0,0,0,0,0,0,0,0,0,2,0,1,0,0,5,0,0,0,1,0,0,False,False,True,False,False,False,False,False,False,False,False,False,True
5.7,16.9,0,32.49,-1.095734815974896,96.33,0,0,0,0,1,0,0,0,0,0,0,1,0,0,0,0,0,0,1,0,0,0,0,1,1,0,1,0,0,0,0,0,0,0,0,0,0,0,0,0,0,0,0,0,2,0,0,5,0,0,0,0,0,0,False,False,True,False,False,False,False,False,False,False,False,True,False
10.0,30.0,0,100.0,1.48909132362115,300.0,0,0,1,0,0,0,0,0,0,0,0,0,0,1,1,0,0,0,0,0,0,0,0,0,0,0,0,0,0,0,0,0,0,0,0,0,0,0,0,0,0,0,1,0,2,0,0,5,0,0,0,0,0,0,True,False,False,False,False,False,False,False,False,False,False,False,True
3.1,45.0,0,9.610000000000001,1.6461349756701886,139.5,0,0,0,0,0,0,0,0,0,1,0,0,0,1,0,0,0,0,1,0,1,0,0,0,0,0,0,0,0,0,0,0,0,0,0,0,0,0,0,0,0,0,2,0,1,0,0,5,0,0,0,0,0,0,False,False,False,False,False,False,False,False,True,False,False,True,False
4.7,25.7,0,22.090000000000003,-1.5561700539920118,120.79,0,0,0,1,0,0,0,0,0,0,0,1,0,1,1,0,1,1,0,0,0,0,0,0,0,0,0,0,0,0,0,0,0,0,0,0,0,0,0,0,0,0,1,1,2,0,0,5,0,0,0,0,0,0,False,False,False,True,False,False,False,False,False,False,False,True,False
9.7,26.2,0,94.08999999999999,-1.6241088629000875,254.14,0,0,0,0,1,0,0,0,0,0,0,1,0,1,1,0,0,0,0,0,0,0,0,0,0,0,0,0,0,0,0,0,0,1,0,0,0,0,0,0,0,0,1,0,1,1,0,5,0,0,0,0,0,0,False,False,False,False,True,False,False,False,False,False,False,False,True
1.2,12.5,0,1.44,-0.8703034497664653,15.0,0,1,0,0,0,0,0,0,0,0,0,0,0,1,0,0,0,0,0,0,0,0,1,0,0,0,0,0,0,0,0,0,0,0,0,0,0,0,0,0,0,0,1,0,1,0,0,5,0,0,0,0,0,0,False,False,False,False,False,False,True,False,False,False,False,True,False
3.9,5.6,0,15.209999999999999,-0.24840114655994122,21.84,0,0,0,1,0,0,0,0,0,0,0,1,1,0,0,1,0,0,1,0,0,1,0,0,0,0,0,0,0,0,0,0,0,0,0,0,0,0,0,0,0,0,0,1,3,0,0,5,0,0,0,0,0,0,False,False,False,False,False,False,False,True,False,False,False,True,False
2.7,3.9,0,7.290000000000001,-1.1876997920991381,10.530000000000001,0,0,0,0,0,0,0,0,0,0,1,0,0,0,0,0,0,0,0,0,0,0,1,0,1,0,0,0,1,1,1,0,0,0,0,0,0,0,0,0,0,0,0,0,1,0,0,5,0,0,0,0,0,0,False,False,False,False,False,False,False,False,False,True,False,True,False
12.6,33.1,0,158.76,-0.4177350362476577,417.06,0,0,0,0,0,0,0,0,0,1,0,0,0,0,0,0,0,0,1,1,0,0,0,0,0,0,0,0,0,0,1,0,0,0,0,0,0,0,0,0,0,0,3,0,1,0,0,5,0,0,0,0,0,0,False,False,False,False,True,False,False,False,False,False,False,False,True
3.7,9.2,0,13.690000000000001,1.6046902965982492,34.04,0,1,0,0,0,0,0,0,0,0,0,0,0,0,0,0,0,0,0,0,0,0,1,0,1,0,0,0,1,1,1,0,0,0,0,0,0,0,0,0,0,0,0,0,1,0,0,5,0,0,0,0,0,0,False,False,False,False,False,False,False,True,False,False,False,True,False
2.7,29.7,0,7.290000000000001,-1.0121801102503045,80.19,0,0,0,0,1,0,0,0,0,0,0,1,0,0,0,0,0,0,0,0,0,0,0,0,0,0,0,0,0,0,0,0,0,0,0,0,0,0,0,0,0,0,1,0,0,0,0,5,0,0,0,0,0,0,False,False,False,False,True,False,False,False,False,False,False,True,False
13.3,20.0,0,176.89000000000001,-0.4366741151436757,266.0,0,1,0,0,0,0,0,0,0,0,0,0,0,0,1,1,0,0,0,1,0,0,0,0,0,0,0,0,0,0,0,0,0,0,0,0,0,0,0,0,0,0,1,0,2,1,0,5,0,0,0,1,0,0,False,False,True,False,False,False,False,False,False,False,False,False,True
8.5,7.0,0,72.25,0.4053489781841861,59.5,0,0,0,0,0,0,0,0,0,0,1,0,0,0,0,0,0,1,1,1,0,0,0,0,0,0,0,0,0,0,0,0,0,0,0,0,0,0,0,0,0,0,1,0,3,0,0,5,0,0,0,0,0,0,False,False,False,False,False,False,False,False,False,True,False,False,True
10.6,25.0,0,112.36,-1.6758190428012565,265.0,0,0,0,0,0,0,0,0,0,1,0,0,1,1,0,0,0,1,0,1,0,0,0,0,0,0,0,0,0,0,0,0,0,0,0,0,0,0,0,0,0,0,2,0,2,0,0,5,1,1,0,0,0,0,False,False,False,True,False,False,False,False,False,False,False,False,True
6.7,16.0,0,44.89,-0.5139188518069663,107.2,0,0,1,0,0,0,0,0,0,0,0,0,1,1,0,0,0,1,0,0,0,0,0,0,0,0,0,0,0,0,0,0,0,0,0,0,0,0,0,0,0,0,1,0,3,0,0,5,1,0,0,0,0,0,False,False,False,False,False,False,True,False,False,False,False,True,False
9.5,41.9,0,90.25,1.1208286847003677,398.05,0,0,0,0,1,0,0,0,0,0,0,1,0,1,1,1,0,0,0,1,0,0,0,0,0,0,0,0,0,0,0,0,0,0,0,0,0,0,0,0,0,0,2,0,2,0,0,5,0,0,0,1,0,0,False,False,False,False,True,False,False,False,False,False,False,False,True
14.9,39.0,0,222.01000000000002,0.7171607333836378,581.1,0,0,0,0,0,0,0,1,0,0,0,0,0,0,0,0,0,0,0,0,0,0,1,0,1,0,0,0,1,1,1,0,0,0,0,0,0,0,0,0,0,0,0,0,1,0,0,5,0,0,0,0,0,0,False,False,False,True,False,False,False,False,False,False,False,False,True
1.9,25.8,0,3.61,0.48395802247963104,49.019999999999996,0,0,1,0,0,0,0,0,0,0,0,0,0,0,0,0,0,0,0,0,0,0,0,0,0,0,0,0,0,0,0,0,0,0,0,0,0,0,0,0,0,0,0,0,0,0,0,5,0,0,0,0,0,0,False,False,False,False,False,False,True,False,False,False,False,True,False
14.6,33.9,1,213.16,-0.07833649414829208,494.93999999999994,0,0,0,0,1,0,0,0,0,0,0,1,0,0,0,0,0,0,0,0,0,0,0,0,0,0,0,0,0,0,0,0,0,0,0,0,0,0,1,0,0,0,0,0,0,0,2,5,0,0,0,0,0,0,False,False,False,False,False,False,False,False,True,False,False,False,True
5.3,4.5,0,28.09,-0.8146235319693882,23.849999999999998,0,1,0,0,0,0,0,0,0,0,0,0,0,1,0,0,1,1,1,0,0,0,0,0,0,0,0,0,0,0,0,0,0,0,0,0,0,0,0,0,0,0,1,1,3,0,0,5,0,0,0,0,0,0,False,False,False,False,False,False,False,True,False,False,False,True,False
5.5,6.4,0,30.25,0.09701695812934934,35.2,0,0,0,0,0,0,0,0,0,0,1,0,1,0,0,0,1,1,0,0,0,0,0,0,0,0,0,0,0,0,0,0,0,0,0,0,0,0,0,0,0,0,0,1,2,0,0,5,0,0,0,0,0,0,False,False,False,False,False,False,False,False,False,True,False,True,False
2.0,4.7,0,4.0,-0.7765904320260221,9.4,0,0,0,0,1,0,0,0,0,0,0,1,0,0,0,1,1,0,1,0,1,0,0,0,0,0,0,0,0,0,0,0,0,0,0,0,0,0,0,0,0,0,1,2,2,0,0,5,0,0,0,0,0,0,False,False,False,False,False,False,False,False,False,True,False,True,False
0.8,39.4,0,0.6400000000000001,0.7855315841317774,31.52,0,1,0,0,0,0,0,0,0,0,0,0,0,0,0,0,1,0,0,0,1,0,0,0,0,1,0,0,0,0,0,0,0,0,1,0,0,0,0,0,0,0,1,1,0,0,0,5,0,0,0,0,0,0,False,False,False,True,False,False,False,False,False,False,True,False,False
12.6,6.5,0,158.76,-1.4812484748398922,81.89999999999999,0,0,0,0,0,0,0,1,0,0,0,0,0,0,1,1,0,0,1,0,1,0,0,0,0,0,0,0,0,0,0,0,0,0,0,0,0,0,0,0,0,0,1,0,4,0,0,5,0,0,1,0,0,1,False,False,False,False,False,False,True,False,False,False,False,False,True
11.5,23.0,0,132.25,0.02170904682500442,264.5,0,0,0,0,0,0,0,0,0,0,1,0,1,1,0,1,0,0,0,0,0,1,0,0,0,0,0,0,0,0,0,0,0,0,0,0,0,0,0,0,0,0,1,1,3,0,0,5,1,0,0,0,0,0,True,False,False,False,False,False,False,False,False,False,False,False,True
6.3,7.2,0,39.69,0.5081263182024651,45.36,0,1,0,0,0,0,0,0,0,0,0,0,1,1,0,0,0,0,0,0,0,0,0,0,0,0,0,0,0,0,0,0,0,0,0,0,0,0,0,0,0,0,2,0,1,0,0,5,1,0,0,0,0,0,False,False,False,False,False,False,False,False,False,True,False,True,False
2.0,22.5,1,4.0,0.09482645004279207,45.0,0,0,0,0,0,1,0,0,0,0,0,1,0,0,0,0,0,0,0,0,0,0,0,1,0,0,0,0,0,0,0,0,0,0,0,0,0,0,0,0,0,0,0,0,1,0,0,5,0,0,0,0,0,0,False,False,True,False,False,False,False,False,False,False,False,True,False
12.9,13.2,1,166.41,-0.7990265301745656,170.28,0,0,0,0,0,1,0,0,0,0,0,1,0,0,0,0,0,1,0,0,0,0,0,0,0,0,0,0,0,0,0,0,0,0,0,0,0,0,0,0,0,0,0,0,2,0,0,5,0,0,0,0,0,0,False,False,False,False,False,False,True,False,False,False,False,False,True
3.0,36.4,0,9.0,0.31005798103605037,109.19999999999999,0,1,0,0,0,0,0,0,0,0,0,0,0,0,0,0,0,1,1,0,1,0,0,0,0,0,0,0,0,0,0,0,0,0,0,0,0,0,0,0,0,0,1,0,3,0,0,5,0,0,0,0,0,0,False,False,False,False,False,False,False,False,True,False,False,True,False
7.9,37.8,0,62.410000000000004,0.5120481811392178,298.62,0,0,1,0,0,0,0,0,0,0,0,0,0,1,0,0,0,0,1,0,0,1,0,0,0,0,0,0,0,0,0,0,0,0,0,0,0,0,0,0,0,0,1,2,1,0,0,5,0,0,0,0,0,0,False,False,False,True,False,False,False,False,False,False,False,False,True
6.6,4.6,0,43.559999999999995,-0.8279791020351618,30.359999999999996,0,0,0,0,1,0,0,0,0,0,0,1,1,1,1,0,0,0,0,0,0,0,0,0,0,0,0,0,0,0,0,0,0,0,0,0,0,1,0,0,0,0,1,0,2,0,0,5,1,0,0,0,0,0,False,False,False,False,False,False,False,False,False,True,False,True,False
9.5,26.9,0,90.25,1.030267444770975,255.54999999999998,0,0,0,0,1,0,0,0,0,0,0,1,0,0,0,0,1,0,0,0,0,0,0,0,0,0,0,0,0,0,0,0,0,0,0,0,0,0,0,0,0,0,0,1,1,0,0,5,0,0,0,0,0,0,False,False,True,False,False,False,False,False,False,False,False,False,True
11.0,6.8,0,121.0,0.36929600115945577,74.8,0,0,0,0,0,0,1,0,0,0,0,1,0,0,0,0,0,0,0,0,0,0,0,0,0,0,0,0,0,0,0,0,0,0,0,0,0,0,0,0,0,0,0,0,0,0,0,5,0,0,0,0,0,0,False,False,False,False,False,False,False,True,False,False,False,False,True
3.0,44.5,0,9.0,1.575404329525921,133.5,0,0,0,0,0,0,0,0,0,1,0,0,1,0,0,0,0,0,0,0,0,0,0,0,0,0,0,0,0,0,0,0,0,0,0,0,0,0,0,0,0,0,0,0,1,0,0,5,0,0,0,0,0,0,False,False,False,False,True,False,False,False,False,False,False,True,False
10.8,39.5,0,116.64000000000001,0.8026242968188126,426.6,0,0,0,0,0,0,1,0,0,0,0,1,0,1,0,0,1,1,0,0,0,0,0,0,0,0,0,0,0,0,0,0,0,0,0,0,0,0,0,0,0,0,1,2,1,0,0,5,0,0,0,0,0,0,False,False,False,True,False,False,False,False,False,False,False,False,True
0.5,6.9,0,0.25,0.35396030817504676,3.45,0,0,0,1,0,0,0,0,0,0,0,1,0,0,1,1,0,0,1,0,1,0,0,0,0,0,0,0,0,0,0,0,0,0,0,0,0,0,0,0,0,0,1,0,4,0,0,5,0,0,1,0,0,1,False,False,False,False,False,False,False,False,False,True,True,False,False
9.5,40.0,1,90.25,0.8693460253015037,380.0,0,0,0,0,0,0,1,0,0,0,0,1,0,0,1,0,1,0,0,1,0,1,0,0,0,0,0,0,0,0,0,0,0,0,0,0,0,0,0,0,0,0,1,2,1,0,1,5,0,0,0,0,1,0,False,False,False,False,False,False,False,False,True,False,False,False,True
4.1,27.6,0,16.81,0.6672415300016592,113.16,0,0,0,0,0,0,0,0,0,1,0,0,0,1,0,0,1,0,0,0,1,0,0,0,0,0,0,0,0,0,0,0,0,0,0,0,0,0,0,0,0,0,2,2,0,0,0,5,0,0,0,0,0,0,False,False,False,False,False,False,True,False,False,False,False,True,False
11.3,3.7,0,127.69000000000001,-1.226421630448986,41.81,0,1,0,0,0,0,0,0,0,0,0,0,1,0,0,0,0,0,0,0,0,0,0,0,0,0,0,0,0,0,0,0,0,0,0,0,0,0,0,0,0,0,0,0,1,0,0,5,0,0,0,0,0,0,False,False,False,False,False,False,False,True,False,False,False,False,True
2.9,36.7,1,8.41,1.5938414846963567,106.43,0,0,0,1,0,0,0,0,0,0,0,1,0,0,1,0,1,0,0,0,0,0,0,0,0,0,0,0,0,0,0,0,0,0,0,0,0,0,0,0,0,0,0,1,1,0,1,5,0,0,0,0,0,0,False,False,False,False,False,False,True,False,False,False,False,True,False
12.9,29.4,0,166.41,-0.7774465494801085,379.26,0,0,0,0,0,0,0,1,0,0,0,0,1,0,0,0,0,0,0,0,0,0,0,0,0,0,0,0,0,0,0,0,0,0,0,0,0,0,0,0,0,0,0,0,1,0,0,5,0,0,0,0,0,0,False,False,False,False,False,False,False,False,True,False,False,False,True
9.8,32.8,0,96.04000000000002,-0.34258745321253015,321.44,0,1,0,0,0,0,0,0,0,0,0,0,0,1,0,1,1,0,1,0,0,1,0,0,0,0,0,0,0,0,0,0,0,0,0,0,0,0,0,0,0,0,1,2,2,0,0,5,0,0,0,0,1,0,False,False,False,True,False,False,False,False,False,False,False,False,True
13.8,24.0,1,190.44000000000003,0.23133508636731093,331.20000000000005,0,0,0,0,0,0,0,0,0,1,0,0,0,1,0,0,0,0,0,0,0,0,0,0,0,0,0,0,0,0,0,0,0,0,0,0,0,0,0,0,0,0,1,0,1,0,0,5,0,0,0,0,0,0,True,False,False,False,False,False,False,False,False,False,False,False,True
10.3,15.0,0,106.09000000000002,-1.6552992695134476,154.5,0,1,0,0,0,0,0,0,0,0,0,0,1,0,0,0,1,1,0,0,0,1,0,0,0,0,0,0,0,0,0,0,0,0,0,0,0,0,0,0,0,0,0,2,3,0,0,5,0,0,0,0,1,0,True,False,False,False,False,False,False,False,False,False,False,False,True
10.4,35.8,0,108.16000000000001,0.05432428722503133,372.32,0,0,0,1,0,0,0,0,0,0,0,1,0,1,1,0,1,0,1,0,0,0,0,0,0,0,0,0,0,0,0,0,0,0,0,0,0,0,0,0,0,0,1,1,3,0,0,5,0,0,0,0,0,1,False,False,False,False,True,False,False,False,False,False,False,False,True
10.0,26.8,0,100.0,1.0090074221635168,268.0,0,0,0,0,0,0,1,0,0,0,0,1,1,0,0,1,1,1,0,0,0,0,0,0,0,0,0,0,0,0,0,0,0,0,0,0,0,0,0,0,0,0,0,2,3,0,0,5,0,0,0,0,0,0,False,False,True,False,False,False,False,False,False,False,False,False,True
4.1,43.4,0,16.81,1.4672468592971497,177.93999999999997,0,0,0,0,0,0,0,0,1,0,0,1,1,0,0,0,0,0,0,0,0,0,0,0,0,0,0,0,0,0,0,0,0,0,0,0,0,0,0,0,0,0,0,0,1,0,0,5,0,0,0,0,0,0,False,False,False,False,False,True,False,False,False,False,False,True,False
5.9,19.5,0,34.81,-0.7119820915730684,115.05000000000001,0,0,0,0,0,0,0,1,0,0,0,0,0,0,1,0,0,1,0,1,0,1,0,0,0,0,0,0,0,0,0,0,0,0,0,0,0,0,0,0,0,0,2,1,2,0,0,5,0,0,0,0,0,0,True,False,False,False,False,False,False,False,False,False,False,True,False
3.6,39.7,0,12.96,0.836809722192883,142.92000000000002,0,0,0,0,0,0,1,0,0,0,0,1,1,1,1,0,0,0,1,0,0,0,0,0,0,0,0,0,0,0,0,0,0,0,0,0,0,0,0,0,0,0,1,0,3,0,0,5,1,0,0,0,0,1,False,False,False,True,False,False,False,False,False,False,False,True,False
13.5,37.4,0,182.25,0.4436773303910782,504.9,0,0,0,0,0,0,0,0,0,1,0,0,1,1,0,0,1,0,0,0,0,0,1,0,0,0,0,0,0,0,0,0,0,0,0,0,0,0,0,0,0,0,1,1,2,0,0,5,1,0,0,0,0,0,False,False,False,True,False,False,False,False,False,False,False,False,True
9.2,32.3,1,84.63999999999999,1.9712312145684543,297.15999999999997,0,0,0,0,0,0,0,0,0,1,0,0,0,0,0,0,0,0,0,0,0,0,1,0,0,0,0,0,0,0,0,0,0,0,0,0,0,0,0,0,0,0,0,0,1,0,1,5,0,0,0,0,0,0,True,False,False,False,False,False,False,False,False,False,False,False,True
6.1,29.5,0,37.209999999999994,-0.7619107704727346,179.95,0,0,0,0,0,0,0,0,0,0,1,0,0,0,0,1,1,1,1,0,0,0,0,0,0,0,0,0,0,0,0,0,0,0,0,0,0,0,0,0,0,0,0,1,3,0,0,5,0,0,0,0,0,0,False,False,False,False,False,False,False,False,True,False,False,True,False
11.0,28.9,0,121.0,0.7996129521009013,317.9,0,0,0,0,0,0,0,0,0,0,1,0,0,0,0,0,0,0,0,0,0,0,0,0,0,0,0,0,0,0,0,0,0,0,0,0,0,0,0,0,0,0,0,0,0,0,0,5,0,0,0,0,0,0,False,False,False,False,False,False,True,False,False,False,False,False,True
14.5,27.1,0,210.25,-1.316872076373522,392.95000000000005,0,0,0,0,0,0,0,1,0,0,0,0,0,1,0,0,0,0,0,0,0,0,0,0,0,0,0,0,0,0,0,0,0,0,0,0,0,0,0,0,0,0,1,0,0,0,0,5,0,0,0,0,0,0,False,False,False,True,False,False,False,False,False,False,False,False,True
2.1,25.0,0,4.41,0.44096112590961745,52.5,0,0,1,0,0,0,0,0,0,0,0,0,0,1,1,0,0,0,0,0,0,0,0,0,0,0,0,0,0,0,0,0,0,0,0,0,0,0,0,0,0,0,1,0,1,0,0,5,0,0,0,0,0,0,True,False,False,False,False,False,False,False,False,False,False,True,False
12.4,5.7,0,153.76000000000002,-0.1969263842499912,70.68,0,0,0,0,0,0,0,0,0,0,1,0,0,0,1,0,0,0,0,0,1,0,0,0,0,0,0,0,0,0,0,0,0,0,0,0,0,0,0,0,0,0,1,0,1,0,0,5,0,0,1,0,0,0,False,False,False,False,False,False,False,True,False,False,False,False,True
10.4,6.6,0,108.16000000000001,0.19979429814762795,68.64,0,1,0,0,0,0,0,0,0,0,0,0,1,1,0,0,0,1,0,0,0,1,0,0,0,0,0,0,0,0,0,0,0,0,0,0,0,0,0,0,0,0,1,1,3,0,0,5,1,0,0,0,0,0,False,False,False,False,False,False,False,False,False,True,False,False,True
8.6,9.1,1,73.96,1.5532155342882998,78.25999999999999,0,1,0,0,0,0,0,0,0,0,0,0,0,0,0,1,0,0,0,0,0,0,0,0,0,0,0,0,0,0,0,0,0,0,0,0,0,0,0,0,0,0,0,0,1,0,1,5,0,0,0,0,0,0,False,False,False,False,False,False,False,True,False,False,False,False,True
4.0,34.3,0,16.0,-0.17216625854935647,137.2,0,0,0,0,0,0,0,0,0,1,0,0,1,1,0,0,0,0,1,0,1,0,0,0,0,0,0,0,0,0,0,0,0,0,0,0,0,0,0,0,0,0,2,0,2,0,0,5,1,0,0,0,0,0,False,False,False,False,False,True,False,False,False,False,False,True,False
2.8,27.8,0,7.839999999999999,-1.3443700045459006,77.84,0,0,1,0,0,0,0,0,0,0,0,0,1,0,0,0,0,0,1,1,1,0,0,0,0,0,0,0,0,0,0,0,0,0,0,0,0,0,0,0,0,0,3,0,2,0,0,5,0,1,0,0,0,0,False,False,False,False,True,False,False,False,False,False,False,True,False
5.8,39.5,1,33.64,0.8026242968188126,229.1,0,0,0,0,0,1,0,0,0,0,0,1,1,0,1,0,0,0,0,0,1,0,0,0,0,0,0,0,0,0,0,0,0,0,0,0,0,0,0,0,0,0,1,0,2,0,0,5,0,0,1,0,0,0,False,False,False,True,False,False,False,False,False,False,False,True,False
1.8,26.4,0,3.24,0.9239673317336815,47.519999999999996,0,0,0,1,0,0,0,0,0,0,0,1,0,0,1,0,1,0,0,0,0,0,0,0,0,0,0,0,0,0,0,0,0,0,0,0,0,0,0,0,0,0,0,1,1,0,0,5,0,0,0,0,0,0,False,False,True,False,False,False,False,False,False,False,False,True,False
4.7,22.6,0,22.090000000000003,-0.062141368991917884,106.22000000000001,0,0,1,0,0,0,0,0,0,0,0,0,1,0,0,0,1,0,0,1,0,0,0,0,0,0,0,0,0,0,0,0,0,0,0,0,0,0,0,0,0,0,2,2,1,0,0,5,0,1,0,0,0,0,True,False,False,False,False,False,False,False,False,False,False,True,False
9.8,32.6,0,96.04000000000002,-0.505153429483341,319.48,0,0,1,0,0,0,0,0,0,0,0,0,0,1,0,1,1,1,0,0,1,0,0,0,0,0,0,0,0,0,0,0,0,0,0,0,0,0,0,0,0,0,2,1,2,0,0,5,0,0,0,0,0,0,False,False,False,False,True,False,False,False,False,False,False,False,True
4.5,32.0,0,20.25,1.1152678817221722,144.0,0,0,0,0,1,0,0,0,0,0,0,1,0,0,1,0,1,0,0,0,0,0,0,0,0,0,0,0,0,0,0,0,0,0,0,0,0,0,0,0,0,0,0,1,1,0,0,5,0,0,0,0,0,0,False,False,False,False,False,False,True,False,False,False,False,True,False
6.1,4.1,0,37.209999999999994,-1.0849224520808591,25.009999999999998,0,1,0,0,0,0,0,0,0,0,0,0,0,0,0,0,0,0,0,1,0,0,0,0,0,0,0,0,0,0,0,0,0,0,0,0,0,0,0,0,0,0,2,0,0,0,0,5,0,0,0,0,0,0,False,False,False,False,False,False,False,False,False,True,False,True,False
9.2,15.1,0,84.63999999999999,-1.634336665559217,138.92,0,0,0,1,0,0,0,0,0,0,0,1,0,0,1,1,0,0,0,0,0,1,0,0,0,0,0,0,0,0,0,0,0,0,0,0,0,0,0,0,0,0,0,2,3,0,0,5,0,0,0,0,0,0,True,False,False,False,False,False,False,False,False,False,False,False,True
7.2,7.0,0,51.84,0.47224552577935536,50.4,0,0,1,0,0,0,0,0,0,0,0,0,1,0,1,0,0,0,1,0,0,0,0,0,0,0,0,0,0,0,0,0,0,0,0,0,0,0,0,0,0,0,0,0,5,0,0,5,0,0,0,0,0,1,False,False,False,False,False,False,False,True,False,False,False,False,True
10.4,36.6,0,108.16000000000001,0.30693562889479903,380.64000000000004,0,0,0,0,0,0,0,0,0,0,1,0,0,1,1,0,0,1,1,0,0,0,0,0,0,0,0,0,0,0,0,0,0,0,0,0,0,0,0,0,0,0,1,0,3,0,0,5,0,0,0,0,0,1,False,False,False,True,False,False,False,False,False,False,False,False,True
15.0,15.0,0,225.0,-1.5639013616033868,225.0,0,0,0,0,0,0,0,0,0,0,1,0,0,0,1,0,0,1,1,0,1,0,0,0,0,0,0,0,0,0,0,0,0,0,0,0,0,0,0,0,0,0,1,0,3,0,0,5,0,0,1,0,0,1,False,True,False,False,False,False,False,False,False,False,False,False,True
14.8,29.1,0,219.04000000000002,-0.8240538865022291,430.68000000000006,0,1,0,0,0,0,0,0,0,0,0,0,0,1,0,1,0,0,0,1,0,0,0,0,0,0,0,0,0,0,0,0,0,0,0,0,0,0,0,0,0,0,2,0,2,0,0,5,0,0,0,1,0,0,False,False,False,False,False,False,False,False,True,False,False,False,True
4.5,22.0,0,20.25,-0.035883846408921456,99.0,0,0,0,0,0,0,0,0,0,1,0,0,0,0,0,1,0,0,0,0,0,1,0,0,0,0,0,0,0,0,0,0,0,0,0,0,0,0,0,0,0,0,0,1,2,0,0,5,0,0,0,0,0,0,False,True,False,False,False,False,False,False,False,False,False,True,False
12.1,21.0,0,146.41,-0.3975430322596086,254.1,0,0,0,0,0,0,0,0,1,0,0,1,1,0,1,0,0,0,0,0,0,0,0,0,0,0,0,0,0,0,0,0,0,0,0,0,0,0,0,0,0,0,0,0,2,0,0,5,0,0,0,0,0,0,True,False,False,False,False,False,False,False,False,False,False,False,True
9.4,17.9,1,88.36000000000001,-0.32045292720038127,168.26,0,0,0,0,0,1,0,0,0,0,0,1,0,0,0,0,0,0,0,1,0,0,0,0,0,0,0,0,0,0,0,0,0,0,0,0,0,0,0,0,0,0,1,0,0,0,0,5,0,0,0,0,0,0,False,False,False,False,False,False,True,False,False,False,False,False,True
2.8,39.0,0,7.839999999999999,0.674563593525213,109.19999999999999,0,0,0,0,0,0,0,0,0,1,0,0,1,1,0,0,0,1,0,0,0,0,0,0,0,0,0,0,0,0,0,0,0,0,0,0,0,0,0,0,0,0,2,0,2,0,0,5,1,0,0,0,0,0,False,False,False,False,False,True,False,False,False,False,False,True,False
9.3,3.2,0,86.49000000000001,-1.4837954419987347,29.760000000000005,0,0,1,0,0,0,0,0,0,0,0,0,0,1,1,0,1,0,0,0,0,0,0,0,0,0,0,0,0,0,0,0,0,0,0,0,0,0,0,0,0,0,1,1,1,0,0,5,0,0,0,0,0,0,False,False,False,False,False,False,False,True,False,False,False,False,True
14.4,22.7,0,207.36,0.16830309285836031,326.88,0,0,0,1,0,0,0,0,0,0,0,1,1,0,0,0,0,0,0,0,0,0,0,0,0,1,0,0,0,0,0,0,0,1,0,0,0,0,0,0,0,0,0,0,1,0,0,5,0,0,0,0,0,0,False,False,False,False,False,False,True,False,False,False,False,False,True
5.3,31.4,0,28.09,-0.7149575732489813,166.42,0,1,0,0,0,0,0,0,0,0,0,0,1,1,1,0,1,1,0,0,0,0,0,0,0,0,0,0,0,0,0,0,0,0,0,0,0,0,0,0,0,0,1,1,3,0,0,5,1,0,0,0,0,0,False,False,False,False,True,False,False,False,False,False,False,True,False
12.4,23.7,0,153.76000000000002,0.3352061215668771,293.88,0,0,0,0,0,0,0,0,0,1,0,0,1,0,0,0,1,0,0,0,0,0,0,0,0,1,0,0,0,0,0,0,0,0,0,0,0,0,0,0,0,0,0,1,1,0,0,5,0,0,0,0,0,0,False,True,False,False,False,False,False,False,False,False,False,False,True
1.7,28.4,1,2.8899999999999997,-1.239467932663081,48.279999999999994,0,0,0,0,0,1,0,0,0,0,0,1,0,0,0,0,1,1,1,0,0,0,0,0,0,0,0,0,0,0,0,0,0,0,0,0,0,0,0,0,0,0,0,1,2,0,0,5,0,0,0,0,0,0,False,False,False,False,True,False,False,False,False,False,False,True,False
14.8,18.6,0,219.04000000000002,-0.7780637823605187,275.28000000000003,0,0,0,0,1,0,0,0,0,0,0,1,0,1,0,0,0,0,0,0,0,0,0,1,0,1,0,0,0,0,0,0,0,0,0,0,0,0,0,0,0,1,1,0,1,0,0,5,0,0,0,0,0,0,False,True,False,False,False,False,False,False,False,False,False,False,True
14.6,29.7,0,213.16,1.426203511758458,433.62,0,0,0,0,0,0,1,0,0,0,0,1,0,0,0,1,0,0,1,0,1,0,0,0,0,0,0,0,0,0,0,0,0,0,0,0,0,0,0,0,0,0,2,0,2,1,0,5,0,0,0,0,0,0,True,False,False,False,False,False,False,False,False,False,False,False,True
6.7,15.8,0,44.89,-1.3295950646569414,105.86000000000001,0,0,0,0,0,0,0,1,0,0,0,0,0,0,0,1,1,0,0,1,0,0,0,0,0,0,0,0,0,0,0,0,0,0,0,0,0,0,0,0,0,0,1,1,2,0,0,5,0,0,0,1,0,0,False,False,True,False,False,False,False,False,False,False,False,True,False
3.9,37.0,0,15.209999999999999,0.26412843099067174,144.29999999999998,0,0,0,0,0,0,0,0,1,0,0,1,0,0,0,0,0,0,0,1,1,1,0,0,0,0,0,0,0,0,0,0,0,0,0,0,0,0,0,0,0,0,2,1,0,0,0,5,0,0,0,0,0,0,False,False,False,False,True,False,False,False,False,False,False,True,False
14.0,18.9,0,196.0,-0.6705343638257218,264.59999999999997,0,0,0,0,0,0,0,0,0,1,0,0,0,1,0,0,1,1,0,0,1,0,0,0,0,0,0,0,0,0,0,0,0,0,0,0,0,0,0,0,0,0,3,1,1,0,0,5,0,0,0,0,0,0,False,False,True,False,False,False,False,False,False,False,False,False,True
4.8,10.2,0,23.04,-1.104499042711279,48.959999999999994,0,0,0,0,1,0,0,0,0,0,0,1,0,0,0,0,0,0,1,0,0,0,0,1,0,0,0,0,0,0,0,0,0,0,0,0,0,0,0,0,0,0,0,0,2,0,0,5,0,0,0,0,0,0,False,False,False,False,False,False,True,False,False,False,False,True,False
4.1,20.3,1,16.81,-0.37289404732129944,83.22999999999999,0,0,0,0,0,1,0,0,0,0,0,1,1,0,0,0,0,0,0,0,0,0,0,0,0,0,0,0,0,0,0,0,0,0,0,0,0,0,0,0,0,0,0,0,1,0,0,5,0,0,0,0,0,0,False,False,True,False,False,False,False,False,False,False,False,True,False
5.9,45.0,0,34.81,1.7554953195778542,265.5,0,1,0,0,0,0,0,0,0,0,0,0,0,1,0,0,1,0,1,0,0,1,0,0,0,0,0,0,0,0,0,0,0,0,0,0,0,0,0,0,0,0,1,2,2,0,0,5,0,0,0,0,1,0,False,False,False,False,False,True,False,False,False,False,False,True,False
11.5,10.0,0,132.25,2.0164883950778476,115.0,0,0,0,0,0,0,1,0,0,0,0,1,0,0,0,0,0,1,1,0,1,0,0,0,0,0,0,0,0,0,0,0,0,0,0,0,0,0,0,0,0,0,1,0,2,0,0,5,0,0,0,0,0,0,False,False,False,False,False,False,False,True,False,False,False,False,True
5.6,6.6,1,31.359999999999996,0.2663464765395562,36.959999999999994,0,0,1,0,0,0,0,0,0,0,0,0,0,0,0,0,0,0,0,0,0,0,0,0,0,0,0,0,0,0,0,0,0,0,0,0,0,0,0,0,0,0,0,0,0,0,2,5,0,0,0,0,0,0,False,False,False,False,False,False,False,True,False,False,False,True,False
8.2,45.0,1,67.24,1.7554953195778542,368.99999999999994,0,0,0,0,0,0,0,0,0,1,0,0,0,0,0,1,0,0,0,0,0,0,0,0,0,0,0,0,0,0,0,0,0,0,0,0,0,0,0,0,0,0,0,0,1,0,1,5,0,0,0,0,0,0,False,False,False,False,False,True,False,False,False,False,False,False,True
3.8,35.1,1,14.44,-0.028042028409003533,133.38,0,0,0,0,0,0,0,0,0,1,0,0,0,0,0,0,1,1,0,0,0,1,0,0,0,0,0,0,0,0,0,0,0,0,0,0,0,0,0,0,0,0,0,2,1,0,1,5,0,0,0,0,1,0,False,False,False,False,False,True,False,False,False,False,False,True,False
7.5,38.8,0,56.25,1.8076722434720556,291.0,0,1,0,0,0,0,0,0,0,0,0,0,1,1,0,0,0,0,0,0,1,0,0,0,0,0,0,0,0,0,0,0,0,0,0,0,0,0,0,0,0,0,3,0,2,0,0,5,1,0,0,0,0,0,False,False,False,False,False,False,True,False,False,False,False,False,True
2.7,3.8,0,7.290000000000001,-1.1749468681390365,10.26,0,0,0,0,0,0,0,0,0,0,1,0,0,0,0,0,0,0,0,0,0,0,1,0,1,0,0,0,0,0,0,0,0,0,0,0,0,0,0,0,0,0,0,0,1,0,0,5,0,0,0,0,0,0,False,False,False,False,False,False,False,True,False,False,False,True,False
3.0,4.8,0,9.0,-0.6601992450395391,14.399999999999999,0,1,0,0,0,0,0,0,0,0,0,0,0,0,0,0,1,0,0,0,0,0,0,1,1,0,0,0,0,0,0,0,0,0,0,0,0,0,0,0,0,0,0,1,1,0,0,5,0,0,0,0,0,0,False,False,False,False,False,False,False,True,False,False,False,True,False
9.7,35.8,0,94.08999999999999,0.05432428722503133,347.25999999999993,0,0,0,0,0,0,0,0,0,1,0,0,0,0,0,1,0,0,1,0,0,0,0,0,0,0,0,0,0,0,0,0,0,0,0,0,0,0,0,0,0,0,0,0,4,0,0,5,0,0,0,0,0,0,False,False,False,False,True,False,False,False,False,False,False,False,True
1.1,12.6,0,1.2100000000000002,-0.8601210326819082,13.860000000000001,0,1,0,0,0,0,0,0,0,0,0,0,0,0,1,0,0,1,0,0,1,0,0,0,0,0,0,0,0,0,0,0,0,0,0,0,0,0,0,0,0,0,1,0,3,0,0,5,0,0,1,0,0,0,False,False,False,False,False,False,True,False,False,False,False,True,False
5.9,37.0,0,34.81,0.3142530181743326,218.3,0,0,0,0,0,0,0,1,0,0,0,0,0,0,1,0,0,0,1,0,0,1,0,0,0,0,0,0,0,0,0,0,0,0,0,0,0,0,0,0,0,0,0,1,3,0,0,5,0,0,0,0,0,1,False,False,False,False,False,True,False,False,False,False,False,True,False
10.8,20.8,0,116.64000000000001,-0.43946824016806973,224.64000000000001,0,0,0,0,0,0,0,0,1,0,0,1,1,0,1,0,0,0,0,0,0,0,0,0,0,0,0,0,0,0,0,0,0,0,0,0,0,0,0,0,0,0,0,0,2,0,0,5,0,0,0,0,0,0,True,False,False,False,False,False,False,False,False,False,False,False,True
1.1,44.9,0,1.2100000000000002,1.7374797908103101,49.39,0,0,0,1,0,0,0,0,0,0,0,1,0,1,0,1,0,0,1,1,0,0,0,0,0,0,0,0,0,0,0,0,0,0,0,0,0,0,0,0,0,0,3,0,2,0,0,5,0,0,0,1,0,0,False,False,False,False,False,True,False,False,False,False,False,True,False
3.8,37.4,0,14.44,0.3340631455792181,142.11999999999998,0,0,1,0,0,0,0,0,0,0,0,0,0,0,0,1,0,0,1,0,1,1,0,0,0,0,0,0,1,0,0,0,0,0,0,0,0,0,0,0,0,0,1,1,2,0,0,5,0,0,0,0,0,0,False,False,False,False,True,False,False,False,False,False,False,True,False
2.8,20.3,0,7.839999999999999,-0.40697381438472,56.839999999999996,0,0,0,0,0,0,0,0,1,0,0,1,0,0,0,0,0,1,0,0,0,0,0,0,0,0,0,0,0,0,0,0,0,0,0,0,0,0,0,0,0,0,0,0,1,0,0,5,0,0,0,0,0,0,False,True,False,False,False,False,False,False,False,False,False,True,False
9.3,6.0,1,86.49000000000001,-0.10853772190720878,55.800000000000004,0,0,0,0,0,0,0,0,1,0,0,1,0,1,0,1,0,1,0,0,0,0,0,0,0,0,0,0,0,0,0,0,0,0,0,0,0,0,0,0,0,0,1,0,2,0,1,5,0,0,0,0,0,0,False,False,False,False,False,False,False,False,False,True,False,False,True
14.5,34.6,1,210.25,0.030413958903324247,501.70000000000005,0,0,0,0,0,1,0,0,0,0,0,1,1,0,0,0,0,0,0,0,0,0,1,0,0,1,0,0,0,0,0,0,0,0,0,0,0,1,0,0,0,0,0,0,2,0,0,5,0,0,0,0,0,0,False,False,False,False,False,False,False,False,True,False,False,False,True
15.0,35.3,0,225.0,0.00798902912608374,529.5,0,1,0,0,0,0,0,0,0,0,0,0,0,0,0,1,0,0,0,0,0,1,0,0,0,0,0,0,0,0,0,0,0,0,0,0,0,0,0,0,0,0,0,2,1,0,0,5,0,0,0,0,0,0,False,False,False,False,False,True,False,False,False,False,False,False,True
13.4,5.1,1,179.56,-0.5710357519894643,68.34,0,0,0,0,0,0,0,0,1,0,0,1,1,0,0,0,0,0,0,0,0,0,0,0,0,0,0,1,0,0,0,0,0,0,0,0,0,0,0,0,0,0,0,0,1,0,2,5,0,0,0,0,0,0,False,False,False,False,False,False,False,False,False,True,False,False,True
7.7,23.0,0,59.290000000000006,0.2011265630800856,177.1,0,0,0,0,1,0,0,0,0,0,0,1,0,1,1,0,1,0,0,0,0,1,0,0,0,0,0,0,0,0,0,0,0,0,0,0,0,0,0,0,0,0,2,2,1,0,0,5,0,0,0,0,1,0,False,False,True,False,False,False,False,False,False,False,False,False,True
5.3,7.5,0,28.09,0.6622923282298835,39.75,0,0,0,0,0,0,0,1,0,0,0,0,0,0,1,0,0,0,0,0,0,0,0,0,0,0,1,0,0,0,0,0,0,0,0,0,0,0,0,0,0,0,0,0,1,0,0,5,0,0,0,0,0,0,False,False,False,False,False,False,False,False,False,True,False,True,False
9.5,32.6,0,90.25,2.034119026431147,309.7,0,0,0,0,0,0,0,0,1,0,0,1,0,0,0,0,0,0,0,0,0,0,0,0,0,0,0,0,0,0,0,0,0,0,0,0,0,0,0,0,0,0,0,0,0,0,0,5,0,0,0,0,0,0,True,False,False,False,False,False,False,False,False,False,False,False,True
7.5,26.1,0,56.25,-1.4877992032438716,195.75,0,0,0,0,0,0,0,0,0,0,1,0,0,0,1,0,0,0,0,1,0,1,0,0,0,0,0,0,0,0,0,0,0,0,0,0,0,0,0,0,0,0,1,2,1,0,0,5,0,0,0,0,0,0,False,False,False,True,False,False,False,False,False,False,False,False,True
10.9,26.1,0,118.81,-1.6494396174879655,284.49,0,0,0,0,0,0,0,0,0,0,1,0,0,1,1,0,0,0,0,1,0,0,0,0,0,0,0,0,0,0,0,0,0,0,0,0,0,0,0,0,0,0,2,0,1,0,0,5,0,0,0,0,0,0,False,False,False,False,False,True,False,False,False,False,False,False,True
9.4,27.3,0,88.36000000000001,0.6366942787479878,256.62,0,0,1,0,0,0,0,0,0,0,0,0,1,1,0,0,0,1,0,0,0,0,0,0,0,0,0,0,0,0,0,0,0,0,0,0,0,0,0,0,0,0,1,0,2,0,0,5,1,0,0,0,0,0,False,False,False,False,False,False,True,False,False,False,False,False,True
1.4,33.9,0,1.9599999999999997,-0.15456761365514535,47.459999999999994,0,0,0,0,0,0,0,0,0,0,1,0,0,1,0,0,1,0,1,0,0,1,0,0,0,0,0,0,0,0,0,0,0,0,0,0,0,0,0,0,0,0,1,2,1,0,0,5,0,0,0,0,1,0,False,False,False,True,False,False,False,False,False,False,False,True,False
9.1,7.7,1,82.80999999999999,0.8325688619490037,70.07,0,0,0,0,0,0,0,0,0,0,1,0,1,0,0,0,1,0,0,0,0,0,0,0,0,0,0,0,0,0,0,0,0,0,0,0,0,0,0,0,0,0,0,1,2,0,1,5,0,0,0,0,0,0,False,False,False,False,False,False,False,True,False,False,False,False,True
0.5,26.4,0,0.25,0.7344375812688463,13.2,0,0,0,0,0,0,0,1,0,0,0,0,0,0,0,1,0,1,1,0,0,0,0,0,0,0,0,0,0,0,0,0,0,0,0,0,0,0,0,0,0,0,0,0,4,0,0,5,0,0,0,0,0,0,True,False,False,False,False,False,False,False,False,False,True,False,False
2.1,38.5,0,4.41,0.5844859496874929,80.85000000000001,0,0,0,0,0,0,0,0,1,0,0,1,0,0,0,0,0,0,0,0,0,0,1,0,1,0,0,0,0,0,0,0,0,1,0,0,0,0,0,0,0,0,0,0,1,0,0,5,0,0,0,0,0,0,False,False,False,False,False,True,False,False,False,False,False,True,False
5.9,32.9,0,34.81,-0.23369428422202906,194.11,0,1,0,0,0,0,0,0,0,0,0,0,0,0,1,0,0,1,1,1,0,0,0,0,0,0,0,0,0,0,0,0,0,0,0,0,0,0,0,0,0,0,1,0,4,0,0,5,0,0,0,0,0,1,False,False,False,False,False,False,False,False,True,False,False,True,False
1.1,15.3,0,1.2100000000000002,-1.498414896666481,16.830000000000002,0,0,0,0,0,0,0,0,1,0,0,1,0,0,0,0,0,0,0,0,0,0,0,0,0,0,0,0,0,0,0,0,0,0,0,0,0,0,0,0,0,0,0,0,0,1,0,5,0,0,0,0,0,0,False,True,False,False,False,False,False,False,False,False,False,True,False
7.7,33.3,0,59.290000000000006,-0.3827676789533851,256.40999999999997,0,1,0,0,0,0,0,0,0,0,0,0,0,1,0,1,0,1,0,0,0,0,0,0,0,0,0,0,0,0,0,0,0,0,0,0,0,0,0,0,0,0,2,0,2,0,0,5,0,0,0,0,0,0,False,False,False,False,True,False,False,False,False,False,False,False,True
8.7,20.9,0,75.68999999999998,-0.2453339116765476,181.82999999999998,0,0,0,0,0,0,0,0,0,0,1,0,1,0,0,0,0,1,0,0,0,0,0,0,0,0,0,1,0,0,0,0,0,0,0,0,0,0,0,0,0,0,0,0,2,0,0,5,0,0,0,0,0,0,False,False,True,False,False,False,False,False,False,False,False,False,True
8.9,24.1,0,79.21000000000001,0.4349868117621318,214.49,0,1,0,0,0,0,0,0,0,0,0,0,1,1,1,0,0,0,0,0,0,0,0,0,0,0,0,0,0,0,0,0,0,0,0,0,0,0,0,0,0,0,1,0,2,0,0,5,1,0,0,0,0,0,False,False,True,False,False,False,False,False,False,False,False,False,True
12.8,20.6,0,163.84000000000003,-0.04552766591733888,263.68,0,0,0,0,0,0,0,1,0,0,0,0,0,0,0,0,0,0,0,0,0,0,1,0,1,0,0,0,1,1,1,0,0,0,0,0,0,0,0,0,0,0,0,0,1,0,0,5,0,0,0,0,0,0,False,False,False,False,False,False,True,False,False,False,False,False,True
8.3,45.0,0,68.89000000000001,1.7554953195778542,373.50000000000006,0,0,0,0,0,0,0,0,0,1,0,0,1,0,0,0,0,0,0,0,0,0,1,1,0,1,0,0,0,0,0,0,0,0,0,0,0,0,0,0,0,0,0,0,4,0,0,5,0,0,0,0,0,0,False,False,False,False,False,True,False,False,False,False,False,False,True
13.7,16.4,0,187.68999999999997,-1.2582978585644942,224.67999999999998,0,0,0,1,0,0,0,0,0,0,0,1,1,0,0,0,0,0,0,0,0,0,0,0,0,0,0,0,0,0,0,0,0,0,0,0,0,0,0,0,0,0,0,0,1,0,0,5,0,0,0,0,0,0,False,True,False,False,False,False,False,False,False,False,False,False,True
9.4,29.9,0,88.36000000000001,-0.9772127529560313,281.06,0,0,0,0,0,0,0,0,0,1,0,0,1,0,0,0,0,0,0,0,0,0,0,0,0,0,0,0,0,0,0,0,0,0,0,0,0,0,0,0,0,0,0,0,1,0,0,5,0,0,0,0,0,0,False,False,False,False,True,False,False,False,False,False,False,False,True
3.0,17.7,0,9.0,-1.0893089627492203,53.099999999999994,0,1,0,0,0,0,0,0,0,0,0,0,0,0,1,0,1,0,0,0,0,0,0,0,0,0,0,0,0,0,0,0,0,0,0,0,0,1,0,0,0,0,0,1,1,0,0,5,0,0,0,0,0,0,True,False,False,False,False,False,False,False,False,False,False,True,False
9.0,32.3,0,81.0,1.145815132975843,290.7,0,1,0,0,0,0,0,0,0,0,0,0,0,0,0,1,0,0,0,0,0,1,0,0,0,0,0,1,0,0,0,0,0,0,1,0,0,0,0,0,0,0,0,1,1,0,0,5,0,0,0,0,0,0,False,False,False,False,False,False,True,False,False,False,False,False,True
6.5,31.1,0,42.25,-0.6331635688921237,202.15,0,0,0,0,0,0,0,0,0,0,1,0,0,0,0,1,0,0,0,1,1,0,0,0,0,0,0,0,0,0,0,0,0,0,0,0,0,0,0,0,0,0,2,0,1,0,0,5,0,0,0,1,0,0,False,False,False,True,False,False,False,False,False,False,False,True,False
3.5,22.1,0,12.25,0.009786359612957528,77.35000000000001,0,1,0,0,0,0,0,0,0,0,0,0,1,1,0,0,0,0,0,1,0,0,0,0,0,0,0,0,0,0,0,0,0,0,0,0,0,0,0,0,0,0,2,0,1,0,0,5,1,1,0,0,0,0,False,False,True,False,False,False,False,False,False,False,False,True,False
8.3,3.4,0,68.89000000000001,-1.4446431421448356,28.220000000000002,0,0,0,0,1,0,0,0,0,0,0,1,1,1,0,0,0,1,0,1,1,0,0,0,0,0,0,0,0,0,0,0,0,0,0,0,0,0,0,0,0,0,3,0,2,0,0,5,1,1,0,0,0,0,False,False,False,False,False,False,False,False,False,True,False,False,True
13.7,15.4,0,187.68999999999997,-1.4146351550867764,210.98,0,0,0,0,0,0,0,0,1,0,0,1,0,0,0,0,1,0,0,0,1,1,0,0,0,0,0,0,0,0,0,0,0,0,0,0,0,0,0,0,0,0,1,2,0,0,0,5,0,0,0,0,1,0,False,False,True,False,False,False,False,False,False,False,False,False,True
13.9,29.2,1,193.21,1.5357913120768143,405.88,0,1,0,0,0,0,0,0,0,0,0,0,0,1,0,0,0,1,0,1,0,0,0,0,0,0,0,0,0,0,0,0,0,0,0,0,0,0,0,0,0,0,2,0,1,0,1,5,0,0,0,0,0,0,False,True,False,False,False,False,False,False,False,False,False,False,True
8.2,24.2,0,67.24,-1.9737824358428206,198.43999999999997,0,0,0,0,0,0,0,0,0,0,1,0,1,0,0,0,0,0,0,0,0,0,0,0,0,1,0,0,0,0,0,0,0,1,0,0,0,0,0,0,0,0,0,0,1,0,0,5,0,0,0,0,0,0,False,False,False,False,True,False,False,False,False,False,False,False,True
12.4,8.0,0,153.76000000000002,0.9869931488788528,99.2,0,0,0,0,0,0,0,0,0,1,0,0,0,0,0,0,0,0,0,0,0,1,0,0,0,0,0,0,0,0,0,0,0,0,0,0,0,0,0,0,0,0,0,2,0,0,0,5,0,0,0,0,0,0,False,False,False,False,False,False,False,True,False,False,False,False,True
10.1,41.8,0,102.00999999999999,1.1033450060532308,422.17999999999995,0,0,0,0,0,0,0,0,0,0,1,0,0,0,0,0,0,0,0,0,0,0,1,0,1,0,0,0,1,1,1,0,0,0,0,0,0,0,0,0,0,0,0,0,1,0,0,5,0,0,0,0,0,0,False,False,False,False,True,False,False,False,False,False,False,False,True
8.2,37.7,1,67.24,0.38651418152062883,309.14,0,0,0,1,0,0,0,0,0,0,0,1,0,0,0,0,0,0,0,0,0,0,0,0,0,0,1,0,0,0,0,1,0,0,0,0,0,0,1,0,0,0,0,0,0,0,2,5,0,0,0,0,0,0,False,False,False,False,True,False,False,False,False,False,False,False,True
9.1,33.0,0,82.80999999999999,-0.40636813252742826,300.3,0,1,0,0,0,0,0,0,0,0,0,0,0,1,0,0,0,0,0,0,0,0,0,0,0,0,0,0,0,0,0,0,0,0,0,0,0,0,0,0,0,1,1,0,0,0,0,5,0,0,0,0,0,0,False,False,False,False,False,True,False,False,False,False,False,False,True
8.7,32.1,0,75.68999999999998,-0.4622364420217741,279.27,0,0,0,0,0,0,0,0,0,1,0,0,0,0,0,0,0,1,0,0,0,0,0,0,0,0,0,0,0,0,0,0,0,0,0,0,0,0,0,0,0,0,0,0,1,0,0,5,0,0,0,0,0,0,False,False,False,True,False,False,False,False,False,False,False,False,True
3.2,24.6,0,10.240000000000002,0.5412869247994253,78.72000000000001,0,0,0,1,0,0,0,0,0,0,0,1,1,1,0,0,0,0,0,1,0,0,0,0,0,0,0,0,0,0,0,0,0,0,0,0,0,0,0,0,0,0,2,0,1,0,0,5,1,1,0,0,0,0,False,False,True,False,False,False,False,False,False,False,False,True,False
5.0,7.0,1,25.0,0.4053489781841861,35.0,0,0,0,0,0,1,0,0,0,0,0,1,0,0,0,0,1,1,0,0,0,0,0,0,0,0,0,0,0,0,0,0,0,0,0,0,0,0,0,0,0,0,0,1,3,0,0,5,0,0,0,0,0,0,False,False,False,False,False,False,False,False,False,True,False,True,False
1.0,32.2,0,1.0,1.1356327158912867,32.2,0,0,0,0,1,0,0,0,0,0,0,1,0,0,0,1,0,0,0,0,0,0,0,0,0,0,0,0,0,0,0,0,0,0,0,0,0,0,0,0,0,0,0,0,1,0,0,5,0,0,0,0,0,0,False,False,False,False,False,False,True,False,False,False,True,False,False
7.5,35.2,0,56.25,0.12362863294756665,264.0,0,1,0,0,0,0,0,0,0,0,0,0,0,0,0,1,0,0,1,0,1,0,0,0,0,0,0,0,0,0,0,0,0,0,0,0,0,0,0,0,0,0,1,0,4,0,0,5,0,0,0,0,0,0,False,False,False,False,False,False,False,False,True,False,False,False,True
1.5,31.1,0,2.25,1.0236261279611583,46.650000000000006,0,0,0,0,0,0,0,0,0,0,1,0,0,0,0,0,0,0,0,0,0,0,0,0,0,0,0,0,0,0,0,0,0,0,0,0,0,0,0,0,0,0,0,0,1,0,0,5,0,0,0,0,0,0,False,False,False,False,False,False,True,False,False,False,False,True,False
12.6,15.8,0,158.76,-0.5342836859760804,199.08,0,0,1,0,0,0,0,0,0,0,0,0,0,1,0,0,0,0,0,0,0,0,0,0,0,0,0,0,0,0,0,0,0,0,0,0,0,0,0,0,0,0,1,0,0,0,0,5,0,0,0,0,0,0,False,False,False,False,False,False,True,False,False,False,False,False,True
10.1,34.4,0,102.00999999999999,-0.19044721383488164,347.44,0,0,0,0,0,0,1,0,0,0,0,1,1,1,0,0,0,0,1,0,0,1,0,0,0,0,0,0,0,0,0,0,0,0,0,0,0,0,0,0,0,0,1,1,2,0,0,5,1,0,0,0,0,0,False,False,False,False,True,False,False,False,False,False,False,False,True
8.9,32.7,0,79.21000000000001,-0.35968016589956414,291.03000000000003,0,1,0,0,0,0,0,0,0,0,0,0,1,1,0,0,0,1,0,0,1,1,0,0,0,0,0,0,0,0,0,0,0,0,0,0,0,0,0,0,0,0,2,1,2,0,0,5,1,0,0,0,0,0,False,False,False,True,False,False,False,False,False,False,False,False,True
13.8,20.0,0,190.44000000000003,-0.4366741151436757,276.0,0,0,0,0,1,0,0,0,0,0,0,1,1,0,0,0,0,0,0,1,1,1,0,0,0,0,0,0,0,0,0,0,0,0,0,0,0,0,0,0,0,0,2,1,1,0,0,5,0,1,0,0,0,0,False,False,True,False,False,False,False,False,False,False,False,False,True
10.3,12.3,0,106.09000000000002,-0.8906682839355795,126.69000000000001,0,0,0,1,0,0,0,0,0,0,0,1,0,0,0,0,0,0,0,0,0,0,0,0,0,1,0,0,0,0,0,0,0,0,0,0,0,0,0,0,0,0,0,0,0,0,0,5,0,0,0,0,0,0,False,False,False,False,False,False,True,False,False,False,False,False,True
5.8,25.0,0,33.64,-1.6758190428012565,145.0,0,0,0,0,0,0,0,0,1,0,0,1,1,0,1,0,1,0,0,0,1,0,0,0,0,0,0,0,0,0,0,0,0,0,0,0,0,0,0,0,0,0,2,1,2,0,0,5,0,0,1,0,0,0,False,False,False,True,False,False,False,False,False,False,False,True,False
12.8,23.3,0,163.84000000000003,0.08459685868769652,298.24,0,0,1,0,0,0,0,0,0,0,0,0,1,0,0,0,0,0,0,0,0,0,1,0,0,0,1,0,0,0,0,1,0,0,0,0,0,0,0,0,0,0,0,0,2,0,0,5,0,0,0,0,0,0,True,False,False,False,False,False,False,False,False,False,False,False,True
10.4,38.1,0,108.16000000000001,0.4564488961091752,396.24,0,0,0,1,0,0,0,0,0,0,0,1,0,0,0,0,0,1,0,0,0,0,0,0,0,0,0,0,0,0,0,0,0,0,0,0,0,0,0,0,0,0,0,0,1,0,0,5,0,0,0,0,0,0,False,False,False,False,True,False,False,False,False,False,False,False,True
5.6,24.8,0,31.359999999999996,-1.7100044681753264,138.88,0,0,0,0,0,0,0,0,0,1,0,0,0,1,1,0,1,1,0,0,0,0,0,0,0,0,0,0,0,0,0,0,0,0,0,0,0,0,0,0,0,0,1,1,2,0,0,5,0,0,0,0,0,0,False,False,False,True,False,False,False,False,False,False,False,True,False
2.0,38.3,1,4.0,0.5484548921524044,76.6,0,0,0,0,0,1,0,0,0,0,0,1,0,0,0,0,0,0,0,0,0,0,0,0,1,0,0,0,0,0,1,0,0,0,0,0,0,0,0,0,0,0,0,0,0,0,0,5,0,0,0,0,0,0,False,False,False,False,False,True,False,False,False,False,False,True,False
0.5,8.1,0,0.25,1.0384679111888024,4.05,0,1,0,0,0,0,0,0,0,0,0,0,0,1,1,0,1,1,0,1,0,0,0,0,0,0,0,0,0,0,0,0,0,0,0,0,0,0,0,0,0,0,2,1,2,0,0,5,0,0,0,0,0,0,False,False,False,False,False,False,False,True,False,False,True,False,False
6.4,15.0,0,40.96000000000001,-1.4996752455166114,96.0,0,0,1,0,0,0,0,0,0,0,0,0,1,1,1,1,0,0,0,0,0,0,0,0,0,0,0,0,0,0,0,0,0,0,0,0,0,0,0,0,0,0,1,0,3,0,0,5,1,0,0,0,0,0,False,False,True,False,False,False,False,False,False,False,False,True,False
12.3,21.5,0,151.29000000000002,-0.2927300124884553,264.45,0,0,0,1,0,0,0,0,0,0,0,1,1,1,0,0,0,0,0,0,1,0,0,0,0,0,0,0,0,0,0,0,0,0,0,0,0,0,0,0,0,0,3,0,1,0,0,5,1,0,0,0,0,0,True,False,False,False,False,False,False,False,False,False,False,False,True
16.0,24.8,0,256.0,0.3990359180011563,396.8,0,1,0,0,0,0,0,0,0,0,0,0,1,0,0,0,0,0,0,0,0,0,0,0,0,1,0,0,0,0,0,0,0,0,0,0,0,0,0,0,0,0,0,0,1,1,0,5,0,0,0,0,0,0,True,False,False,False,False,False,False,False,False,False,False,False,True
14.7,28.0,1,216.08999999999997,1.2641276934530212,411.59999999999997,0,0,0,0,0,0,0,1,0,0,0,0,0,0,0,1,0,0,0,0,0,0,0,0,0,0,0,0,0,0,0,0,0,0,0,0,0,0,0,0,0,0,0,0,1,0,1,5,0,0,0,0,0,0,False,False,True,False,False,False,False,False,False,False,False,False,True
7.2,7.3,0,51.84,0.5595149882116044,52.56,0,0,0,0,0,0,0,0,1,0,0,1,1,0,0,0,0,0,0,0,0,0,0,0,0,1,0,0,0,0,0,0,0,0,0,0,0,0,0,0,0,0,0,0,1,1,0,5,0,0,0,0,0,0,False,False,False,False,False,False,False,False,False,True,False,False,True
7.4,30.3,0,54.760000000000005,-0.6376245384137449,224.22000000000003,0,0,0,1,0,0,0,0,0,0,0,1,0,0,0,1,0,1,1,1,0,0,0,0,0,0,0,0,0,0,0,0,0,0,0,0,0,0,0,0,0,0,2,0,3,0,0,5,0,0,0,1,0,0,False,False,False,False,False,False,False,False,True,False,False,False,True
3.1,17.7,1,9.610000000000001,-0.9256546351152262,54.87,0,0,1,0,0,0,0,0,0,0,0,0,1,0,0,0,0,1,0,0,0,0,0,0,0,0,0,0,0,0,0,0,0,0,0,0,0,0,0,0,0,0,0,0,3,0,1,5,0,0,0,0,0,0,False,False,True,False,False,False,False,False,False,False,False,True,False
1.4,33.8,0,1.9599999999999997,-0.093872273155666,47.31999999999999,0,0,0,1,0,0,0,0,0,0,0,1,1,0,1,1,0,0,0,0,1,1,0,0,0,0,0,0,0,0,0,0,0,0,0,0,0,0,0,0,0,0,1,1,3,0,0,5,0,0,1,0,0,0,False,False,False,False,False,False,False,False,True,False,False,True,False
8.8,27.8,0,77.44000000000001,1.2301878090379215,244.64000000000001,0,0,0,0,1,0,0,0,0,0,0,1,0,0,0,0,0,0,0,0,0,0,1,0,0,0,0,0,0,0,0,0,0,0,0,0,0,0,0,0,0,0,0,0,1,0,0,5,0,0,0,0,0,0,False,True,False,False,False,False,False,False,False,False,False,False,True
5.2,15.0,0,27.040000000000003,-1.6552992695134476,78.0,0,0,0,0,0,0,1,0,0,0,0,1,0,0,1,0,0,0,1,1,0,0,0,0,0,0,0,0,0,0,0,0,0,0,0,0,0,0,0,0,0,0,3,0,2,0,0,5,0,0,0,0,0,1,True,False,False,False,False,False,False,False,False,False,False,True,False
6.7,28.1,0,44.89,-1.2891290421370851,188.27,0,0,0,1,0,0,0,0,0,0,0,1,0,0,0,0,0,1,0,1,1,0,0,0,0,0,0,0,0,0,0,0,0,1,0,0,0,0,0,0,0,0,3,0,1,0,0,5,0,0,0,0,0,0,False,False,False,False,False,True,False,False,False,False,False,True,False
7.1,5.0,0,50.41,-0.6224244219986037,35.5,0,0,0,0,0,0,0,0,0,0,1,0,1,1,1,0,0,0,0,0,0,0,0,0,0,0,0,0,0,0,0,0,0,0,0,0,0,1,0,0,0,0,1,0,2,0,0,5,1,0,0,0,0,0,False,False,False,False,False,False,False,False,False,True,False,False,True
9.1,28.5,1,82.80999999999999,1.1746522643076902,259.34999999999997,0,0,0,0,0,1,0,0,0,0,0,1,0,1,0,0,0,0,0,0,0,0,0,0,0,0,0,0,0,0,0,0,0,0,0,0,0,0,0,0,0,1,1,0,0,0,0,5,0,0,0,0,0,0,True,False,False,False,False,False,False,False,False,False,False,False,True
1.0,33.1,0,1.0,1.2272744696523006,33.1,0,0,0,0,1,0,0,0,0,0,0,1,0,0,0,1,0,0,0,0,0,0,0,0,0,0,0,0,0,0,0,0,0,0,0,0,0,0,0,0,0,0,0,0,1,0,0,5,0,0,0,0,0,0,False,False,False,False,False,False,True,False,False,False,True,False,False
4.1,33.3,0,16.81,-0.3827676789533851,136.52999999999997,0,0,0,0,0,0,0,0,0,0,1,0,1,0,0,0,0,0,0,0,0,0,0,0,0,0,0,0,0,0,0,0,0,0,0,0,0,0,0,0,0,0,0,0,1,0,0,5,0,0,0,0,0,0,False,False,False,False,True,False,False,False,False,False,False,True,False
0.5,32.7,0,0.25,-0.2647658422367758,16.35,0,1,0,0,0,0,0,0,0,0,0,0,0,0,0,0,0,0,1,1,0,0,0,0,0,0,0,0,0,0,0,0,0,0,0,0,0,0,0,0,0,0,1,0,3,0,0,5,0,0,0,0,0,0,False,False,False,False,False,False,False,False,True,False,True,False,False
13.2,24.8,0,174.23999999999998,0.5838069700143426,327.36,0,0,1,0,0,0,0,0,0,0,0,0,0,0,0,0,0,1,0,0,0,0,0,0,0,1,0,0,0,0,0,0,0,0,0,0,0,0,0,0,1,0,1,0,1,0,0,5,0,0,0,0,0,0,False,False,True,False,False,False,False,False,False,False,False,False,True
4.4,17.5,0,19.360000000000003,-0.9681746803301435,77.0,0,1,0,0,0,0,0,0,0,0,0,0,1,1,0,0,1,0,1,0,0,1,0,0,0,0,0,0,0,0,0,0,0,0,0,0,0,0,0,0,0,0,1,2,2,0,0,5,1,0,0,0,1,0,False,False,True,False,False,False,False,False,False,False,False,True,False
4.9,44.8,0,24.010000000000005,1.6278553654673305,219.52,0,1,0,0,0,0,0,0,0,0,0,0,0,0,0,0,0,0,1,0,0,0,0,0,0,0,0,0,0,0,0,0,0,0,0,0,0,0,0,0,0,0,0,0,1,0,0,5,0,0,0,0,0,0,False,False,False,False,True,False,False,False,False,False,False,True,False
0.5,15.8,0,0.25,-1.3892707884383049,7.9,0,0,0,0,0,0,0,0,0,1,0,0,0,0,0,0,0,0,1,1,1,0,0,0,0,0,0,0,0,0,0,0,0,0,0,0,0,0,0,0,0,0,2,0,1,0,0,5,0,0,0,0,0,0,False,True,False,False,False,False,False,False,False,False,True,False,False
0.8,14.9,0,0.6400000000000001,-0.6259254397370946,11.920000000000002,0,0,0,0,0,0,0,0,0,1,0,0,1,0,0,0,0,0,1,0,0,0,0,0,0,0,0,0,0,0,0,0,0,0,0,0,1,0,0,0,0,0,0,0,2,0,0,5,0,0,0,0,0,0,False,False,False,False,False,False,True,False,False,False,True,False,False
14.3,36.9,0,204.49,0.35821376695590346,527.67,0,0,1,0,0,0,0,0,0,0,0,0,0,1,0,0,0,0,0,0,0,0,0,1,0,0,1,0,0,0,0,0,0,0,0,0,0,0,0,0,0,0,1,0,1,0,0,5,0,0,0,0,0,0,False,False,False,True,False,False,False,False,False,False,False,False,True
10.0,23.8,1,100.0,0.35703494321251267,238.0,0,0,0,1,0,0,0,0,0,0,0,1,1,0,0,1,0,0,0,0,0,0,0,0,0,0,0,0,0,0,0,0,0,0,0,0,0,0,1,0,0,0,0,0,2,0,2,5,0,0,0,0,0,0,False,True,False,False,False,False,False,False,False,False,False,False,True
12.6,27.1,0,158.76,-1.4692843298125253,341.46000000000004,0,0,0,1,0,0,0,0,0,0,0,1,1,1,0,0,0,0,0,0,0,0,0,0,0,0,0,0,0,0,0,0,0,0,0,0,0,0,0,0,0,0,2,0,2,0,0,5,1,0,0,0,0,0,False,False,False,False,False,True,False,False,False,False,False,False,True
1.9,7.4,0,3.61,0.6781445750191545,14.06,0,0,0,1,0,0,0,0,0,0,0,1,0,0,0,0,0,0,0,0,0,0,0,0,0,0,0,0,0,0,0,0,0,0,0,0,1,0,0,0,0,0,0,0,0,0,0,5,0,0,0,0,0,0,False,False,False,False,False,False,False,True,False,False,False,True,False
8.1,35.2,1,65.61,0.06763765127630986,285.12,0,0,0,0,0,0,0,0,0,1,0,0,1,0,0,0,1,0,1,0,0,0,0,0,0,0,0,0,0,0,0,0,0,0,0,0,0,0,0,0,0,0,0,1,2,0,2,5,0,0,0,0,0,0,False,False,False,True,False,False,False,False,False,False,False,False,True
5.8,21.0,1,33.64,-0.0047979975791105686,121.8,0,0,0,0,0,1,0,0,0,0,0,1,0,0,1,0,1,0,0,0,1,0,0,0,0,0,0,0,0,0,0,0,0,0,0,0,0,0,0,0,0,0,1,1,2,0,0,5,0,0,1,0,0,0,False,False,False,False,False,False,True,False,False,False,False,True,False
5.8,26.2,1,33.64,-1.470706490556837,151.95999999999998,0,1,0,0,0,0,0,0,0,0,0,0,0,0,0,0,0,0,0,0,0,0,0,0,0,0,0,0,0,0,0,0,0,0,0,0,0,0,0,0,0,0,0,0,0,0,3,5,0,0,0,0,0,0,False,False,False,True,False,False,False,False,False,False,False,True,False
10.6,42.6,0,112.36,1.3231226291567981,451.56,0,0,0,0,0,0,0,0,0,0,1,0,1,0,0,0,1,0,0,0,0,0,0,0,0,0,1,0,0,0,0,0,0,0,0,0,0,0,0,0,0,0,0,1,1,0,0,5,0,0,0,0,0,0,False,False,False,False,False,True,False,False,False,False,False,False,True
7.6,23.6,0,57.76,0.14748467055038864,179.36,0,1,0,0,0,0,0,0,0,0,0,0,0,0,0,0,0,0,0,0,0,0,0,0,0,0,0,0,0,0,0,0,0,0,0,0,0,0,0,0,0,0,0,0,0,0,0,5,0,0,0,0,0,0,True,False,False,False,False,False,False,False,False,False,False,False,True
7.7,33.7,0,59.290000000000006,-0.3128329643648375,259.49,0,0,0,0,0,0,1,0,0,0,0,1,0,0,0,0,0,0,0,0,0,0,1,0,1,0,0,0,1,1,1,0,0,0,0,0,0,0,0,0,0,0,0,0,1,0,0,5,0,0,0,0,0,0,False,False,False,False,True,False,False,False,False,False,False,False,True
1.5,4.2,0,2.25,-1.0335337820717194,6.300000000000001,0,0,0,0,0,0,0,0,0,1,0,0,1,0,0,0,0,1,0,0,0,1,0,0,0,0,0,0,0,0,0,0,0,0,0,0,0,0,0,1,0,0,0,1,2,0,0,5,0,0,0,0,0,0,False,False,False,False,False,False,False,False,False,True,False,True,False
4.7,15.1,0,22.090000000000003,-1.5420725399577517,70.97,0,0,0,0,0,0,0,1,0,0,0,0,1,0,1,0,1,1,0,0,0,0,0,0,0,0,0,0,0,0,0,0,0,0,0,0,0,0,0,0,0,0,0,1,3,0,0,5,0,0,0,0,0,0,False,True,False,False,False,False,False,False,False,False,False,True,False
8.6,22.8,1,73.96,0.15860651786516836,196.07999999999998,0,0,0,0,0,1,0,0,0,0,0,1,0,0,0,0,0,0,0,0,0,0,0,0,0,0,0,0,0,0,0,0,1,0,0,0,0,0,0,0,0,0,0,0,0,0,0,5,0,0,0,0,0,0,False,False,True,False,False,False,False,False,False,False,False,False,True
9.2,24.1,0,84.63999999999999,0.42252140814941846,221.72,0,0,0,0,0,0,0,1,0,0,0,0,1,0,1,1,0,0,0,0,0,0,0,0,0,0,0,0,0,0,0,0,0,0,0,0,0,0,0,0,0,0,0,0,3,0,0,5,0,0,0,0,0,0,False,True,False,False,False,False,False,False,False,False,False,False,True
15.0,42.2,0,225.0,1.264127539368757,633.0,0,0,1,0,0,0,0,0,0,0,0,0,0,0,1,0,0,0,0,0,0,1,0,0,0,0,0,0,0,0,0,0,0,0,0,0,0,0,0,0,0,0,1,1,1,0,0,5,0,0,0,0,0,0,False,False,False,True,False,False,False,False,False,False,False,False,True
10.6,10.4,0,112.36,-1.0841342085421648,110.24,0,0,0,1,0,0,0,0,0,0,0,1,0,0,0,0,0,0,0,0,0,0,0,0,0,0,0,0,0,0,0,0,0,0,0,0,0,0,0,0,0,0,0,0,0,0,0,5,0,0,0,0,0,0,False,False,False,False,False,False,True,False,False,False,False,False,True
5.1,39.1,0,26.009999999999998,0.734253446070673,199.41,0,0,0,0,0,0,0,0,1,0,0,1,0,0,0,1,0,0,0,0,0,0,0,0,0,0,0,1,0,0,0,1,0,0,0,0,0,0,0,0,0,0,0,0,1,0,0,5,0,0,0,0,0,0,False,False,False,True,False,False,False,False,False,False,False,True,False
8.0,19.9,0,64.0,-0.628131675756146,159.2,0,0,0,0,0,0,0,1,0,0,0,0,1,1,0,1,0,0,1,1,0,0,0,0,0,0,0,0,0,0,0,0,0,0,0,0,0,0,0,0,0,0,2,0,3,0,0,5,1,1,0,1,0,0,True,False,False,False,False,False,False,False,False,False,False,False,True
2.2,38.0,0,4.840000000000001,1.726212906795599,83.60000000000001,0,1,0,0,0,0,0,0,0,0,0,0,1,1,1,0,0,0,0,0,0,0,0,0,0,0,0,0,0,0,0,0,0,0,0,0,0,0,0,0,0,0,1,0,2,0,0,5,1,0,0,0,0,0,False,False,False,False,False,False,True,False,False,False,False,True,False
0.7,19.0,0,0.48999999999999994,-0.6492743412182628,13.299999999999999,0,1,0,0,0,0,0,0,0,0,0,0,0,0,0,0,0,0,0,0,0,0,0,0,0,0,1,0,0,0,0,0,0,0,0,0,0,0,0,0,0,0,0,0,0,0,0,5,0,0,0,0,0,0,False,False,True,False,False,False,False,False,False,False,True,False,False
14.5,37.8,0,210.25,0.4039978601677645,548.0999999999999,0,0,0,0,0,0,0,1,0,0,0,0,0,0,0,0,0,1,0,0,0,0,0,0,0,1,0,0,0,0,0,0,0,0,0,0,0,0,0,0,1,0,1,0,1,0,0,5,0,0,0,0,0,0,False,False,False,False,True,False,False,False,False,False,False,False,True
2.2,28.2,0,4.840000000000001,-0.9638758975685927,62.040000000000006,0,0,0,0,1,0,0,0,0,0,0,1,0,1,0,0,0,1,0,0,1,0,0,0,0,0,0,0,0,0,0,0,0,0,0,0,0,0,0,0,0,0,2,0,1,0,0,5,0,0,0,0,0,0,False,False,False,False,False,False,False,False,True,False,False,True,False
4.7,6.1,1,22.090000000000003,-0.057149051898069486,28.669999999999998,0,1,0,0,0,0,0,0,0,0,0,0,1,0,0,0,1,1,1,0,0,0,0,0,0,0,0,0,0,0,0,0,0,0,0,0,0,0,0,0,0,0,0,1,3,0,0,5,0,0,0,0,0,0,False,False,False,False,False,False,False,False,False,True,False,True,False
7.4,30.1,0,54.760000000000005,-0.8040906957624733,222.74,0,0,0,0,0,0,0,1,0,0,0,0,0,0,0,0,0,0,1,0,0,0,0,0,0,0,0,0,0,0,0,1,0,0,0,0,0,0,0,0,1,0,0,0,1,0,0,5,0,0,0,0,0,0,False,False,False,True,False,False,False,False,False,False,False,False,True
5.6,3.0,0,31.359999999999996,-1.6501978221813933,16.799999999999997,0,0,0,0,0,0,0,0,1,0,0,1,1,0,0,0,0,0,0,1,1,1,0,0,0,0,0,0,0,0,0,0,0,0,0,0,0,0,0,0,0,0,2,1,1,0,0,5,0,1,0,0,0,0,False,False,False,False,False,False,False,False,False,True,False,True,False
0.5,40.0,1,0.25,1.9298612484867412,20.0,0,0,0,0,1,0,0,0,0,0,0,1,1,1,0,0,0,0,0,0,0,0,0,0,0,0,0,0,0,0,0,0,0,0,0,0,0,0,0,0,0,0,1,0,2,0,1,5,1,0,0,0,0,0,False,False,False,False,False,False,True,False,False,False,True,False,False
2.6,15.7,0,6.760000000000001,-1.3508550872644005,40.82,0,0,0,0,0,0,0,0,1,0,0,1,1,1,0,0,1,1,0,0,0,0,0,0,0,0,0,0,0,0,0,0,0,0,0,0,0,0,0,0,0,0,1,1,2,0,0,5,1,0,0,0,0,0,False,False,True,False,False,False,False,False,False,False,False,True,False
7.5,34.1,0,56.25,1.3290986404978715,255.75,0,0,0,0,0,0,0,0,0,1,0,0,0,0,0,1,0,1,1,1,0,1,0,0,0,0,0,0,0,0,0,0,0,0,0,0,0,0,0,0,0,0,1,1,3,0,0,5,0,0,0,1,0,0,False,False,False,False,False,False,True,False,False,False,False,False,True
9.4,25.5,0,88.36000000000001,0.7281249111883112,239.70000000000002,0,0,0,0,0,0,0,0,0,0,1,0,0,0,1,0,1,0,1,0,0,0,0,0,0,0,0,0,0,0,0,0,0,0,0,0,0,0,0,0,0,0,0,1,2,0,0,5,0,0,0,0,0,1,False,True,False,False,False,False,False,False,False,False,False,False,True
12.6,3.8,0,158.76,-1.2390884621082776,47.879999999999995,0,0,0,0,0,0,1,0,0,0,0,1,0,0,0,0,0,1,0,0,0,0,0,1,0,0,0,1,0,0,0,1,1,0,0,0,0,0,0,0,0,0,0,0,2,0,0,5,0,0,0,0,0,0,False,False,False,False,False,False,False,False,False,True,False,False,True
2.8,18.4,0,7.839999999999999,-0.7768344768630154,51.519999999999996,0,1,0,0,0,0,0,0,0,0,0,0,0,0,1,1,0,0,0,0,1,1,0,0,0,0,0,0,0,0,0,0,0,0,0,0,0,0,0,0,0,0,1,1,3,0,0,5,0,0,1,0,0,0,False,False,True,False,False,False,False,False,False,False,False,True,False
4.4,21.2,0,19.360000000000003,-0.21051441957400338,93.28,0,1,0,0,0,0,0,0,0,0,0,0,1,0,0,0,0,0,1,0,0,1,0,0,0,0,0,0,0,0,0,0,0,0,0,0,0,0,0,0,0,0,0,2,2,0,0,5,0,0,0,0,0,0,False,True,False,False,False,False,False,False,False,False,False,True,False
9.5,18.3,1,90.25,-0.7980944994704736,173.85,0,0,0,0,0,1,0,0,0,0,0,1,1,1,1,0,0,0,0,0,0,0,0,0,0,1,0,0,0,0,0,0,0,0,0,0,0,0,0,0,0,0,1,0,2,0,0,5,1,0,0,0,0,0,False,False,True,False,False,False,False,False,False,False,False,False,True
14.3,30.3,0,204.49,1.5519791354838421,433.29,0,0,0,0,0,0,0,0,0,0,1,0,0,0,0,0,0,1,0,1,0,0,0,0,0,0,0,0,0,0,0,0,0,1,0,0,0,0,0,0,0,0,1,0,1,0,0,5,0,0,0,0,0,0,True,False,False,False,False,False,False,False,False,False,False,False,True
5.7,27.1,0,32.49,-1.134769466649703,154.47,0,0,0,0,1,0,0,0,0,0,0,1,0,0,0,0,0,0,0,0,0,0,1,0,1,0,0,0,1,1,1,0,0,0,0,0,0,0,0,0,0,0,0,0,1,0,0,5,0,0,0,0,0,0,False,False,False,False,False,False,False,False,True,False,False,True,False
4.7,7.8,0,22.090000000000003,0.8164583382573019,36.660000000000004,0,0,0,0,0,0,0,1,0,0,0,0,0,0,0,0,0,0,1,0,0,0,0,0,0,0,0,0,0,0,0,0,0,0,0,0,0,0,0,0,0,0,0,0,1,0,0,5,0,0,0,0,0,0,False,False,False,False,False,False,False,False,False,True,False,True,False
5.4,21.9,1,29.160000000000004,-0.0327336856019605,118.26,0,0,0,0,0,1,0,0,0,0,0,1,1,0,1,0,0,0,0,0,0,0,0,1,0,0,1,0,0,0,0,0,0,0,0,0,0,0,0,0,0,0,0,0,3,0,0,5,0,0,0,0,0,0,False,False,True,False,False,False,False,False,False,False,False,True,False
13.3,5.0,0,176.89000000000001,-0.6224244219986037,66.5,0,0,0,0,0,0,1,0,0,0,0,1,0,0,0,0,0,1,0,0,0,0,0,1,0,0,0,1,0,0,0,1,1,0,0,0,0,0,0,0,0,0,0,0,2,0,0,5,0,0,0,0,0,0,False,False,False,False,False,False,False,False,False,True,False,False,True
6.4,28.7,0,40.96000000000001,-0.8861970025317242,183.68,0,1,0,0,0,0,0,0,0,0,0,0,0,0,0,0,0,0,0,0,0,0,1,0,0,0,0,0,0,0,0,0,0,0,0,0,0,0,0,0,0,0,0,0,1,0,0,5,0,0,0,0,0,0,False,False,False,False,False,False,False,False,True,False,False,True,False
9.0,36.0,1,81.0,0.1340977304988924,324.0,0,1,0,0,0,0,0,0,0,0,0,0,0,1,1,0,0,0,0,0,1,0,0,0,0,0,0,0,0,0,0,0,0,0,0,0,0,0,0,0,1,0,2,0,1,0,1,5,0,0,1,0,0,0,False,False,False,False,False,True,False,False,False,False,False,False,True
11.0,3.4,0,121.0,-1.4446431421448356,37.4,0,0,1,0,0,0,0,0,0,0,0,0,1,0,0,0,0,1,0,1,0,1,0,0,0,0,0,0,0,0,0,0,0,0,0,0,0,0,0,0,0,0,1,1,3,0,0,5,0,1,0,0,0,0,False,False,False,False,False,False,False,False,False,True,False,False,True
5.7,8.0,1,32.49,0.9869931488788528,45.6,0,0,0,0,0,0,0,0,1,0,0,1,0,0,0,0,0,0,0,0,0,0,0,0,0,0,0,0,0,0,0,0,0,0,0,0,0,0,0,0,0,0,0,0,0,0,2,5,0,0,0,0,0,0,False,False,False,False,False,False,False,True,False,False,False,True,False
7.8,4.4,0,60.839999999999996,-0.9307564420534404,34.32,0,0,1,0,0,0,0,0,0,0,0,0,0,0,1,1,0,0,0,1,1,0,0,0,0,0,0,0,0,0,0,0,0,0,0,0,0,0,0,0,0,0,2,0,2,0,0,5,0,0,1,1,0,0,False,False,False,False,False,False,False,False,False,True,False,False,True
10.1,23.9,0,102.00999999999999,0.39246676654721374,241.39,0,0,0,0,0,0,0,0,0,1,0,0,0,0,1,1,0,0,0,1,0,0,0,0,0,0,0,0,0,0,0,0,0,0,0,0,0,0,0,0,0,0,1,0,2,0,0,5,0,0,0,1,0,0,False,False,True,False,False,False,False,False,False,False,False,False,True
9.8,31.5,0,96.04000000000002,-0.6974738946018445,308.70000000000005,0,0,0,0,0,0,0,0,1,0,0,1,1,0,0,0,1,0,0,0,1,0,0,0,0,0,0,0,0,0,0,0,0,0,0,0,0,0,0,0,0,0,1,1,2,0,0,5,0,0,0,0,0,0,False,False,False,False,True,False,False,False,False,False,False,False,True
0.5,12.4,0,0.25,-0.8804858668510224,6.2,0,0,0,0,0,0,1,0,0,0,0,1,0,0,0,0,0,1,1,1,0,0,0,0,0,0,0,0,0,0,0,0,0,0,0,0,0,0,0,0,0,0,1,0,3,0,0,5,0,0,0,0,0,0,False,False,False,False,False,False,True,False,False,False,True,False,False
11.2,39.3,0,125.43999999999998,0.7684388714447422,440.15999999999997,0,1,0,0,0,0,0,0,0,0,0,0,1,0,0,0,0,1,0,1,0,0,0,0,0,0,0,0,0,0,0,0,0,0,0,0,0,0,0,0,0,0,1,0,2,0,0,5,0,1,0,0,0,0,False,False,False,True,False,False,False,False,False,False,False,False,True
9.1,36.9,0,82.80999999999999,0.38773687607291885,335.78999999999996,0,0,0,0,0,0,0,0,0,1,0,0,1,0,0,0,0,0,0,0,0,0,0,0,1,1,0,0,0,0,0,0,0,0,0,0,0,0,0,0,0,0,0,0,1,0,0,5,0,0,0,0,0,0,False,False,False,False,False,False,False,False,True,False,False,False,True
5.8,38.1,0,33.64,0.4564488961091752,220.98,0,0,0,0,0,0,1,0,0,0,0,1,1,0,0,0,0,0,0,1,0,0,0,0,0,0,0,0,0,0,0,0,0,0,0,0,0,0,0,0,0,0,1,0,2,0,0,5,0,1,0,0,0,0,False,False,False,False,True,False,False,False,False,False,False,True,False
1.1,35.0,0,1.2100000000000002,-0.04605755717654781,38.5,0,0,0,0,1,0,0,0,0,0,0,1,1,0,1,1,0,0,0,0,0,0,0,0,0,0,0,0,0,0,0,0,0,0,0,0,0,0,0,0,0,0,0,0,3,0,0,5,0,0,0,0,0,0,False,False,False,False,False,True,False,False,False,False,False,True,False
13.2,26.4,0,174.23999999999998,0.924584305999028,348.47999999999996,0,0,0,0,0,0,1,0,0,0,0,1,0,0,0,1,0,1,1,0,0,0,0,0,0,0,0,0,0,0,0,0,0,0,0,0,0,0,0,0,0,0,0,0,4,0,0,5,0,0,0,0,0,0,False,True,False,False,False,False,False,False,False,False,False,False,True
9.3,24.4,1,86.49000000000001,0.31518550218423325,226.92000000000002,0,1,0,0,0,0,0,0,0,0,0,0,0,0,1,0,0,0,0,0,1,1,0,0,0,0,0,0,0,0,0,0,0,0,0,0,0,0,0,0,0,0,1,1,2,0,1,5,0,0,1,0,0,0,True,False,False,False,False,False,False,False,False,False,False,False,True
12.5,17.1,0,156.25,-0.4019122638768379,213.75000000000003,0,1,0,0,0,0,0,0,0,0,0,0,1,0,1,0,0,0,1,0,0,0,0,0,0,0,0,0,0,0,0,0,0,0,0,0,0,0,0,0,0,0,0,0,3,0,0,5,0,0,0,0,0,1,False,False,False,False,False,False,True,False,False,False,False,False,True
6.3,13.1,1,39.69,-0.8092089472591227,82.53,0,0,0,0,0,0,0,0,0,0,1,0,0,1,0,0,1,0,0,1,0,1,0,0,0,0,0,0,0,0,0,0,0,0,0,0,0,0,0,0,0,0,2,2,0,0,1,5,0,0,0,0,1,0,False,False,False,False,False,False,True,False,False,False,False,True,False
6.4,18.5,0,40.96000000000001,-0.25935842469303844,118.4,0,0,0,0,0,0,0,0,0,1,0,0,0,1,0,1,0,1,0,1,0,0,0,0,0,0,0,0,0,0,0,0,0,0,0,0,0,0,0,0,0,0,2,0,2,0,0,5,0,0,0,1,0,0,False,False,False,False,False,False,True,False,False,False,False,True,False
5.4,23.2,0,29.160000000000004,0.06363425473346558,125.28,0,1,0,0,0,0,0,0,0,0,0,0,0,0,1,1,1,0,1,0,0,1,0,0,0,0,0,0,0,0,0,0,0,0,0,0,0,0,0,0,0,0,0,2,3,0,0,5,0,0,0,0,1,1,True,False,False,False,False,False,False,False,False,False,False,True,False
3.8,17.1,0,14.44,-1.2150845864746036,64.98,0,0,0,0,0,0,0,0,0,1,0,0,0,0,1,1,0,0,1,0,1,0,0,0,0,0,0,0,0,0,0,0,0,0,0,0,0,0,0,0,0,0,1,0,3,0,0,5,0,0,1,0,0,1,True,False,False,False,False,False,False,False,False,False,False,True,False
1.5,29.4,0,2.25,-0.9237396845717185,44.099999999999994,0,1,0,0,0,0,0,0,0,0,0,0,1,1,0,0,0,0,0,1,0,0,0,0,0,0,0,0,0,0,0,0,0,0,0,0,0,0,0,0,0,0,2,0,1,0,0,5,1,1,0,0,0,0,False,False,False,True,False,False,False,False,False,False,False,True,False
7.8,34.1,0,60.839999999999996,-0.04726493613354424,265.98,0,0,0,0,0,0,0,1,0,0,0,0,0,1,1,1,0,0,0,1,0,0,0,0,0,0,0,0,0,0,0,0,0,0,0,0,0,0,0,0,0,0,2,0,3,0,0,5,0,0,0,1,0,0,False,False,False,False,False,False,False,False,True,False,False,False,True
8.6,9.7,0,73.96,1.862064108147998,83.41999999999999,0,0,0,0,0,0,0,0,1,0,0,1,1,1,1,0,0,1,0,0,0,0,0,0,0,0,0,0,0,0,0,0,0,0,0,0,0,0,0,0,0,0,1,0,4,0,0,5,1,0,0,0,0,0,False,False,False,False,False,False,False,True,False,False,False,False,True
5.6,26.2,0,31.359999999999996,0.5246876908178594,146.72,0,0,0,0,0,0,0,0,0,0,1,0,1,1,0,0,1,0,0,1,1,0,0,0,0,0,0,0,0,0,0,0,0,0,0,0,0,0,0,0,0,0,3,1,1,0,0,5,1,1,0,0,0,0,False,False,False,False,False,False,True,False,False,False,False,True,False
8.7,39.0,1,75.68999999999998,0.7171607333836378,339.29999999999995,0,1,0,0,0,0,0,0,0,0,0,0,0,0,0,0,0,0,0,0,0,0,0,0,0,0,0,0,0,0,0,0,0,0,0,0,0,0,0,0,0,0,0,0,0,0,1,5,0,0,0,0,0,0,False,False,False,True,False,False,False,False,False,False,False,False,True
3.6,44.9,1,12.96,1.7256307819187002,161.64,0,0,0,0,0,1,0,0,0,0,0,1,1,0,0,0,0,0,0,0,0,0,0,0,0,0,1,0,0,0,0,0,0,0,0,0,0,0,0,0,0,0,0,0,1,0,0,5,0,0,0,0,0,0,False,False,False,True,False,False,False,False,False,False,False,True,False
5.5,41.5,0,30.25,1.1023827104121091,228.25,0,0,0,0,0,0,0,1,0,0,0,0,1,0,0,0,1,1,0,0,0,1,0,0,0,0,0,0,0,0,0,0,0,0,0,0,0,0,0,0,0,0,0,2,3,0,0,5,0,0,0,0,1,0,False,False,False,False,False,False,False,False,True,False,False,True,False
5.9,17.0,1,34.81,-1.074474793367437,100.30000000000001,0,0,0,0,0,1,0,0,0,0,0,1,1,0,1,0,0,0,0,0,0,1,0,0,0,0,0,0,0,0,0,0,0,0,0,0,0,0,0,0,0,0,0,1,4,0,0,5,0,0,0,0,0,0,False,False,True,False,False,False,False,False,False,False,False,True,False
11.8,15.5,0,139.24,-1.4547572533752107,182.9,0,1,0,0,0,0,0,0,0,0,0,0,0,0,1,0,1,1,0,0,1,0,0,0,0,0,0,0,0,0,0,0,0,0,0,0,0,0,0,0,0,0,1,2,2,0,0,5,0,0,1,0,0,0,False,True,False,False,False,False,False,False,False,False,False,False,True
13.1,43.3,0,171.60999999999999,1.4521473789261405,567.2299999999999,0,0,0,0,0,0,0,0,1,0,0,1,1,0,0,0,0,0,0,0,0,0,0,0,0,0,1,0,0,0,0,0,0,0,0,0,0,0,0,0,0,0,0,0,2,0,0,5,0,0,0,0,0,0,False,False,False,True,False,False,False,False,False,False,False,False,True
1.7,28.0,1,2.8899999999999997,1.2641276934530212,47.6,0,0,0,0,0,1,0,0,0,0,0,1,1,0,0,0,0,0,0,0,0,0,0,0,0,0,0,1,0,0,0,0,0,0,0,0,0,0,0,0,0,0,0,0,1,0,2,5,0,0,0,0,0,0,False,False,True,False,False,False,False,False,False,False,False,True,False
11.6,26.6,0,134.56,0.9664873769485995,308.56,0,0,0,0,0,0,1,0,0,0,0,1,1,1,1,0,1,1,0,0,0,0,0,0,0,0,0,0,0,0,0,0,0,0,0,0,0,0,0,0,0,0,1,1,3,0,0,5,1,0,0,0,0,0,False,False,True,False,False,False,False,False,False,False,False,False,True
4.7,7.1,0,22.090000000000003,0.45673764819332535,33.37,0,1,0,0,0,0,0,0,0,0,0,0,1,0,0,1,0,0,0,1,0,1,0,0,0,0,0,0,0,0,0,0,0,0,0,0,0,0,0,0,0,0,1,1,2,0,0,5,0,1,0,1,0,0,False,False,False,False,False,False,False,False,False,True,False,True,False
6.8,24.2,0,46.239999999999995,0.45624683436959,164.56,0,0,0,0,0,0,0,0,0,0,1,0,0,0,0,0,0,0,1,0,1,0,0,0,0,0,0,0,0,0,0,0,0,0,0,0,0,0,0,0,0,0,1,0,2,0,0,5,0,0,0,0,0,0,False,False,True,False,False,False,False,False,False,False,False,True,False
11.2,25.9,1,125.43999999999998,0.8176672186963879,290.08,0,0,0,0,0,0,0,0,0,1,0,0,0,0,0,0,0,0,0,0,0,0,0,0,0,0,0,0,0,0,0,0,0,0,0,0,0,0,0,0,0,0,0,0,1,0,1,5,0,0,0,0,0,0,False,False,True,False,False,False,False,False,False,False,False,False,True
7.8,26.9,1,60.839999999999996,1.033728414227204,209.82,0,0,0,0,0,1,0,0,0,0,0,1,1,0,1,1,1,0,0,0,0,0,0,0,0,0,0,0,0,0,0,0,0,0,0,0,0,0,0,0,0,0,0,1,4,0,0,5,0,0,0,0,0,0,False,True,False,False,False,False,False,False,False,False,False,False,True
13.9,34.5,0,193.21,0.014878179895950328,479.55,0,0,0,0,0,0,0,0,1,0,0,1,0,0,0,0,0,0,1,0,0,1,0,0,0,0,0,0,0,0,0,0,0,0,0,0,0,0,0,0,0,0,0,2,1,0,0,5,0,0,0,0,0,0,False,False,False,False,False,False,False,False,True,False,False,False,True
0.7,14.6,0,0.48999999999999994,-0.656472690990766,10.219999999999999,0,0,0,0,1,0,0,0,0,0,0,1,1,0,0,0,0,0,1,0,0,0,0,0,0,0,0,0,0,0,0,0,0,0,0,0,1,0,0,0,0,0,0,0,2,0,0,5,0,0,0,0,0,0,False,False,False,False,False,False,True,False,False,False,True,False,False
13.1,23.8,0,171.60999999999999,0.35703494321251267,311.78,0,0,0,0,0,0,0,0,0,0,1,0,0,0,0,0,0,0,0,0,0,0,0,1,0,0,0,0,0,0,0,0,0,0,0,0,0,0,0,0,0,0,0,0,1,0,0,5,0,0,0,0,0,0,False,True,False,False,False,False,False,False,False,False,False,False,True
7.2,27.5,0,51.84,-1.3968210404873107,198.0,0,0,0,0,0,0,0,1,0,0,0,0,1,0,0,0,0,0,0,0,0,0,0,0,0,1,0,0,0,0,0,0,0,1,0,0,0,0,0,0,0,0,0,0,1,0,0,5,0,0,0,0,0,0,False,False,False,False,True,False,False,False,False,False,False,False,True
3.2,29.5,0,10.240000000000002,1.3842783038499966,94.4,0,0,0,0,0,0,0,0,0,1,0,0,0,1,1,0,0,0,0,1,0,0,0,0,0,0,0,0,0,0,0,0,0,1,0,0,0,0,0,0,0,0,2,0,1,0,0,5,0,0,0,0,0,0,True,False,False,False,False,False,False,False,False,False,False,True,False
2.0,44.9,0,4.0,1.6305991966628146,89.8,0,0,0,0,1,0,0,0,0,0,0,1,0,0,0,0,0,0,0,0,0,0,0,0,0,0,0,0,0,0,0,0,0,0,0,0,0,0,0,0,0,0,0,0,0,0,0,5,0,0,0,0,0,0,False,False,False,False,False,False,False,False,True,False,False,True,False
7.4,16.8,0,54.760000000000005,-0.43245951513050934,124.32000000000001,0,0,0,1,0,0,0,0,0,0,0,1,0,0,0,1,0,1,0,1,1,0,0,0,0,0,0,0,0,0,0,0,0,0,0,0,0,0,0,0,0,0,3,0,2,0,0,5,0,0,0,1,0,0,False,False,False,False,False,False,True,False,False,False,False,False,True
7.4,30.4,1,54.760000000000005,-0.6220887594063715,224.96,0,0,0,0,0,1,0,0,0,0,0,1,1,0,0,0,1,1,0,0,0,0,0,0,0,0,0,0,0,0,0,0,0,0,0,0,0,0,0,0,0,0,0,1,2,0,0,5,0,0,0,0,0,0,False,False,False,False,False,False,False,False,True,False,False,False,True
11.9,32.3,0,141.61,-0.5324768339002369,384.37,0,0,0,0,0,0,1,0,0,0,0,1,1,0,1,0,0,0,0,1,0,0,0,0,0,0,0,0,0,0,0,0,0,0,0,0,0,0,0,0,0,0,1,0,2,0,0,5,0,1,0,0,0,0,False,False,False,False,False,True,False,False,False,False,False,False,True
1.8,7.4,0,3.24,0.6781445750191545,13.32,0,0,0,0,0,0,0,0,0,0,1,0,0,0,0,0,0,0,0,1,0,0,0,0,0,0,0,0,0,0,0,0,0,0,0,0,0,0,0,0,0,0,1,0,0,0,0,5,0,0,0,0,0,0,False,False,False,False,False,False,False,True,False,False,False,True,False
12.8,5.6,0,163.84000000000003,-0.3140924019437669,71.67999999999999,0,0,1,0,0,0,0,0,0,0,0,0,0,0,0,0,0,0,1,0,0,0,0,0,0,0,0,0,0,0,0,1,0,0,0,0,0,0,0,0,1,0,0,0,1,0,0,5,0,0,0,0,0,0,False,False,False,False,False,False,False,False,False,True,False,False,True
12.3,29.5,0,151.29000000000002,-0.7619107704727346,362.85,0,0,0,0,0,0,0,1,0,0,0,0,1,0,0,0,0,0,0,0,0,0,0,0,0,0,0,0,0,0,0,0,0,0,0,0,0,0,0,0,0,0,0,0,1,0,0,5,0,0,0,0,0,0,False,False,False,False,False,False,False,False,True,False,False,False,True
0.5,31.9,0,0.25,-0.6045389489704127,15.95,0,1,0,0,0,0,0,0,0,0,0,0,1,0,0,1,0,0,0,0,0,0,0,0,0,0,0,0,0,0,0,0,0,0,0,0,0,0,0,0,0,0,0,0,3,0,0,5,0,0,0,0,0,0,False,False,False,False,False,True,False,False,False,False,True,False,False
4.8,21.0,0,23.04,-0.0047979975791105686,100.8,0,1,0,0,0,0,0,0,0,0,0,0,1,0,1,0,0,0,0,0,0,0,0,0,0,0,0,0,0,0,0,0,0,0,0,0,0,0,0,0,0,0,0,0,3,0,0,5,0,0,0,0,0,0,False,False,False,False,False,False,True,False,False,False,False,True,False
11.3,22.7,0,127.69000000000001,0.13734649525770934,256.51,0,0,0,0,0,0,0,0,1,0,0,1,1,0,0,0,0,0,0,0,0,0,0,1,0,1,0,1,0,0,0,0,0,0,0,0,0,0,0,0,0,0,0,0,2,0,0,5,0,0,0,0,0,0,False,False,True,False,False,False,False,False,False,False,False,False,True
3.8,35.6,0,14.44,0.019356929930758764,135.28,0,0,0,0,0,0,0,0,0,0,1,0,1,0,1,0,0,0,0,0,0,0,0,0,0,0,0,0,0,0,0,0,0,0,0,0,0,0,0,0,0,0,0,0,2,0,0,5,0,0,0,0,0,0,False,False,False,False,True,False,False,False,False,False,False,True,False
11.5,3.4,0,132.25,-1.3808459173788354,39.1,0,1,0,0,0,0,0,0,0,0,0,0,1,0,0,0,0,0,0,0,0,0,0,0,0,0,0,0,0,0,0,0,0,0,0,0,0,0,0,0,0,0,0,0,1,0,0,5,0,0,0,0,0,0,False,False,False,False,False,False,False,True,False,False,False,False,True
12.9,22.1,0,166.41,-0.014055024763285929,285.09000000000003,0,0,0,0,0,0,1,0,0,0,0,1,0,1,0,0,0,1,0,0,0,1,0,0,0,0,0,0,0,0,0,0,0,0,0,0,0,0,0,0,0,0,1,1,3,0,0,5,0,0,0,0,0,0,False,True,False,False,False,False,False,False,False,False,False,False,True
8.9,40.1,0,79.21000000000001,0.9051805729410226,356.89000000000004,0,0,1,0,0,0,0,0,0,0,0,0,1,1,0,0,0,1,0,0,0,0,0,0,0,0,0,0,0,0,0,0,0,0,0,0,0,0,0,0,0,0,1,0,2,0,0,5,1,0,0,0,0,0,False,False,False,True,False,False,False,False,False,False,False,False,True
7.3,39.9,0,53.29,0.7711551117576345,291.27,0,0,0,1,0,0,0,0,0,0,0,1,1,1,1,0,0,0,0,0,0,0,0,0,0,0,0,0,0,0,0,0,0,0,0,0,0,0,0,0,0,0,1,0,2,0,0,5,1,0,0,0,0,0,False,False,False,False,True,False,False,False,False,False,False,False,True
3.0,32.5,0,9.0,-0.49644577636514836,97.5,0,0,0,1,0,0,0,0,0,0,0,1,0,0,0,0,0,0,1,0,0,0,0,0,1,0,0,0,0,0,0,0,0,0,0,0,0,0,0,0,0,0,0,0,1,0,0,5,0,0,0,0,0,0,False,False,False,False,False,True,False,False,False,False,False,True,False
13.8,29.0,0,190.44000000000003,1.2794652840788434,400.20000000000005,0,0,0,0,0,0,0,0,0,0,1,0,0,0,0,0,0,0,0,0,0,0,1,0,0,0,1,0,0,0,0,0,0,0,0,0,0,0,0,0,0,0,0,0,1,0,0,5,0,0,0,0,0,0,True,False,False,False,False,False,False,False,False,False,False,False,True
6.0,37.7,0,36.0,0.44036171954714126,226.20000000000002,0,0,0,0,0,0,0,0,1,0,0,1,0,0,0,0,0,1,0,1,0,0,0,0,0,0,0,0,0,0,0,0,0,0,0,0,0,0,0,0,0,0,1,0,2,0,0,5,0,0,0,1,0,0,False,False,False,False,False,True,False,False,False,False,False,True,False
5.2,40.2,1,27.040000000000003,0.9222732856280578,209.04000000000002,0,1,0,0,0,0,0,0,0,0,0,0,0,0,0,0,0,0,0,0,0,0,1,1,0,0,1,0,0,0,0,0,0,0,0,0,0,0,0,0,0,0,0,0,2,0,1,5,0,0,0,0,0,0,False,False,False,True,False,False,False,False,False,False,False,True,False
5.5,21.9,0,30.25,-0.057712668054556986,120.44999999999999,0,0,0,1,0,0,0,0,0,0,0,1,1,1,0,0,0,0,1,0,1,0,0,0,0,0,0,0,0,0,0,0,0,0,0,0,0,0,0,0,0,0,2,0,3,0,0,5,1,0,0,0,0,0,False,True,False,False,False,False,False,False,False,False,False,True,False
0.5,30.8,0,0.25,-0.8027097654133966,15.4,0,0,0,0,0,0,0,0,0,0,1,0,1,0,1,0,1,0,0,0,1,0,0,0,0,0,0,0,0,0,0,0,0,0,0,0,0,0,0,0,0,0,1,1,2,0,0,5,0,0,1,0,0,0,False,False,False,False,False,True,False,False,False,False,True,False,False
12.7,42.1,0,161.29,1.1955973844563514,534.67,0,0,0,0,0,0,0,0,0,1,0,0,0,0,0,0,0,0,0,0,0,0,1,0,0,0,0,0,0,0,0,0,0,1,0,0,0,0,0,0,0,0,0,0,1,0,0,5,0,0,0,0,0,0,False,False,False,False,False,False,False,False,True,False,False,False,True
10.6,45.0,1,112.36,1.7554953195778542,477.0,0,0,0,1,0,0,0,0,0,0,0,1,0,0,0,0,0,0,0,0,0,0,0,0,0,0,0,0,0,0,0,0,0,0,0,0,0,0,0,0,0,0,0,0,0,0,2,5,0,0,0,0,0,0,False,False,False,False,False,True,False,False,False,False,False,False,True
0.9,10.0,0,0.81,-1.1248638768803931,9.0,0,0,1,0,0,0,0,0,0,0,0,0,1,0,0,0,0,0,0,0,0,0,0,0,1,1,0,0,0,0,0,0,0,0,0,0,0,0,0,0,0,0,0,0,1,0,0,5,0,0,0,0,0,0,False,False,False,False,False,False,True,False,False,False,True,False,False
4.4,45.0,1,19.360000000000003,1.7554953195778542,198.00000000000003,0,0,0,0,1,0,0,0,0,0,0,1,0,1,0,0,0,1,0,1,0,0,0,0,0,0,0,0,0,0,0,0,0,0,0,0,0,0,0,0,0,0,2,0,1,0,1,5,0,0,0,0,0,0,False,False,False,False,False,True,False,False,False,False,False,True,False
12.3,33.2,1,151.29000000000002,1.2374568867368578,408.36000000000007,0,1,0,0,0,0,0,0,0,0,0,0,0,1,0,0,1,0,1,0,1,0,0,0,0,0,0,0,0,0,0,0,0,0,0,0,0,0,0,0,0,0,2,1,1,0,1,5,0,0,0,0,0,0,False,False,False,False,False,False,True,False,False,False,False,False,True
0.8,15.0,0,0.6400000000000001,-1.5639013616033868,12.0,0,1,0,0,0,0,0,0,0,0,0,0,0,0,0,1,1,0,1,0,0,0,0,0,0,0,0,0,0,0,0,0,0,0,0,0,0,0,0,0,0,0,0,3,2,0,0,5,0,0,0,0,0,0,False,True,False,False,False,False,False,False,False,False,True,False,False
5.5,3.7,0,30.25,-1.226421630448986,20.35,0,1,0,0,0,0,0,0,0,0,0,0,0,0,0,0,1,0,0,1,1,0,0,0,0,0,0,0,0,0,0,0,0,0,0,0,0,0,0,0,0,0,3,1,0,0,0,5,0,0,0,0,0,0,False,False,False,False,False,False,False,True,False,False,False,True,False
1.2,8.0,0,1.44,0.9869931488788528,9.6,0,0,0,0,0,0,0,1,0,0,0,0,0,0,0,0,0,0,0,0,1,0,0,0,0,1,0,0,0,0,0,0,0,0,0,1,0,0,0,0,0,0,1,0,0,0,0,5,0,0,0,0,0,0,False,False,False,False,False,False,False,True,False,False,False,True,False
9.9,21.7,0,98.01,-0.2508048045799942,214.83,0,0,0,0,0,0,0,0,1,0,0,1,0,0,1,0,0,1,1,1,0,0,0,0,0,0,0,0,0,0,0,0,0,0,0,0,0,0,0,0,0,0,2,0,3,0,0,5,0,0,0,0,0,1,True,False,False,False,False,False,False,False,False,False,False,False,True
1.6,3.9,0,2.5600000000000005,-1.1876997920991381,6.24,0,0,0,0,0,0,1,0,0,0,0,1,1,0,0,0,0,1,0,0,0,1,0,0,0,0,0,0,0,0,0,0,0,0,0,0,0,0,0,1,0,0,0,1,2,0,0,5,0,0,0,0,0,0,False,False,False,False,False,False,False,False,False,True,False,True,False
5.3,19.4,0,28.09,-0.7329446955272994,102.82,0,0,0,0,0,0,0,0,1,0,0,1,0,1,0,1,0,0,0,1,0,0,0,0,0,0,0,0,0,0,0,0,0,0,0,0,0,0,0,0,0,0,3,1,1,0,0,5,0,0,0,1,0,0,True,False,False,False,False,False,False,False,False,False,False,True,False
2.0,45.0,0,4.0,1.6461349756701886,90.0,0,0,0,0,0,0,0,0,0,0,1,0,0,0,0,0,0,0,0,0,0,0,0,0,0,0,0,0,0,0,0,0,0,0,0,0,0,0,0,0,0,0,0,0,0,0,0,5,0,0,0,0,0,0,False,False,False,False,False,False,False,False,True,False,False,True,False
3.2,32.3,0,10.240000000000002,-0.5324768339002369,103.36,0,0,0,1,0,0,0,0,0,0,0,1,0,0,0,0,0,0,1,0,0,0,0,0,1,0,0,0,0,0,0,0,0,0,0,0,0,0,0,0,0,0,0,0,1,0,0,5,0,0,0,0,0,0,False,False,False,False,False,True,False,False,False,False,False,True,False
12.0,29.9,0,144.0,-0.9648495243212931,358.79999999999995,0,0,0,0,0,0,0,1,0,0,0,0,0,0,1,0,0,1,0,1,1,0,0,0,0,0,0,0,0,0,0,0,0,0,0,0,0,0,0,0,0,0,2,0,2,0,0,5,0,0,1,0,0,0,False,False,False,False,False,True,False,False,False,False,False,False,True
8.8,42.8,1,77.44000000000001,1.2781817925245973,376.64,0,0,0,0,0,1,0,0,0,0,0,1,1,0,1,0,0,1,0,0,0,0,0,0,0,0,0,0,0,0,0,0,0,0,0,0,0,0,0,0,0,0,0,0,3,0,0,5,0,0,0,0,0,0,False,False,False,False,True,False,False,False,False,False,False,False,True
1.0,9.8,0,1.0,-1.1452287110495074,9.8,0,0,1,0,0,0,0,0,0,0,0,0,1,0,0,0,0,0,0,0,0,0,0,0,1,1,0,0,0,0,0,0,0,0,0,0,0,0,0,0,0,0,0,0,1,0,0,5,0,0,0,0,0,0,False,False,False,False,False,False,True,False,False,False,True,False,False
4.9,15.0,0,24.010000000000005,-1.5639013616033868,73.5,0,1,0,0,0,0,0,0,0,0,0,0,1,0,0,0,1,1,1,1,0,0,0,0,0,0,0,0,0,0,0,0,0,0,0,0,0,0,0,0,0,0,1,1,3,0,0,5,0,1,0,0,0,0,False,True,False,False,False,False,False,False,False,False,False,True,False
9.7,25.0,0,94.08999999999999,-1.461020825804551,242.49999999999997,0,1,0,0,0,0,0,0,0,0,0,0,0,0,1,1,1,0,1,1,0,0,0,0,0,0,0,0,0,0,0,0,0,0,0,0,0,0,0,0,0,0,1,1,3,0,0,5,0,0,0,1,0,1,False,False,False,False,False,False,False,False,True,False,False,False,True
0.7,18.3,0,0.48999999999999994,-0.7980944994704736,12.81,0,1,0,0,0,0,0,0,0,0,0,0,0,0,0,0,0,0,0,0,0,0,0,0,0,0,1,0,0,0,0,0,0,0,0,0,0,0,0,0,0,0,0,0,0,0,0,5,0,0,0,0,0,0,False,False,True,False,False,False,False,False,False,False,True,False,False
10.9,7.7,0,118.81,0.7650696682481626,83.93,0,0,0,0,0,0,0,0,0,0,1,0,1,0,1,0,0,0,0,0,1,1,0,0,0,0,0,0,0,0,0,0,0,0,0,0,0,0,0,0,0,0,1,1,3,0,0,5,0,0,1,0,0,0,False,False,False,False,False,False,False,False,False,True,False,False,True
5.7,23.3,0,32.49,0.2649066309024619,132.81,0,0,1,0,0,0,0,0,0,0,0,0,0,0,0,1,1,0,0,0,0,0,0,0,0,0,0,0,0,0,0,0,0,0,0,0,0,0,0,0,0,0,0,3,1,0,0,5,0,0,0,0,0,0,False,False,True,False,False,False,False,False,False,False,False,True,False
4.6,7.6,1,21.159999999999997,0.7810940996390536,34.959999999999994,0,0,0,0,0,0,0,0,0,1,0,0,1,0,1,0,0,0,0,0,0,0,0,0,0,0,0,0,0,0,0,0,0,0,0,0,0,0,0,0,0,0,0,0,2,0,1,5,0,0,0,0,0,0,False,False,False,False,False,False,False,True,False,False,False,True,False
7.6,33.4,0,57.76,-0.15601538918516056,253.83999999999997,0,0,1,0,0,0,0,0,0,0,0,0,0,0,1,1,0,0,1,0,1,0,0,0,0,0,0,0,0,0,0,0,0,0,0,0,0,0,0,0,0,0,1,0,4,0,0,5,0,0,1,0,0,1,False,False,False,False,False,False,False,False,True,False,False,False,True
13.2,41.1,0,174.23999999999998,1.0402395943826146,542.52,0,0,0,1,0,0,0,0,0,0,0,1,0,0,0,1,1,0,1,0,1,0,0,0,0,0,0,0,0,0,0,0,0,0,0,0,0,0,0,0,0,0,1,1,2,0,0,5,0,0,0,0,0,0,False,False,False,False,False,False,False,False,True,False,False,False,True
6.0,16.4,0,36.0,-1.2582978585644942,98.39999999999999,0,0,0,0,0,0,0,1,0,0,0,0,1,0,0,0,1,0,1,1,1,0,0,0,0,0,0,0,0,0,0,0,0,0,0,0,0,0,0,0,0,0,2,1,2,0,0,5,0,1,0,0,0,0,False,True,False,False,False,False,False,False,False,False,False,True,False
9.9,28.4,0,98.01,1.3611607389117324,281.15999999999997,0,0,0,0,1,0,0,0,0,0,0,1,0,1,0,0,1,0,1,1,0,0,0,0,0,0,0,0,0,0,0,0,0,0,0,0,0,0,0,0,0,0,2,1,1,0,0,5,0,0,0,0,0,0,False,True,False,False,False,False,False,False,False,False,False,False,True
9.6,22.9,0,92.16,0.16057554840179522,219.83999999999997,0,0,0,0,0,0,0,0,0,0,1,0,0,1,0,0,1,0,0,1,0,0,0,0,0,0,0,0,0,0,0,0,0,0,0,0,0,0,0,0,0,0,3,2,0,0,0,5,0,0,0,0,0,0,False,True,False,False,False,False,False,False,False,False,False,False,True
7.1,19.4,1,50.41,-0.7329446955272994,137.73999999999998,0,1,0,0,0,0,0,0,0,0,0,0,0,0,0,0,0,1,0,0,0,0,0,0,0,0,0,0,0,0,0,0,0,0,0,0,0,0,0,0,0,0,0,0,1,0,0,5,0,0,0,0,0,0,True,False,False,False,False,False,False,False,False,False,False,False,True
2.9,22.7,1,8.41,0.16830309285836031,65.83,0,1,0,0,0,0,0,0,0,0,0,0,0,0,1,1,0,0,1,0,0,0,0,0,0,0,0,0,0,0,0,0,0,0,0,0,0,0,0,0,0,0,0,0,3,0,1,5,0,0,0,0,0,1,False,False,False,False,False,False,True,False,False,False,False,True,False
1.6,26.6,0,2.5600000000000005,0.9682419492902989,42.56,0,0,0,0,0,0,1,0,0,0,0,1,1,0,1,0,0,0,0,0,0,0,0,0,0,0,0,0,0,0,0,0,0,0,0,0,0,0,0,1,0,0,0,0,2,0,0,5,0,0,0,0,0,0,False,True,False,False,False,False,False,False,False,False,False,True,False
7.9,19.8,0,62.410000000000004,-0.47919416035859297,156.42000000000002,0,0,0,0,0,0,0,1,0,0,0,0,0,0,0,1,1,0,0,0,0,1,0,0,0,0,0,0,0,0,0,0,0,0,0,0,0,0,0,0,0,0,0,2,1,0,0,5,0,0,0,0,1,0,False,False,True,False,False,False,False,False,False,False,False,False,True
3.2,7.0,0,10.240000000000002,0.4053489781841861,22.400000000000002,0,1,0,0,0,0,0,0,0,0,0,0,1,0,0,0,1,1,0,0,0,0,0,0,0,0,0,0,0,0,0,0,0,0,0,0,0,0,0,0,0,0,0,1,2,0,0,5,0,0,0,0,0,0,False,False,False,False,False,False,False,False,False,True,False,True,False
13.9,42.8,0,193.21,1.3043478375079667,594.92,0,1,0,0,0,0,0,0,0,0,0,0,0,0,0,0,0,1,0,0,0,0,0,1,0,0,0,1,0,0,0,1,1,0,0,0,0,0,0,0,0,0,0,0,2,0,0,5,0,0,0,0,0,0,False,False,False,False,False,False,False,False,True,False,False,False,True
2.9,33.1,0,8.41,-0.20262272620728122,95.99,0,0,0,0,0,0,0,0,1,0,0,1,0,0,0,1,0,0,1,1,0,0,0,0,0,0,0,0,0,0,0,0,0,0,0,0,0,0,0,0,0,0,1,0,2,1,0,5,0,0,0,1,0,0,False,False,False,False,False,False,False,False,True,False,False,True,False
1.7,34.4,0,2.8899999999999997,-0.19044721383488164,58.48,0,0,1,0,0,0,0,0,0,0,0,0,1,0,0,1,0,0,0,0,0,0,0,0,0,0,0,0,0,0,0,1,0,0,0,0,0,0,0,0,0,0,0,0,2,0,0,5,0,0,0,0,0,0,False,False,False,False,True,False,False,False,False,False,False,True,False
4.7,32.9,1,22.090000000000003,-0.23369428422202906,154.63,0,1,0,0,0,0,0,0,0,0,0,0,0,0,0,0,0,0,0,0,0,0,0,0,0,0,0,0,0,0,0,0,0,0,0,0,0,0,0,0,0,0,0,0,0,0,3,5,0,0,0,0,0,0,False,False,False,False,False,False,False,False,True,False,False,True,False
1.7,28.1,0,2.8899999999999997,1.2956742739748273,47.77,0,0,0,0,0,0,1,0,0,0,0,1,1,0,1,0,0,0,0,0,0,0,0,0,0,0,0,0,0,0,0,0,0,0,0,0,0,0,0,1,0,0,0,0,2,0,0,5,0,0,0,0,0,0,False,True,False,False,False,False,False,False,False,False,False,True,False
15.0,45.0,0,225.0,1.7427234946057353,675.0,0,0,0,0,0,0,0,0,0,0,1,0,0,0,1,0,1,0,1,0,1,0,0,0,0,0,0,0,0,0,0,0,0,0,0,0,0,0,0,0,0,0,2,1,2,0,0,5,0,0,1,0,0,1,False,False,False,True,False,False,False,False,False,False,False,False,True
13.8,23.3,0,190.44000000000003,0.22939759536570314,321.54,0,0,0,1,0,0,0,0,0,0,0,1,1,0,0,0,0,0,0,0,0,0,0,0,0,1,0,0,0,0,0,0,0,1,0,0,0,0,0,0,0,0,0,0,1,0,0,5,0,0,0,0,0,0,False,False,False,False,False,False,True,False,False,False,False,False,True
6.4,35.8,0,40.96000000000001,0.17019392739851863,229.12,0,1,0,0,0,0,0,0,0,0,0,0,0,0,0,0,0,0,1,1,0,0,0,0,0,0,0,0,0,0,0,0,0,0,0,0,0,0,0,0,0,0,2,0,1,0,0,5,0,0,0,0,0,0,False,False,False,True,False,False,False,False,False,False,False,True,False
2.6,8.3,0,6.760000000000001,1.1414174358087024,21.580000000000002,0,0,0,0,0,0,0,0,1,0,0,1,1,1,0,0,1,1,0,0,0,0,0,0,0,0,0,0,0,0,0,0,0,0,0,0,0,0,0,0,0,0,1,1,2,0,0,5,1,0,0,0,0,0,False,False,False,False,False,False,False,True,False,False,False,True,False
8.6,25.0,0,73.96,-1.8339130066657272,215.0,0,0,0,0,0,0,1,0,0,0,0,1,0,0,1,0,1,0,0,0,0,1,0,0,0,0,0,0,0,0,0,0,0,0,0,0,0,0,0,0,0,0,0,3,2,0,0,5,0,0,0,0,1,0,False,False,False,False,True,False,False,False,False,False,False,False,True
14.2,41.6,0,201.64,1.142967341481358,590.72,0,1,0,0,0,0,0,0,0,0,0,0,0,0,0,0,1,0,0,0,0,0,0,0,0,0,0,0,0,0,0,0,0,0,0,0,0,0,0,0,0,0,0,1,1,0,0,5,0,0,0,0,0,0,False,False,False,False,False,True,False,False,False,False,False,False,True
1.9,28.6,0,3.61,1.3916878290977737,54.34,0,0,0,1,0,0,0,0,0,0,0,1,0,0,1,0,1,0,0,0,0,0,0,0,0,0,0,0,0,0,0,0,0,0,0,0,0,0,0,0,0,0,0,1,1,0,0,5,0,0,0,0,0,0,False,False,True,False,False,False,False,False,False,False,False,True,False
11.4,42.6,0,129.96,1.3231226291567981,485.64000000000004,0,0,0,0,1,0,0,0,0,0,0,1,0,1,0,0,0,1,0,0,0,1,0,0,0,0,0,0,0,0,0,0,0,0,0,0,0,0,0,0,0,0,2,1,1,0,0,5,0,0,0,0,0,0,False,False,False,False,False,True,False,False,False,False,False,False,True
11.9,18.8,0,141.61,-0.6917943864331801,223.72000000000003,0,1,0,0,0,0,0,0,0,0,0,0,1,1,0,0,0,1,0,0,0,0,0,0,0,0,0,0,0,0,0,0,0,0,0,0,0,0,0,0,0,0,1,0,2,0,0,5,1,0,0,0,0,0,False,False,True,False,False,False,False,False,False,False,False,False,True
9.2,29.0,1,84.63999999999999,1.2794652840788434,266.79999999999995,0,0,0,0,0,1,0,0,0,0,0,1,0,1,0,0,0,0,0,0,0,0,0,0,0,0,0,0,0,0,0,0,0,0,0,0,0,0,0,0,0,1,1,0,0,0,0,5,0,0,0,0,0,0,True,False,False,False,False,False,False,False,False,False,False,False,True
13.5,32.5,0,182.25,-0.5226371081304779,438.75,0,0,0,0,0,0,0,0,0,1,0,0,0,0,1,1,0,0,0,1,0,0,0,0,0,0,0,0,0,0,0,0,0,0,0,0,0,0,0,0,0,0,3,0,2,0,0,5,0,0,0,1,0,0,False,False,False,False,True,False,False,False,False,False,False,False,True
2.8,26.1,0,7.839999999999999,0.8590978410621228,73.08,0,0,1,0,0,0,0,0,0,0,0,0,0,0,0,0,0,1,0,0,0,1,0,0,0,0,0,0,0,0,0,0,0,0,0,0,0,0,0,0,0,0,0,3,1,0,0,5,0,0,0,0,0,0,False,True,False,False,False,False,False,False,False,False,False,True,False
15.0,12.6,0,225.0,-0.8601210326819082,189.0,0,0,1,0,0,0,0,0,0,0,0,0,0,1,0,0,0,1,1,0,0,1,0,0,0,0,0,0,0,0,0,0,0,0,0,0,0,0,0,0,0,0,1,1,2,0,0,5,0,0,0,0,0,0,False,False,False,False,False,False,True,False,False,False,False,False,True
3.6,30.7,0,12.96,-0.7015344196402639,110.52,0,0,1,0,0,0,0,0,0,0,0,0,0,0,1,0,0,1,0,0,1,0,0,0,0,0,0,0,0,0,0,0,0,0,0,0,0,0,0,0,0,0,2,0,2,0,0,5,0,0,1,0,0,0,False,False,False,True,False,False,False,False,False,False,False,True,False
2.2,15.0,0,4.840000000000001,-1.5639013616033868,33.0,0,0,0,0,0,0,0,0,0,1,0,0,0,1,0,0,1,0,1,0,0,1,0,0,0,0,0,0,0,0,0,0,0,0,0,0,0,0,0,0,0,0,2,2,1,0,0,5,0,0,0,0,1,0,False,True,False,False,False,False,False,False,False,False,False,True,False
12.4,32.2,0,153.76000000000002,-0.5504923626677799,399.28000000000003,0,0,1,0,0,0,0,0,0,0,0,0,0,0,0,0,0,0,1,0,0,0,0,1,0,0,0,0,0,0,0,0,0,0,0,0,0,0,0,0,1,0,0,0,2,0,0,5,0,0,0,0,0,0,False,False,False,False,False,True,False,False,False,False,False,False,True
3.9,33.3,0,15.209999999999999,-0.25712388977735534,129.86999999999998,0,1,0,0,0,0,0,0,0,0,0,0,0,1,0,0,1,1,0,0,1,0,0,0,0,0,0,0,0,0,0,0,0,0,0,0,0,0,0,0,0,0,2,1,1,0,0,5,0,0,0,0,0,0,False,False,False,True,False,False,False,False,False,False,False,True,False
8.7,39.6,0,75.68999999999998,0.7826567661304774,344.52,0,0,0,0,0,0,0,0,0,1,0,0,0,0,0,1,0,0,0,1,0,1,0,0,0,0,0,0,0,0,0,0,0,0,0,0,0,0,0,0,0,0,1,1,2,0,0,5,0,0,0,1,0,0,False,False,False,False,False,True,False,False,False,False,False,False,True
13.4,37.7,0,179.56,0.49495546845218386,505.18000000000006,0,0,0,0,0,0,0,0,0,1,0,0,1,1,0,0,1,0,0,0,0,0,1,0,0,0,0,0,0,0,0,0,0,0,0,0,0,0,0,0,0,0,1,1,2,0,0,5,1,0,0,0,0,0,False,False,False,True,False,False,False,False,False,False,False,False,True
12.2,25.0,1,148.83999999999997,-1.8339130066657272,305.0,0,0,0,0,0,1,0,0,0,0,0,1,1,0,1,1,0,0,0,0,1,0,0,0,0,0,0,0,0,0,0,0,0,0,0,0,0,0,0,0,0,0,1,0,4,0,0,5,0,0,1,0,0,0,False,False,False,False,True,False,False,False,False,False,False,False,True
5.6,24.2,0,31.359999999999996,-1.5853070578635406,135.51999999999998,0,0,0,0,1,0,0,0,0,0,0,1,0,0,0,0,0,0,0,0,0,0,1,0,1,0,0,0,1,1,1,0,0,0,0,0,0,0,0,0,0,0,0,0,1,0,0,5,0,0,0,0,0,0,False,False,False,False,False,False,False,False,True,False,False,True,False
0.5,31.9,0,0.25,-0.6275391800132981,15.95,0,0,0,0,0,0,0,1,0,0,0,0,1,0,0,1,0,0,0,1,0,0,0,0,0,0,0,0,0,0,0,0,0,0,0,0,0,0,0,0,0,0,1,0,4,0,0,5,0,1,0,1,0,0,False,False,False,False,True,False,False,False,False,False,True,False,False
1.0,45.0,0,1.0,1.7427234946057353,45.0,0,0,0,0,1,0,0,0,0,0,0,1,1,1,1,0,0,0,0,0,0,0,0,0,1,0,0,0,0,0,0,0,0,0,0,0,0,0,0,0,0,0,1,0,2,0,0,5,1,0,0,0,0,0,False,False,False,True,False,False,False,False,False,False,True,False,False
2.3,25.0,0,5.289999999999999,-1.461020825804551,57.49999999999999,0,0,1,0,0,0,0,0,0,0,0,0,1,0,0,0,1,1,0,0,0,1,0,0,0,0,0,0,0,0,0,0,0,0,0,0,0,0,0,1,0,0,0,2,2,0,0,5,0,0,0,0,1,0,False,False,False,False,False,False,False,False,True,False,False,True,False
3.9,35.1,0,15.209999999999999,-0.06806146330492453,136.89000000000001,0,0,0,1,0,0,0,0,0,0,0,1,0,0,0,0,1,1,0,0,0,0,0,0,0,0,0,1,0,0,0,0,0,0,1,1,0,0,0,0,0,0,0,1,1,0,0,5,0,0,0,0,0,0,False,False,False,False,True,False,False,False,False,False,False,True,False
7.7,8.9,0,59.290000000000006,1.4502660096684006,68.53,0,0,0,1,0,0,0,0,0,0,0,1,0,1,0,0,1,0,1,1,0,1,0,0,0,0,0,0,0,0,0,0,0,0,0,0,0,0,0,0,0,0,2,2,1,0,0,5,0,0,0,0,1,0,False,False,False,False,False,False,False,True,False,False,False,False,True
7.7,30.6,0,59.290000000000006,-0.7186271323272985,235.62,0,0,0,0,0,0,0,0,0,1,0,0,1,1,0,0,0,0,0,0,0,1,0,0,0,0,0,0,0,0,0,0,0,0,0,0,0,0,0,0,0,0,2,2,2,0,0,5,1,0,0,0,0,0,False,False,False,True,False,False,False,False,False,False,False,False,True
10.9,45.0,0,118.81,1.7427234946057353,490.5,0,0,0,0,1,0,0,0,0,0,0,1,0,0,1,0,1,0,0,0,0,0,0,0,0,0,0,0,0,0,0,0,0,0,0,0,0,0,0,0,0,0,0,1,1,0,0,5,0,0,0,0,0,0,False,False,False,True,False,False,False,False,False,False,False,False,True
6.3,28.2,0,39.69,1.3066477386679385,177.66,0,0,0,1,0,0,0,0,0,0,0,1,1,1,1,0,0,1,1,0,0,0,0,0,0,0,0,0,0,0,0,0,0,0,0,0,0,0,0,0,0,0,1,0,4,0,0,5,1,0,0,0,0,1,False,False,True,False,False,False,False,False,False,False,False,True,False
6.1,44.2,0,37.209999999999994,1.5218487436111994,269.62,0,0,0,1,0,0,0,0,0,0,0,1,0,0,1,0,0,0,1,1,0,1,0,0,0,0,0,0,0,0,0,0,0,0,0,0,0,0,0,0,0,0,1,2,2,0,0,5,0,0,0,0,0,1,False,False,False,False,False,False,False,False,True,False,False,True,False
15.0,29.8,0,225.0,1.4471661157126887,447.0,0,0,0,0,0,0,0,0,0,0,1,0,0,0,0,0,0,0,0,0,0,0,1,0,0,0,1,0,0,0,0,0,0,0,0,0,0,0,0,0,0,0,0,0,1,0,0,5,0,0,0,0,0,0,True,False,False,False,False,False,False,False,False,False,False,False,True
1.4,36.1,0,1.9599999999999997,0.2634506440139297,50.54,0,0,0,1,0,0,0,0,0,0,0,1,0,1,1,0,0,0,0,0,0,0,0,1,0,0,0,0,0,0,0,0,0,0,0,0,0,0,0,0,0,1,1,0,2,0,0,5,0,0,0,0,0,0,False,False,False,False,False,False,False,False,True,False,False,True,False
7.8,6.2,0,60.839999999999996,0.0604474272997575,48.36,0,0,0,1,0,0,0,0,0,0,0,1,0,0,1,0,0,1,0,0,0,0,0,0,0,0,0,0,0,0,0,0,0,0,0,0,0,0,0,0,0,0,1,0,3,0,0,5,0,0,0,0,0,0,False,False,False,False,False,False,False,True,False,False,False,False,True
5.5,38.4,0,30.25,0.5664704209199487,211.2,0,1,0,0,0,0,0,0,0,0,0,0,0,0,0,0,0,0,0,0,0,0,1,0,0,0,0,0,0,0,0,0,0,0,0,0,0,0,0,0,0,0,1,0,1,0,0,5,0,0,0,0,0,0,False,False,False,False,False,True,False,False,False,False,False,True,False
3.8,4.6,1,14.44,-0.7631487696594387,17.479999999999997,0,0,0,0,0,1,0,0,0,0,0,1,1,0,0,1,1,0,0,0,0,0,0,0,0,0,0,0,0,0,0,0,0,0,0,0,0,0,0,0,0,0,0,1,3,0,0,5,0,0,0,0,0,0,False,False,False,False,False,False,False,True,False,False,False,True,False
10.6,43.0,0,112.36,1.3131491498188712,455.8,0,0,0,0,1,0,0,0,0,0,0,1,1,1,0,0,0,1,0,0,0,0,0,0,0,0,0,0,0,0,0,0,0,0,0,0,0,0,0,0,0,0,1,0,2,0,0,5,1,0,0,0,0,0,False,False,False,False,True,False,False,False,False,False,False,False,True
8.9,6.4,0,79.21000000000001,0.09701695812934934,56.96000000000001,0,0,0,0,0,0,0,0,1,0,0,1,0,0,0,0,0,0,1,0,1,1,0,0,0,0,0,0,0,0,0,0,0,0,0,0,0,0,0,0,0,0,1,1,1,0,0,5,0,0,0,0,0,0,False,False,False,False,False,False,False,False,False,True,False,False,True
1.5,25.4,0,2.25,-1.607448192053117,38.099999999999994,0,1,0,0,0,0,0,0,0,0,0,0,1,1,0,0,0,0,0,1,0,0,0,0,0,0,0,0,0,0,0,0,0,0,0,0,0,0,0,0,0,0,2,0,1,0,0,5,1,1,0,0,0,0,False,False,False,True,False,False,False,False,False,False,False,True,False
6.9,34.6,0,47.61000000000001,-0.1554798565406078,238.74,0,0,0,0,0,0,0,0,0,1,0,0,1,0,1,1,1,0,0,0,0,0,0,0,0,0,0,0,0,0,0,0,0,0,0,0,0,0,0,0,0,0,0,1,3,0,0,5,0,0,0,0,0,0,False,False,False,False,True,False,False,False,False,False,False,True,False
6.6,27.9,1,43.559999999999995,1.2428676708455622,184.14,0,0,0,0,0,1,0,0,0,0,0,1,0,1,0,0,1,0,0,0,1,1,0,0,0,0,0,0,0,0,0,0,0,0,0,0,0,0,0,0,0,0,2,2,0,0,0,5,0,0,0,0,1,0,False,False,True,False,False,False,False,False,False,False,False,True,False
6.7,25.5,1,44.89,0.5457741456807707,170.85,0,0,0,0,0,0,0,0,0,1,0,0,0,0,0,0,0,1,0,0,0,0,0,0,0,0,0,0,0,0,0,0,0,0,0,0,0,0,0,0,0,0,0,0,1,0,1,5,0,0,0,0,0,0,True,False,False,False,False,False,False,False,False,False,False,True,False
1.8,43.4,0,3.24,1.3975625115522092,78.12,0,1,0,0,0,0,0,0,0,0,0,0,0,0,0,0,0,0,0,0,0,0,0,0,0,0,0,0,0,0,0,0,0,0,0,0,0,0,0,0,0,0,0,0,0,0,0,5,0,0,0,0,0,0,False,False,False,False,False,False,False,False,True,False,False,True,False
13.7,27.3,1,187.68999999999997,1.1210437008097454,374.01,0,0,0,0,0,0,0,0,0,0,1,0,0,1,0,0,0,1,0,1,0,0,0,0,0,0,0,0,0,0,0,0,0,0,0,0,0,0,0,0,0,0,2,0,1,0,1,5,0,0,0,0,0,0,False,True,False,False,False,False,False,False,False,False,False,False,True
12.2,17.2,1,148.83999999999997,-0.391729846792281,209.83999999999997,0,0,1,0,0,0,0,0,0,0,0,0,0,0,0,0,0,0,0,1,0,0,0,0,0,0,0,0,0,0,0,0,0,0,0,0,0,0,0,0,0,0,1,1,0,0,3,5,0,0,0,0,0,0,False,False,False,False,False,False,True,False,False,False,False,False,True
3.4,31.2,0,11.559999999999999,-0.7306476503432208,106.08,0,1,0,0,0,0,0,0,0,0,0,0,1,0,0,1,0,1,1,1,0,0,0,0,0,0,0,0,0,0,0,0,0,0,0,0,0,0,0,0,0,0,1,0,4,0,0,5,0,1,0,1,0,0,False,False,False,False,False,True,False,False,False,False,False,True,False
0.8,23.7,0,0.6400000000000001,0.16844727450461883,18.96,0,0,0,0,0,0,0,1,0,0,0,0,1,0,0,0,0,0,0,1,1,0,0,0,0,0,0,0,0,0,0,0,0,0,0,0,0,0,0,0,0,0,3,0,1,0,0,5,0,1,0,0,0,0,True,False,False,False,False,False,False,False,False,False,True,False,False
11.5,45.0,0,132.25,1.6461349756701886,517.5,0,1,0,0,0,0,0,0,0,0,0,0,0,0,0,0,0,0,0,0,0,0,1,0,1,0,0,0,0,0,0,0,0,1,0,0,0,0,0,0,0,0,0,0,1,0,0,5,0,0,0,0,0,0,False,False,False,False,False,False,False,False,True,False,False,False,True
9.9,6.9,0,98.01,0.35396030817504676,68.31,0,0,1,0,0,0,0,0,0,0,0,0,1,0,0,0,1,1,0,0,0,0,0,0,0,0,0,0,0,0,0,0,0,0,1,0,0,0,0,0,0,0,0,1,2,0,0,5,0,0,0,0,0,0,False,False,False,False,False,False,False,False,False,True,False,False,True
6.6,40.0,0,43.559999999999995,0.8547188812006532,264.0,0,0,0,1,0,0,0,0,0,0,0,1,0,0,0,1,0,0,0,0,0,0,0,0,0,0,0,0,0,0,0,0,0,0,0,0,0,0,0,0,0,0,0,0,1,0,0,5,0,0,0,0,0,0,False,False,False,False,False,True,False,False,False,False,False,True,False
2.7,10.0,0,7.290000000000001,1.9470090784583707,27.0,0,0,0,0,0,0,0,0,0,0,1,0,0,0,1,0,0,0,1,0,0,1,0,0,0,0,0,0,0,0,0,0,0,0,0,0,0,0,0,0,0,0,0,1,3,0,0,5,0,0,0,0,0,1,False,False,False,False,False,False,False,False,False,True,False,True,False
5.3,29.9,0,28.09,-0.69976765444324,158.47,0,0,0,0,0,0,0,0,0,0,1,0,1,0,1,0,0,1,0,0,0,1,0,0,0,0,0,0,0,0,0,0,0,0,0,0,0,0,0,0,0,0,0,1,3,0,0,5,0,0,0,0,0,0,False,False,False,False,False,False,False,False,True,False,False,True,False
9.2,16.9,0,84.63999999999999,-1.149153750336318,155.47999999999996,0,0,0,1,0,0,0,0,0,0,0,1,0,0,0,1,0,0,0,0,1,1,0,0,0,0,0,0,0,0,0,0,0,0,0,0,0,0,0,0,0,0,1,1,2,0,0,5,0,0,0,0,0,0,False,True,False,False,False,False,False,False,False,False,False,False,True
7.1,35.3,0,50.41,0.08473036396334384,250.62999999999997,0,0,0,0,0,0,0,0,0,0,1,0,0,0,0,0,0,0,0,0,0,0,0,1,0,0,0,0,0,0,0,0,0,0,0,0,0,0,0,0,0,0,0,0,1,0,0,5,0,0,0,0,0,0,False,False,False,True,False,False,False,False,False,False,False,False,True
9.1,31.1,1,82.80999999999999,1.0236261279611583,283.01,0,0,0,0,0,1,0,0,0,0,0,1,0,1,0,0,1,0,1,0,0,0,0,0,0,0,0,0,0,0,0,0,0,0,0,0,0,0,0,0,0,0,1,1,1,0,0,5,0,0,0,0,0,0,False,False,False,False,False,False,True,False,False,False,False,False,True
8.2,3.0,0,67.24,-1.6501978221813933,24.599999999999998,0,1,0,0,0,0,0,0,0,0,0,0,1,0,0,1,0,1,0,0,0,0,0,0,0,0,0,0,0,0,0,0,0,0,0,0,0,0,0,0,0,0,0,0,4,0,0,5,0,0,0,0,0,0,False,False,False,False,False,False,False,False,False,True,False,False,True
10.0,26.9,0,100.0,1.033728414227204,269.0,0,0,0,0,0,0,1,0,0,0,0,1,0,0,0,0,1,0,0,0,0,0,0,0,0,0,0,0,0,0,0,0,0,0,0,0,0,0,0,0,1,0,0,1,0,1,0,5,0,0,0,0,0,0,False,True,False,False,False,False,False,False,False,False,False,False,True
3.6,23.7,0,12.96,0.34994672133229643,85.32,0,0,0,0,0,0,0,0,0,1,0,0,1,1,0,0,0,0,0,1,0,0,0,0,0,0,0,0,0,0,0,0,0,0,0,0,0,0,0,0,0,0,2,0,1,0,0,5,1,1,0,0,0,0,False,False,True,False,False,False,False,False,False,False,False,True,False
8.1,30.8,0,65.61,-0.5599456433768764,249.48,0,1,0,0,0,0,0,0,0,0,0,0,0,1,0,0,0,1,0,1,0,1,0,0,0,0,0,0,0,0,0,0,0,0,0,0,0,0,0,0,0,0,2,1,1,0,0,5,0,0,0,0,0,0,False,False,False,False,False,False,False,False,True,False,False,False,True
13.2,27.9,0,174.23999999999998,-1.3251600996721735,368.28,0,0,1,0,0,0,0,0,0,0,0,0,0,0,0,0,0,0,1,0,0,0,0,1,0,0,0,0,0,0,0,0,0,0,0,0,0,0,0,0,1,0,0,0,2,0,0,5,0,0,0,0,0,0,False,False,False,False,False,True,False,False,False,False,False,False,True
13.2,41.1,0,174.23999999999998,1.076107699811372,542.52,0,0,0,0,0,0,0,0,0,1,0,0,0,1,0,0,0,0,0,0,0,0,0,1,0,0,1,0,0,0,0,0,0,0,0,0,0,0,0,0,0,0,1,0,1,0,0,5,0,0,0,0,0,0,False,False,False,True,False,False,False,False,False,False,False,False,True
8.9,29.9,0,79.21000000000001,-0.9772127529560313,266.11,0,0,0,1,0,0,0,0,0,0,0,1,0,1,1,1,0,0,0,0,0,0,0,0,0,0,0,0,0,0,0,0,0,0,0,0,0,0,0,0,0,0,1,0,3,0,0,5,0,0,0,0,0,0,False,False,False,False,True,False,False,False,False,False,False,False,True
11.5,19.1,0,132.25,-0.6280143186108038,219.65,0,1,0,0,0,0,0,0,0,0,0,0,0,1,0,0,0,0,1,0,0,0,0,0,0,0,0,0,0,0,0,0,0,0,0,0,0,0,0,0,0,0,1,0,1,1,0,5,0,0,0,0,0,0,False,False,True,False,False,False,False,False,False,False,False,False,True
7.9,29.7,1,62.410000000000004,1.6449354203049904,234.63,0,0,0,0,0,1,0,0,0,0,0,1,1,1,0,1,1,1,0,0,0,0,0,0,0,0,0,0,0,0,0,0,0,0,0,0,0,0,0,0,0,0,1,1,3,0,0,5,1,0,0,0,0,0,False,True,False,False,False,False,False,False,False,False,False,False,True
6.9,26.6,0,47.61000000000001,0.7763627891773082,183.54000000000002,0,1,0,0,0,0,0,0,0,0,0,0,0,0,1,1,0,0,1,1,0,1,0,0,0,0,0,0,0,0,0,0,0,0,0,0,0,0,0,0,0,0,1,1,3,0,0,5,0,0,0,1,0,1,True,False,False,False,False,False,False,False,False,False,False,True,False
11.5,7.5,0,132.25,0.7296193373291041,86.25,0,0,0,0,0,0,1,0,0,0,0,1,0,0,0,0,0,0,0,0,0,0,0,0,0,0,0,0,0,0,0,0,0,0,0,0,0,0,0,0,0,0,0,0,0,0,0,5,0,0,0,0,0,0,False,False,False,False,False,False,False,True,False,False,False,False,True
15.0,26.5,0,225.0,0.7554001852230772,397.5,0,0,0,0,0,0,1,0,0,0,0,1,0,0,0,1,1,0,1,1,0,0,0,0,0,0,0,0,0,0,0,0,0,0,0,0,0,0,0,0,0,0,1,1,3,0,0,5,0,0,0,1,0,0,True,False,False,False,False,False,False,False,False,False,False,False,True
6.1,25.4,0,37.209999999999994,-1.607448192053117,154.93999999999997,0,1,0,0,0,0,0,0,0,0,0,0,0,1,1,0,0,0,0,1,0,0,0,0,0,0,0,0,0,0,0,0,0,1,0,0,0,0,0,0,0,0,2,0,1,0,0,5,0,0,0,0,0,0,False,False,False,True,False,False,False,False,False,False,False,True,False
10.4,5.5,1,108.16000000000001,-0.36548107195290624,57.2,0,0,0,0,0,1,0,0,0,0,0,1,1,0,0,0,1,1,0,0,0,0,0,0,0,0,0,0,0,0,0,0,0,0,1,0,0,0,0,0,0,0,0,1,2,0,0,5,0,0,0,0,0,0,False,False,False,False,False,False,False,False,False,True,False,False,True
11.4,6.1,0,129.96,-0.057149051898069486,69.53999999999999,0,0,0,0,1,0,0,0,0,0,0,1,1,0,0,0,0,1,0,0,0,0,1,0,1,0,0,0,0,0,0,0,0,0,0,1,0,0,0,0,0,0,0,0,3,0,0,5,0,0,0,0,0,0,False,False,False,False,False,False,False,False,False,True,False,False,True
2.1,41.9,0,4.41,1.1208286847003677,87.99,0,0,0,1,0,0,0,0,0,0,0,1,1,0,0,1,0,0,1,1,0,0,0,0,0,0,0,0,0,0,0,0,0,0,0,0,0,0,0,0,0,0,1,0,3,0,0,5,0,1,0,1,0,0,False,False,False,False,True,False,False,False,False,False,False,True,False
0.5,32.2,0,0.25,-0.5504923626677799,16.1,0,0,1,0,0,0,0,0,0,0,0,0,0,1,0,0,0,0,1,0,1,0,0,0,0,0,0,0,0,0,0,0,0,0,0,0,0,0,0,0,0,0,3,0,1,0,0,5,0,0,0,0,0,0,False,False,False,False,False,True,False,False,False,False,True,False,False
5.9,16.3,0,34.81,-0.4833716005532949,96.17000000000002,0,0,0,0,0,0,0,1,0,0,0,0,1,0,0,0,0,0,1,1,0,1,0,0,0,0,0,0,0,0,0,0,0,0,0,0,0,0,0,0,0,0,1,1,2,0,0,5,0,1,0,0,0,0,False,False,False,False,False,False,True,False,False,False,False,True,False
10.8,20.2,0,116.64000000000001,-0.42880263603035557,218.16,0,0,1,0,0,0,0,0,0,0,0,0,0,0,0,1,0,0,0,0,0,1,0,0,0,0,0,1,0,0,0,0,0,0,1,0,0,0,0,0,0,0,0,1,1,0,0,5,0,0,0,0,0,0,False,True,False,False,False,False,False,False,False,False,False,False,True
9.7,3.4,1,94.08999999999999,-1.3808459173788354,32.98,0,0,0,0,0,1,0,0,0,0,0,1,0,0,0,0,0,0,0,1,0,0,0,1,0,0,0,0,0,0,0,0,0,0,0,0,0,0,0,0,0,0,2,0,2,0,0,5,0,0,0,1,0,0,False,False,False,False,False,False,False,True,False,False,False,False,True
10.7,27.2,0,114.48999999999998,1.0940475125933513,291.03999999999996,0,0,1,0,0,0,0,0,0,0,0,0,1,1,0,0,0,0,0,0,0,0,0,0,0,0,0,0,0,0,0,0,0,0,0,0,0,0,0,0,0,0,2,0,2,0,0,5,1,0,0,0,0,0,False,False,True,False,False,False,False,False,False,False,False,False,True
7.7,16.3,1,59.290000000000006,-1.3827854181084491,125.51,0,0,0,0,0,1,0,0,0,0,0,1,0,0,0,0,0,0,0,0,0,0,0,0,0,0,0,0,0,0,0,0,0,0,0,0,0,0,0,0,0,0,0,0,0,0,0,5,0,0,0,0,0,0,True,False,False,False,False,False,False,False,False,False,False,False,True
10.0,35.5,1,100.0,0.0018732512836218559,355.0,0,0,0,0,0,1,0,0,0,0,0,1,0,0,1,1,0,0,1,0,1,0,0,0,0,0,0,0,0,0,0,0,0,0,0,0,0,0,0,0,0,0,1,0,4,0,0,5,0,0,1,0,0,1,False,False,False,False,True,False,False,False,False,False,False,False,True
1.8,21.1,1,3.24,-0.23234324121963812,37.980000000000004,0,0,0,0,0,1,0,0,0,0,0,1,1,0,1,0,0,0,0,1,1,0,0,0,0,0,0,0,0,0,0,0,0,0,0,0,0,0,0,0,0,0,2,0,3,0,0,5,0,1,1,0,0,0,False,True,False,False,False,False,False,False,False,False,False,True,False
12.8,8.1,1,163.84000000000003,1.0384679111888024,103.68,0,1,0,0,0,0,0,0,0,0,0,0,0,0,0,1,0,0,1,1,0,0,0,0,0,0,0,0,0,0,0,0,0,0,0,0,0,0,0,0,0,0,1,0,2,0,0,5,0,0,0,1,0,0,False,False,False,False,False,False,False,True,False,False,False,False,True
1.0,25.7,0,1.0,0.7717825544795816,25.7,0,0,0,0,0,0,0,0,0,0,1,0,0,0,0,0,0,0,0,0,0,0,0,0,0,0,0,0,0,0,0,0,0,0,0,0,0,0,0,0,0,0,0,0,0,1,0,5,0,0,0,0,0,0,False,True,False,False,False,False,False,False,False,False,True,False,False
5.8,41.0,1,33.64,1.0247038153752406,237.79999999999998,0,0,0,0,0,0,0,0,0,1,0,0,1,0,1,0,0,0,0,0,0,0,0,0,0,0,0,0,0,0,0,0,0,0,0,0,0,0,0,0,0,0,0,0,2,0,1,5,0,0,0,0,0,0,False,False,False,False,False,False,False,False,True,False,False,True,False
3.4,15.9,1,11.559999999999999,-1.4666358339253718,54.06,0,0,0,0,0,1,0,0,0,0,0,1,0,0,0,0,0,0,0,0,0,0,0,0,0,0,0,0,0,0,0,0,0,0,0,0,0,0,0,0,0,0,0,0,1,0,1,5,0,0,0,0,0,0,True,False,False,False,False,False,False,False,False,False,False,True,False
2.7,29.6,0,7.290000000000001,-1.0296637888974407,79.92000000000002,0,0,0,0,0,0,0,0,0,0,1,0,1,1,1,0,1,0,0,0,0,1,0,0,0,0,0,0,0,0,0,0,0,0,0,0,0,0,0,0,0,0,1,2,2,0,0,5,1,0,0,0,1,0,False,False,False,False,True,False,False,False,False,False,False,True,False
2.5,5.5,0,6.25,-0.2998759088698908,13.75,0,0,0,0,0,0,0,0,0,1,0,0,1,1,0,1,0,0,1,0,0,0,0,0,0,0,0,0,0,0,0,0,0,0,0,0,0,0,0,0,0,0,1,0,3,0,0,5,1,0,0,0,0,0,False,False,False,False,False,False,False,True,False,False,False,True,False
11.2,27.5,0,125.43999999999998,-1.0726263506202085,308.0,0,0,0,0,0,0,1,0,0,0,0,1,0,0,0,0,0,0,0,0,0,0,0,0,0,0,0,0,0,0,0,0,0,0,0,0,0,0,0,0,0,0,0,0,0,0,0,5,0,0,0,0,0,0,False,False,False,False,False,False,False,False,True,False,False,False,True
5.4,17.2,0,29.160000000000004,-1.1941219825203735,92.88,0,0,0,1,0,0,0,0,0,0,0,1,0,0,0,1,0,1,0,1,1,0,0,0,0,0,0,0,0,0,0,0,0,0,0,0,0,0,0,0,0,0,2,0,2,0,0,5,0,0,0,1,0,0,True,False,False,False,False,False,False,False,False,False,False,True,False
11.1,5.5,0,123.21,-0.36548107195290624,61.05,0,1,0,0,0,0,0,0,0,0,0,0,0,1,0,0,0,0,0,0,0,0,0,0,0,0,0,0,0,0,0,0,0,0,0,0,0,0,0,0,0,0,1,0,0,0,0,5,0,0,0,0,0,0,False,False,False,False,False,False,False,False,False,True,False,False,True
10.1,19.3,0,102.00999999999999,-0.6252620308410722,194.93,0,0,0,0,0,0,0,0,0,1,0,0,1,0,0,0,1,0,0,1,0,0,0,0,0,0,0,0,0,0,0,0,0,0,0,0,0,0,0,0,0,0,2,1,1,0,0,5,0,1,0,0,0,0,False,True,False,False,False,False,False,False,False,False,False,False,True
12.3,31.8,0,151.29000000000002,-0.6450228586604344,391.14000000000004,0,0,0,0,0,0,0,0,0,1,0,0,0,1,0,0,0,0,0,0,1,0,0,0,0,0,0,0,0,0,0,0,0,0,0,0,0,0,0,0,0,0,2,0,0,0,0,5,0,0,0,0,0,0,False,False,False,False,True,False,False,False,False,False,False,False,True
1.0,6.1,0,1.0,-0.057149051898069486,6.1,0,1,0,0,0,0,0,0,0,0,0,0,0,0,0,1,0,1,0,1,1,0,0,0,0,0,0,0,0,0,0,0,0,0,0,0,0,0,0,0,0,0,2,0,2,0,0,5,0,0,0,1,0,0,False,False,False,False,False,False,False,False,False,True,True,False,False
10.6,44.5,0,112.36,1.6654176757401342,471.7,0,1,0,0,0,0,0,0,0,0,0,0,0,0,0,0,0,0,0,0,0,0,0,0,0,0,0,0,0,0,0,0,0,0,0,0,0,0,0,0,0,0,0,0,0,0,0,5,0,0,0,0,0,0,False,False,False,False,False,True,False,False,False,False,False,False,True
0.6,33.9,1,0.36,-0.2442283736195323,20.34,0,0,0,0,0,1,0,0,0,0,0,1,0,1,0,0,1,0,0,0,1,0,0,0,0,0,0,0,0,0,0,0,0,0,0,0,0,0,0,0,0,0,3,2,0,0,0,5,0,0,0,0,0,0,False,False,False,False,False,True,False,False,False,False,True,False,False
7.3,29.9,1,53.29,-0.69976765444324,218.26999999999998,0,0,0,0,0,1,0,0,0,0,0,1,1,0,0,1,0,0,1,0,1,0,0,0,0,0,0,0,0,0,0,0,0,0,0,0,0,0,0,0,0,0,1,0,3,0,0,5,0,0,0,0,0,0,False,False,False,False,False,False,False,False,True,False,False,False,True
2.2,39.1,0,4.840000000000001,0.6312856825805417,86.02000000000001,0,0,0,0,0,0,0,0,0,0,1,0,0,0,0,0,1,1,0,0,1,0,0,0,0,0,0,0,0,0,0,0,0,0,0,0,0,0,0,0,0,0,3,1,1,0,0,5,0,0,0,0,0,0,False,False,False,False,True,False,False,False,False,False,False,True,False
8.9,37.7,0,79.21000000000001,0.44036171954714126,335.53000000000003,0,0,0,0,0,0,0,0,0,1,0,0,0,0,0,1,0,0,0,0,1,1,0,0,0,0,0,0,0,0,0,0,0,0,0,0,0,0,0,0,0,0,1,1,2,0,0,5,0,0,0,0,0,0,False,False,False,False,False,True,False,False,False,False,False,False,True
5.4,22.6,0,29.160000000000004,0.15812067577380343,122.04000000000002,0,0,0,0,0,0,1,0,0,0,0,1,0,1,0,1,0,0,0,0,1,0,0,0,0,0,0,0,0,0,0,0,0,0,0,0,0,0,0,0,0,0,2,0,2,0,0,5,0,0,0,0,0,0,False,False,False,False,False,False,True,False,False,False,False,True,False
7.2,21.7,0,51.84,-0.10137031134582727,156.24,0,0,0,0,0,0,0,0,0,1,0,0,1,1,0,0,0,0,1,0,0,1,0,0,0,0,0,0,0,0,0,0,0,0,0,0,0,0,0,0,0,0,1,1,2,0,0,5,1,0,0,0,0,0,False,True,False,False,False,False,False,False,False,False,False,False,True
7.0,4.7,0,49.0,-0.7765904320260221,32.9,0,1,0,0,0,0,0,0,0,0,0,0,1,1,0,0,0,0,0,0,0,0,0,0,0,0,0,0,0,0,0,0,0,0,0,0,0,0,0,0,0,0,1,0,1,0,0,5,1,0,0,0,0,0,False,False,False,False,False,False,False,False,False,True,False,True,False
6.6,19.3,1,43.559999999999995,-0.6252620308410722,127.38,0,0,0,0,0,0,1,0,0,0,0,1,0,1,0,0,0,0,1,1,0,0,0,0,0,0,0,0,0,0,0,0,0,0,0,0,0,0,0,0,0,0,2,0,1,0,1,5,0,0,0,0,0,0,False,True,False,False,False,False,False,False,False,False,False,True,False
8.2,37.5,0,67.24,0.4607700430781134,307.5,0,0,0,0,0,0,0,1,0,0,0,0,0,1,0,1,1,0,1,0,0,0,0,0,0,0,1,0,0,0,0,0,0,0,0,0,0,0,0,0,0,0,1,1,2,0,0,5,0,0,0,0,0,0,False,False,False,True,False,False,False,False,False,False,False,False,True
11.4,34.9,0,129.96,-0.06407308594409208,397.86,0,0,1,0,0,0,0,0,0,0,0,0,0,0,1,0,1,1,1,0,1,0,0,0,0,0,0,0,0,0,0,0,0,0,0,0,0,0,0,0,0,0,1,1,3,0,0,5,0,0,1,0,0,1,False,False,False,False,False,True,False,False,False,False,False,False,True
1.8,6.9,0,3.24,0.35396030817504676,12.420000000000002,0,0,0,0,1,0,0,0,0,0,0,1,0,0,0,0,0,1,0,1,1,1,0,0,0,0,0,0,0,0,0,0,0,0,0,0,0,0,0,0,0,0,2,1,2,0,0,5,0,0,0,0,0,0,False,False,False,False,False,False,False,False,False,True,False,True,False
14.6,25.4,0,213.16,-1.7755483188607741,370.84,0,0,0,0,0,0,0,1,0,0,0,0,0,0,0,0,0,1,0,0,0,0,0,0,0,0,0,0,0,0,0,0,0,0,0,0,0,0,0,0,0,0,0,0,2,0,0,5,0,0,0,0,0,0,False,False,False,False,False,True,False,False,False,False,False,False,True
2.2,37.2,0,4.840000000000001,0.29909578828494554,81.84000000000002,0,0,1,0,0,0,0,0,0,0,0,0,1,0,1,0,0,0,0,1,0,0,0,0,0,0,0,0,0,0,0,0,0,0,0,0,0,0,0,0,0,0,1,0,4,0,0,5,0,1,0,0,0,0,False,False,False,False,True,False,False,False,False,False,False,True,False
11.3,33.2,0,127.69000000000001,-0.1870869471999073,375.1600000000001,0,0,0,0,0,0,0,0,0,0,1,0,0,0,1,0,0,1,0,0,1,1,0,0,0,0,0,0,0,0,0,0,0,0,0,0,0,0,0,0,0,0,1,1,2,0,0,5,0,0,1,0,0,0,False,False,False,False,False,False,False,False,True,False,False,False,True
1.0,11.2,0,1.0,-1.002674871865708,11.2,0,0,1,0,0,0,0,0,0,0,0,0,1,0,0,0,0,0,0,0,0,0,0,0,1,1,0,0,0,0,0,0,0,0,0,0,0,0,0,0,0,0,0,0,1,0,0,5,0,0,0,0,0,0,False,False,False,False,False,False,True,False,False,False,True,False,False
2.2,20.1,1,4.840000000000001,-0.5862064678476842,44.220000000000006,0,0,0,0,0,1,0,0,0,0,0,1,0,0,1,0,1,0,1,0,0,0,0,0,0,0,0,0,0,0,0,0,0,0,0,0,0,0,0,0,0,0,0,1,3,1,0,5,0,0,0,0,0,1,True,False,False,False,False,False,False,False,False,False,False,True,False
8.8,30.0,0,77.44000000000001,1.48909132362115,264.0,0,0,0,0,0,0,0,0,1,0,0,1,0,1,0,0,0,0,0,0,1,0,0,0,0,0,0,0,0,0,0,0,0,0,0,0,0,0,0,0,0,0,3,0,0,0,0,5,0,0,0,0,0,0,True,False,False,False,False,False,False,False,False,False,False,False,True
15.0,24.1,0,225.0,0.4349868117621318,361.5,0,1,0,0,0,0,0,0,0,0,0,0,0,0,1,1,1,1,0,0,0,0,0,0,0,0,0,0,0,0,0,0,0,0,0,0,0,0,0,0,0,0,0,1,4,0,0,5,0,0,0,0,0,0,False,False,True,False,False,False,False,False,False,False,False,False,True
8.2,25.2,0,67.24,0.4828863338180786,206.64,0,0,0,0,1,0,0,0,0,0,0,1,0,1,0,1,0,0,1,0,1,1,0,0,0,0,0,0,0,0,0,0,0,0,0,0,0,0,0,0,0,0,2,1,2,0,0,5,0,0,0,0,0,0,True,False,False,False,False,False,False,False,False,False,False,False,True
14.6,25.0,0,213.16,-1.6758190428012565,365.0,0,1,0,0,0,0,0,0,0,0,0,0,1,0,0,1,0,0,0,1,1,0,0,0,0,0,0,0,0,0,0,0,0,0,0,0,0,0,0,0,0,0,2,0,2,0,0,5,0,1,0,1,0,0,False,False,False,True,False,False,False,False,False,False,False,False,True
1.3,30.9,1,1.6900000000000002,-0.7846942366458529,40.17,0,0,0,0,0,1,0,0,0,0,0,1,0,0,0,0,0,0,0,0,0,0,0,0,0,0,0,0,0,0,0,0,0,0,0,0,0,0,0,0,0,0,0,0,1,0,0,5,0,0,0,0,0,0,False,False,False,False,False,True,False,False,False,False,False,True,False
5.5,44.4,1,30.25,1.552920301625946,244.2,0,0,0,0,0,0,0,0,0,1,0,0,1,0,1,0,0,0,0,0,0,0,0,0,0,0,0,0,0,0,0,0,0,0,0,0,0,0,0,0,0,0,0,0,2,0,1,5,0,0,0,0,0,0,False,False,False,False,False,False,False,False,True,False,False,True,False
9.3,27.2,1,86.49000000000001,0.9021384129026916,252.96,0,0,1,0,0,0,0,0,0,0,0,0,0,0,0,0,0,0,0,0,0,0,1,0,0,0,0,0,0,0,0,0,0,0,0,0,0,0,0,0,0,0,0,0,1,0,1,5,0,0,0,0,0,0,True,False,False,False,False,False,False,False,False,False,False,False,True
7.1,25.1,0,50.41,0.4619237298638484,178.21,0,0,0,0,0,0,0,0,0,1,0,0,0,1,0,1,0,0,0,0,1,0,0,0,0,0,0,0,0,0,0,0,0,0,0,0,0,0,0,0,0,0,3,0,1,0,0,5,0,0,0,0,0,0,True,False,False,False,False,False,False,False,False,False,False,False,True
7.2,7.4,0,51.84,-1.389606721078878,53.28,0,0,1,0,0,0,0,0,0,0,0,0,0,0,1,0,0,0,0,0,1,0,0,0,0,0,0,0,0,0,0,0,0,0,0,0,0,0,0,0,0,0,2,0,1,0,0,5,0,0,1,0,0,0,False,False,False,False,False,False,True,False,False,False,False,False,True
11.6,21.7,0,134.56,0.06647892201278917,251.71999999999997,0,0,0,0,0,0,1,0,0,0,0,1,0,1,0,0,0,1,1,0,1,1,0,0,0,0,0,0,0,0,0,0,0,0,0,0,0,0,0,0,0,0,2,1,2,0,0,5,0,0,0,0,0,0,False,False,False,False,False,False,True,False,False,False,False,False,True
10.7,32.1,0,114.48999999999998,-0.3579805162810182,343.46999999999997,0,0,0,0,0,0,0,0,0,0,1,0,0,1,0,0,0,1,1,0,0,0,0,0,0,0,0,0,0,0,0,0,0,0,0,0,0,0,0,0,0,0,1,0,3,0,0,5,0,0,0,0,0,0,False,False,False,False,False,False,False,False,True,False,False,False,True
12.1,21.5,0,146.41,0.046114087843675,260.15,0,0,0,1,0,0,0,0,0,0,0,1,0,0,0,0,0,0,0,0,0,0,1,0,1,0,0,0,1,1,1,0,0,0,0,0,0,0,0,0,0,0,0,0,1,0,0,5,0,0,0,0,0,0,False,False,False,False,False,False,True,False,False,False,False,False,True
1.0,33.0,0,1.0,-0.3084020278384597,33.0,0,0,0,0,0,0,0,0,0,0,1,0,0,0,0,0,0,0,0,0,0,0,0,1,0,0,1,0,0,0,0,0,0,0,0,0,0,0,0,0,0,0,0,0,1,0,0,5,0,0,0,0,0,0,False,False,False,True,False,False,False,False,False,False,True,False,False
6.6,44.9,0,43.559999999999995,1.6305991966628146,296.34,0,1,0,0,0,0,0,0,0,0,0,0,0,0,1,0,0,0,0,1,1,0,0,0,0,0,0,0,0,0,0,0,0,0,0,0,0,0,0,0,0,0,3,0,1,0,0,5,0,0,1,0,0,0,False,False,False,False,False,False,False,False,True,False,False,True,False
2.8,7.0,0,7.839999999999999,0.47224552577935536,19.599999999999998,0,1,0,0,0,0,0,0,0,0,0,0,1,1,0,0,0,0,1,0,1,0,0,0,0,0,0,0,0,0,0,0,0,0,0,0,0,0,0,0,0,0,3,0,2,0,0,5,1,0,0,0,0,0,False,False,False,False,False,False,False,True,False,False,False,True,False
14.9,25.4,0,222.01000000000002,0.7062960895426758,378.46,0,1,0,0,0,0,0,0,0,0,0,0,1,0,1,1,0,1,0,0,0,0,0,0,0,0,0,0,0,0,0,0,0,0,0,0,0,0,0,0,0,0,0,0,5,0,0,5,0,0,0,0,0,0,False,True,False,False,False,False,False,False,False,False,False,False,True
9.1,36.2,0,82.80999999999999,1.542929399273571,329.42,0,0,0,0,0,0,0,0,1,0,0,1,1,1,0,0,0,0,0,0,1,0,0,0,0,0,0,0,0,0,0,0,0,0,0,0,0,0,0,0,0,0,3,0,1,0,0,5,1,0,0,0,0,0,False,False,False,False,False,False,True,False,False,False,False,False,True
5.2,40.1,0,27.040000000000003,0.8061224690519083,208.52,0,0,0,0,1,0,0,0,0,0,0,1,0,0,0,1,0,1,1,1,0,0,0,0,0,0,0,0,0,0,0,0,0,0,0,0,0,0,0,0,0,0,1,0,4,0,0,5,0,0,0,1,0,0,False,False,False,False,True,False,False,False,False,False,False,True,False
7.2,9.6,0,51.84,-1.1655935452186217,69.12,0,0,0,0,1,0,0,0,0,0,0,1,0,0,0,0,0,0,0,0,0,0,1,0,0,0,0,0,0,0,0,0,0,0,0,0,0,0,0,0,0,0,1,0,1,0,0,5,0,0,0,0,0,0,False,False,False,False,False,False,True,False,False,False,False,False,True
0.5,6.7,0,0.25,0.3178212388495062,3.35,0,0,0,0,1,0,0,0,0,0,0,1,1,0,1,1,1,0,0,0,0,0,0,0,0,0,0,0,0,0,0,0,0,0,0,0,0,0,0,0,0,0,0,1,3,0,0,5,0,0,0,0,0,0,False,False,False,False,False,False,False,True,False,False,True,False,False
12.0,22.3,0,144.0,0.0523064048278748,267.6,0,0,0,0,0,0,0,0,1,0,0,1,1,0,0,0,0,0,0,0,0,0,0,1,0,1,0,1,0,0,0,0,0,0,0,0,0,0,0,0,0,0,0,0,2,0,0,5,0,0,0,0,0,0,False,False,True,False,False,False,False,False,False,False,False,False,True
6.6,37.1,0,43.559999999999995,0.28161210963780864,244.85999999999999,0,0,0,0,0,0,0,0,0,1,0,0,0,0,0,0,0,0,0,0,0,0,0,0,0,0,0,0,0,0,0,0,0,0,0,0,0,0,0,0,0,0,0,0,0,0,0,5,0,0,0,0,0,0,False,False,False,False,True,False,False,False,False,False,False,True,False
5.7,6.1,0,32.49,-0.057149051898069486,34.769999999999996,0,0,0,1,0,0,0,0,0,0,0,1,0,1,0,0,0,1,1,0,0,1,0,0,0,0,0,0,0,0,0,0,0,0,0,0,0,0,0,0,0,0,2,1,2,0,0,5,0,0,0,0,0,0,False,False,False,False,False,False,False,False,False,True,False,True,False
8.7,8.5,0,75.68999999999998,-1.2776001331487499,73.94999999999999,0,0,0,0,0,0,0,0,1,0,0,1,0,0,0,0,0,0,0,0,0,1,0,0,0,0,0,0,0,0,0,0,0,0,0,0,0,0,0,0,0,0,0,1,0,0,0,5,0,0,0,0,0,0,False,False,False,False,False,False,True,False,False,False,False,False,True
0.5,40.0,0,0.25,0.8693460253015037,20.0,0,0,0,0,1,0,0,0,0,0,0,1,0,0,0,0,0,0,0,0,1,1,0,0,0,0,0,0,0,0,0,0,0,0,0,0,0,0,0,0,0,0,1,2,0,0,0,5,0,0,0,0,0,0,False,False,False,False,False,False,False,False,True,False,True,False,False
6.4,27.4,0,40.96000000000001,1.1428725224553802,175.36,0,0,0,0,1,0,0,0,0,0,0,1,1,0,0,0,0,0,0,0,0,0,0,1,0,1,0,1,0,0,0,0,0,0,0,0,0,0,0,0,0,0,0,0,2,0,0,5,0,0,0,0,0,0,False,True,False,False,False,False,False,False,False,False,False,True,False
10.5,26.5,0,110.25,0.9452273543411405,278.25,0,0,1,0,0,0,0,0,0,0,0,0,1,0,1,0,0,0,1,0,0,0,0,0,0,0,0,0,0,0,0,0,0,0,0,0,0,0,0,0,0,0,0,0,5,0,0,5,0,0,0,0,0,1,False,False,True,False,False,False,False,False,False,False,False,False,True
9.2,35.5,0,84.63999999999999,0.11891578933741424,326.59999999999997,0,1,0,0,0,0,0,0,0,0,0,0,0,1,0,1,0,1,0,0,1,0,0,0,0,0,0,0,0,0,0,0,0,0,0,0,0,0,0,0,0,0,2,0,2,0,0,5,0,0,0,0,0,0,False,False,False,True,False,False,False,False,False,False,False,False,True
5.4,31.4,0,29.160000000000004,-0.4667309693326345,169.56,0,0,1,0,0,0,0,0,0,0,0,0,0,1,1,0,0,0,0,1,0,0,0,0,0,0,0,0,0,0,0,0,0,0,0,0,0,0,0,0,0,0,3,0,1,0,0,5,0,0,0,0,0,0,False,False,False,False,False,False,False,False,True,False,False,True,False
10.7,33.8,0,114.48999999999998,-0.17166032634218054,361.65999999999997,0,0,0,0,0,0,1,0,0,0,0,1,0,1,0,1,1,0,1,0,0,0,0,0,0,0,0,0,0,0,0,0,0,1,0,0,0,0,0,0,0,0,1,1,2,0,0,5,0,0,0,0,0,0,False,False,False,True,False,False,False,False,False,False,False,False,True
6.6,3.4,1,43.559999999999995,-1.4446431421448356,22.439999999999998,0,0,0,0,0,1,0,0,0,0,0,1,0,0,0,0,0,0,0,0,0,0,1,0,1,0,0,0,1,1,1,0,0,0,0,0,0,0,0,0,0,0,0,0,1,0,0,5,0,0,0,0,0,0,False,False,False,False,False,False,False,False,False,True,False,True,False
6.6,44.4,0,43.559999999999995,1.5579206508787842,293.03999999999996,0,1,0,0,0,0,0,0,0,0,0,0,0,1,0,0,0,0,0,0,0,0,0,1,0,0,0,0,0,0,0,0,0,0,0,0,0,0,0,0,0,1,1,0,1,0,0,5,0,0,0,0,0,0,False,False,False,False,True,False,False,False,False,False,False,True,False
9.5,5.0,0,90.25,-0.6224244219986037,47.5,0,0,0,0,0,0,0,0,0,0,1,0,0,0,0,0,1,0,1,0,0,0,0,0,0,0,0,0,0,0,0,0,0,0,0,1,0,0,0,0,0,0,0,1,1,0,0,5,0,0,0,0,0,0,False,False,False,False,False,False,False,False,False,True,False,False,True
10.5,25.0,0,110.25,-1.461020825804551,262.5,0,1,0,0,0,0,0,0,0,0,0,0,0,0,1,0,0,0,1,0,0,0,0,0,0,0,0,0,0,0,0,0,0,0,0,0,0,0,0,0,0,0,0,0,3,0,0,5,0,0,0,0,0,1,False,False,False,False,False,False,False,False,True,False,False,False,True
8.8,7.9,0,77.44000000000001,-1.3386946356560925,69.52000000000001,0,0,0,0,0,0,0,1,0,0,0,0,0,1,1,0,0,0,1,1,0,1,0,0,0,0,0,0,0,0,0,0,0,0,0,0,0,0,0,0,0,0,2,1,2,0,0,5,0,0,0,0,0,1,False,False,False,False,False,False,True,False,False,False,False,False,True
11.6,8.2,0,134.56,1.0899426734987518,95.11999999999999,0,0,0,0,0,0,0,0,0,0,1,0,0,0,0,1,1,1,0,0,1,1,0,0,0,0,0,0,0,0,0,0,0,0,0,0,0,0,0,0,0,0,1,2,2,0,0,5,0,0,0,0,1,0,False,False,False,False,False,False,False,True,False,False,False,False,True
10.0,7.3,0,100.0,0.5595149882116044,73.0,0,0,0,0,0,0,0,0,1,0,0,1,0,1,1,0,1,0,0,0,0,0,0,0,0,0,0,0,0,0,0,0,0,0,0,0,0,0,0,0,0,0,2,1,1,0,0,5,0,0,0,0,0,0,False,False,False,False,False,False,False,False,False,True,False,False,True
7.3,9.5,0,53.29,1.6900657284126732,69.35,0,0,0,0,0,0,0,0,1,0,0,1,0,0,1,1,0,1,1,0,0,0,0,0,0,0,0,0,0,0,0,0,0,0,0,0,0,0,0,0,0,0,0,0,5,0,0,5,0,0,0,0,0,1,False,False,False,False,False,False,False,False,False,True,False,False,True
14.0,29.7,0,196.0,1.426203511758458,415.8,0,1,0,0,0,0,0,0,0,0,0,0,0,0,0,0,0,0,0,0,0,0,1,0,0,0,1,0,0,0,0,0,0,0,0,0,0,0,0,0,0,0,0,0,1,0,0,5,0,0,0,0,0,0,True,False,False,False,False,False,False,False,False,False,False,False,True
8.0,25.5,1,64.0,-1.5903554793660817,204.0,0,1,0,0,0,0,0,0,0,0,0,0,0,0,0,1,1,0,0,0,0,1,0,0,0,0,0,0,0,0,0,0,0,0,0,0,0,0,0,0,0,0,0,2,1,0,1,5,0,0,0,0,1,0,False,False,False,True,False,False,False,False,False,False,False,False,True
9.8,4.6,0,96.04000000000002,-0.7631487696594387,45.08,0,1,0,0,0,0,0,0,0,0,0,0,0,0,0,0,0,0,0,1,1,1,0,0,0,0,0,0,0,0,0,0,0,0,0,0,0,0,0,0,0,0,3,1,0,0,0,5,0,0,0,0,0,0,False,False,False,False,False,False,False,True,False,False,False,False,True
13.7,26.3,1,187.68999999999997,0.9027554843533931,360.31,0,1,0,0,0,0,0,0,0,0,0,0,0,1,0,0,0,1,0,1,0,0,0,0,0,0,0,0,0,0,0,0,0,0,0,0,0,0,0,0,0,0,2,0,1,0,1,5,0,0,0,0,0,0,False,True,False,False,False,False,False,False,False,False,False,False,True
0.9,9.8,0,0.81,-1.1452287110495074,8.82,0,0,1,0,0,0,0,0,0,0,0,0,1,0,0,0,0,0,0,0,0,0,0,0,1,1,0,0,0,0,0,0,0,0,0,0,0,0,0,0,0,0,0,0,1,0,0,5,0,0,0,0,0,0,False,False,False,False,False,False,True,False,False,False,True,False,False
4.6,7.4,1,21.159999999999997,0.6781445750191545,34.04,0,1,0,0,0,0,0,0,0,0,0,0,0,0,0,0,0,0,0,0,0,0,0,0,0,0,0,0,0,0,0,0,0,0,0,0,0,0,1,0,0,0,0,0,0,0,2,5,0,0,0,0,0,0,False,False,False,False,False,False,False,True,False,False,False,True,False
12.7,39.4,0,161.29,0.7761313512572613,500.37999999999994,0,0,1,0,0,0,0,0,0,0,0,0,0,0,0,0,0,0,0,0,0,1,0,0,0,0,0,0,0,0,0,0,0,0,0,0,0,0,0,0,0,0,0,1,0,0,0,5,0,0,0,0,0,0,False,False,False,False,False,False,False,False,True,False,False,False,True
4.8,6.1,1,23.04,-0.057149051898069486,29.279999999999998,0,0,0,1,0,0,0,0,0,0,0,1,0,0,0,0,1,0,0,0,0,1,0,0,0,0,0,0,0,0,0,0,0,0,0,0,0,0,0,0,0,0,0,3,0,1,1,5,0,0,0,0,1,0,False,False,False,False,False,False,False,False,False,True,False,True,False
9.9,21.2,1,98.01,0.015566836590003588,209.88,0,0,0,1,0,0,0,0,0,0,0,1,0,0,0,0,0,0,0,0,0,0,1,0,0,0,0,0,0,0,0,0,0,0,0,0,0,0,0,0,0,0,0,0,1,0,1,5,0,0,0,0,0,0,False,False,False,False,False,False,True,False,False,False,False,False,True
2.0,24.2,0,4.0,0.44435022979505323,48.4,0,0,1,0,0,0,0,0,0,0,0,0,0,0,1,1,0,1,0,0,0,0,0,0,0,0,0,0,0,0,0,0,0,0,0,0,0,0,0,0,0,0,0,0,3,0,0,5,0,0,0,0,0,0,False,True,False,False,False,False,False,False,False,False,False,True,False
4.1,40.0,0,16.81,1.9298612484867412,164.0,0,0,0,0,0,0,1,0,0,0,0,1,0,0,0,0,1,0,0,1,1,0,0,0,0,0,0,0,0,0,0,0,0,0,0,0,0,0,0,0,0,0,2,3,0,0,0,5,0,0,0,0,0,0,False,False,False,False,False,False,True,False,False,False,False,True,False
11.1,36.7,0,123.21,0.21167739504926225,407.37,0,0,0,0,0,0,0,0,0,0,1,0,1,0,1,0,0,1,0,0,0,0,0,0,0,0,1,0,0,0,0,0,0,0,0,0,0,0,0,0,0,0,0,0,3,0,0,5,0,0,0,0,0,0,False,False,False,False,True,False,False,False,False,False,False,False,True
9.7,30.4,0,94.08999999999999,-0.6220887594063715,294.87999999999994,0,0,0,0,0,0,0,0,0,1,0,0,0,0,0,1,1,0,0,0,1,0,0,0,0,0,0,0,0,0,0,0,0,0,0,0,0,0,0,0,0,0,1,1,1,0,0,5,0,0,0,0,0,0,False,False,False,False,False,False,False,False,True,False,False,False,True
8.2,30.8,0,67.24,-0.819859645131801,252.55999999999997,0,0,0,0,1,0,0,0,0,0,0,1,0,0,0,0,1,0,0,0,1,1,0,0,0,0,0,0,0,0,0,0,0,0,0,0,0,0,0,0,0,0,2,2,0,0,0,5,0,0,0,0,1,0,False,False,False,False,True,False,False,False,False,False,False,False,True
0.5,6.0,0,0.25,-0.042502097320142075,3.0,0,0,0,1,0,0,0,0,0,0,0,1,1,0,0,1,0,0,0,1,0,0,0,0,0,0,0,0,0,0,0,0,0,0,0,0,0,0,0,0,0,0,3,0,2,0,0,5,0,1,0,1,0,0,False,False,False,False,False,False,False,True,False,False,True,False,False
11.6,34.3,0,134.56,-0.17216625854935647,397.87999999999994,0,0,0,0,0,0,0,0,0,1,0,0,1,0,1,0,1,0,0,0,0,0,0,0,0,0,0,0,0,0,0,0,0,0,0,0,0,0,0,0,0,0,0,1,3,1,0,5,0,0,0,0,0,0,False,False,False,False,False,True,False,False,False,False,False,False,True
7.6,14.4,0,57.76,-0.6768375251598802,109.44,0,0,1,0,0,0,0,0,0,0,0,0,0,1,0,1,0,1,0,0,0,0,0,0,0,0,0,0,0,0,0,0,0,0,0,0,0,0,0,0,0,0,1,0,3,0,0,5,0,0,0,0,0,0,False,False,False,False,False,False,True,False,False,False,False,False,True
0.5,41.2,0,0.25,0.9984429341704119,20.6,0,1,0,0,0,0,0,0,0,0,0,0,0,1,0,1,1,0,0,1,0,1,0,0,0,0,0,0,0,0,0,0,0,0,0,0,0,0,0,0,0,0,2,2,1,0,0,5,0,0,0,1,1,0,False,False,False,False,True,False,False,False,False,False,True,False,False
8.1,3.9,0,65.61,-1.1876997920991381,31.589999999999996,0,0,0,0,0,0,0,0,1,0,0,1,0,0,0,0,0,1,0,1,1,0,0,0,0,0,0,0,0,0,0,0,0,0,0,0,0,0,0,0,0,0,2,0,1,0,0,5,0,0,0,0,0,0,False,False,False,False,False,False,False,False,False,True,False,False,True
15.0,42.8,0,225.0,1.3043478375079667,642.0,0,1,0,0,0,0,0,0,0,0,0,0,0,1,0,0,0,0,0,1,1,0,0,0,0,0,0,0,0,0,0,0,0,0,0,0,0,0,0,0,0,0,4,0,0,0,0,5,0,0,0,0,0,0,False,False,False,False,False,False,False,False,True,False,False,False,True
14.2,37.0,0,201.64,0.26412843099067174,525.4,0,0,0,0,0,0,0,1,0,0,0,0,0,0,0,0,0,0,0,0,0,0,1,0,1,0,0,0,1,1,0,0,0,0,0,0,0,0,0,0,0,0,0,0,1,0,0,5,0,0,0,0,0,0,False,False,False,False,True,False,False,False,False,False,False,False,True
2.9,5.3,0,8.41,-0.4028254334897904,15.37,0,1,0,0,0,0,0,0,0,0,0,0,0,0,0,0,1,0,0,0,0,0,0,1,1,0,0,0,0,0,0,0,0,0,0,0,0,0,0,0,0,0,0,1,1,0,0,5,0,0,0,0,0,0,False,False,False,False,False,False,False,True,False,False,False,True,False
14.6,41.1,0,213.16,1.076107699811372,600.0600000000001,0,0,0,0,0,0,0,0,0,0,1,0,1,1,0,0,1,0,0,0,0,0,1,0,0,0,0,0,0,0,0,0,0,0,0,0,0,0,0,0,0,0,1,1,2,0,0,5,1,0,0,0,0,0,False,False,False,True,False,False,False,False,False,False,False,False,True
8.2,45.0,0,67.24,1.6628227227616044,368.99999999999994,0,0,0,0,0,0,0,1,0,0,0,0,0,0,0,0,1,0,0,1,0,0,0,0,0,0,0,0,0,0,0,0,0,0,0,0,0,0,0,0,0,0,1,1,1,0,0,5,0,0,0,0,0,0,False,False,False,False,True,False,False,False,False,False,False,False,True
11.9,14.9,0,141.61,-1.52093526812407,177.31,0,0,0,0,0,0,1,0,0,0,0,1,1,0,0,0,0,0,0,0,0,0,0,0,0,0,0,0,0,0,0,0,0,0,0,0,0,0,0,0,0,0,0,0,1,0,0,5,0,0,0,0,0,0,False,False,True,False,False,False,False,False,False,False,False,False,True
14.9,39.5,0,222.01000000000002,0.8026242968188126,588.5500000000001,0,0,0,0,0,0,0,1,0,0,0,0,0,0,0,0,0,0,0,0,0,0,1,0,1,0,0,0,1,1,1,0,0,0,0,0,0,0,0,0,0,0,0,0,1,0,0,5,0,0,0,0,0,0,False,False,False,True,False,False,False,False,False,False,False,False,True
2.6,9.6,0,6.760000000000001,1.8105893458380484,24.96,0,0,0,0,0,0,0,1,0,0,0,0,1,1,0,0,1,1,0,0,0,0,0,0,0,0,0,0,0,0,0,0,0,0,0,0,0,0,0,0,0,0,1,1,2,0,0,5,1,0,0,0,0,0,False,False,False,False,False,False,False,True,False,False,False,True,False
5.8,29.5,1,33.64,1.5830280325649018,171.1,0,0,0,0,0,1,0,0,0,0,0,1,1,0,1,1,0,0,1,0,1,0,0,0,0,0,0,0,0,0,0,0,0,0,0,0,0,0,0,0,0,0,1,0,4,0,0,5,0,0,1,0,0,1,False,False,True,False,False,False,False,False,False,False,False,True,False
3.2,39.7,0,10.240000000000002,0.8006722948980217,127.04000000000002,0,0,0,0,0,0,0,0,1,0,0,1,1,0,0,1,0,1,0,0,0,0,0,0,0,0,0,0,0,0,0,0,0,0,0,0,0,0,0,0,0,0,0,0,3,0,0,5,0,0,0,0,0,0,False,False,False,False,False,True,False,False,False,False,False,True,False
15.0,20.3,0,225.0,-0.0760749171710103,304.5,0,1,0,0,0,0,0,0,0,0,0,0,0,0,0,1,1,0,0,1,1,0,0,0,0,0,0,0,0,0,0,0,0,0,0,0,0,0,0,0,0,0,2,1,1,0,0,5,0,0,0,1,0,0,False,False,False,False,False,False,True,False,False,False,False,False,True
2.8,25.0,0,7.839999999999999,-1.6758190428012565,70.0,0,0,0,1,0,0,0,0,0,0,0,1,0,0,0,1,1,0,1,0,1,0,0,0,0,0,0,0,0,0,0,0,0,0,0,0,0,0,0,0,0,0,1,1,2,0,0,5,0,0,0,0,0,0,False,False,False,True,False,False,False,False,False,False,False,True,False
9.4,45.0,1,88.36000000000001,1.6461349756701886,423.0,0,0,0,0,0,0,0,1,0,0,0,0,0,0,0,0,0,0,0,0,0,0,0,0,0,0,0,0,0,0,0,0,0,0,0,0,0,0,0,0,0,0,0,0,0,0,0,5,0,0,0,0,0,0,False,False,False,False,False,False,False,False,True,False,False,False,True
3.1,7.5,0,9.610000000000001,0.7296193373291041,23.25,0,0,1,0,0,0,0,0,0,0,0,0,1,1,1,0,0,1,0,0,1,0,0,0,0,0,0,0,0,0,0,0,0,0,0,0,0,0,0,0,0,0,2,0,3,0,0,5,1,0,1,0,0,0,False,False,False,False,False,False,False,True,False,False,False,True,False
4.9,12.7,0,24.010000000000005,-0.8499386155973512,62.230000000000004,0,0,0,0,1,0,0,0,0,0,0,1,0,0,0,0,0,0,1,0,0,0,0,1,0,0,0,0,0,0,0,0,0,0,0,0,0,0,0,0,0,0,0,0,2,0,0,5,0,0,0,0,0,0,False,False,False,False,False,False,True,False,False,False,False,True,False
7.6,15.0,0,57.76,-1.5639013616033868,114.0,0,1,0,0,0,0,0,0,0,0,0,0,1,0,1,0,0,0,0,0,0,0,0,0,0,0,0,0,0,0,0,0,0,0,0,0,0,0,0,0,0,0,0,0,3,0,0,5,0,0,0,0,0,0,False,True,False,False,False,False,False,False,False,False,False,False,True
9.7,40.0,0,94.08999999999999,0.7886387904047715,388.0,0,0,0,1,0,0,0,0,0,0,0,1,0,0,0,0,0,1,0,0,0,0,0,0,0,0,0,0,0,0,0,0,0,0,0,0,0,0,0,0,0,0,0,0,1,0,0,5,0,0,0,0,0,0,False,False,False,False,True,False,False,False,False,False,False,False,True
14.0,36.5,0,196.0,0.3255937600434243,511.0,0,0,0,0,0,0,0,0,0,0,1,0,0,0,1,0,0,0,1,0,1,1,0,0,0,0,0,0,0,0,0,0,0,0,0,0,0,0,0,0,0,0,1,1,2,0,0,5,0,0,1,0,0,1,False,False,False,False,False,False,False,False,True,False,False,False,True
0.5,3.9,0,0.25,-1.1234721058290866,1.95,0,1,0,0,0,0,0,0,0,0,0,0,1,0,0,1,1,0,0,0,0,1,0,0,0,0,0,0,0,0,0,0,0,0,0,0,0,0,0,0,0,0,0,2,3,0,0,5,0,0,0,0,1,0,False,False,False,False,False,False,False,True,False,False,True,False,False
11.7,7.3,0,136.89,0.5595149882116044,85.41,0,1,0,0,0,0,0,0,0,0,0,0,0,0,1,0,0,0,0,0,0,0,0,1,0,0,0,0,0,0,0,0,0,0,0,0,0,0,0,0,0,0,0,0,3,0,0,5,0,0,0,0,0,0,False,False,False,False,False,False,False,False,False,True,False,False,True
3.4,44.8,0,11.559999999999999,1.7194642620427658,152.32,0,0,0,0,0,0,0,0,1,0,0,1,1,0,0,0,0,0,1,0,0,0,0,0,0,0,0,0,0,0,0,0,0,0,0,0,0,1,0,0,0,0,0,0,3,0,0,5,0,0,0,0,0,0,False,False,False,False,False,True,False,False,False,False,False,True,False
12.4,32.4,1,153.76000000000002,-0.41095830396066974,401.76,0,0,0,0,0,1,0,0,0,0,0,1,0,0,0,0,1,0,0,0,0,0,0,0,0,1,0,0,0,0,0,0,0,0,0,0,0,0,0,0,0,0,0,1,0,0,1,5,0,0,0,0,0,0,False,False,False,True,False,False,False,False,False,False,False,False,True
9.6,6.6,0,92.16,0.19979429814762795,63.35999999999999,0,1,0,0,0,0,0,0,0,0,0,0,0,0,1,0,0,0,0,1,1,0,0,0,0,0,0,0,0,0,0,0,0,0,0,0,0,0,0,0,0,0,3,0,1,0,0,5,0,0,1,0,0,0,False,False,False,False,False,False,False,False,False,True,False,False,True
7.8,27.3,0,60.839999999999996,-1.4332532722774374,212.94,0,0,0,0,0,0,0,0,0,0,1,0,0,1,0,1,0,0,0,0,1,1,0,0,0,0,0,0,0,0,0,0,0,0,0,0,0,0,0,0,0,0,2,1,1,0,0,5,0,0,0,0,0,0,False,False,False,False,False,True,False,False,False,False,False,False,True
13.2,45.0,0,174.23999999999998,1.6628227227616044,594.0,0,1,0,0,0,0,0,0,0,0,0,0,0,0,0,1,0,1,1,0,0,1,0,0,0,0,0,0,0,0,0,0,0,0,0,0,0,0,0,0,0,0,0,1,3,0,0,5,0,0,0,0,0,0,False,False,False,False,True,False,False,False,False,False,False,False,True
10.4,42.7,0,108.16000000000001,1.3495911028039318,444.08000000000004,0,0,0,0,0,0,1,0,0,0,0,1,1,0,0,0,1,1,0,1,0,0,0,0,0,0,0,0,0,0,0,0,0,0,0,0,0,0,0,0,0,0,1,1,2,0,0,5,0,1,0,0,0,0,False,False,False,True,False,False,False,False,False,False,False,False,True
12.8,15.0,1,163.84000000000003,-0.6157430226525374,192.0,0,0,1,0,0,0,0,0,0,0,0,0,0,0,0,0,0,0,0,1,0,0,0,0,0,0,0,0,0,0,0,0,0,0,0,0,0,0,0,0,0,0,1,1,0,0,3,5,0,0,0,0,0,0,False,False,False,False,False,False,True,False,False,False,False,False,True
10.3,17.4,0,106.09000000000002,-1.040009642108142,179.22,0,0,0,0,0,0,0,0,0,0,1,0,0,0,0,0,0,0,0,0,0,0,0,0,0,0,0,0,0,0,0,0,1,0,0,0,0,0,0,0,0,0,0,0,0,0,0,5,0,0,0,0,0,0,False,True,False,False,False,False,False,False,False,False,False,False,True
1.8,38.9,0,3.24,0.5963183252862679,70.02,0,0,1,0,0,0,0,0,0,0,0,0,1,0,0,1,0,0,0,0,0,0,0,0,0,0,0,0,0,0,0,1,0,0,0,0,0,0,0,0,0,0,0,0,2,0,0,5,0,0,0,0,0,0,False,False,False,False,True,False,False,False,False,False,False,True,False
12.9,21.5,0,166.41,-0.2927300124884553,277.35,0,0,0,0,0,0,0,1,0,0,0,0,1,0,0,0,0,0,0,0,0,0,1,0,0,0,1,0,0,0,0,1,0,0,0,0,0,0,0,0,0,0,0,0,2,0,0,5,0,0,0,0,0,0,True,False,False,False,False,False,False,False,False,False,False,False,True
7.1,4.3,0,50.41,-0.9821451120625802,30.529999999999998,0,1,0,0,0,0,0,0,0,0,0,0,1,0,0,0,0,0,1,1,0,0,0,0,0,0,0,1,0,0,0,0,0,0,0,0,0,0,0,0,0,0,1,0,3,0,0,5,0,1,0,0,0,0,False,False,False,False,False,False,False,False,False,True,False,False,True
12.7,21.7,1,161.29,-0.07525373081687776,275.59,0,0,0,0,0,1,0,0,0,0,0,1,1,0,0,0,1,0,1,1,0,1,0,0,0,0,0,0,0,0,0,0,0,0,0,0,0,0,0,0,0,0,1,2,2,0,0,5,0,1,0,0,1,0,False,False,True,False,False,False,False,False,False,False,False,False,True
7.1,35.5,1,50.41,0.1702359699696873,252.04999999999998,0,0,0,0,0,1,0,0,0,0,0,1,1,0,0,0,1,1,0,0,0,0,0,0,0,0,0,0,0,0,0,0,0,0,0,0,0,0,0,0,0,0,0,1,2,0,0,5,0,0,0,0,0,0,False,False,False,False,False,False,False,False,True,False,False,False,True
0.5,37.1,0,0.25,0.3322685469418769,18.55,0,0,0,0,0,0,0,0,0,1,0,0,1,1,0,0,0,0,0,0,1,0,0,0,0,0,0,0,0,0,0,0,0,0,0,0,0,0,0,0,0,0,2,0,3,0,0,5,1,0,0,0,0,0,False,False,False,False,False,True,False,False,False,False,True,False,False
4.4,9.2,0,19.360000000000003,1.5358997183852543,40.48,0,0,0,0,0,0,0,1,0,0,0,0,0,0,0,0,0,0,1,0,0,0,0,0,0,0,0,0,0,0,0,0,0,0,0,0,0,0,0,0,0,0,0,0,1,0,0,5,0,0,0,0,0,0,False,False,False,False,False,False,False,False,False,True,False,True,False
9.8,30.0,1,96.04000000000002,1.48909132362115,294.0,0,0,0,0,0,0,1,0,0,0,0,1,1,0,0,1,0,0,0,0,0,0,0,0,0,0,0,0,0,0,0,0,0,0,0,0,0,0,0,0,0,0,0,0,2,0,1,5,0,0,0,0,0,0,True,False,False,False,False,False,False,False,False,False,False,False,True
2.5,38.3,1,6.25,0.5484548921524044,95.75,0,0,0,0,0,1,0,0,0,0,0,1,0,0,1,1,0,0,0,0,0,0,0,0,0,0,0,0,0,0,0,0,0,0,0,0,0,0,0,0,0,0,0,0,2,0,0,5,0,0,0,0,0,0,False,False,False,False,False,True,False,False,False,False,False,True,False
9.6,7.4,0,92.16,0.6781445750191545,71.04,0,0,0,0,0,0,0,0,0,0,1,0,0,0,0,0,1,1,1,0,0,0,0,0,0,0,0,0,0,0,0,0,0,0,0,0,0,0,0,0,0,0,0,1,2,0,0,5,0,0,0,0,0,0,False,False,False,False,False,False,False,True,False,False,False,False,True
10.2,26.3,0,104.03999999999999,0.9027073091262232,268.26,0,0,0,0,1,0,0,0,0,0,0,1,0,0,1,0,0,0,0,0,0,0,0,0,0,0,0,0,0,0,0,0,0,0,0,0,0,0,0,0,0,0,0,0,1,0,0,5,0,0,0,0,0,0,False,False,True,False,False,False,False,False,False,False,False,False,True
9.5,28.5,0,90.25,-1.2170669270669092,270.75,0,0,1,0,0,0,0,0,0,0,0,0,0,0,0,0,0,0,1,0,0,0,0,1,0,0,0,0,0,0,0,0,0,0,0,0,0,0,0,0,1,0,0,0,2,0,0,5,0,0,0,0,0,0,False,False,False,False,False,True,False,False,False,False,False,False,True
8.9,9.4,0,79.21000000000001,1.638677058403534,83.66000000000001,0,1,0,0,0,0,0,0,0,0,0,0,1,1,1,1,0,0,0,0,0,0,0,0,0,0,0,0,0,0,0,1,0,0,0,0,0,0,0,0,0,0,1,0,3,0,0,5,1,0,0,0,0,0,False,False,False,False,False,False,False,False,False,True,False,False,True
13.6,31.0,0,184.95999999999998,-0.5288740853621291,421.59999999999997,0,0,0,0,0,0,0,1,0,0,0,0,0,0,0,0,0,0,1,0,1,1,0,0,0,0,0,0,0,0,0,0,0,0,0,0,0,0,0,0,0,0,1,1,1,0,0,5,0,0,0,0,0,0,False,False,False,False,False,False,False,False,True,False,False,False,True
11.2,22.5,0,125.43999999999998,-0.08310397294614884,251.99999999999997,0,0,0,0,0,0,0,0,0,0,1,0,0,1,1,1,0,1,0,0,1,0,0,0,0,0,0,0,0,0,0,0,0,0,0,0,0,0,0,0,0,0,2,0,3,0,0,5,0,0,1,0,0,0,True,False,False,False,False,False,False,False,False,False,False,False,True
10.1,24.0,0,102.00999999999999,0.4006925865037829,242.39999999999998,0,0,0,0,0,0,0,0,0,0,1,0,0,0,1,0,0,1,1,1,1,0,0,0,0,0,0,0,0,0,0,0,0,0,0,0,0,0,0,0,0,0,2,0,3,0,0,5,0,0,1,0,0,1,False,True,False,False,False,False,False,False,False,False,False,False,True
9.9,33.3,0,98.01,2.390908891648332,329.66999999999996,0,0,0,0,1,0,0,0,0,0,0,1,0,0,0,0,1,0,0,0,0,0,0,0,0,0,0,0,0,0,0,0,0,0,0,0,0,0,0,0,0,0,0,1,1,0,0,5,0,0,0,0,0,0,False,False,True,False,False,False,False,False,False,False,False,False,True
1.9,25.7,0,3.61,0.7717825544795816,48.83,0,0,0,0,1,0,0,0,0,0,0,1,0,0,0,0,0,0,0,0,0,0,0,0,0,0,0,1,0,0,0,0,0,0,0,0,0,0,0,0,0,0,0,0,0,0,0,5,0,0,0,0,0,0,False,True,False,False,False,False,False,False,False,False,False,True,False
13.8,33.4,1,190.44000000000003,1.2578217209059714,460.92,0,0,0,0,0,0,1,0,0,0,0,1,0,0,1,0,0,0,0,0,0,0,0,0,0,0,1,0,0,0,0,0,0,0,0,0,0,0,0,0,0,0,0,0,1,0,2,5,0,0,0,0,0,0,False,False,False,False,False,False,True,False,False,False,False,False,True
13.8,42.9,0,190.44000000000003,1.3198836165153407,592.02,0,0,0,1,0,0,0,0,0,0,0,1,0,0,0,0,0,1,0,0,0,0,0,1,0,0,0,1,0,0,0,1,1,0,0,0,0,0,0,0,0,0,0,0,2,0,0,5,0,0,0,0,0,0,False,False,False,False,False,False,False,False,True,False,False,False,True
11.5,40.0,0,132.25,1.9298612484867412,460.0,0,0,0,0,0,0,0,1,0,0,0,0,1,1,1,1,0,1,0,0,0,0,0,0,0,0,0,0,0,0,0,0,0,0,0,0,0,0,0,0,0,0,1,0,4,0,0,5,1,0,0,0,0,0,False,False,False,False,False,False,True,False,False,False,False,False,True
2.6,25.0,0,6.760000000000001,-1.8339130066657272,65.0,0,0,0,0,0,0,0,0,0,1,0,0,0,1,1,0,0,0,0,0,0,0,0,0,0,0,0,0,0,0,0,0,0,0,0,0,0,0,0,0,0,0,3,0,1,0,0,5,0,0,0,0,0,0,False,False,False,False,True,False,False,False,False,False,False,True,False
7.5,29.9,0,56.25,-0.8382761211365437,224.25,0,1,0,0,0,0,0,0,0,0,0,0,1,0,0,0,0,0,0,0,0,0,0,0,0,0,0,0,0,0,0,0,0,0,0,0,0,0,0,0,0,0,0,0,1,0,0,5,0,0,0,0,0,0,False,False,False,True,False,False,False,False,False,False,False,False,True
6.0,8.1,1,36.0,1.0384679111888024,48.599999999999994,0,0,0,0,0,1,0,0,0,0,0,1,1,1,0,0,0,0,1,0,0,1,0,0,0,0,0,0,0,0,0,0,0,0,0,0,0,0,0,0,0,0,1,1,2,0,0,5,1,0,0,0,0,0,False,False,False,False,False,False,False,True,False,False,False,True,False
3.1,20.5,1,9.610000000000001,-0.3303740021063822,63.550000000000004,0,0,1,0,0,0,0,0,0,0,0,0,1,0,0,0,0,1,0,0,0,0,0,0,0,0,0,0,0,0,0,0,0,0,0,0,0,0,0,0,0,0,0,0,3,0,1,5,0,0,0,0,0,0,False,False,True,False,False,False,False,False,False,False,False,True,False
2.9,20.9,0,8.41,-0.2760008845109092,60.60999999999999,0,0,0,0,0,0,0,0,0,0,1,0,0,0,0,0,1,0,1,1,0,0,0,0,0,0,0,0,0,0,0,0,0,0,0,0,0,0,0,0,0,0,2,1,1,0,0,5,0,0,0,0,0,0,False,True,False,False,False,False,False,False,False,False,False,True,False
0.5,31.6,0,0.25,-0.6799902159547075,15.8,0,0,1,0,0,0,0,0,0,0,0,0,0,0,1,0,1,1,0,0,0,1,0,0,0,0,0,0,0,0,0,0,0,0,0,0,0,0,0,0,0,0,0,2,2,0,0,5,0,0,0,0,1,0,False,False,False,False,True,False,False,False,False,False,True,False,False
4.8,38.6,0,23.04,0.5438672893448585,185.28,0,0,0,0,0,0,1,0,0,0,0,1,1,0,0,0,1,0,0,0,0,0,0,0,0,0,0,0,0,0,0,0,0,0,0,0,0,0,0,0,0,0,0,2,2,0,0,5,0,0,0,0,0,0,False,False,False,False,True,False,False,False,False,False,False,True,False
7.3,7.6,0,53.29,0.7136809982390228,55.48,0,0,0,0,1,0,0,0,0,0,0,1,0,0,0,0,0,0,0,0,0,0,0,0,0,0,0,0,0,0,0,0,0,0,0,0,0,1,0,0,0,0,0,0,1,0,0,5,0,0,0,0,0,0,False,False,False,False,False,False,False,False,False,True,False,False,True
2.6,44.4,0,6.760000000000001,1.6401672184835254,115.44,0,0,0,0,0,0,0,0,0,0,1,0,1,0,1,1,0,0,1,0,0,0,0,0,0,0,0,0,0,0,0,0,0,0,0,0,0,0,0,0,0,0,0,0,4,0,0,5,0,0,0,0,0,1,False,False,False,True,False,False,False,False,False,False,False,True,False
5.5,38.9,0,30.25,1.8178546605566128,213.95,0,0,0,0,0,0,0,1,0,0,0,0,0,0,0,0,1,0,0,0,1,1,0,0,0,0,0,0,0,0,0,0,0,0,0,0,0,0,0,0,0,0,1,2,0,0,0,5,0,0,0,0,1,0,False,False,False,False,False,False,True,False,False,False,False,True,False
15.0,32.2,0,225.0,-0.4451437293347389,483.00000000000006,0,0,0,0,0,0,0,0,1,0,0,1,0,1,0,1,0,1,0,1,1,0,0,0,0,0,0,0,0,0,0,0,0,0,0,0,0,0,0,0,0,0,3,0,2,0,0,5,0,0,0,1,0,0,False,False,False,True,False,False,False,False,False,False,False,False,True
8.7,34.4,0,75.68999999999998,-0.06910405021997054,299.28,0,0,0,0,0,0,0,0,0,0,1,0,0,1,0,1,0,0,0,0,0,0,0,0,0,0,0,0,0,0,0,0,0,0,0,0,0,0,0,0,0,0,1,0,2,0,0,5,0,0,0,0,0,0,False,False,False,True,False,False,False,False,False,False,False,False,True
7.1,29.7,0,50.41,-0.8724615465106135,210.86999999999998,0,1,0,0,0,0,0,0,0,0,0,0,1,1,0,0,1,0,0,0,0,1,0,0,0,0,0,0,0,0,0,0,0,0,0,0,0,0,0,0,0,0,1,3,1,0,0,5,1,0,0,0,1,0,False,False,False,True,False,False,False,False,False,False,False,False,True
0.6,15.0,0,0.36,-1.5639013616033868,9.0,0,0,0,0,0,0,1,0,0,0,0,1,1,1,1,0,0,0,0,0,0,1,0,0,0,0,0,0,0,0,0,0,0,0,0,0,0,0,0,0,0,0,2,1,2,0,0,5,1,0,0,0,0,0,False,True,False,False,False,False,False,False,False,False,True,False,False
7.3,19.3,0,53.29,-0.6252620308410722,140.89000000000001,0,0,0,1,0,0,0,0,0,0,0,1,0,0,1,0,0,1,1,0,0,0,0,0,0,0,0,0,0,0,0,0,0,0,0,0,0,0,0,0,0,0,0,0,3,0,0,5,0,0,0,0,0,1,False,True,False,False,False,False,False,False,False,False,False,False,True
10.5,17.1,0,110.25,-1.053214770759978,179.55,0,0,0,0,0,0,0,0,0,1,0,0,0,0,1,0,0,1,0,0,0,1,0,0,0,0,0,0,0,0,0,0,0,0,0,0,0,0,0,0,0,0,0,1,3,0,0,5,0,0,0,0,0,0,False,False,True,False,False,False,False,False,False,False,False,False,True
5.1,19.0,0,26.009999999999998,-0.8167951113442216,96.89999999999999,0,0,0,0,1,0,0,0,0,0,0,1,1,0,0,0,0,1,0,0,1,1,0,0,0,0,0,0,0,0,0,0,0,0,0,0,0,0,0,0,0,0,1,1,2,0,0,5,0,0,0,0,0,0,True,False,False,False,False,False,False,False,False,False,False,True,False
3.8,43.9,1,14.44,1.4752414065890778,166.82,0,0,0,0,0,1,0,0,0,0,0,1,1,0,1,0,0,0,0,0,0,0,0,0,0,0,0,0,0,0,0,0,0,0,0,0,0,0,0,0,0,0,0,0,2,0,0,5,0,0,0,0,0,0,False,False,False,False,False,False,False,False,True,False,False,True,False
14.0,25.0,0,196.0,-1.461020825804551,350.0,0,0,0,0,0,0,0,1,0,0,0,0,1,1,0,0,1,1,0,0,0,0,0,0,0,0,0,0,0,0,0,0,0,0,0,0,0,0,0,0,0,0,1,1,2,0,0,5,1,0,0,0,0,0,False,False,False,False,False,False,False,False,True,False,False,False,True
0.5,22.6,0,0.25,0.11608647265025109,11.3,0,1,0,0,0,0,0,0,0,0,0,0,1,0,0,0,0,0,1,0,0,1,0,0,0,0,0,0,0,0,0,0,0,0,0,0,0,0,0,0,0,0,0,2,2,0,0,5,0,0,0,0,0,0,False,False,True,False,False,False,False,False,False,False,True,False,False
13.6,25.2,0,184.95999999999998,0.42286351997228816,342.71999999999997,0,0,0,1,0,0,0,0,0,0,0,1,1,0,0,0,0,0,0,0,0,0,0,0,0,1,0,0,0,0,0,0,0,1,0,0,0,0,0,0,0,0,0,0,1,0,0,5,0,0,0,0,0,0,False,False,False,False,False,False,True,False,False,False,False,False,True
1.4,19.6,0,1.9599999999999997,-0.6910194876188374,27.44,0,0,0,0,1,0,0,0,0,0,0,1,1,0,0,0,0,0,0,1,1,1,0,0,0,0,0,0,0,0,0,0,0,0,0,0,0,0,0,0,0,0,2,1,1,0,0,5,0,1,0,0,0,0,True,False,False,False,False,False,False,False,False,False,False,True,False
11.0,4.1,1,121.0,-1.0849224520808591,45.099999999999994,0,0,0,0,0,0,0,0,0,1,0,0,1,0,0,0,0,0,0,0,0,0,1,0,0,0,0,0,0,0,0,0,0,0,0,0,1,0,1,0,0,0,0,0,2,0,2,5,0,0,0,0,0,0,False,False,False,False,False,False,False,False,False,True,False,False,True
11.1,18.7,0,123.21,-0.7130544090406391,207.57,0,0,0,0,0,0,1,0,0,0,0,1,0,0,0,0,0,0,0,0,1,1,0,0,0,0,0,0,0,0,0,0,0,0,0,0,0,0,0,0,0,0,1,1,0,0,0,5,0,0,0,0,0,0,False,False,True,False,False,False,False,False,False,False,False,False,True
2.9,23.1,0,8.41,0.20903276119658898,66.99000000000001,0,0,0,0,0,0,0,1,0,0,0,0,0,0,0,0,1,0,0,0,0,0,0,0,0,0,0,0,0,0,0,0,0,0,0,0,0,0,0,0,0,0,0,1,0,0,0,5,0,0,0,0,0,0,False,False,False,False,False,False,True,False,False,False,False,True,False
9.0,20.9,0,81.0,-0.4185056362138395,188.1,0,1,0,0,0,0,0,0,0,0,0,0,0,1,0,0,1,1,0,0,0,0,0,0,0,0,0,0,0,0,0,0,0,0,0,0,0,0,0,0,0,0,1,1,1,0,0,5,0,0,0,0,0,0,True,False,False,False,False,False,False,False,False,False,False,False,True
13.7,41.5,0,187.68999999999997,1.1249518127138136,568.55,0,0,0,1,0,0,0,0,0,0,0,1,0,0,0,1,0,0,1,0,0,0,0,0,1,0,0,0,0,0,0,0,0,0,0,0,0,0,0,0,0,0,0,0,2,0,0,5,0,0,0,0,0,0,False,False,False,False,False,True,False,False,False,False,False,False,True
10.0,35.9,1,100.0,0.23237908599918186,359.0,0,0,0,0,0,0,0,0,1,0,0,1,0,0,1,1,0,0,0,0,1,1,0,0,0,0,0,0,0,0,0,0,0,0,0,0,0,0,0,0,0,0,1,1,2,0,1,5,0,0,1,0,0,0,False,False,False,False,False,False,False,False,True,False,False,False,True
5.4,6.9,0,29.160000000000004,0.4207707634694058,37.260000000000005,0,0,0,0,0,0,1,0,0,0,0,1,0,0,0,0,1,0,0,1,0,0,0,1,0,0,0,0,0,0,0,0,0,0,0,0,0,0,0,0,0,0,1,1,1,0,0,5,0,0,0,0,0,0,False,False,False,False,False,False,False,True,False,False,False,True,False
10.1,37.5,0,102.00999999999999,0.4607700430781134,378.75,0,0,0,0,0,0,0,0,1,0,0,1,1,1,0,0,0,1,0,0,0,1,0,0,0,0,0,0,0,0,0,0,0,0,0,0,0,0,0,0,0,0,1,1,2,0,0,5,1,0,0,0,0,0,False,False,False,True,False,False,False,False,False,False,False,False,True
7.2,37.0,0,51.84,0.26412843099067174,266.40000000000003,0,0,0,0,0,0,0,1,0,0,0,0,0,1,0,0,1,0,0,0,0,1,0,0,0,0,0,0,0,0,0,0,0,0,0,0,0,0,0,0,0,0,1,2,0,0,0,5,0,0,0,0,1,0,False,False,False,False,True,False,False,False,False,False,False,False,True
3.4,22.4,1,11.559999999999999,0.051431440173619114,76.16,0,0,0,0,0,0,1,0,0,0,0,1,1,0,0,0,0,0,0,0,1,1,0,0,0,0,0,0,0,0,0,0,0,0,0,0,0,0,0,0,0,0,1,1,1,0,1,5,0,0,0,0,0,0,False,True,False,False,False,False,False,False,False,False,False,True,False
4.4,30.0,0,19.360000000000003,1.7104218852418962,132.0,0,0,1,0,0,0,0,0,0,0,0,0,1,1,0,0,0,0,1,0,1,1,0,0,0,0,0,0,0,0,0,0,0,0,0,0,0,0,0,0,0,0,2,1,2,0,0,5,1,0,0,0,0,0,False,True,False,False,False,False,False,False,False,False,False,True,False
9.9,34.3,0,98.01,2.6035091177229193,339.57,0,0,0,0,0,0,0,0,0,1,0,0,0,0,0,0,1,0,0,0,0,0,0,0,0,0,0,0,0,0,0,0,0,0,0,0,0,0,0,0,0,0,0,1,1,0,0,5,0,0,0,0,0,0,False,False,True,False,False,False,False,False,False,False,False,False,True
3.1,17.7,0,9.610000000000001,-0.9256546351152262,54.87,0,0,0,0,0,0,0,0,0,1,0,0,1,0,0,0,0,1,0,0,0,0,0,0,0,0,0,0,0,0,0,0,0,0,0,0,0,1,0,0,0,0,0,0,2,0,0,5,0,0,0,0,0,0,False,False,True,False,False,False,False,False,False,False,False,True,False
10.5,34.2,0,110.25,-0.2254145711291542,359.1,0,0,1,0,0,0,0,0,0,0,0,0,1,0,0,0,1,0,1,1,0,0,0,0,0,0,0,0,0,0,0,0,0,0,0,0,0,0,0,0,0,0,1,1,2,0,0,5,0,1,0,0,0,0,False,False,False,False,True,False,False,False,False,False,False,False,True
15.0,4.0,1,225.0,-1.071997343519137,60.0,0,0,0,0,0,1,0,0,0,0,0,1,0,0,0,1,0,0,1,0,0,0,0,0,0,0,0,0,0,0,0,0,0,0,0,0,0,0,0,0,0,0,0,0,3,0,0,5,0,0,0,0,0,0,False,False,False,False,False,False,False,True,False,False,False,False,True
1.0,9.5,0,1.0,1.6900657284126732,9.5,0,0,0,0,0,0,1,0,0,0,0,1,0,0,0,0,0,0,0,0,0,0,0,0,0,0,0,1,0,0,0,0,0,0,0,0,0,1,0,0,0,0,0,0,1,0,0,5,0,0,0,0,0,0,False,False,False,False,False,False,False,False,False,True,True,False,False
1.7,38.3,0,2.8899999999999997,0.6052377821761504,65.11,0,1,0,0,0,0,0,0,0,0,0,0,0,0,0,0,0,0,0,0,0,0,0,0,0,0,0,0,0,0,0,0,0,0,0,0,0,0,0,0,0,0,0,0,1,0,0,5,0,0,0,0,0,0,False,False,False,False,False,False,False,False,True,False,False,True,False
13.7,22.6,0,187.68999999999997,0.09508908346489017,309.62,0,0,0,0,0,0,0,0,0,0,1,0,0,0,0,0,0,0,0,0,0,0,0,1,0,0,0,0,0,0,0,0,0,0,0,0,0,0,0,0,0,0,0,0,1,0,0,5,0,0,0,0,0,0,False,True,False,False,False,False,False,False,False,False,False,False,True
0.7,14.8,0,0.48999999999999994,-1.5421952907315286,10.36,0,1,0,0,0,0,0,0,0,0,0,0,0,0,0,0,0,0,0,0,0,0,0,0,0,0,1,0,0,0,0,0,0,0,0,0,0,0,0,0,0,0,0,0,0,0,0,5,0,0,0,0,0,0,False,False,True,False,False,False,False,False,False,False,True,False,False
8.5,16.3,0,72.25,-1.2232949516196479,138.55,0,0,0,0,1,0,0,0,0,0,0,1,1,0,0,0,1,0,0,0,1,0,0,0,1,0,0,0,0,0,0,0,0,0,1,0,0,0,0,0,0,0,1,1,1,0,0,5,0,0,0,0,0,0,False,False,True,False,False,False,False,False,False,False,False,False,True
8.1,35.0,0,65.61,0.03345222590223945,283.5,0,0,0,0,0,0,0,0,1,0,0,1,0,0,0,1,1,1,0,0,0,1,0,0,0,0,0,0,0,0,0,0,0,0,0,0,0,0,0,0,0,0,0,2,2,0,0,5,0,0,0,0,1,0,False,False,False,True,False,False,False,False,False,False,False,False,True
12.1,27.4,0,146.41,1.1428725224553802,331.53999999999996,0,1,0,0,0,0,0,0,0,0,0,0,0,0,0,0,0,0,0,1,0,0,0,1,0,0,0,0,0,0,0,0,0,0,0,0,0,0,0,0,0,0,1,0,3,0,0,5,0,0,0,1,0,0,False,True,False,False,False,False,False,False,False,False,False,False,True
9.1,3.1,0,82.80999999999999,-1.5988091521722538,28.21,0,0,0,0,0,0,1,0,0,0,0,1,1,0,1,0,0,0,0,0,0,0,0,0,0,0,0,0,0,0,0,0,0,0,0,0,0,0,0,0,0,0,0,0,2,0,0,5,0,0,0,0,0,0,False,False,False,False,False,False,False,False,False,True,False,False,True
7.3,20.3,0,53.29,-0.544281259939223,148.19,0,0,0,1,0,0,0,0,0,0,0,1,0,0,0,0,0,1,1,0,1,0,0,0,0,0,0,0,0,0,0,0,0,0,0,0,0,0,0,0,0,0,3,0,2,0,0,5,0,0,0,0,0,0,True,False,False,False,False,False,False,False,False,False,False,False,True
1.5,16.8,0,2.25,-1.2779723983372957,25.200000000000003,0,0,0,0,0,0,0,1,0,0,0,0,0,0,1,0,1,0,0,0,1,0,0,0,0,0,0,0,0,0,0,0,0,0,0,0,0,0,0,0,0,0,1,1,1,1,0,5,0,0,1,0,0,0,True,False,False,False,False,False,False,False,False,False,False,True,False
1.3,36.4,0,1.6900000000000002,0.27275020352072865,47.32,0,0,0,0,0,0,0,0,0,0,1,0,1,0,1,0,0,0,0,1,0,0,0,0,0,0,0,0,0,0,0,0,0,0,0,0,0,0,0,0,0,0,1,0,2,0,0,5,0,1,0,0,0,0,False,False,False,True,False,False,False,False,False,False,False,True,False
7.1,45.0,0,50.41,1.6461349756701886,319.5,0,1,0,0,0,0,0,0,0,0,0,0,1,0,0,0,0,0,0,1,0,1,0,0,0,0,0,1,0,0,0,0,0,0,0,0,0,0,0,0,0,0,1,2,1,0,0,5,0,1,0,0,0,0,False,False,False,False,False,False,False,False,True,False,False,False,True
13.6,33.8,1,184.95999999999998,-0.17166032634218054,459.67999999999995,0,0,0,0,0,1,0,0,0,0,0,1,0,0,0,0,0,1,0,1,0,1,0,0,0,0,0,0,0,0,0,0,0,0,0,0,0,0,0,0,0,0,1,1,2,0,0,5,0,0,0,0,0,0,False,False,False,True,False,False,False,False,False,False,False,False,True
3.9,18.6,0,15.209999999999999,-0.7343144316480974,72.54,0,0,0,1,0,0,0,0,0,0,0,1,0,0,1,0,0,0,1,0,1,0,0,0,0,0,0,0,0,0,0,0,0,0,0,0,0,0,0,0,0,0,1,0,2,0,0,5,0,0,1,0,0,1,False,False,True,False,False,False,False,False,False,False,False,True,False
5.1,26.2,0,26.009999999999998,0.8814472865187643,133.61999999999998,0,0,0,0,0,0,0,1,0,0,0,0,0,1,0,0,0,0,0,0,1,0,0,0,0,0,0,0,0,0,0,0,0,0,0,0,0,0,0,0,0,0,2,0,0,0,0,5,0,0,0,0,0,0,False,False,True,False,False,False,False,False,False,False,False,True,False
11.5,26.1,0,132.25,0.860187263911306,300.15000000000003,0,0,0,0,0,0,0,1,0,0,0,0,1,1,0,0,0,0,0,1,0,1,0,0,0,0,0,0,0,0,0,0,0,0,0,0,0,0,0,0,0,0,2,1,1,0,0,5,1,1,0,0,0,0,False,False,True,False,False,False,False,False,False,False,False,False,True
9.6,26.3,0,92.16,-1.2590556987086927,252.48,0,0,0,0,0,0,0,0,0,1,0,0,0,0,0,1,0,1,1,0,0,1,0,0,0,0,0,0,0,0,0,0,0,0,0,0,0,0,0,0,0,0,0,1,4,0,0,5,0,0,0,0,0,0,False,False,False,False,False,False,False,False,True,False,False,False,True
1.7,27.0,1,2.8899999999999997,1.051527467378434,45.9,0,0,0,0,0,1,0,0,0,0,0,1,1,0,0,0,0,0,0,0,0,0,0,0,0,0,0,1,0,0,0,0,0,0,0,0,0,0,0,0,0,0,0,0,1,0,2,5,0,0,0,0,0,0,False,False,True,False,False,False,False,False,False,False,False,True,False
15.0,20.5,0,225.0,-0.36331617109344977,307.5,0,0,0,0,0,0,0,1,0,0,0,0,0,1,1,1,0,1,0,0,0,0,0,0,0,0,0,0,0,0,0,0,0,0,0,0,0,0,0,0,0,0,1,0,3,0,0,5,0,0,0,0,0,0,False,True,False,False,False,False,False,False,False,False,False,False,True
2.5,8.9,0,6.25,1.4502660096684006,22.25,0,0,0,0,0,0,0,0,1,0,0,1,1,1,0,0,1,1,0,0,0,0,0,0,0,0,0,0,0,0,0,0,0,0,0,0,0,0,0,0,0,0,1,1,2,0,0,5,1,0,0,0,0,0,False,False,False,False,False,False,False,True,False,False,False,True,False
8.5,17.3,0,72.25,-1.0618384637537766,147.05,0,0,0,0,1,0,0,0,0,0,0,1,0,0,0,0,1,0,1,1,1,0,0,0,0,0,0,0,0,0,0,0,0,0,0,0,0,0,0,0,0,0,2,1,1,0,0,5,0,0,0,0,0,0,False,True,False,False,False,False,False,False,False,False,False,False,True
6.7,32.3,0,44.89,-0.5324768339002369,216.41,0,1,0,0,0,0,0,0,0,0,0,0,0,0,1,1,0,1,0,0,0,1,0,0,0,0,0,0,0,0,0,0,0,0,0,0,0,0,0,0,0,0,0,1,4,0,0,5,0,0,0,0,0,0,False,False,False,False,False,True,False,False,False,False,False,True,False
12.2,38.6,0,148.83999999999997,0.5438672893448585,470.92,0,0,0,0,0,0,0,0,0,1,0,0,0,1,0,1,0,0,1,0,0,1,0,0,0,0,0,0,0,0,0,0,0,0,0,0,0,0,0,0,0,0,1,1,2,0,0,5,0,0,0,0,0,0,False,False,False,False,True,False,False,False,False,False,False,False,True
9.6,16.8,0,92.16,-1.1169948385823543,161.28,0,1,0,0,0,0,0,0,0,0,0,0,1,0,0,0,1,1,0,0,0,1,0,0,0,0,0,0,0,0,0,0,0,0,0,0,0,0,0,1,0,0,0,2,2,0,0,5,0,0,0,0,1,0,False,False,True,False,False,False,False,False,False,False,False,False,True
11.5,27.8,1,132.25,1.027914036628076,319.7,0,0,0,0,0,1,0,0,0,0,0,1,0,0,0,0,1,0,0,1,0,1,0,0,0,0,0,0,0,0,0,0,0,0,0,0,0,0,0,0,0,0,2,3,0,0,0,5,0,0,0,0,1,0,True,False,False,False,False,False,False,False,False,False,False,False,True
3.0,36.4,0,9.0,1.563294233442685,109.19999999999999,0,0,0,0,0,0,1,0,0,0,0,1,1,1,0,1,0,0,0,0,1,0,0,0,0,0,0,0,0,0,0,0,0,0,0,0,0,0,0,0,0,0,3,0,2,0,0,5,1,0,0,0,0,0,False,False,False,False,False,False,True,False,False,False,False,True,False
7.5,31.2,0,56.25,1.033808545045715,234.0,0,0,0,0,1,0,0,0,0,0,0,1,1,0,0,0,0,0,1,1,0,0,0,0,0,0,0,0,0,0,0,0,0,0,0,0,0,0,0,0,0,0,1,0,3,0,0,5,0,1,0,1,0,0,False,False,False,False,False,False,True,False,False,False,False,False,True
1.0,31.7,0,1.0,-0.5306072927699144,31.7,0,0,0,0,0,0,0,0,0,0,1,0,0,0,0,0,0,0,0,0,0,0,0,1,0,0,1,0,0,0,0,0,0,0,0,0,0,0,0,0,0,0,0,0,1,0,0,5,0,0,0,0,0,0,False,False,False,True,False,False,False,False,False,False,True,False,False
3.0,24.4,1,9.0,0.31518550218423325,73.19999999999999,0,0,0,0,0,1,0,0,0,0,0,1,0,0,1,1,0,1,0,0,0,0,0,0,0,0,0,0,0,0,0,0,0,0,0,0,0,0,0,0,0,0,0,0,5,0,0,5,0,0,0,0,0,0,True,False,False,False,False,False,False,False,False,False,False,True,False
12.5,7.4,0,156.25,0.6109036582207442,92.5,0,1,0,0,0,0,0,0,0,0,0,0,0,1,0,0,0,1,1,0,1,0,0,0,0,0,0,0,0,0,0,0,0,0,0,0,0,0,0,0,0,0,3,0,2,0,0,5,0,0,0,0,0,0,False,False,False,False,False,False,False,False,False,True,False,False,True
13.9,37.2,0,193.21,0.29909578828494554,517.08,0,0,0,0,1,0,0,0,0,0,0,1,0,0,0,0,0,1,0,0,0,0,0,0,0,1,0,0,0,0,0,0,0,0,0,0,0,0,0,0,1,0,1,0,1,0,0,5,0,0,0,0,0,0,False,False,False,False,True,False,False,False,False,False,False,False,True
2.3,24.4,0,5.289999999999999,0.31518550218423325,56.11999999999999,0,1,0,0,0,0,0,0,0,0,0,0,0,0,0,0,0,0,0,0,0,0,1,0,1,0,0,0,1,1,1,0,0,0,0,0,0,0,0,0,0,0,0,0,1,0,0,5,0,0,0,0,0,0,True,False,False,False,False,False,False,False,False,False,False,True,False
3.0,9.6,1,9.0,1.7414543984218125,28.799999999999997,0,0,0,0,0,1,0,0,0,0,0,1,0,0,0,0,0,0,0,0,0,0,1,0,1,0,0,0,1,1,1,0,0,0,0,0,0,0,0,0,0,0,0,0,1,0,0,5,0,0,0,0,0,0,False,False,False,False,False,False,False,False,False,True,False,True,False
13.2,28.5,0,174.23999999999998,-1.2219842540159442,376.2,0,1,0,0,0,0,0,0,0,0,0,0,0,0,0,1,0,0,1,0,1,0,0,0,0,0,0,0,0,0,0,0,0,0,0,0,0,0,0,0,0,0,1,0,3,0,0,5,0,0,0,0,0,0,False,False,False,False,True,False,False,False,False,False,False,False,True
2.1,20.0,0,4.41,-0.4366741151436757,42.0,0,0,0,1,0,0,0,0,0,0,0,1,0,0,1,0,0,0,0,1,1,0,0,0,0,0,0,0,0,0,0,0,0,0,0,0,0,0,0,0,0,0,2,0,2,0,0,5,0,0,1,0,0,0,False,False,True,False,False,False,False,False,False,False,False,True,False
9.1,33.6,0,82.80999999999999,1.2781865550750862,305.76,0,1,0,0,0,0,0,0,0,0,0,0,0,0,0,1,0,0,0,0,0,1,0,0,0,0,0,1,0,0,0,0,0,0,1,0,0,0,0,0,0,0,0,1,1,0,0,5,0,0,0,0,0,0,False,False,False,False,False,False,True,False,False,False,False,False,True
15.6,41.9,1,243.35999999999999,1.1645258264416036,653.64,0,0,0,0,0,0,0,1,0,0,0,0,0,0,0,0,0,0,0,0,0,0,0,0,0,0,0,0,0,0,0,0,0,0,0,0,0,0,1,0,0,0,0,0,0,0,2,5,0,0,0,0,0,0,False,False,False,False,False,False,False,False,True,False,False,False,True
3.5,42.7,0,12.25,1.3411381579243424,149.45000000000002,0,0,0,1,0,0,0,0,0,0,0,1,0,0,1,0,1,0,0,1,0,1,0,0,0,0,0,0,0,0,0,0,0,0,0,0,0,0,0,0,0,0,1,2,1,0,0,5,0,0,0,0,1,0,False,False,False,False,False,True,False,False,False,False,False,True,False
7.5,39.5,0,56.25,0.7012203971690881,296.25,0,0,0,0,0,0,0,0,1,0,0,1,0,1,0,1,0,1,0,1,1,0,0,0,0,0,0,0,0,0,0,0,0,0,0,0,0,0,0,0,0,0,3,0,2,0,0,5,0,0,0,1,0,0,False,False,False,False,True,False,False,False,False,False,False,False,True
6.7,6.6,0,44.89,-1.4710660577553352,44.22,0,1,0,0,0,0,0,0,0,0,0,0,1,0,0,0,0,0,0,0,0,0,0,0,0,0,0,1,0,0,0,1,0,0,0,0,0,0,0,0,0,0,0,0,1,0,0,5,0,0,0,0,0,0,False,False,False,False,False,False,True,False,False,False,False,True,False
1.3,38.1,1,1.6900000000000002,0.5633263192003234,49.53,0,0,1,0,0,0,0,0,0,0,0,0,0,1,0,0,0,0,0,0,0,0,0,0,0,0,0,0,0,0,0,0,0,0,0,0,0,1,0,0,0,0,1,0,0,0,0,5,0,0,0,0,0,0,False,False,False,True,False,False,False,False,False,False,False,True,False
11.4,41.8,0,129.96,1.1033450060532308,476.52,0,1,0,0,0,0,0,0,0,0,0,0,0,0,0,0,0,0,0,0,0,0,0,0,0,0,0,0,0,0,0,0,0,0,0,0,0,0,0,0,0,0,0,0,0,0,0,5,0,0,0,0,0,0,False,False,False,False,True,False,False,False,False,False,False,False,True
12.5,18.9,1,156.25,-0.8377577152984526,236.24999999999997,0,0,0,0,0,1,0,0,0,0,0,1,1,0,0,0,0,0,0,0,0,0,1,0,0,0,1,0,0,0,0,1,0,0,0,0,0,0,0,0,0,0,0,0,2,0,0,5,0,0,0,0,0,0,True,False,False,False,False,False,False,False,False,False,False,False,True
0.8,6.7,0,0.6400000000000001,0.3178212388495062,5.36,0,0,0,0,0,0,1,0,0,0,0,1,0,0,0,0,1,1,0,0,0,1,0,1,0,0,0,0,0,0,0,0,0,0,0,0,0,0,0,0,0,0,0,3,2,0,0,5,0,0,0,0,1,0,False,False,False,False,False,False,False,True,False,False,True,False,False
5.6,8.0,0,31.359999999999996,0.919235678275581,44.8,0,0,0,0,0,0,0,0,0,1,0,0,1,0,0,0,1,0,0,0,0,0,0,0,0,0,0,0,0,0,0,0,0,0,0,0,0,0,0,0,0,0,0,2,1,0,0,5,0,0,0,0,1,0,False,False,False,False,False,False,False,False,False,True,False,True,False
12.1,31.2,0,146.41,-0.7499249305432546,377.52,0,1,0,0,0,0,0,0,0,0,0,0,0,0,1,1,0,0,0,1,0,1,0,0,0,0,0,0,0,0,0,0,0,0,0,0,0,0,0,0,0,0,1,1,3,0,0,5,0,0,0,1,0,0,False,False,False,False,True,False,False,False,False,False,False,False,True
1.5,28.0,0,2.25,-0.99494745558334,42.0,0,0,0,0,0,0,1,0,0,0,0,1,0,0,1,0,0,1,0,1,0,1,0,0,0,0,0,0,0,0,0,0,0,0,0,0,0,0,0,0,0,0,2,1,2,0,0,5,0,0,0,0,0,0,False,False,False,False,False,False,False,False,True,False,False,True,False
7.0,16.1,0,49.0,-1.323784323501399,112.70000000000002,0,0,0,1,0,0,0,0,0,0,0,1,1,0,0,0,1,0,0,0,1,1,0,0,0,0,0,0,0,0,0,0,0,0,0,0,0,0,0,0,0,0,1,2,1,0,0,5,0,0,0,0,1,0,False,True,False,False,False,False,False,False,False,False,False,True,False
12.6,25.0,0,158.76,-1.8339130066657272,315.0,0,1,0,0,0,0,0,0,0,0,0,0,0,1,1,0,0,1,0,0,1,0,0,0,0,0,0,0,0,0,0,0,0,0,0,0,0,0,0,0,0,0,3,0,2,0,0,5,0,0,1,0,0,0,False,False,False,False,True,False,False,False,False,False,False,False,True
6.6,6.0,0,43.559999999999995,-0.042502097320142075,39.599999999999994,0,0,0,0,0,0,0,0,1,0,0,1,0,1,0,0,0,0,1,0,1,1,0,0,0,0,0,0,0,0,0,0,0,0,0,0,0,0,0,0,0,0,2,1,1,0,0,5,0,0,0,0,0,0,False,False,False,False,False,False,False,True,False,False,False,True,False
9.3,25.0,0,86.49000000000001,-1.8339130066657272,232.50000000000003,0,0,0,0,0,0,0,0,0,0,1,0,0,0,1,1,0,0,0,1,0,0,0,0,0,0,0,0,0,0,0,0,0,0,0,0,0,0,0,0,0,0,2,0,2,0,0,5,0,0,0,1,0,0,False,False,False,False,True,False,False,False,False,False,False,False,True
0.5,18.8,0,0.25,-0.22881117343936702,9.4,0,0,0,1,0,0,0,0,0,0,0,1,0,0,0,1,0,0,1,1,0,0,0,0,0,0,0,0,0,0,0,0,0,0,0,0,0,0,0,0,0,0,1,0,3,0,0,5,0,0,0,1,0,0,False,False,False,False,False,False,True,False,False,False,True,False,False
6.4,18.4,1,40.96000000000001,-0.8217214256517897,117.75999999999999,0,1,0,0,0,0,0,0,0,0,0,0,1,0,0,0,0,0,0,0,0,0,0,0,0,0,0,0,0,0,0,0,0,0,0,0,0,0,0,0,0,0,0,0,1,0,1,5,0,0,0,0,0,0,False,True,False,False,False,False,False,False,False,False,False,True,False
2.7,28.0,0,7.290000000000001,1.2738454523291918,75.60000000000001,0,0,1,0,0,0,0,0,0,0,0,0,0,0,0,0,0,0,1,0,0,0,0,0,0,0,0,0,0,0,0,0,0,0,0,0,0,0,0,0,0,0,0,0,1,0,0,5,0,0,0,0,0,0,False,True,False,False,False,False,False,False,False,False,False,True,False
5.1,23.9,1,26.009999999999998,0.39246676654721374,121.88999999999999,0,0,0,0,0,1,0,0,0,0,0,1,1,0,0,0,0,0,0,1,0,1,0,0,0,0,0,0,0,0,0,0,0,0,0,0,0,0,0,0,0,0,1,1,2,0,0,5,0,1,0,0,0,0,False,False,True,False,False,False,False,False,False,False,False,True,False
7.7,5.5,0,59.290000000000006,-0.2998759088698908,42.35,0,0,1,0,0,0,0,0,0,0,0,0,1,0,0,0,0,1,1,1,0,0,0,0,0,0,0,0,0,0,0,0,0,0,0,0,0,0,0,0,0,0,1,0,4,0,0,5,0,1,0,0,0,0,False,False,False,False,False,False,False,True,False,False,False,False,True
0.5,20.2,0,0.25,-0.42880263603035557,10.1,0,0,0,0,0,0,0,0,0,0,1,0,0,1,0,1,0,0,0,0,0,1,0,0,0,0,0,0,0,0,0,0,0,0,0,0,0,0,0,0,0,0,2,1,1,0,0,5,0,0,0,0,0,0,False,True,False,False,False,False,False,False,False,False,True,False,False
11.6,28.3,0,134.56,1.3393319172660976,328.28,0,0,0,0,0,0,0,0,0,0,1,0,1,0,0,0,1,0,0,0,0,0,0,0,0,1,0,0,0,0,0,0,0,0,0,0,0,0,0,0,0,0,0,1,1,0,0,5,0,0,0,0,0,0,False,True,False,False,False,False,False,False,False,False,False,False,True
3.7,35.9,0,13.690000000000001,0.07180796587216824,132.83,0,0,0,1,0,0,0,0,0,0,0,1,0,0,0,0,1,1,0,0,0,0,0,0,0,0,0,1,0,0,0,0,0,0,1,1,0,0,0,0,0,0,0,1,1,0,0,5,0,0,0,0,0,0,False,False,False,False,True,False,False,False,False,False,False,True,False
6.5,6.0,0,42.25,-0.042502097320142075,39.0,0,0,0,1,0,0,0,0,0,0,0,1,1,0,1,0,0,1,1,0,1,0,0,0,0,0,0,0,0,0,0,0,0,0,0,0,0,0,0,0,0,0,1,0,4,0,0,5,0,0,1,0,0,1,False,False,False,False,False,False,False,True,False,False,False,True,False
2.5,34.2,0,6.25,-0.19018178731689947,85.5,0,0,0,0,0,0,0,1,0,0,0,0,0,0,1,1,0,0,0,0,0,0,0,0,0,0,0,0,0,0,0,0,0,0,0,0,0,0,0,0,0,0,0,0,2,0,0,5,0,0,0,0,0,0,False,False,False,False,False,True,False,False,False,False,False,True,False
9.3,15.0,0,86.49000000000001,-1.5639013616033868,139.5,0,1,0,0,0,0,0,0,0,0,0,0,0,0,0,0,0,1,0,1,1,0,0,0,0,0,0,0,0,0,0,0,0,0,0,0,0,0,0,0,0,0,2,0,2,0,0,5,0,0,0,0,0,0,False,True,False,False,False,False,False,False,False,False,False,False,True
6.8,8.1,0,46.239999999999995,1.0384679111888024,55.08,0,0,0,0,0,0,0,0,1,0,0,1,1,0,0,1,0,0,1,0,0,0,0,0,0,0,0,0,0,0,0,0,0,0,0,0,0,0,0,0,0,0,0,0,4,0,0,5,0,0,0,0,0,0,False,False,False,False,False,False,False,True,False,False,False,True,False
4.2,31.5,1,17.64,1.0643557962993866,132.3,0,0,0,0,0,1,0,0,0,0,0,1,1,1,1,1,0,0,0,0,0,0,0,0,0,0,0,0,0,0,0,1,0,0,0,0,0,0,0,0,0,0,1,0,3,0,0,5,1,0,0,0,0,0,False,False,False,False,False,False,True,False,False,False,False,True,False
2.3,35.2,0,5.289999999999999,-0.010026499641459257,80.96,0,0,0,0,1,0,0,0,0,0,0,1,1,0,0,1,1,0,1,0,0,1,0,0,0,0,0,0,0,0,0,0,0,0,0,0,0,0,0,0,0,0,0,2,3,0,0,5,0,0,0,0,1,0,False,False,False,False,False,True,False,False,False,False,False,True,False
3.1,41.3,0,9.610000000000001,1.088920755178725,128.03,0,0,0,0,1,0,0,0,0,0,0,1,0,1,0,0,0,1,1,0,0,0,0,0,0,0,0,0,0,0,0,0,0,0,0,0,0,0,0,0,0,0,1,0,2,0,0,5,0,0,0,0,0,0,False,False,False,False,False,True,False,False,False,False,False,True,False
9.8,3.3,0,96.04000000000002,-1.496031812153975,32.34,0,0,0,0,0,0,0,0,1,0,0,1,1,0,1,0,0,0,0,0,0,0,0,0,0,0,0,0,0,0,0,0,0,0,0,0,0,0,0,0,0,0,0,0,2,0,0,5,0,0,0,0,0,0,False,False,False,False,False,False,False,False,False,True,False,False,True
8.3,14.4,1,68.89000000000001,-0.6768375251598802,119.52000000000001,0,0,0,0,0,0,1,0,0,0,0,1,1,0,0,0,0,1,0,0,0,0,0,0,0,0,0,0,0,0,0,0,0,0,0,0,0,0,0,0,0,0,0,0,2,0,1,5,0,0,0,0,0,0,False,False,False,False,False,False,True,False,False,False,False,False,True
7.5,33.7,0,56.25,-0.10940805216303881,252.75000000000003,0,0,1,0,0,0,0,0,0,0,0,0,0,1,0,0,1,0,0,0,1,0,0,0,0,0,0,0,0,0,0,0,0,0,0,0,0,0,0,0,0,0,3,1,0,0,0,5,0,0,0,0,0,0,False,False,False,False,False,False,False,False,True,False,False,False,True
7.1,5.3,0,50.41,-0.4682584119711853,37.629999999999995,0,0,0,0,0,0,0,0,0,0,1,0,1,0,0,0,0,0,1,0,1,1,0,0,0,0,0,0,0,0,0,0,0,0,0,0,0,0,0,0,0,0,1,1,3,0,0,5,0,0,0,0,0,0,False,False,False,False,False,False,False,False,False,True,False,False,True
9.7,6.0,0,94.08999999999999,-0.10853772190720878,58.199999999999996,0,0,0,0,0,0,1,0,0,0,0,1,0,0,0,1,0,1,1,1,0,0,0,0,0,0,0,0,0,0,0,0,0,0,0,0,0,0,0,0,0,0,1,0,3,0,0,5,0,0,0,1,0,0,False,False,False,False,False,False,False,False,False,True,False,False,True
3.1,28.5,0,9.610000000000001,-1.2170669270669092,88.35000000000001,0,0,0,0,0,0,0,0,0,1,0,0,0,0,0,0,0,0,1,0,0,0,0,0,1,0,0,0,0,0,0,0,0,0,0,0,0,0,0,0,0,0,0,0,1,0,0,5,0,0,0,0,0,0,False,False,False,False,False,True,False,False,False,False,False,True,False
6.1,33.0,0,37.209999999999994,-0.21815850521465513,201.29999999999998,0,0,0,0,0,0,0,0,1,0,0,1,0,0,0,1,1,1,0,1,0,0,0,0,0,0,0,0,0,0,0,0,0,0,0,0,0,0,0,0,0,0,1,1,3,0,0,5,0,0,0,1,0,0,False,False,False,False,False,False,False,False,True,False,False,True,False
10.4,37.0,0,108.16000000000001,0.3753064796429386,384.8,0,0,0,0,1,0,0,0,0,0,0,1,0,0,1,0,0,0,0,0,1,1,0,0,0,0,0,0,0,0,0,0,0,0,0,0,0,0,0,0,0,0,1,1,2,0,0,5,0,0,1,0,0,0,False,False,False,True,False,False,False,False,False,False,False,False,True
14.3,8.8,0,204.49,1.3987912473584512,125.84000000000002,0,1,0,0,0,0,0,0,0,0,0,0,1,0,0,0,1,1,0,0,0,0,0,0,0,0,0,0,0,0,0,0,0,0,0,0,0,0,0,0,0,0,0,1,3,0,0,5,0,0,0,0,0,0,False,False,False,False,False,False,False,True,False,False,False,False,True
3.9,10.0,0,15.209999999999999,2.0164883950778476,39.0,0,1,0,0,0,0,0,0,0,0,0,0,0,0,0,0,0,0,1,1,1,0,0,0,0,0,0,0,0,0,0,0,0,0,0,0,0,0,0,0,0,0,2,0,1,0,0,5,0,0,0,0,0,0,False,False,False,False,False,False,False,True,False,False,False,True,False
7.7,28.9,0,59.290000000000006,-0.8551254445169769,222.53,0,0,0,0,1,0,0,0,0,0,0,1,1,0,0,1,0,0,0,0,0,0,0,0,0,1,0,0,0,0,0,0,0,0,0,0,0,0,0,0,0,0,0,0,2,0,0,5,0,0,0,0,0,0,False,False,False,False,False,False,False,False,True,False,False,False,True
9.8,32.2,0,96.04000000000002,-0.3424447372736443,315.56000000000006,0,0,0,0,0,0,0,0,0,1,0,0,0,0,1,1,0,1,0,1,0,1,0,0,0,0,0,0,0,0,0,0,0,0,0,0,0,0,0,0,0,0,1,1,3,0,0,5,0,0,0,1,0,0,False,False,False,False,False,False,False,False,True,False,False,False,True
14.8,39.0,0,219.04000000000002,0.674563593525213,577.2,0,0,0,0,1,0,0,0,0,0,0,1,0,0,0,0,0,0,1,1,0,1,0,0,0,0,0,0,0,0,0,0,0,0,0,0,0,0,0,0,0,0,1,1,1,0,0,5,0,0,0,0,0,0,False,False,False,False,False,True,False,False,False,False,False,False,True
4.8,39.2,0,23.04,0.7450597932425146,188.16,0,0,0,0,0,0,0,0,0,0,1,0,1,0,1,0,0,1,0,0,0,0,0,0,0,0,0,0,0,0,0,0,0,0,0,0,0,0,0,0,0,0,0,0,4,0,0,5,0,0,0,0,0,0,False,False,False,False,False,False,False,False,True,False,False,True,False
1.5,37.2,0,2.25,0.4343442130950406,55.800000000000004,0,0,1,0,0,0,0,0,0,0,0,0,1,1,0,0,0,0,1,0,0,0,0,0,0,0,0,0,0,0,0,0,0,0,0,0,0,0,0,0,0,0,1,0,3,0,0,5,1,0,0,0,0,0,False,False,False,False,False,False,False,False,True,False,False,True,False
5.6,22.8,1,31.359999999999996,0.13874672675616045,127.67999999999999,0,0,0,0,0,1,0,0,0,0,0,1,1,1,0,0,0,1,0,1,0,0,0,0,0,0,0,0,0,0,0,0,0,0,0,0,0,0,0,0,0,0,2,0,2,0,0,5,1,1,0,0,0,0,False,True,False,False,False,False,False,False,False,False,False,True,False
3.6,36.5,0,12.96,0.17671003775498845,131.4,0,0,0,0,0,0,0,0,0,1,0,0,0,0,1,0,1,0,1,1,0,0,0,0,0,0,0,0,0,0,0,0,0,0,0,0,0,0,0,0,0,0,1,2,2,0,0,5,0,0,0,0,0,1,False,False,False,False,True,False,False,False,False,False,False,True,False
6.6,39.5,1,43.559999999999995,0.7646412373629331,260.7,0,0,0,0,0,1,0,0,0,0,0,1,0,0,1,0,1,1,1,0,0,0,0,0,0,0,0,0,0,0,0,0,0,0,0,0,0,0,0,0,0,0,0,1,4,0,0,5,0,0,0,0,0,1,False,False,False,False,False,True,False,False,False,False,False,True,False
5.5,30.0,0,30.25,1.7104218852418962,165.0,0,0,0,0,1,0,0,0,0,0,0,1,0,0,0,1,0,0,0,0,0,0,0,0,0,0,0,0,0,0,0,0,0,0,0,0,0,0,0,0,0,0,0,0,1,0,0,5,0,0,0,0,0,0,False,True,False,False,False,False,False,False,False,False,False,True,False
5.3,21.6,0,28.09,-0.2717674085342244,114.48,0,0,1,0,0,0,0,0,0,0,0,0,1,0,0,0,1,1,0,0,0,1,0,0,0,0,0,0,0,0,0,0,0,0,0,0,0,0,0,0,0,0,0,2,3,0,0,5,0,0,0,0,1,0,True,False,False,False,False,False,False,False,False,False,False,True,False
9.0,30.0,0,81.0,1.6893281456021954,270.0,0,0,0,0,0,0,0,0,1,0,0,1,0,1,0,0,0,1,0,1,0,1,0,0,0,0,0,0,0,0,0,0,0,0,0,0,0,0,0,0,0,0,2,2,1,0,0,5,0,0,0,0,0,0,False,False,True,False,False,False,False,False,False,False,False,False,True
11.9,43.5,0,141.61,1.413098290559583,517.65,0,0,0,0,1,0,0,0,0,0,0,1,0,0,0,0,0,0,0,1,0,0,0,0,0,0,0,0,0,0,0,0,0,0,0,0,0,0,0,0,0,0,1,0,0,0,0,5,0,0,0,0,0,0,False,False,False,False,False,False,False,False,True,False,False,False,True
10.1,15.0,1,102.00999999999999,-1.6552992695134476,151.5,0,0,0,0,0,1,0,0,0,0,0,1,0,0,1,1,0,1,0,0,0,0,0,0,0,0,0,0,0,0,0,0,0,0,0,0,0,0,0,0,0,0,0,0,4,0,0,5,0,0,0,0,0,0,True,False,False,False,False,False,False,False,False,False,False,False,True
0.5,4.2,0,0.25,-0.9690478188992374,2.1,0,0,0,0,0,0,0,0,0,1,0,0,0,0,1,1,1,0,0,0,1,1,0,0,0,0,0,0,0,0,0,0,0,0,0,0,0,0,0,0,0,0,1,2,2,0,0,5,0,0,1,0,1,0,False,False,False,False,False,False,False,True,False,False,True,False,False
0.8,34.6,0,0.6400000000000001,0.030413958903324247,27.680000000000003,0,0,0,0,0,0,0,0,1,0,0,1,0,0,0,0,0,0,0,0,0,0,0,0,0,0,0,0,0,0,0,0,0,0,0,0,0,0,0,0,0,0,0,0,1,0,0,5,0,0,0,0,0,0,False,False,False,False,False,False,False,False,True,False,True,False,False
11.1,17.1,0,123.21,-1.2150845864746036,189.81,0,0,0,0,0,0,0,0,0,1,0,0,1,1,1,0,0,0,0,0,0,0,0,0,0,0,0,0,0,0,0,0,0,0,0,0,0,0,0,0,0,0,1,0,2,0,0,5,1,0,0,0,0,0,True,False,False,False,False,False,False,False,False,False,False,False,True
6.2,37.2,0,38.440000000000005,0.35028407570942116,230.64000000000001,0,0,0,0,1,0,0,0,0,0,0,1,0,0,0,0,0,1,0,1,0,0,0,0,0,0,0,0,0,0,0,0,0,0,0,0,0,0,0,0,0,0,1,0,2,0,0,5,0,0,0,1,0,0,False,False,False,False,False,True,False,False,False,False,False,True,False
2.0,45.0,1,4.0,1.7554953195778542,90.0,0,0,0,0,0,1,0,0,0,0,0,1,0,0,0,0,0,0,0,0,0,0,0,0,1,0,0,0,0,0,1,0,0,0,0,0,0,0,0,0,0,0,0,0,0,0,0,5,0,0,0,0,0,0,False,False,False,False,False,True,False,False,False,False,False,True,False
14.5,18.8,0,210.25,-0.7344061390692483,272.6,0,0,0,1,0,0,0,0,0,0,0,1,1,0,0,0,0,0,0,0,0,0,0,0,0,0,0,0,0,0,0,0,0,0,0,0,0,0,0,0,0,0,0,0,1,0,0,5,0,0,0,0,0,0,False,True,False,False,False,False,False,False,False,False,False,False,True
3.5,4.3,1,12.25,-0.9175730565892878,15.049999999999999,0,0,0,0,0,1,0,0,0,0,0,1,0,0,0,0,0,0,0,0,0,0,0,0,0,0,0,0,0,0,0,0,0,0,0,0,0,0,0,0,0,0,0,0,0,0,0,5,0,0,0,0,0,0,False,False,False,False,False,False,False,True,False,False,False,True,False
2.0,28.6,0,4.0,0.7690657008472304,57.2,0,0,1,0,0,0,0,0,0,0,0,0,0,0,0,0,0,0,0,0,0,0,0,0,0,0,0,0,0,0,0,0,0,0,0,0,0,0,0,0,0,0,0,0,0,0,0,5,0,0,0,0,0,0,False,False,False,False,False,False,True,False,False,False,False,True,False
5.8,23.8,0,33.64,0.35703494321251267,138.04,0,0,0,0,1,0,0,0,0,0,0,1,1,0,0,0,0,0,0,0,0,0,0,1,0,1,0,1,0,0,0,0,0,0,0,0,0,0,0,0,0,0,0,0,2,0,0,5,0,0,0,0,0,0,False,True,False,False,False,False,False,False,False,False,False,True,False
1.8,5.4,0,3.24,-0.35135067117984037,9.72,0,0,0,0,0,0,0,0,0,1,0,0,0,0,0,0,0,1,0,0,0,1,0,0,0,0,0,0,0,0,0,0,0,0,0,0,0,0,0,0,0,0,0,1,2,0,0,5,0,0,0,0,0,0,False,False,False,False,False,False,False,True,False,False,False,True,False
0.9,8.7,0,0.81,-1.2572352989796358,7.829999999999999,0,0,0,0,1,0,0,0,0,0,0,1,1,0,0,0,0,1,0,0,0,0,1,0,1,0,0,0,0,0,0,0,0,0,0,1,0,0,0,0,0,0,0,0,3,0,0,5,0,0,0,0,0,0,False,False,False,False,False,False,True,False,False,False,True,False,False
6.3,25.0,0,39.69,-1.6758190428012565,157.5,0,0,0,0,0,0,0,0,0,1,0,0,1,1,0,0,0,1,0,1,0,1,0,0,0,0,0,0,0,0,0,0,0,0,0,0,0,0,0,0,0,0,2,1,2,0,0,5,1,1,0,0,0,0,False,False,False,True,False,False,False,False,False,False,False,True,False
12.7,13.2,0,161.29,-0.7990265301745656,167.64,0,1,0,0,0,0,0,0,0,0,0,0,0,0,0,0,0,0,0,0,0,0,0,0,0,0,0,0,0,0,0,0,0,0,0,0,1,0,0,0,0,0,0,0,0,0,0,5,0,0,0,0,0,0,False,False,False,False,False,False,True,False,False,False,False,False,True
8.3,4.0,0,68.89000000000001,-1.071997343519137,33.2,0,0,0,0,0,0,0,0,0,0,1,0,1,0,0,1,0,0,0,0,0,0,0,0,0,0,0,0,0,0,0,0,0,0,0,0,0,0,0,0,1,0,0,0,3,0,0,5,0,0,0,0,0,0,False,False,False,False,False,False,False,True,False,False,False,False,True
7.3,15.9,0,53.29,-0.5241012688915234,116.07,0,1,0,0,0,0,0,0,0,0,0,0,0,0,1,0,1,1,1,0,0,0,0,0,0,0,0,0,0,0,0,0,0,0,0,0,0,0,0,0,0,0,0,2,3,0,0,5,0,0,0,0,0,1,False,False,False,False,False,False,True,False,False,False,False,False,True
6.6,40.2,0,43.559999999999995,0.8236061476990453,265.32,0,0,0,0,0,0,1,0,0,0,0,1,0,0,0,0,0,0,0,0,0,0,0,0,0,0,0,0,0,0,0,0,0,0,0,0,0,0,0,0,0,0,0,0,0,0,0,5,0,0,0,0,0,0,False,False,False,False,True,False,False,False,False,False,False,True,False
0.5,36.6,0,0.25,0.30693562889479903,18.3,0,0,0,0,0,0,1,0,0,0,0,1,1,0,0,1,0,1,0,0,0,0,0,0,0,0,0,0,0,0,0,0,0,0,0,0,0,0,0,0,0,0,0,0,5,0,0,5,0,0,0,0,0,0,False,False,False,True,False,False,False,False,False,False,True,False,False
8.3,37.7,0,68.89000000000001,0.5120231081319091,312.91,0,0,0,0,0,0,1,0,0,0,0,1,0,0,0,1,0,1,0,1,0,1,0,0,0,0,0,0,0,0,0,0,0,0,0,0,0,0,0,0,0,0,1,1,3,0,0,5,0,0,0,1,0,0,False,False,False,False,False,False,False,False,True,False,False,False,True
5.2,5.5,0,27.040000000000003,-0.2998759088698908,28.6,0,0,0,0,1,0,0,0,0,0,0,1,0,0,0,1,1,1,0,0,0,0,0,0,0,0,0,0,0,0,0,0,0,0,0,0,1,0,0,0,0,0,0,1,2,0,0,5,0,0,0,0,0,0,False,False,False,False,False,False,False,True,False,False,False,True,False
8.5,17.5,0,72.25,-1.1312341706576814,148.75,0,1,0,0,0,0,0,0,0,0,0,0,1,0,0,0,0,0,0,0,0,0,0,0,0,0,0,0,0,0,0,0,0,0,0,0,0,0,0,0,0,0,0,0,1,1,0,5,0,0,0,0,0,0,True,False,False,False,False,False,False,False,False,False,False,False,True
9.8,28.0,0,96.04000000000002,-1.3094026472516276,274.40000000000003,0,0,0,0,0,0,1,0,0,0,0,1,1,1,1,0,0,0,0,1,0,0,0,0,0,0,0,0,0,0,0,0,0,0,0,0,0,0,0,0,0,0,2,0,2,0,0,5,1,1,0,0,0,0,False,False,False,False,True,False,False,False,False,False,False,False,True
6.3,5.6,1,39.69,-0.24840114655994122,35.279999999999994,0,0,0,0,0,0,0,0,0,0,1,0,1,0,0,1,0,0,0,0,0,0,0,0,0,0,0,0,0,0,0,0,0,0,0,0,0,0,1,0,0,0,0,0,2,0,2,5,0,0,0,0,0,0,False,False,False,False,False,False,False,True,False,False,False,True,False
9.6,25.1,1,92.16,0.4619237298638484,240.96,0,0,0,0,0,1,0,0,0,0,0,1,0,1,0,0,0,0,0,0,0,0,0,0,0,0,0,0,0,0,0,0,0,0,0,0,0,0,0,0,0,1,1,0,0,0,0,5,0,0,0,0,0,0,True,False,False,False,False,False,False,False,False,False,False,False,True
9.7,34.3,0,94.08999999999999,-0.20793089248201854,332.7099999999999,0,0,0,0,1,0,0,0,0,0,0,1,0,1,1,1,0,0,0,1,0,0,0,0,0,0,0,0,0,0,0,0,0,0,0,0,0,0,0,0,0,0,2,0,2,0,0,5,0,0,0,1,0,0,False,False,False,False,True,False,False,False,False,False,False,False,True
11.6,3.6,0,134.56,-1.277896392758936,41.76,0,0,0,0,1,0,0,0,0,0,0,1,1,0,0,0,0,0,0,0,0,0,0,0,0,0,0,0,0,0,0,0,0,0,0,0,0,0,0,0,0,0,0,0,1,0,0,5,0,0,0,0,0,0,False,False,False,False,False,False,False,True,False,False,False,False,True
5.8,4.2,0,33.64,-0.9690478188992374,24.36,0,0,0,0,0,0,0,1,0,0,0,0,0,0,1,0,0,0,0,1,0,1,0,0,0,0,0,0,0,0,0,0,0,0,0,0,0,0,0,0,0,0,1,1,1,0,0,5,0,0,0,0,0,0,False,False,False,False,False,False,False,True,False,False,False,True,False
8.7,25.1,0,75.68999999999998,-1.6587263301142212,218.37,0,0,0,0,0,0,0,0,0,0,1,0,1,1,1,1,0,1,0,0,0,0,0,0,0,0,0,0,0,0,0,0,0,0,0,0,0,0,0,0,0,0,1,0,4,0,0,5,1,0,0,0,0,0,False,False,False,True,False,False,False,False,False,False,False,False,True
12.3,8.5,0,151.29000000000002,1.1761790283212783,104.55000000000001,0,0,0,0,0,0,1,0,0,0,0,1,0,1,0,1,0,0,1,0,1,0,0,0,0,0,0,0,0,0,0,0,0,0,0,0,0,0,0,0,0,0,3,0,2,0,0,5,0,0,0,0,0,0,False,False,False,False,False,False,False,False,False,True,False,False,True
6.8,30.5,0,46.239999999999995,-0.8567563517160287,207.4,0,0,0,1,0,0,0,0,0,0,0,1,1,0,0,0,1,0,0,0,0,0,0,0,0,1,0,0,0,0,0,0,0,0,0,0,0,0,0,0,0,0,0,1,1,0,0,5,0,0,0,0,0,0,False,False,False,False,False,True,False,False,False,False,False,True,False
6.6,42.2,0,43.559999999999995,1.1732797206417784,278.52,0,0,0,0,0,0,1,0,0,0,0,1,0,0,0,0,0,0,0,0,0,0,0,0,0,0,0,0,0,0,0,0,0,0,0,0,0,0,0,0,0,0,0,0,0,0,0,5,0,0,0,0,0,0,False,False,False,False,True,False,False,False,False,False,False,True,False
4.2,28.7,0,17.64,-1.0433886733809632,120.54,0,0,1,0,0,0,0,0,0,0,0,0,0,0,0,0,0,0,0,0,0,0,1,0,1,0,0,0,1,1,1,0,0,0,0,0,0,0,0,0,0,0,0,0,1,0,0,5,0,0,0,0,0,0,False,False,False,True,False,False,False,False,False,False,False,True,False
8.0,29.9,0,64.0,-0.9772127529560313,239.2,0,0,0,0,1,0,0,0,0,0,0,1,0,1,0,1,0,0,0,0,1,1,0,0,0,0,0,0,0,0,0,0,0,0,0,0,0,0,0,0,0,0,3,1,1,0,0,5,0,0,0,0,0,0,False,False,False,False,True,False,False,False,False,False,False,False,True
2.7,3.9,1,7.290000000000001,-1.1234721058290866,10.530000000000001,0,0,0,0,0,0,0,1,0,0,0,0,0,1,0,0,0,1,1,0,0,0,0,0,0,0,0,0,0,0,0,0,0,0,0,0,0,0,0,0,0,0,1,0,2,0,0,5,0,0,0,0,0,0,False,False,False,False,False,False,False,True,False,False,False,True,False
4.7,36.8,0,22.090000000000003,0.34112105426886824,172.95999999999998,0,0,0,0,0,0,0,0,0,0,1,0,0,0,1,0,1,0,1,1,0,0,0,0,0,0,0,0,0,0,0,0,0,0,0,0,0,0,0,0,0,0,1,1,3,0,0,5,0,0,0,0,0,1,False,False,False,True,False,False,False,False,False,False,False,True,False
14.0,26.8,0,196.0,1.0118995925815693,375.2,0,0,0,0,0,0,0,1,0,0,0,0,0,0,1,1,1,0,0,0,1,0,0,0,0,0,0,0,0,0,0,0,0,0,0,0,0,0,0,0,0,0,1,1,2,0,0,5,0,0,1,0,0,0,False,True,False,False,False,False,False,False,False,False,False,False,True
8.9,33.2,0,79.21000000000001,-0.1870869471999073,295.48,0,1,0,0,0,0,0,0,0,0,0,0,0,0,1,0,1,0,0,1,0,1,0,0,0,0,0,0,0,0,0,0,0,0,0,0,0,0,0,0,0,0,2,2,1,0,0,5,0,0,0,0,1,0,False,False,False,False,False,False,False,False,True,False,False,False,True
5.7,18.2,0,32.49,-0.984495942978067,103.74,0,0,0,1,0,0,0,0,0,0,0,1,0,1,1,1,1,0,0,0,0,0,0,0,0,0,0,0,0,0,0,0,0,0,0,0,0,0,0,0,0,0,1,1,2,0,0,5,0,0,0,0,0,0,True,False,False,False,False,False,False,False,False,False,False,True,False
6.1,18.1,1,37.209999999999994,-1.0054585469322972,110.41,0,0,0,0,0,1,0,0,0,0,0,1,0,0,0,1,0,1,0,1,0,0,0,0,0,0,0,0,0,0,0,0,0,0,0,0,0,0,0,0,0,0,1,0,2,0,0,5,0,0,0,1,0,0,True,False,False,False,False,False,False,False,False,False,False,True,False
5.9,15.7,0,34.81,-1.3508550872644005,92.63,0,0,0,0,0,0,0,0,0,0,1,0,1,0,0,0,0,1,1,0,1,0,0,0,0,0,0,0,0,0,0,0,0,0,0,0,0,0,0,0,0,0,1,0,4,0,0,5,0,0,0,0,0,0,False,False,True,False,False,False,False,False,False,False,False,True,False
4.2,21.8,0,17.64,-0.07954148970019174,91.56,0,1,0,0,0,0,0,0,0,0,0,0,1,1,0,0,0,0,0,1,0,0,0,0,0,0,0,0,0,0,0,0,0,0,0,0,0,0,0,0,0,0,2,0,2,0,0,5,1,1,0,0,0,0,False,True,False,False,False,False,False,False,False,False,False,True,False
2.1,12.8,0,4.41,-0.8397561985127939,26.880000000000003,0,0,0,0,0,0,1,0,0,0,0,1,0,1,0,0,1,1,0,0,0,1,0,0,0,0,0,0,0,0,0,0,0,0,0,0,0,0,0,0,0,0,1,2,1,0,0,5,0,0,0,0,1,0,False,False,False,False,False,False,True,False,False,False,False,True,False
2.9,7.1,1,8.41,0.5237202880893049,20.59,0,0,1,0,0,0,0,0,0,0,0,0,0,0,0,0,0,1,1,0,0,1,0,0,0,0,0,0,0,0,0,0,0,0,0,0,0,0,0,0,0,0,0,2,2,0,1,5,0,0,0,0,0,0,False,False,False,False,False,False,False,True,False,False,False,True,False
2.0,43.7,1,4.0,1.5212934455997826,87.4,0,0,0,0,0,1,0,0,0,0,0,1,0,0,0,0,0,0,0,0,0,0,0,0,1,0,0,0,0,0,1,0,0,0,0,0,0,0,0,0,0,0,0,0,0,0,0,5,0,0,0,0,0,0,False,False,False,False,False,True,False,False,False,False,False,True,False
1.9,36.5,1,3.61,0.3255937600434243,69.35,0,0,0,0,0,1,0,0,0,0,0,1,0,0,0,1,1,0,0,1,1,1,0,0,0,0,0,0,0,0,0,0,0,0,0,0,0,0,0,0,0,0,2,2,1,0,0,5,0,0,0,1,1,0,False,False,False,False,False,False,False,False,True,False,False,True,False
13.8,25.6,1,190.44000000000003,-1.3678061517603086,353.28000000000003,0,0,0,0,0,1,0,0,0,0,0,1,0,1,1,1,0,0,0,1,0,0,0,0,0,0,0,0,0,0,0,0,0,0,0,0,0,0,0,0,0,0,3,0,2,0,0,5,0,0,0,1,0,0,False,False,False,False,False,False,False,False,True,False,False,False,True
4.6,35.2,0,21.159999999999997,0.12362863294756665,161.92,0,0,0,0,1,0,0,0,0,0,0,1,0,0,0,0,0,1,1,0,0,1,0,0,0,0,0,0,0,0,0,0,0,0,0,0,0,0,0,0,0,0,0,2,2,0,0,5,0,0,0,0,0,0,False,False,False,False,False,False,False,False,True,False,False,True,False
2.3,15.0,0,5.289999999999999,-1.5639013616033868,34.5,0,0,0,1,0,0,0,0,0,0,0,1,0,1,0,0,1,0,0,1,0,1,0,0,0,0,0,0,0,0,0,0,0,0,0,0,0,0,0,0,0,0,3,2,0,0,0,5,0,0,0,0,1,0,False,True,False,False,False,False,False,False,False,False,False,True,False
2.5,27.6,0,6.25,-1.0570905716128345,69.0,0,1,0,0,0,0,0,0,0,0,0,0,0,0,1,1,0,0,1,0,0,0,0,0,0,0,0,0,0,0,0,0,0,0,0,0,0,0,0,0,0,0,0,0,5,0,0,5,0,0,0,0,0,1,False,False,False,False,False,False,False,False,True,False,False,True,False
11.7,21.6,0,136.89,-0.09651375342433603,252.72,0,0,1,0,0,0,0,0,0,0,0,0,0,0,0,0,0,1,0,1,0,1,0,0,0,0,0,0,0,0,0,0,0,0,0,0,0,0,0,0,0,0,1,1,1,0,0,5,0,0,0,0,0,0,False,False,True,False,False,False,False,False,False,False,False,False,True
1.6,41.4,0,2.5600000000000005,1.1069362839462693,66.24,0,0,0,1,0,0,0,0,0,0,0,1,0,0,1,0,0,0,0,0,0,0,0,0,0,0,0,0,0,0,0,0,0,0,0,0,0,0,0,0,0,0,0,0,1,0,0,5,0,0,0,0,0,0,False,False,False,False,False,True,False,False,False,False,False,True,False
10.0,38.5,1,100.0,0.6363093401908982,385.0,0,0,0,0,0,0,0,0,0,1,0,0,0,1,0,0,0,0,0,0,0,0,0,0,0,0,0,0,0,0,0,0,0,0,0,0,0,1,0,0,0,0,1,0,0,0,0,5,0,0,0,0,0,0,False,False,False,False,False,False,False,False,True,False,False,False,True
8.1,35.8,1,65.61,0.05432428722503133,289.97999999999996,0,1,0,0,0,0,0,0,0,0,0,0,1,0,0,0,0,0,0,0,0,0,0,0,0,0,0,0,0,0,0,0,0,0,0,0,0,0,0,0,0,0,0,0,1,0,1,5,0,0,0,0,0,0,False,False,False,False,True,False,False,False,False,False,False,False,True
5.1,9.6,0,26.009999999999998,1.7414543984218125,48.959999999999994,0,0,0,0,0,0,0,0,0,1,0,0,1,1,0,0,0,0,0,0,1,0,0,0,0,0,0,0,0,0,0,0,0,0,0,0,0,0,0,0,0,0,2,0,2,0,0,5,1,0,0,0,0,0,False,False,False,False,False,False,False,False,False,True,False,True,False
7.4,28.6,1,54.760000000000005,-1.199051398299365,211.64000000000001,0,0,0,0,0,1,0,0,0,0,0,1,0,1,1,0,0,0,1,0,0,0,0,0,0,0,0,0,0,0,0,0,0,0,0,0,0,0,0,0,0,0,2,0,2,0,0,5,0,0,0,0,0,1,False,False,False,False,False,True,False,False,False,False,False,False,True
8.5,28.2,1,72.25,-1.2744352899573543,239.7,0,0,0,0,0,1,0,0,0,0,0,1,0,1,1,1,0,0,0,1,0,0,0,0,0,0,0,0,0,0,0,0,0,0,0,0,0,0,0,0,0,0,2,0,2,0,0,5,0,0,0,1,0,0,False,False,False,False,True,False,False,False,False,False,False,False,True
9.4,41.4,0,88.36000000000001,1.0334102914646843,389.16,0,0,0,0,0,0,0,1,0,0,0,0,0,0,0,0,0,0,0,0,0,0,1,1,0,0,0,0,0,0,0,0,0,0,0,0,0,0,0,0,0,0,1,0,2,0,0,5,0,0,0,0,0,0,False,False,False,False,True,False,False,False,False,False,False,False,True
6.8,30.1,0,46.239999999999995,-0.8040906957624733,204.68,0,0,0,0,0,0,0,1,0,0,0,0,0,0,0,0,0,0,1,0,0,0,0,0,0,0,0,0,0,0,0,1,0,0,0,0,0,0,0,0,1,0,0,0,1,0,0,5,0,0,0,0,0,0,False,False,False,True,False,False,False,False,False,False,False,True,False
15.0,29.5,1,225.0,0.8607074546082442,442.5,0,0,0,0,1,0,0,0,0,0,0,1,0,0,0,0,1,1,0,0,1,1,0,0,0,0,0,0,0,0,0,0,0,0,0,0,0,0,0,0,0,0,1,2,1,0,1,5,0,0,0,0,1,0,False,False,False,False,False,False,True,False,False,False,False,False,True
9.9,37.7,0,98.01,0.38651418152062883,373.23,0,0,0,0,1,0,0,0,0,0,0,1,1,0,1,0,0,0,0,1,1,0,0,0,0,0,0,0,0,0,0,0,0,0,0,0,0,0,0,0,0,0,2,0,2,0,0,5,0,1,1,0,0,0,False,False,False,False,True,False,False,False,False,False,False,False,True
5.6,45.0,1,31.359999999999996,1.6461349756701886,251.99999999999997,0,0,0,0,0,0,0,0,0,1,0,0,1,0,1,0,0,0,0,0,0,0,0,0,0,0,0,0,0,0,0,0,0,0,0,0,0,0,0,0,0,0,0,0,2,0,1,5,0,0,0,0,0,0,False,False,False,False,False,False,False,False,True,False,False,True,False
5.6,45.0,1,31.359999999999996,1.6461349756701886,251.99999999999997,0,0,0,0,0,0,0,0,0,1,0,0,1,0,1,0,0,0,0,0,0,0,0,0,0,0,0,0,0,0,0,0,0,0,0,0,0,0,0,0,0,0,0,0,2,0,1,5,0,0,0,0,0,0,False,False,False,False,False,False,False,False,True,False,False,True,False
2.1,45.0,0,4.41,1.6628227227616044,94.5,0,0,0,1,0,0,0,0,0,0,0,1,0,0,0,0,0,1,1,0,0,1,0,0,0,0,0,0,0,0,0,0,0,0,0,0,0,0,0,0,0,0,0,1,2,0,0,5,0,0,0,0,0,0,False,False,False,False,True,False,False,False,False,False,False,True,False
13.5,44.6,1,182.25,1.5839918596406939,602.1,0,0,0,0,0,1,0,0,0,0,0,1,0,0,0,0,0,1,0,0,0,0,0,1,0,0,0,1,0,0,0,1,1,0,0,0,0,0,0,0,0,0,0,0,2,0,0,5,0,0,0,0,0,0,False,False,False,False,False,False,False,False,True,False,False,False,True
3.6,14.3,0,12.96,-1.7167031131228332,51.480000000000004,0,0,0,0,0,0,1,0,0,0,0,1,0,0,0,0,0,0,0,0,0,0,0,0,0,0,0,0,0,0,0,0,0,0,0,0,0,0,0,0,0,0,1,0,1,0,0,5,0,0,0,0,0,0,False,True,False,False,False,False,False,False,False,False,False,True,False
3.5,16.7,0,12.25,-1.1382548611898133,58.449999999999996,0,0,0,1,0,0,0,0,0,0,0,1,0,1,0,1,0,0,0,1,1,0,0,0,0,0,0,0,0,0,0,0,0,0,0,0,0,0,0,0,0,0,3,0,1,0,0,5,0,0,0,1,0,0,False,False,True,False,False,False,False,False,False,False,False,True,False
2.7,36.4,0,7.290000000000001,0.27275020352072865,98.28,0,0,0,1,0,0,0,0,0,0,0,1,1,0,1,0,0,1,0,1,1,0,0,0,0,0,0,0,0,0,0,0,0,0,0,0,0,0,0,0,0,0,2,0,3,0,0,5,0,1,1,0,0,0,False,False,False,True,False,False,False,False,False,False,False,True,False
10.7,5.3,0,114.48999999999998,-0.4028254334897904,56.709999999999994,0,0,0,0,0,0,0,0,0,1,0,0,0,1,0,1,0,0,0,0,1,0,0,0,0,0,0,0,0,0,0,0,0,0,0,0,0,0,0,0,0,0,4,0,1,0,0,5,0,0,0,0,0,0,False,False,False,False,False,False,False,True,False,False,False,False,True
9.8,23.4,0,96.04000000000002,0.10555946264192673,229.32,0,0,0,0,0,0,0,1,0,0,0,0,0,1,1,0,1,1,0,0,0,0,0,0,0,0,0,0,0,0,0,0,0,0,0,0,0,0,0,0,0,0,1,1,2,0,0,5,0,0,0,0,0,0,True,False,False,False,False,False,False,False,False,False,False,False,True
4.6,45.0,0,21.159999999999997,1.7427234946057353,206.99999999999997,0,0,0,0,0,0,0,0,1,0,0,1,0,0,0,0,1,1,1,0,1,0,0,0,0,0,0,0,0,0,0,0,0,0,0,0,0,0,0,0,0,0,1,1,2,0,0,5,0,0,0,0,0,0,False,False,False,True,False,False,False,False,False,False,False,True,False
14.8,36.0,0,219.04000000000002,0.08929164451930514,532.8000000000001,0,0,0,0,0,0,0,1,0,0,0,0,0,0,0,0,0,0,0,0,0,0,1,0,1,0,0,0,1,1,0,0,0,0,0,0,0,0,0,0,0,0,0,0,1,0,0,5,0,0,0,0,0,0,False,False,False,False,True,False,False,False,False,False,False,False,True
11.4,19.5,0,129.96,-0.7119820915730684,222.3,0,0,0,0,0,0,0,1,0,0,0,0,1,1,0,0,0,1,0,0,0,0,0,0,0,0,0,1,0,0,0,0,0,0,0,0,0,0,0,0,0,0,1,0,2,0,0,5,1,0,0,0,0,0,True,False,False,False,False,False,False,False,False,False,False,False,True
6.2,6.1,1,38.440000000000005,0.008972664989807482,37.82,0,0,0,0,0,0,0,0,0,0,1,0,1,0,0,1,0,0,0,0,0,0,0,0,0,0,0,0,0,0,0,0,0,0,0,0,0,0,1,0,0,0,0,0,2,0,2,5,0,0,0,0,0,0,False,False,False,False,False,False,False,True,False,False,False,True,False
2.6,5.3,0,6.760000000000001,-0.4682584119711853,13.78,0,0,0,0,0,0,0,1,0,0,0,0,0,0,0,1,0,0,1,1,0,0,0,0,0,0,0,0,0,0,0,0,0,0,0,0,0,0,0,0,0,0,1,0,2,0,0,5,0,0,0,1,0,0,False,False,False,False,False,False,False,False,False,True,False,True,False
12.8,21.6,1,163.84000000000003,-0.09651375342433603,276.48,0,0,0,1,0,0,0,0,0,0,0,1,1,0,0,0,1,0,0,0,0,0,0,0,0,0,0,0,0,0,0,0,0,0,0,0,0,0,0,1,0,0,0,1,1,0,1,5,0,0,0,0,0,0,False,False,True,False,False,False,False,False,False,False,False,False,True
8.4,24.5,0,70.56,0.3361481061384642,205.8,0,0,0,0,0,0,1,0,0,0,0,1,0,0,1,0,0,1,1,0,0,1,0,0,0,0,0,0,0,0,0,0,0,0,0,0,0,0,0,0,0,0,1,1,3,0,0,5,0,0,0,0,0,1,True,False,False,False,False,False,False,False,False,False,False,False,True
4.5,43.0,0,20.25,1.3131491498188712,193.5,0,1,0,0,0,0,0,0,0,0,0,0,0,0,0,0,0,0,1,0,0,0,0,0,0,0,0,0,0,0,0,0,0,0,0,0,0,0,0,0,0,0,0,0,1,0,0,5,0,0,0,0,0,0,False,False,False,False,True,False,False,False,False,False,False,True,False
3.2,23.5,0,10.240000000000002,0.12652206659615767,75.2,0,0,0,1,0,0,0,0,0,0,0,1,1,0,1,0,1,0,1,0,0,0,0,0,0,0,0,0,0,0,0,0,0,0,0,0,0,0,0,0,0,0,0,1,3,0,0,5,0,0,0,0,0,1,True,False,False,False,False,False,False,False,False,False,False,True,False
15.0,42.1,0,225.0,1.233044985319078,631.5,0,0,0,0,1,0,0,0,0,0,0,1,1,1,1,0,0,1,0,0,0,0,0,0,0,0,0,0,0,0,0,0,0,0,0,0,0,0,0,0,0,0,1,0,3,0,0,5,1,0,0,0,0,0,False,False,False,False,False,True,False,False,False,False,False,False,True
4.8,7.9,0,23.04,0.8678470082664417,37.92,0,0,1,0,0,0,0,0,0,0,0,0,0,0,1,0,0,0,0,0,0,0,0,0,0,0,1,0,0,0,0,0,0,0,0,0,0,0,0,0,0,0,0,0,1,0,0,5,0,0,0,0,0,0,False,False,False,False,False,False,False,False,False,True,False,True,False
13.6,3.0,1,184.95999999999998,-1.5867449666186344,40.8,0,0,0,1,0,0,0,0,0,0,0,1,0,1,1,0,0,0,0,0,1,1,0,0,0,0,0,0,0,0,0,0,0,0,0,0,0,0,0,0,0,0,2,1,1,0,1,5,0,0,1,0,0,0,False,False,False,False,False,False,False,True,False,False,False,False,True
2.3,24.3,1,5.289999999999999,0.4661790514406888,55.89,0,0,0,0,0,1,0,0,0,0,0,1,0,0,0,0,0,0,0,0,0,0,0,0,0,0,0,0,0,0,0,0,0,0,0,0,0,0,0,0,0,0,0,1,0,0,3,5,0,0,0,0,0,0,False,True,False,False,False,False,False,False,False,False,False,True,False
3.5,43.6,1,12.25,1.5032779168322383,152.6,0,0,0,0,0,1,0,0,0,0,0,1,1,0,1,0,0,1,0,0,0,0,0,0,0,0,0,0,0,0,0,0,0,0,0,0,0,0,0,0,0,0,0,0,4,0,0,5,0,0,0,0,0,0,False,False,False,False,False,True,False,False,False,False,False,True,False
9.6,9.3,0,92.16,-1.196140796472293,89.28,0,0,0,0,0,0,0,0,0,1,0,0,1,0,1,0,0,0,0,0,0,0,0,0,0,0,1,0,0,0,0,0,0,0,0,0,0,0,0,0,0,0,0,0,2,0,0,5,0,0,0,0,0,0,False,False,False,False,False,False,True,False,False,False,False,False,True
2.5,21.7,0,6.25,-0.2508048045799942,54.25,0,0,0,0,0,0,0,0,0,1,0,0,0,1,1,0,0,0,0,0,0,0,0,0,0,0,0,0,0,0,0,0,0,1,0,0,0,0,0,0,0,0,1,0,1,1,0,5,0,0,0,0,0,0,True,False,False,False,False,False,False,False,False,False,False,True,False
7.2,26.6,1,51.84,-1.5541741483115405,191.52,0,0,0,0,0,1,0,0,0,0,0,1,0,0,0,0,0,0,1,1,1,0,0,0,0,0,0,0,0,0,0,0,0,0,0,0,0,0,0,0,0,0,4,0,1,0,0,5,0,0,0,0,0,0,False,False,False,False,True,False,False,False,False,False,False,False,True
6.7,34.7,0,44.89,-0.1379961778934709,232.49000000000004,0,0,0,1,0,0,0,0,0,0,0,1,0,1,1,0,0,0,1,0,0,0,0,0,0,0,0,0,0,0,0,0,0,0,0,0,0,0,0,0,0,0,1,0,2,0,0,5,0,0,0,0,0,1,False,False,False,False,True,False,False,False,False,False,False,True,False
4.2,44.4,0,17.64,1.64740214697259,186.48,0,0,0,0,1,0,0,0,0,0,0,1,1,0,0,0,0,0,0,0,0,0,0,0,0,0,0,0,0,0,0,0,0,0,0,0,0,0,0,0,0,0,0,0,1,0,0,5,0,0,0,0,0,0,False,False,False,False,False,True,False,False,False,False,False,True,False
4.0,37.2,0,16.0,0.29909578828494554,148.8,0,0,0,1,0,0,0,0,0,0,0,1,0,0,0,0,1,1,0,0,0,0,0,0,0,0,0,1,0,0,0,0,0,0,1,1,0,0,0,0,0,0,0,1,1,0,0,5,0,0,0,0,0,0,False,False,False,False,True,False,False,False,False,False,False,True,False
6.4,5.5,0,40.96000000000001,-0.2998759088698908,35.2,0,1,0,0,0,0,0,0,0,0,0,0,1,1,0,0,0,0,1,0,0,1,0,0,0,0,0,0,0,0,0,0,0,0,0,0,0,0,0,0,0,0,1,1,2,0,0,5,1,0,0,0,0,0,False,False,False,False,False,False,False,True,False,False,False,True,False
8.1,7.2,0,65.61,0.5081263182024651,58.32,0,0,1,0,0,0,0,0,0,0,0,0,0,0,0,0,1,0,0,1,1,1,0,0,0,0,0,0,0,0,0,0,0,0,0,0,0,0,0,0,0,0,2,3,0,0,0,5,0,0,0,0,1,0,False,False,False,False,False,False,False,False,False,True,False,False,True
12.7,42.9,0,161.29,1.3198836165153407,544.8299999999999,0,0,0,0,0,0,0,0,0,1,0,0,0,0,0,0,1,0,0,1,1,1,0,0,0,0,0,0,0,0,0,0,0,0,0,0,0,0,0,0,0,0,2,2,0,1,0,5,0,0,0,0,1,0,False,False,False,False,False,False,False,False,True,False,False,False,True
14.6,9.7,1,213.16,1.862064108147998,141.61999999999998,0,0,0,0,0,1,0,0,0,0,0,1,1,0,1,0,0,0,1,0,0,1,0,0,0,0,0,0,0,0,0,0,0,0,0,0,0,0,0,0,0,0,0,1,3,0,0,5,0,0,0,0,0,1,False,False,False,False,False,False,False,True,False,False,False,False,True
10.6,5.1,1,112.36,-0.5710357519894643,54.059999999999995,0,0,0,0,0,1,0,0,0,0,0,1,0,0,0,0,0,0,0,0,0,0,1,0,1,0,0,0,1,1,1,0,0,0,0,0,0,0,0,0,0,0,0,0,1,0,0,5,0,0,0,0,0,0,False,False,False,False,False,False,False,False,False,True,False,False,True
8.0,25.0,0,64.0,-1.8339130066657272,200.0,0,0,0,0,0,0,0,0,0,0,1,0,0,0,0,1,0,1,1,0,0,0,0,0,0,0,0,0,0,0,0,0,0,0,0,0,0,0,0,0,0,0,0,0,3,0,0,5,0,0,0,0,0,0,False,False,False,False,True,False,False,False,False,False,False,False,True
7.0,23.1,0,49.0,0.04267165077923537,161.70000000000002,0,0,0,0,0,0,0,0,0,0,1,0,0,0,0,1,0,0,1,0,0,1,0,0,0,0,0,0,0,0,0,0,0,0,0,0,0,0,0,0,0,0,0,1,2,0,0,5,0,0,0,0,0,0,True,False,False,False,False,False,False,False,False,False,False,True,False
2.5,27.6,1,6.25,-1.2314085129383472,69.0,0,0,0,1,0,0,0,0,0,0,0,1,1,0,0,0,0,0,0,0,0,0,0,0,0,0,0,0,0,0,0,0,0,0,0,0,0,1,0,1,0,0,0,0,1,0,1,5,0,0,0,0,0,0,False,False,False,True,False,False,False,False,False,False,False,True,False
6.3,45.0,0,39.69,1.6461349756701886,283.5,0,0,0,0,0,0,0,0,0,0,1,0,1,0,1,0,0,0,1,0,0,1,0,0,0,0,0,0,0,0,0,0,0,0,0,0,0,0,0,0,0,0,0,2,3,0,0,5,0,0,0,0,0,1,False,False,False,False,False,False,False,False,True,False,False,True,False
14.1,24.3,0,198.81,0.294222898230003,342.63,0,0,0,0,1,0,0,0,0,0,0,1,1,1,0,1,0,1,0,1,0,0,0,0,0,0,0,0,0,0,0,0,0,0,0,0,0,0,0,0,0,0,2,0,3,0,0,5,1,1,0,1,0,0,True,False,False,False,False,False,False,False,False,False,False,False,True
15.2,6.7,0,231.04,0.2511829681567677,101.84,0,0,0,0,0,0,0,1,0,0,0,0,1,0,0,0,0,0,0,0,0,0,0,0,0,0,0,0,0,0,0,0,0,0,0,1,0,0,0,0,0,0,0,0,2,0,0,5,0,0,0,0,0,0,False,False,False,False,False,False,False,False,False,True,False,False,True
0.8,23.8,0,0.6400000000000001,0.18940987845884977,19.040000000000003,0,0,0,0,0,0,1,0,0,0,0,1,0,1,0,1,1,1,0,1,0,0,0,0,0,0,0,0,0,0,0,0,0,0,0,0,0,0,0,0,0,0,2,1,2,0,0,5,0,0,0,1,0,0,True,False,False,False,False,False,False,False,False,False,True,False,False
11.3,37.7,0,127.69000000000001,0.49495546845218386,426.01000000000005,0,0,0,0,1,0,0,0,0,0,0,1,0,0,1,1,1,0,0,0,1,0,0,0,0,0,0,0,0,0,0,0,0,0,0,0,0,0,0,0,0,0,1,1,2,0,0,5,0,0,1,0,0,0,False,False,False,True,False,False,False,False,False,False,False,False,True
12.5,31.1,0,156.25,-0.6331635688921237,388.75,0,0,0,0,0,0,0,0,0,0,1,0,0,0,0,0,0,1,0,0,1,0,0,0,0,0,0,0,0,0,0,0,0,0,0,0,0,0,0,0,0,0,1,0,1,0,0,5,0,0,0,0,0,0,False,False,False,True,False,False,False,False,False,False,False,False,True
0.8,36.5,1,0.6400000000000001,0.17671003775498845,29.200000000000003,0,0,0,0,0,1,0,0,0,0,0,1,0,0,0,0,0,0,0,0,0,1,0,0,0,0,0,0,0,0,0,0,0,0,0,0,0,0,0,0,0,0,0,1,0,0,0,5,0,0,0,0,0,0,False,False,False,False,True,False,False,False,False,False,True,False,False
5.4,4.0,0,29.160000000000004,-1.071997343519137,21.6,0,0,0,1,0,0,0,0,0,0,0,1,1,0,0,0,0,1,1,0,0,0,0,0,0,0,0,0,0,0,0,0,0,0,0,0,0,0,0,0,0,0,0,0,3,1,0,5,0,0,0,0,0,0,False,False,False,False,False,False,False,True,False,False,False,True,False
4.5,7.5,1,20.25,0.7296193373291041,33.75,0,1,0,0,0,0,0,0,0,0,0,0,0,0,0,0,0,0,0,0,0,0,0,0,0,0,0,0,0,0,0,0,0,0,0,0,0,0,1,0,0,0,0,0,0,0,2,5,0,0,0,0,0,0,False,False,False,False,False,False,False,True,False,False,False,True,False
8.9,27.2,0,79.21000000000001,-1.1192336876423297,242.08,0,0,1,0,0,0,0,0,0,0,0,0,1,0,1,0,0,0,1,0,0,0,0,1,0,0,0,0,0,0,0,0,0,0,0,0,0,0,0,0,0,0,0,0,4,0,0,5,0,0,0,0,0,1,False,False,False,False,False,False,False,False,True,False,False,False,True
5.9,5.9,0,34.81,-0.15992639191634808,34.81,0,0,0,1,0,0,0,0,0,0,0,1,0,0,0,1,0,1,0,0,0,1,0,0,0,0,0,0,0,0,0,0,0,0,0,0,0,0,0,0,0,0,0,1,3,0,0,5,0,0,0,0,0,0,False,False,False,False,False,False,False,False,False,True,False,True,False
9.6,17.1,0,92.16,-1.1054961070450469,164.16,0,1,0,0,0,0,0,0,0,0,0,0,1,1,0,1,1,0,0,0,1,0,0,0,0,0,0,0,0,0,0,0,0,0,0,0,0,0,0,0,0,0,2,1,2,0,0,5,1,0,0,0,0,0,False,True,False,False,False,False,False,False,False,False,False,False,True
9.8,31.6,0,96.04000000000002,1.0745382133839438,309.68000000000006,0,0,0,0,0,0,0,1,0,0,0,0,0,0,0,0,0,0,0,0,0,0,0,0,0,0,0,0,0,0,0,0,0,0,0,0,0,0,0,0,0,0,0,0,0,0,0,5,0,0,0,0,0,0,False,False,False,False,False,False,True,False,False,False,False,False,True
2.0,29.3,0,4.0,0.84034262043913,58.6,0,0,1,0,0,0,0,0,0,0,0,0,0,0,0,0,0,0,0,0,0,0,0,0,0,0,0,0,0,0,0,0,0,0,0,0,0,0,0,0,0,0,0,0,0,0,0,5,0,0,0,0,0,0,False,False,False,False,False,False,True,False,False,False,False,True,False
6.0,25.1,0,36.0,-1.445485046797177,150.60000000000002,0,0,0,0,0,0,0,0,0,0,1,0,0,1,1,0,0,0,1,0,0,1,0,0,0,0,0,0,0,0,0,0,0,0,0,0,0,0,0,0,0,0,1,1,3,0,0,5,0,0,0,0,0,1,False,False,False,False,False,False,False,False,True,False,False,True,False
8.0,35.2,0,64.0,-0.010026499641459257,281.6,0,0,0,0,0,0,0,1,0,0,0,0,1,0,0,1,0,0,0,0,1,0,0,0,0,0,0,0,0,0,0,0,0,0,0,0,0,0,0,0,0,0,1,0,2,0,0,5,0,0,0,0,0,0,False,False,False,False,False,True,False,False,False,False,False,False,True
10.1,28.1,0,102.00999999999999,1.2853877160604803,283.81,0,0,0,0,0,0,0,0,1,0,0,1,0,1,0,0,1,0,1,0,0,0,0,0,0,0,0,0,0,0,0,0,0,0,0,0,0,0,0,0,0,0,1,1,1,0,0,5,0,0,0,0,0,0,False,False,True,False,False,False,False,False,False,False,False,False,True
5.4,38.9,0,29.160000000000004,0.7000680206966026,210.06,0,0,0,0,0,0,0,0,1,0,0,1,0,0,0,1,0,0,0,0,0,0,0,0,0,0,0,1,0,0,0,1,0,0,0,0,0,0,0,0,0,0,0,0,1,0,0,5,0,0,0,0,0,0,False,False,False,True,False,False,False,False,False,False,False,True,False
8.4,32.1,0,70.56,-0.3579805162810182,269.64000000000004,0,0,0,0,0,0,1,0,0,0,0,1,1,0,0,1,1,0,1,0,1,0,0,0,0,0,0,0,0,0,0,0,0,0,0,0,0,0,0,0,0,0,1,1,3,0,0,5,0,0,0,0,0,0,False,False,False,False,False,False,False,False,True,False,False,False,True
8.9,28.4,0,79.21000000000001,1.1536896603534592,252.76,0,0,0,0,0,0,0,0,1,0,0,1,0,1,0,0,0,0,0,0,0,0,0,0,0,0,0,0,0,0,0,0,0,0,0,0,0,0,0,0,0,0,1,0,0,0,0,5,0,0,0,0,0,0,True,False,False,False,False,False,False,False,False,False,False,False,True
4.6,26.9,0,21.159999999999997,1.030267444770975,123.73999999999998,0,1,0,0,0,0,0,0,0,0,0,0,0,0,0,0,0,0,0,0,0,0,0,0,0,0,0,0,0,0,0,0,0,0,0,0,0,0,0,0,0,0,0,0,0,0,0,5,0,0,0,0,0,0,False,False,True,False,False,False,False,False,False,False,False,True,False
4.6,18.3,0,21.159999999999997,-0.8435502472974244,84.17999999999999,0,1,0,0,0,0,0,0,0,0,0,0,0,0,1,0,0,0,1,1,0,0,0,0,0,0,0,0,0,0,0,0,0,0,0,0,0,0,0,0,0,0,2,0,2,0,0,5,0,0,0,0,0,1,False,True,False,False,False,False,False,False,False,False,False,True,False
15.0,37.8,1,225.0,0.5120481811392178,567.0,0,0,0,0,0,0,0,1,0,0,0,0,0,0,0,0,1,0,0,0,0,0,0,0,0,1,0,0,0,0,0,0,0,0,0,0,0,0,0,0,0,0,0,1,0,0,1,5,0,0,0,0,0,0,False,False,False,True,False,False,False,False,False,False,False,False,True
9.1,37.6,0,82.80999999999999,0.4964873291245352,342.16,0,0,1,0,0,0,0,0,0,0,0,0,0,0,1,0,0,1,0,1,1,0,0,0,0,0,0,0,0,0,0,0,0,0,0,0,0,0,0,0,0,0,2,0,2,0,0,5,0,0,1,0,0,0,False,False,False,False,False,False,False,False,True,False,False,False,True
4.1,16.7,0,16.81,-1.1382548611898133,68.46999999999998,0,0,0,0,0,0,0,0,0,1,0,0,1,0,1,0,0,1,1,0,0,1,0,0,0,0,0,0,0,0,0,0,0,0,0,0,0,0,0,0,0,0,0,1,4,0,0,5,0,0,0,0,0,1,False,False,True,False,False,False,False,False,False,False,False,True,False
11.8,26.4,0,139.24,0.924584305999028,311.52,0,0,0,0,0,0,0,0,1,0,0,1,0,1,0,0,1,0,0,0,0,1,0,0,0,0,0,0,0,0,0,0,0,0,0,0,0,0,0,0,0,0,1,3,0,0,0,5,0,0,0,0,1,0,False,True,False,False,False,False,False,False,False,False,False,False,True
0.5,7.6,0,0.25,0.7810940996390536,3.8,0,0,0,0,1,0,0,0,0,0,0,1,0,1,0,0,1,0,0,0,0,0,0,0,0,0,0,0,0,0,0,0,0,0,0,0,0,0,0,0,0,0,2,2,0,0,0,5,0,0,0,0,0,0,False,False,False,False,False,False,False,True,False,False,True,False,False
3.5,32.7,1,12.25,1.1865448013140723,114.45000000000002,0,0,0,0,0,0,0,0,1,0,0,1,0,0,1,1,1,0,0,0,1,0,0,0,0,0,0,0,0,0,0,0,0,0,0,0,0,0,0,0,0,0,1,1,2,0,0,5,0,0,1,0,0,0,False,False,False,False,False,False,True,False,False,False,False,True,False
0.8,35.9,0,0.6400000000000001,0.11608220173134813,28.72,0,0,0,0,0,0,0,0,0,1,0,0,1,0,0,0,0,1,1,0,0,0,0,0,0,0,0,0,0,0,0,0,0,0,0,0,0,0,0,0,0,0,0,0,3,1,0,5,0,0,0,0,0,0,False,False,False,False,False,True,False,False,False,False,True,False,False
12.5,30.6,0,156.25,-0.8387408229484845,382.5,0,0,0,1,0,0,0,0,0,0,0,1,1,1,0,0,0,0,0,0,0,0,0,0,0,0,0,0,0,0,0,0,0,0,0,0,0,0,0,0,0,0,2,0,2,0,0,5,1,0,0,0,0,0,False,False,False,False,False,True,False,False,False,False,False,False,True
3.8,23.7,0,14.44,0.16844727450461883,90.05999999999999,0,0,0,0,0,0,0,0,0,1,0,0,0,1,1,0,0,1,1,0,0,1,0,0,0,0,0,0,0,0,0,0,0,0,0,0,0,0,0,0,0,0,1,1,3,0,0,5,0,0,0,0,0,1,True,False,False,False,False,False,False,False,False,False,False,True,False
14.1,28.2,1,198.81,1.317503095620462,397.62,0,0,0,0,0,1,0,0,0,0,0,1,0,0,0,0,0,0,0,1,0,0,0,1,0,0,0,0,0,0,0,0,0,0,0,0,0,0,0,0,0,0,1,0,3,0,0,5,0,0,0,1,0,0,False,True,False,False,False,False,False,False,False,False,False,False,True
4.0,4.7,0,16.0,-0.7765904320260221,18.8,0,0,0,0,0,0,0,0,1,0,0,1,1,1,0,0,0,1,0,0,0,0,0,0,0,0,0,0,0,0,0,0,0,0,0,0,0,0,0,0,0,0,2,0,3,0,0,5,1,0,0,0,0,0,False,False,False,False,False,False,False,False,False,True,False,True,False
13.7,24.5,0,187.68999999999997,0.35158660038038847,335.65,0,0,0,1,0,0,0,0,0,0,0,1,1,0,0,0,0,0,0,0,0,0,0,0,0,1,0,0,0,0,0,0,0,1,0,0,0,0,0,0,0,0,0,0,1,0,0,5,0,0,0,0,0,0,False,False,False,False,False,False,True,False,False,False,False,False,True
7.9,32.9,0,62.410000000000004,-0.32549474052549493,259.91,0,0,0,0,0,0,0,1,0,0,0,0,1,0,0,0,1,1,0,0,0,0,0,0,0,0,0,0,0,0,0,0,0,0,0,0,0,0,0,0,0,0,0,1,2,0,0,5,0,0,0,0,0,0,False,False,False,True,False,False,False,False,False,False,False,False,True
15.8,8.9,0,249.64000000000001,1.4502660096684006,140.62,0,0,0,1,0,0,0,0,0,0,0,1,1,0,0,0,1,1,0,0,0,0,0,0,0,0,0,0,0,0,0,0,0,0,0,0,0,0,0,0,0,0,0,1,3,0,0,5,0,0,0,0,0,0,False,False,False,False,False,False,False,True,False,False,False,False,True
7.4,26.3,1,54.760000000000005,0.9027554843533931,194.62,0,0,0,0,0,1,0,0,0,0,0,1,0,0,1,1,0,0,0,0,0,1,0,0,0,0,0,0,0,0,0,0,0,0,0,0,0,0,0,0,0,0,0,1,4,0,0,5,0,0,0,0,0,0,False,True,False,False,False,False,False,False,False,False,False,False,True
9.0,29.7,0,81.0,-1.0121801102503045,267.3,0,1,0,0,0,0,0,0,0,0,0,0,1,1,0,0,0,0,0,1,0,0,0,0,0,0,0,0,0,0,0,0,0,0,0,0,0,0,0,0,0,0,2,0,2,0,0,5,1,1,0,1,0,0,False,False,False,False,True,False,False,False,False,False,False,False,True
4.8,22.0,1,23.04,-0.035883846408921456,105.6,0,0,0,0,0,0,0,0,0,0,1,0,1,0,0,0,1,0,0,0,0,0,0,0,0,0,0,0,0,0,0,0,0,0,0,0,0,0,0,1,0,0,0,1,1,0,1,5,0,0,0,0,0,0,False,True,False,False,False,False,False,False,False,False,False,True,False
10.6,27.3,0,112.36,-1.2826866509994523,289.38,0,0,0,0,0,0,1,0,0,0,0,1,0,0,1,0,0,0,0,0,0,0,0,1,0,0,0,0,0,0,0,0,0,0,0,0,0,0,0,0,0,0,1,0,2,0,0,5,0,0,0,0,0,0,False,False,False,True,False,False,False,False,False,False,False,False,True
11.8,17.6,0,139.24,-0.35100017845405235,207.68000000000004,0,0,0,0,0,0,0,1,0,0,0,0,0,0,0,0,0,0,0,0,0,0,1,0,1,0,0,0,1,1,1,0,0,0,0,0,0,0,0,0,0,0,0,0,1,0,0,5,0,0,0,0,0,0,False,False,False,False,False,False,True,False,False,False,False,False,True
3.9,8.9,0,15.209999999999999,1.4502660096684006,34.71,0,1,0,0,0,0,0,0,0,0,0,0,0,0,0,0,0,0,0,0,0,0,1,0,1,0,0,0,1,1,1,0,0,0,0,0,0,0,0,0,0,0,0,0,1,0,0,5,0,0,0,0,0,0,False,False,False,False,False,False,False,True,False,False,False,True,False
9.4,26.0,0,88.36000000000001,0.8372690194164873,244.4,0,0,0,0,0,0,0,1,0,0,0,0,1,0,0,0,1,0,0,0,1,0,0,0,0,0,0,0,0,0,0,0,0,0,0,0,0,0,0,0,0,0,1,1,2,0,0,5,0,0,0,0,0,0,False,True,False,False,False,False,False,False,False,False,False,False,True
6.7,8.6,0,44.89,1.2275676983304176,57.62,0,1,0,0,0,0,0,0,0,0,0,0,0,0,1,0,1,1,0,1,0,0,0,0,0,0,0,0,0,0,0,0,0,0,0,0,0,0,0,0,0,0,1,1,3,0,0,5,0,0,0,0,0,0,False,False,False,False,False,False,False,False,False,True,False,True,False
1.4,14.1,0,1.9599999999999997,-1.8439627051015235,19.74,0,1,0,0,0,0,0,0,0,0,0,0,0,0,1,0,1,0,0,0,1,0,0,0,0,0,0,0,0,0,0,0,0,0,0,0,0,0,0,0,0,0,1,1,1,1,0,5,0,0,1,0,0,0,True,False,False,False,False,False,False,False,False,False,False,True,False
5.5,26.8,0,30.25,-1.1813768036718242,147.4,0,0,0,0,1,0,0,0,0,0,0,1,0,0,0,0,0,0,0,0,0,0,1,0,1,0,0,0,1,1,1,0,0,0,0,0,0,0,0,0,0,0,0,0,1,0,0,5,0,0,0,0,0,0,False,False,False,False,False,False,False,False,True,False,False,True,False
10.7,40.6,0,114.48999999999998,0.9628120538059176,434.41999999999996,0,0,0,0,0,0,0,0,0,0,1,0,1,0,0,0,1,0,0,0,0,0,0,0,0,0,1,0,0,0,0,0,0,0,0,0,0,0,0,0,0,0,0,1,1,0,0,5,0,0,0,0,0,0,False,False,False,False,False,True,False,False,False,False,False,False,True
5.9,24.5,0,34.81,0.35158660038038847,144.55,0,0,0,0,0,0,0,0,0,0,1,0,1,1,0,0,1,0,0,1,1,0,0,0,0,0,0,0,0,0,0,0,0,0,0,0,0,0,0,0,0,0,3,1,1,0,0,5,1,1,0,0,0,0,False,False,False,False,False,False,True,False,False,False,False,True,False
15.0,5.9,0,225.0,-0.15992639191634808,88.5,0,1,0,0,0,0,0,0,0,0,0,0,0,0,0,1,0,0,1,1,1,0,0,0,0,0,0,0,0,0,0,0,0,0,0,0,0,0,0,0,0,0,2,0,3,0,0,5,0,0,0,1,0,0,False,False,False,False,False,False,False,False,False,True,False,False,True
11.8,15.0,0,139.24,-1.5639013616033868,177.0,0,0,0,0,1,0,0,0,0,0,0,1,0,1,1,0,0,1,0,0,0,0,0,0,0,0,0,0,0,0,0,0,0,0,0,0,0,0,0,0,0,0,1,0,3,0,0,5,0,0,0,0,0,0,False,True,False,False,False,False,False,False,False,False,False,False,True
8.5,4.0,0,72.25,-1.1363111220899984,34.0,0,0,1,0,0,0,0,0,0,0,0,0,0,1,0,1,0,0,0,0,0,0,0,0,0,0,0,0,0,0,0,0,0,0,0,0,0,0,0,0,0,0,1,0,2,0,0,5,0,0,0,0,0,0,False,False,False,False,False,False,False,False,False,True,False,False,True
10.2,25.8,1,104.03999999999999,-1.5390773413049768,263.15999999999997,0,0,0,0,0,1,0,0,0,0,0,1,1,0,0,1,0,0,0,0,0,0,0,0,0,0,0,1,0,0,0,0,0,0,0,0,0,0,0,0,0,0,0,0,2,0,1,5,0,0,0,0,0,0,False,False,False,True,False,False,False,False,False,False,False,False,True
10.1,31.9,0,102.00999999999999,-0.38905207429576605,322.19,0,0,0,0,0,0,0,0,0,0,1,0,0,1,1,0,0,0,0,0,0,0,0,1,0,0,0,0,0,0,0,0,0,0,0,0,0,0,0,0,0,1,1,0,2,0,0,5,0,0,0,0,0,0,False,False,False,False,False,False,False,False,True,False,False,False,True
0.5,6.0,0,0.25,-0.10853772190720878,3.0,0,0,0,0,0,0,1,0,0,0,0,1,0,0,1,0,0,0,1,0,1,0,0,0,0,0,0,0,0,0,0,0,0,0,0,0,0,0,0,0,0,0,2,0,2,0,0,5,0,0,1,0,0,1,False,False,False,False,False,False,False,False,False,True,True,False,False
1.0,33.1,0,1.0,-0.29130931515142455,33.1,0,0,0,0,0,0,0,0,0,0,1,0,0,0,0,0,0,0,0,0,0,0,0,1,0,0,1,0,0,0,0,0,0,0,0,0,0,0,0,0,0,0,0,0,1,0,0,5,0,0,0,0,0,0,False,False,False,True,False,False,False,False,False,False,True,False,False
7.7,19.0,0,59.290000000000006,-0.6492743412182628,146.3,0,0,0,0,0,0,0,0,0,0,1,0,1,1,0,0,0,1,0,1,0,0,0,0,0,0,0,0,0,0,0,0,0,0,0,0,0,0,0,0,0,0,2,0,2,0,0,5,1,1,0,0,0,0,False,False,True,False,False,False,False,False,False,False,False,False,True
15.0,40.0,0,225.0,1.9298612484867412,600.0,0,0,0,0,0,0,0,0,1,0,0,1,0,0,0,1,0,0,0,1,0,1,0,0,0,0,0,0,0,0,0,0,0,0,0,0,0,0,0,0,0,0,2,1,1,0,0,5,0,0,0,1,0,0,False,False,False,False,False,False,True,False,False,False,False,False,True
14.7,34.4,0,216.08999999999997,-0.06910405021997054,505.67999999999995,0,1,0,0,0,0,0,0,0,0,0,0,0,0,1,0,0,0,1,0,1,1,0,0,0,0,0,0,0,0,0,0,0,0,0,0,0,0,0,0,0,0,1,1,2,0,0,5,0,0,1,0,0,1,False,False,False,True,False,False,False,False,False,False,False,False,True
1.8,14.3,0,3.24,-1.802037497193062,25.740000000000002,0,0,0,0,1,0,0,0,0,0,0,1,1,0,0,0,0,0,0,0,0,0,0,0,0,0,1,0,0,0,0,0,0,0,0,0,0,0,0,0,0,0,0,0,1,0,0,5,0,0,0,0,0,0,True,False,False,False,False,False,False,False,False,False,False,True,False
12.6,3.0,0,158.76,-1.5867449666186344,37.8,0,1,0,0,0,0,0,0,0,0,0,0,0,1,1,0,0,0,1,0,1,0,0,0,0,0,0,0,0,0,0,0,0,0,0,0,0,0,0,0,0,0,2,0,3,0,0,5,0,0,1,0,0,1,False,False,False,False,False,False,False,True,False,False,False,False,True
9.1,10.4,0,82.80999999999999,2.152563758494929,94.64,0,1,0,0,0,0,0,0,0,0,0,0,1,1,1,1,0,0,0,0,0,0,0,0,0,0,0,0,0,0,0,1,0,0,0,0,0,0,0,0,0,0,1,0,3,0,0,5,1,0,0,0,0,0,False,False,False,False,False,False,False,False,False,True,False,False,True
9.1,25.9,0,82.80999999999999,-1.321198814738188,235.68999999999997,0,0,0,0,1,0,0,0,0,0,0,1,0,1,0,0,0,1,1,1,1,0,0,0,0,0,0,0,0,0,0,0,0,0,0,0,0,0,0,0,0,0,3,0,2,0,0,5,0,0,0,0,0,0,False,False,False,False,False,False,False,False,True,False,False,False,True
7.6,10.0,1,57.76,1.9470090784583707,76.0,0,1,0,0,0,0,0,0,0,0,0,0,0,0,1,0,0,1,0,0,0,0,0,0,0,0,0,0,0,0,0,0,0,0,0,0,0,0,1,0,0,0,0,0,2,0,2,5,0,0,0,0,0,0,False,False,False,False,False,False,False,False,False,True,False,False,True
7.6,18.2,0,57.76,-0.984495942978067,138.32,0,0,0,0,0,0,0,0,1,0,0,1,0,1,0,1,1,0,1,0,0,0,0,0,0,0,0,0,0,0,0,0,0,0,0,0,0,0,0,0,0,0,1,1,3,0,0,5,0,0,0,0,0,0,True,False,False,False,False,False,False,False,False,False,False,False,True
0.8,8.4,0,0.6400000000000001,-1.287782550233307,6.720000000000001,0,0,0,0,1,0,0,0,0,0,0,1,1,0,0,0,0,1,0,0,0,0,1,0,1,0,0,0,0,0,0,0,0,0,0,1,0,0,0,0,0,0,0,0,3,0,0,5,0,0,0,0,0,0,False,False,False,False,False,False,True,False,False,False,True,False,False
8.4,38.0,1,70.56,0.5462336065132882,319.2,0,0,0,0,0,0,0,0,0,1,0,0,0,0,0,0,0,0,0,0,0,0,0,0,0,0,0,0,0,0,0,0,0,0,0,0,0,0,0,0,0,0,0,0,0,0,1,5,0,0,0,0,0,0,False,False,False,True,False,False,False,False,False,False,False,False,True
14.8,36.0,1,219.04000000000002,0.2479148650065558,532.8000000000001,0,0,0,0,0,1,0,0,0,0,0,1,1,0,0,0,0,0,0,0,0,0,1,0,0,1,0,0,0,0,0,0,0,0,0,0,0,1,0,0,0,0,0,0,2,0,0,5,0,0,0,0,0,0,False,False,False,False,False,False,False,False,True,False,False,False,True
0.5,40.0,0,0.25,1.9298612484867412,20.0,0,0,1,0,0,0,0,0,0,0,0,0,0,0,1,0,0,0,0,1,1,0,0,0,0,0,0,0,0,0,0,0,0,0,0,0,0,0,0,0,0,0,2,0,1,0,0,5,0,0,1,0,0,0,False,False,False,False,False,False,True,False,False,False,True,False,False
9.8,24.0,1,96.04000000000002,0.4006925865037829,235.20000000000002,0,0,0,1,0,0,0,0,0,0,0,1,1,0,0,1,0,0,0,0,0,0,0,0,0,0,0,0,0,0,0,0,0,0,0,0,0,0,1,0,0,0,0,0,2,0,2,5,0,0,0,0,0,0,False,True,False,False,False,False,False,False,False,False,False,False,True
14.2,41.0,0,201.64,1.059014987124337,582.1999999999999,0,0,0,0,1,0,0,0,0,0,0,1,1,1,0,0,1,0,0,0,0,0,1,0,0,0,0,0,0,0,0,0,0,0,0,0,0,0,0,0,0,0,1,1,2,0,0,5,1,0,0,0,0,0,False,False,False,True,False,False,False,False,False,False,False,False,True
11.0,40.6,0,121.0,0.8935408622875917,446.6,0,0,0,0,0,0,0,0,0,0,1,0,0,0,0,0,0,0,0,0,0,0,1,0,1,0,0,0,1,1,1,0,0,0,0,0,0,0,0,0,0,0,0,0,1,0,0,5,0,0,0,0,0,0,False,False,False,False,True,False,False,False,False,False,False,False,True
6.3,3.6,1,39.69,-1.3418658021265564,22.68,0,0,0,0,0,1,0,0,0,0,0,1,0,0,0,0,0,0,0,0,0,0,1,0,1,0,0,0,1,1,1,0,0,0,0,0,0,0,0,0,0,0,0,0,1,0,0,5,0,0,0,0,0,0,False,False,False,False,False,False,False,False,False,True,False,True,False
11.2,22.7,0,125.43999999999998,0.16830309285836031,254.23999999999998,0,1,0,0,0,0,0,0,0,0,0,0,0,0,1,0,0,1,1,0,0,0,0,0,0,0,0,0,0,0,0,0,0,0,0,0,0,0,0,0,0,0,0,0,4,0,0,5,0,0,0,0,0,1,False,False,False,False,False,False,True,False,False,False,False,False,True
9.2,38.2,0,84.63999999999999,0.5897020031687775,351.44,0,0,0,0,0,0,0,1,0,0,0,0,1,1,1,0,0,0,0,0,0,1,0,0,0,0,0,0,0,0,0,0,0,0,0,0,0,0,0,0,0,0,1,1,3,0,0,5,1,0,0,0,0,0,False,False,False,False,False,False,False,False,True,False,False,False,True
3.5,28.0,0,12.25,1.069839244536537,98.0,0,0,0,1,0,0,0,0,0,0,0,1,0,0,0,0,0,0,0,0,1,1,0,0,0,0,0,0,0,0,0,0,0,0,0,0,0,0,0,0,0,0,1,3,0,0,0,5,0,0,0,0,0,0,True,False,False,False,False,False,False,False,False,False,False,True,False
13.6,42.9,0,184.95999999999998,1.383776528178001,583.4399999999999,0,0,0,0,0,0,0,0,0,0,1,0,0,0,0,0,0,1,0,1,0,1,0,0,0,0,0,0,0,0,0,0,0,0,0,0,0,0,0,0,0,0,1,2,1,0,0,5,0,0,0,0,0,0,False,False,False,True,False,False,False,False,False,False,False,False,True
3.3,17.6,0,10.889999999999999,-0.9469146577226845,58.08,0,0,0,0,0,0,1,0,0,0,0,1,0,0,0,0,1,0,0,1,0,0,0,1,0,0,0,0,0,0,0,0,0,0,0,0,0,0,0,0,0,0,1,1,1,0,0,5,0,0,0,0,0,0,False,False,True,False,False,False,False,False,False,False,False,True,False
4.6,8.3,0,21.159999999999997,1.0734016883029998,38.18,0,0,0,0,0,0,0,1,0,0,0,0,0,0,0,0,0,0,1,0,0,0,0,0,0,0,0,0,0,0,0,0,0,0,0,0,0,0,0,0,0,0,0,0,1,0,0,5,0,0,0,0,0,0,False,False,False,False,False,False,False,False,False,True,False,True,False
10.8,25.3,0,116.64000000000001,0.6844672678970409,273.24,0,0,0,0,0,0,0,0,1,0,0,1,1,0,1,1,1,0,0,0,0,0,0,0,0,0,0,0,0,0,0,0,0,0,0,0,0,0,0,0,0,0,0,2,3,0,0,5,0,0,0,0,0,0,False,True,False,False,False,False,False,False,False,False,False,False,True
12.9,25.5,1,166.41,-1.7575327900932298,328.95,0,0,0,0,0,1,0,0,0,0,0,1,1,0,0,1,0,0,1,1,0,1,0,0,0,0,0,0,0,0,0,0,0,0,0,0,0,0,0,0,0,0,1,1,3,0,0,5,0,1,0,1,0,0,False,False,False,False,False,True,False,False,False,False,False,False,True
2.8,14.4,1,7.839999999999999,-1.6272353811613636,40.32,0,0,0,0,1,0,0,0,0,0,0,1,0,0,0,0,0,0,0,0,0,0,0,1,1,0,0,0,0,0,0,0,0,0,0,0,0,0,0,0,0,0,1,0,1,0,0,5,0,0,0,0,0,0,False,False,True,False,False,False,False,False,False,False,False,True,False
12.8,42.1,0,163.84000000000003,1.2470348266817217,538.88,0,0,0,0,0,0,0,0,1,0,0,1,0,0,0,1,0,0,1,0,0,0,0,0,1,0,0,0,0,0,0,0,0,0,0,0,0,0,0,0,0,0,0,0,2,0,0,5,0,0,0,0,0,0,False,False,False,True,False,False,False,False,False,False,False,False,True
7.7,3.8,0,59.290000000000006,-1.2390884621082776,29.259999999999998,0,0,0,0,0,0,0,0,0,0,1,0,0,0,0,0,0,0,1,0,0,0,0,0,0,0,0,0,0,0,0,0,0,0,0,0,0,0,0,0,0,0,0,0,1,0,0,5,0,0,0,0,0,0,False,False,False,False,False,False,False,False,False,True,False,False,True
7.4,4.0,0,54.760000000000005,-1.1363111220899984,29.6,0,0,0,0,1,0,0,0,0,0,0,1,0,0,0,0,0,1,0,1,0,1,0,0,0,0,0,0,0,0,0,0,0,0,0,0,0,0,0,0,0,0,1,1,2,0,0,5,0,0,0,0,0,0,False,False,False,False,False,False,False,False,False,True,False,False,True
6.7,23.5,0,44.89,0.29154847827560687,157.45000000000002,0,0,0,1,0,0,0,0,0,0,0,1,0,1,0,0,0,0,0,0,0,0,0,0,0,0,0,0,0,0,0,0,0,0,0,0,0,0,0,0,0,0,1,0,0,0,0,5,0,0,0,0,0,0,False,True,False,False,False,False,False,False,False,False,False,True,False
2.6,23.3,0,6.760000000000001,0.08459685868769652,60.580000000000005,0,1,0,0,0,0,0,0,0,0,0,0,0,0,0,1,0,1,0,1,0,0,0,0,0,0,0,0,0,0,0,0,0,0,0,0,0,0,0,0,0,0,1,0,3,0,0,5,0,0,0,1,0,0,True,False,False,False,False,False,False,False,False,False,False,True,False
10.6,5.6,0,112.36,-0.3140924019437669,59.35999999999999,0,0,0,0,0,0,0,0,1,0,0,1,1,0,1,0,1,0,0,0,0,1,0,0,0,0,0,0,0,0,0,0,0,0,0,0,0,0,0,0,0,0,0,2,3,0,0,5,0,0,0,0,1,0,False,False,False,False,False,False,False,False,False,True,False,False,True
4.4,4.4,0,19.360000000000003,-0.8660982942793378,19.360000000000003,0,0,0,0,1,0,0,0,0,0,0,1,0,0,1,0,0,0,0,1,1,0,0,0,0,0,0,0,0,0,0,0,0,0,0,0,0,0,0,0,0,0,2,0,1,0,0,5,0,0,1,0,0,0,False,False,False,False,False,False,False,True,False,False,False,True,False
12.1,44.5,0,146.41,1.56845608063332,538.4499999999999,0,1,0,0,0,0,0,0,0,0,0,0,1,1,0,0,1,0,0,0,1,0,0,0,0,0,0,0,0,0,0,0,0,0,0,0,0,0,0,0,0,0,2,1,2,0,0,5,1,0,0,0,0,0,False,False,False,False,False,False,False,False,True,False,False,False,True
4.2,25.7,0,17.64,0.5876993535892319,107.94,0,0,0,0,0,0,0,0,0,0,1,0,1,1,0,0,0,0,0,1,0,0,0,0,0,0,0,0,0,0,0,0,0,0,0,0,0,0,0,0,0,0,2,0,1,1,0,5,1,1,0,0,0,0,True,False,False,False,False,False,False,False,False,False,False,True,False
3.5,23.3,0,12.25,0.08459685868769652,81.55,0,0,0,0,0,0,0,0,0,0,1,0,1,1,0,0,0,0,0,1,0,0,0,0,0,0,0,0,0,0,0,0,0,0,0,0,0,0,0,0,0,0,4,0,1,0,0,5,1,1,0,0,0,0,True,False,False,False,False,False,False,False,False,False,False,True,False
4.1,38.1,1,16.81,0.5124238346173171,156.20999999999998,0,0,0,0,1,0,0,0,0,0,0,1,0,1,0,0,0,1,0,1,0,0,0,0,0,0,0,0,0,0,0,0,0,0,0,0,0,0,0,0,0,0,2,0,1,0,1,5,0,0,0,0,0,0,False,False,False,False,False,True,False,False,False,False,False,True,False
8.5,18.5,0,72.25,-0.25935842469303844,157.25,0,0,1,0,0,0,0,0,0,0,0,0,0,0,1,1,0,1,0,0,0,1,0,0,0,0,0,0,0,0,0,0,0,0,0,0,0,0,0,0,0,0,0,2,3,0,0,5,0,0,0,0,0,0,False,False,False,False,False,False,True,False,False,False,False,False,True
8.0,42.0,0,64.0,1.2299421139946867,336.0,0,0,1,0,0,0,0,0,0,0,0,0,1,1,0,0,0,1,0,0,0,0,0,0,0,0,0,0,0,0,0,0,0,0,0,0,0,0,0,0,0,0,1,0,2,0,0,5,1,0,0,0,0,0,False,False,False,True,False,False,False,False,False,False,False,False,True
0.8,41.4,0,0.6400000000000001,1.0334102914646843,33.12,0,0,1,0,0,0,0,0,0,0,0,0,0,0,0,0,0,0,0,0,0,1,0,0,0,0,0,0,0,0,0,0,0,0,0,0,0,0,0,0,0,0,0,1,0,0,0,5,0,0,0,0,0,0,False,False,False,False,True,False,False,False,False,False,True,False,False
9.4,28.1,0,88.36000000000001,1.2853877160604803,264.14000000000004,0,1,0,0,0,0,0,0,0,0,0,0,1,0,0,0,1,0,1,0,0,0,0,0,0,0,0,0,0,0,0,0,0,0,0,0,0,0,0,0,0,0,0,1,2,0,0,5,0,0,0,0,0,0,False,False,True,False,False,False,False,False,False,False,False,False,True
11.5,20.5,0,132.25,-0.36331617109344977,235.75,0,0,0,0,0,0,0,0,0,1,0,0,1,0,0,0,0,1,0,0,1,1,0,0,0,0,0,0,1,0,0,0,0,0,0,0,0,0,0,0,0,0,1,1,2,0,0,5,0,0,0,0,0,0,False,True,False,False,False,False,False,False,False,False,False,False,True
10.9,22.4,0,118.81,0.07356642743533305,244.16,0,0,0,0,0,0,1,0,0,0,0,1,0,0,0,0,0,0,1,0,1,1,0,0,0,0,0,0,0,0,0,0,0,0,0,0,0,0,0,0,0,0,1,1,1,0,0,5,0,0,0,0,0,0,False,False,True,False,False,False,False,False,False,False,False,False,True
10.7,6.6,0,114.48999999999998,0.19979429814762795,70.61999999999999,0,1,0,0,0,0,0,0,0,0,0,0,0,0,1,0,0,0,0,0,0,0,0,1,0,0,0,0,0,0,0,0,0,0,0,0,0,0,0,0,0,0,0,0,3,0,0,5,0,0,0,0,0,0,False,False,False,False,False,False,False,False,False,True,False,False,True
2.0,22.3,0,4.0,0.02960261852798436,44.6,0,0,0,0,0,0,0,1,0,0,0,0,1,0,0,1,1,0,0,0,0,0,0,0,0,0,0,0,0,0,0,0,0,0,0,0,0,0,0,0,0,0,0,1,3,0,0,5,0,0,0,0,0,0,False,True,False,False,False,False,False,False,False,False,False,True,False
1.8,25.9,0,3.24,0.4941404395641879,46.62,0,0,1,0,0,0,0,0,0,0,0,0,0,0,0,0,0,0,0,0,0,0,0,0,0,0,0,0,0,0,0,0,0,0,0,0,0,0,0,0,0,0,0,0,0,0,0,5,0,0,0,0,0,0,False,False,False,False,False,False,True,False,False,False,False,True,False
12.8,29.8,0,163.84000000000003,-0.9946964316031676,381.44000000000005,0,1,0,0,0,0,0,0,0,0,0,0,1,0,0,0,0,0,0,0,0,0,0,0,0,0,0,0,0,0,0,0,0,0,0,0,0,0,0,0,0,0,0,0,1,0,0,5,0,0,0,0,0,0,False,False,False,False,True,False,False,False,False,False,False,False,True
8.9,31.5,0,79.21000000000001,-0.5647927181439841,280.35,0,1,0,0,0,0,0,0,0,0,0,0,0,0,1,0,0,1,1,0,1,0,0,0,0,0,0,0,0,0,0,0,0,0,0,0,0,0,0,0,0,0,1,0,4,0,0,5,0,0,1,0,0,1,False,False,False,True,False,False,False,False,False,False,False,False,True
13.8,26.8,0,190.44000000000003,-1.1813768036718242,369.84000000000003,0,0,1,0,0,0,0,0,0,0,0,0,1,1,0,1,0,0,0,0,0,1,0,0,0,0,0,0,0,0,0,0,0,0,0,0,0,0,0,0,0,0,1,1,2,0,0,5,1,0,0,0,0,0,False,False,False,False,False,False,False,False,True,False,False,False,True
3.4,31.2,0,11.559999999999999,1.7406425710719176,106.08,0,0,0,0,0,0,0,0,0,1,0,0,0,1,1,0,0,0,0,1,0,0,0,0,0,0,0,0,0,0,0,0,0,1,0,0,0,0,0,0,0,0,2,0,1,0,0,5,0,0,0,0,0,0,True,False,False,False,False,False,False,False,False,False,False,True,False
2.7,24.2,1,7.290000000000001,0.44435022979505323,65.34,0,0,0,0,0,1,0,0,0,0,0,1,0,0,0,0,0,0,0,0,0,0,0,0,0,0,0,0,0,0,0,0,0,0,0,0,0,0,0,0,0,0,0,1,0,0,3,5,0,0,0,0,0,0,False,True,False,False,False,False,False,False,False,False,False,True,False
5.7,27.1,0,32.49,0.6163294445788736,154.47,0,0,1,0,0,0,0,0,0,0,0,0,1,0,0,0,0,1,0,1,0,1,0,0,0,0,0,0,0,0,0,0,0,0,0,0,0,0,0,0,0,0,1,1,2,0,0,5,0,1,0,0,0,0,False,False,False,False,False,False,True,False,False,False,False,True,False
8.6,4.9,1,73.96,-0.673813092007743,42.14,0,0,0,0,0,0,1,0,0,0,0,1,0,1,0,1,0,0,1,0,0,0,0,0,0,0,0,0,0,0,0,0,0,0,0,0,0,0,0,0,0,0,1,0,3,0,1,5,0,0,0,0,0,0,False,False,False,False,False,False,False,False,False,True,False,False,True
4.0,33.5,0,16.0,-0.22293846440328494,134.0,0,0,0,0,0,0,0,1,0,0,0,0,1,0,1,0,0,0,1,0,1,0,0,0,0,0,0,0,0,0,0,0,0,0,0,0,0,0,0,0,0,0,1,0,4,0,0,5,0,0,1,0,0,1,False,False,False,True,False,False,False,False,False,False,False,True,False
4.3,17.6,0,18.49,-0.9469146577226845,75.68,0,0,0,0,1,0,0,0,0,0,0,1,0,0,1,0,1,0,0,0,0,0,0,0,0,0,0,0,0,0,0,0,0,0,0,0,0,0,0,0,0,0,0,1,1,0,0,5,0,0,0,0,0,0,False,False,True,False,False,False,False,False,False,False,False,True,False
14.2,4.7,0,201.64,-0.7116740073494886,66.74,0,0,0,1,0,0,0,0,0,0,0,1,1,0,1,0,1,1,1,0,0,0,0,0,0,0,0,0,0,0,0,0,0,0,0,0,0,0,0,0,0,0,0,1,4,0,0,5,0,0,0,0,0,1,False,False,False,False,False,False,False,True,False,False,False,False,True
4.2,30.0,0,17.64,1.7104218852418962,126.0,0,0,0,0,0,0,0,0,1,0,0,1,0,0,1,0,0,0,1,1,0,0,0,0,0,0,0,0,0,0,0,0,0,0,0,0,0,0,0,0,0,0,1,0,3,0,0,5,0,0,0,0,0,1,False,True,False,False,False,False,False,False,False,False,False,True,False
0.5,15.8,0,0.25,-0.5342836859760804,7.9,0,0,0,0,0,0,0,1,0,0,0,0,0,1,0,1,0,0,0,0,0,0,0,0,0,0,0,0,0,0,0,0,0,0,0,0,0,0,0,0,0,0,1,0,3,0,0,5,0,0,0,0,0,0,False,False,False,False,False,False,True,False,False,False,True,False,False
8.9,33.3,1,79.21000000000001,2.390908891648332,296.37,0,0,0,0,0,1,0,0,0,0,0,1,0,0,0,0,1,0,0,0,0,0,0,0,0,0,0,0,0,0,0,0,0,0,0,0,0,0,0,0,0,0,0,1,1,0,0,5,0,0,0,0,0,0,False,False,True,False,False,False,False,False,False,False,False,False,True
9.3,8.5,1,86.49000000000001,1.1761790283212783,79.05000000000001,0,0,0,0,0,1,0,0,0,0,0,1,0,0,0,0,0,0,1,0,0,0,0,0,0,0,0,0,0,0,0,0,0,0,0,0,0,0,0,0,0,0,0,0,1,0,0,5,0,0,0,0,0,0,False,False,False,False,False,False,False,False,False,True,False,False,True
0.7,18.1,1,0.48999999999999994,-0.8406145446853909,12.67,0,0,0,0,0,1,0,0,0,0,0,1,0,0,0,0,0,0,0,0,0,0,0,0,0,0,1,0,0,0,0,0,0,0,0,0,0,0,0,0,0,0,0,0,0,0,0,5,0,0,0,0,0,0,False,False,True,False,False,False,False,False,False,False,True,False,False
8.4,19.2,0,70.56,-0.18808150510113872,161.28,0,0,0,0,1,0,0,0,0,0,0,1,0,1,0,0,0,1,0,0,0,1,0,0,0,0,0,0,0,0,0,0,0,0,0,0,0,0,0,0,0,0,1,2,1,0,0,5,0,0,0,0,0,0,False,False,False,False,False,False,True,False,False,False,False,False,True
9.0,34.7,0,81.0,-0.10010414347917936,312.3,0,0,0,0,0,0,0,0,1,0,0,1,0,0,0,0,0,1,0,0,1,1,0,0,0,0,0,0,0,0,0,0,0,0,0,0,0,0,0,0,0,0,1,1,1,0,0,5,0,0,0,0,0,0,False,False,False,False,False,True,False,False,False,False,False,False,True
6.8,30.6,0,46.239999999999995,0.9727140425383726,208.08,0,0,0,0,0,0,0,0,0,1,0,0,0,1,1,0,0,1,0,0,1,0,0,0,0,0,0,0,0,0,0,0,0,0,0,0,0,0,0,0,0,0,2,0,3,0,0,5,0,0,1,0,0,0,False,False,False,False,False,False,True,False,False,False,False,True,False
0.5,17.0,1,0.25,-1.1273249286906826,8.5,0,0,0,1,0,0,0,0,0,0,0,1,0,0,0,1,0,0,0,1,1,1,0,0,0,0,0,0,0,0,0,0,0,0,0,0,0,0,0,0,0,0,2,1,1,0,0,5,0,0,0,1,0,0,False,True,False,False,False,False,False,False,False,False,True,False,False
2.6,41.3,1,6.760000000000001,1.088920755178725,107.38,0,0,0,0,0,1,0,0,0,0,0,1,0,0,1,1,0,0,0,0,0,0,0,0,0,0,0,0,0,0,0,0,0,0,0,0,0,0,0,0,0,0,0,0,2,0,0,5,0,0,0,0,0,0,False,False,False,False,False,True,False,False,False,False,False,True,False
8.4,37.3,1,70.56,0.3165794669320812,313.32,0,1,0,0,0,0,0,0,0,0,0,0,1,0,0,0,0,0,0,0,0,0,0,0,0,0,0,0,0,0,0,0,0,0,0,0,0,0,0,0,0,0,0,0,1,0,1,5,0,0,0,0,0,0,False,False,False,False,True,False,False,False,False,False,False,False,True
0.5,25.0,1,0.25,-1.84761043393095,12.5,0,0,0,0,0,0,1,0,0,0,0,1,0,0,1,0,0,1,0,1,0,0,0,0,0,0,0,0,0,0,0,0,0,0,0,0,0,0,0,0,0,0,1,0,2,0,0,5,0,0,0,0,0,0,False,False,False,False,False,True,False,False,False,False,True,False,False
13.7,37.3,0,187.68999999999997,0.36829960447696414,511.00999999999993,0,0,0,0,0,0,0,0,0,1,0,0,0,1,0,1,1,1,0,0,1,0,0,0,0,0,0,0,0,0,0,0,0,0,0,0,0,0,0,0,0,0,2,1,2,0,0,5,0,0,0,0,0,0,False,False,False,False,False,True,False,False,False,False,False,False,True
11.1,30.8,0,123.21,-0.6844417069532287,341.88,0,0,0,1,0,0,0,0,0,0,0,1,1,0,0,0,0,0,0,0,0,1,0,0,0,0,0,0,0,0,0,0,0,0,0,0,0,0,0,0,0,0,0,1,1,0,0,5,0,0,0,0,0,0,False,False,False,True,False,False,False,False,False,False,False,False,True
15.0,38.6,1,225.0,0.6487898826354982,579.0,0,0,0,0,0,1,0,0,0,0,0,1,0,0,1,1,1,0,0,1,0,0,0,0,0,0,0,0,0,0,0,0,0,0,0,0,0,0,0,0,0,0,1,1,2,0,0,5,0,0,0,1,0,0,False,False,False,True,False,False,False,False,False,False,False,False,True
7.6,25.5,0,57.76,0.4534107712259596,193.79999999999998,0,1,0,0,0,0,0,0,0,0,0,0,1,0,1,1,0,0,1,0,0,0,0,0,0,0,0,0,0,0,0,0,0,0,0,0,0,0,0,0,0,0,0,0,4,0,0,5,0,0,0,0,0,1,False,False,False,False,False,False,True,False,False,False,False,False,True
11.1,4.3,0,123.21,-0.9821451120625802,47.73,0,0,0,0,0,0,0,0,1,0,0,1,1,0,1,0,0,0,0,1,0,0,0,0,0,0,0,0,0,0,0,0,0,0,0,0,0,0,0,0,0,0,1,0,3,0,0,5,0,1,0,0,0,0,False,False,False,False,False,False,False,False,False,True,False,False,True
5.6,25.4,0,31.359999999999996,-1.607448192053117,142.23999999999998,0,0,0,0,0,0,0,1,0,0,0,0,0,0,1,0,0,1,1,0,0,1,0,0,0,0,0,0,0,0,0,0,0,0,0,0,0,0,0,0,0,0,0,1,3,0,0,5,0,0,0,0,0,1,False,False,False,True,False,False,False,False,False,False,False,True,False
12.6,6.3,0,158.76,0.11192218960970705,79.38,0,1,0,0,0,0,0,0,0,0,0,0,0,0,0,0,1,0,0,0,1,0,0,0,0,0,0,0,0,0,0,0,0,0,0,0,0,0,0,0,0,0,1,1,0,0,0,5,0,0,0,0,0,0,False,False,False,False,False,False,False,True,False,False,False,False,True
7.1,15.0,0,50.41,-1.4996752455166114,106.5,0,0,0,1,0,0,0,0,0,0,0,1,0,1,0,0,0,0,0,0,1,1,0,0,0,0,0,0,0,0,0,0,0,0,0,0,0,0,0,0,0,0,2,1,0,0,0,5,0,0,0,0,0,0,False,False,True,False,False,False,False,False,False,False,False,False,True
4.0,32.4,0,16.0,1.1559975500604003,129.6,0,1,0,0,0,0,0,0,0,0,0,0,0,0,0,0,0,0,0,1,1,1,0,0,0,0,0,0,0,0,0,0,0,0,0,0,0,0,0,0,0,0,2,1,0,0,0,5,0,0,0,0,0,0,False,False,False,False,False,False,True,False,False,False,False,True,False
14.2,40.2,1,201.64,0.9004175833162515,570.84,0,0,0,0,0,1,0,0,0,0,0,1,1,0,0,0,0,0,0,0,0,0,1,0,0,1,0,0,0,0,0,0,0,0,0,0,0,1,0,0,0,0,0,0,2,0,0,5,0,0,0,0,0,0,False,False,False,False,False,False,False,False,True,False,False,False,True
0.5,34.5,0,0.25,0.014878179895950328,17.25,0,0,0,0,0,0,1,0,0,0,0,1,0,0,0,1,0,0,0,0,1,1,0,0,0,0,0,0,0,0,0,0,0,0,0,0,0,0,0,0,0,0,1,1,2,0,0,5,0,0,0,0,0,0,False,False,False,False,False,False,False,False,True,False,True,False,False
11.4,38.4,1,129.96,0.5088999320505847,437.76,0,0,0,0,0,1,0,0,0,0,0,1,0,0,0,1,0,0,1,1,0,0,0,0,0,0,0,0,0,0,0,0,0,0,0,0,0,0,0,0,0,0,1,0,3,0,0,5,0,0,0,1,0,0,False,False,False,False,True,False,False,False,False,False,False,False,True
0.5,26.8,0,0.25,1.0118995925815693,13.4,0,0,0,0,0,0,0,0,0,1,0,0,0,0,0,0,0,0,0,1,1,1,0,0,0,0,0,0,0,0,0,0,0,0,0,0,0,0,0,0,0,0,2,2,0,0,0,5,0,0,0,0,0,0,False,True,False,False,False,False,False,False,False,False,True,False,False
12.5,29.7,0,156.25,1.6449354203049904,371.25,0,1,0,0,0,0,0,0,0,0,0,0,0,0,0,0,0,0,0,0,0,0,0,0,0,0,0,0,0,0,0,0,0,0,0,1,0,0,0,0,0,0,0,0,0,0,0,5,0,0,0,0,0,0,False,True,False,False,False,False,False,False,False,False,False,False,True
3.0,45.0,0,9.0,1.7554953195778542,135.0,0,0,0,0,1,0,0,0,0,0,0,1,1,0,0,1,0,1,0,0,0,0,0,0,0,0,0,0,0,0,0,0,0,0,0,0,0,0,0,0,0,0,0,0,3,0,0,5,0,0,0,0,0,0,False,False,False,False,False,True,False,False,False,False,False,True,False
6.8,15.8,1,46.239999999999995,-1.3295950646569414,107.44,0,0,0,0,0,1,0,0,0,0,0,1,1,0,0,0,0,0,0,0,0,0,0,1,0,0,0,0,0,0,0,0,0,0,0,0,0,0,0,0,0,0,0,0,2,0,0,5,0,0,0,0,0,0,False,False,True,False,False,False,False,False,False,False,False,True,False
13.8,18.7,1,190.44000000000003,-0.7562349607148838,258.06,0,0,0,0,0,1,0,0,0,0,0,1,1,0,0,0,0,0,0,0,0,0,0,0,0,0,0,0,0,0,0,0,0,0,0,0,0,0,0,0,0,0,0,0,1,0,0,5,0,0,0,0,0,0,False,True,False,False,False,False,False,False,False,False,False,False,True
10.4,5.0,0,108.16000000000001,-0.6224244219986037,52.0,0,0,0,0,1,0,0,0,0,0,0,1,0,0,0,0,0,0,0,0,0,0,1,0,1,0,0,0,1,1,1,0,0,0,0,0,0,0,0,0,0,0,0,0,1,0,0,5,0,0,0,0,0,0,False,False,False,False,False,False,False,False,False,True,False,False,True
9.2,9.0,1,84.63999999999999,1.4331223783669758,82.8,0,0,0,0,0,1,0,0,0,0,0,1,0,0,0,0,0,0,1,0,0,0,0,0,0,0,0,0,0,0,0,0,0,0,0,0,0,0,0,0,0,0,0,0,1,0,0,5,0,0,0,0,0,0,False,False,False,False,False,False,False,False,False,True,False,False,True
3.3,4.6,0,10.889999999999999,-0.7631487696594387,15.179999999999998,0,0,0,0,0,0,1,0,0,0,0,1,0,1,0,1,1,1,0,0,0,0,0,0,0,0,0,0,0,0,0,0,0,0,0,0,0,0,0,0,0,0,1,2,2,0,0,5,0,0,0,0,0,0,False,False,False,False,False,False,False,True,False,False,False,True,False
8.2,41.0,0,67.24,0.963475576876138,336.2,0,0,0,0,0,0,0,1,0,0,0,0,0,1,0,0,0,0,0,0,1,0,0,0,0,0,0,0,0,0,0,0,0,0,0,0,0,0,0,0,0,0,2,0,0,1,0,5,0,0,0,0,0,0,False,False,False,False,True,False,False,False,False,False,False,False,True
9.3,15.0,0,86.49000000000001,-1.4996752455166114,139.5,0,0,0,0,0,0,0,0,0,1,0,0,0,0,1,0,1,0,1,1,1,0,0,0,0,0,0,0,0,0,0,0,0,0,0,0,0,0,0,0,0,0,2,1,2,0,0,5,0,0,1,0,0,1,False,False,True,False,False,False,False,False,False,False,False,False,True
14.5,33.9,1,210.25,-0.15456761365514535,491.54999999999995,0,0,0,0,0,1,0,0,0,0,0,1,0,1,0,0,0,0,0,0,0,0,0,1,0,0,1,0,0,0,0,0,0,0,0,0,0,0,0,0,0,0,1,0,1,0,0,5,0,0,0,0,0,0,False,False,False,True,False,False,False,False,False,False,False,False,True
5.9,36.8,0,34.81,0.2291610736963979,217.12,0,0,0,0,0,0,0,0,1,0,0,1,0,0,0,1,1,0,0,0,1,1,0,0,0,0,0,0,0,0,0,0,0,0,0,0,0,0,0,0,0,0,1,3,1,0,0,5,0,0,0,0,1,0,False,False,False,False,True,False,False,False,False,False,False,True,False
0.5,4.7,1,0.25,-0.7116740073494886,2.35,0,0,0,0,1,0,0,0,0,0,0,1,0,1,1,0,1,0,0,0,0,0,0,0,0,0,0,0,0,0,0,0,0,0,0,0,0,0,0,0,0,0,2,1,1,0,1,5,0,0,0,0,0,0,False,False,False,False,False,False,False,True,False,False,True,False,False
7.1,25.6,0,50.41,-1.7395172613256855,181.76,0,0,0,0,0,0,1,0,0,0,0,1,0,0,0,0,0,0,1,0,0,0,0,0,0,0,0,0,0,0,0,0,1,0,0,0,0,0,0,0,0,0,0,0,1,0,0,5,0,0,0,0,0,0,False,False,False,False,False,True,False,False,False,False,False,False,True
13.3,26.9,1,176.89000000000001,-1.1658410246644508,357.77,0,0,0,0,0,1,0,0,0,0,0,1,0,1,0,0,1,1,1,0,0,0,0,0,0,0,0,0,0,0,0,0,0,0,0,0,0,0,0,0,0,0,1,1,3,0,0,5,0,0,0,0,0,0,False,False,False,False,False,False,False,False,True,False,False,False,True
9.5,28.0,1,90.25,1.069839244536537,266.0,0,0,0,0,1,0,0,0,0,0,0,1,0,0,0,1,0,0,0,0,0,0,0,0,0,0,0,0,0,0,0,0,0,0,0,0,0,0,0,0,0,0,0,0,1,0,1,5,0,0,0,0,0,0,True,False,False,False,False,False,False,False,False,False,False,False,True
7.1,29.9,0,50.41,1.468128719666919,212.29,0,0,0,0,0,0,0,1,0,0,0,0,0,1,0,0,0,1,1,0,1,1,0,0,0,0,0,0,0,0,0,0,0,0,0,0,0,0,0,0,0,0,2,1,2,0,0,5,0,0,0,0,0,0,True,False,False,False,False,False,False,False,False,False,False,False,True
12.9,4.9,1,166.41,-0.673813092007743,63.21000000000001,0,0,0,0,0,0,0,0,1,0,0,1,1,0,0,0,0,0,0,0,0,0,0,0,0,0,0,1,0,0,0,0,0,0,0,0,0,0,0,0,0,0,0,0,1,0,2,5,0,0,0,0,0,0,False,False,False,False,False,False,False,False,False,True,False,False,True
4.2,45.0,0,17.64,1.6628227227616044,189.0,0,1,0,0,0,0,0,0,0,0,0,0,0,0,0,0,0,0,1,0,0,0,0,0,0,0,0,0,0,0,0,0,0,0,0,0,0,0,0,0,0,0,0,0,1,0,0,5,0,0,0,0,0,0,False,False,False,False,True,False,False,False,False,False,False,True,False
13.1,22.9,0,171.60999999999999,0.17986654047262662,299.98999999999995,0,0,0,0,1,0,0,0,0,0,0,1,0,0,0,0,0,1,0,0,0,0,0,0,0,1,0,0,0,0,0,0,0,0,0,0,0,0,0,0,1,0,1,0,1,0,0,5,0,0,0,0,0,0,False,False,True,False,False,False,False,False,False,False,False,False,True
1.1,32.8,1,1.2100000000000002,-0.44239919006251677,36.08,0,0,0,0,0,1,0,0,0,0,0,1,0,0,0,0,0,0,0,0,0,0,0,0,0,0,0,0,0,0,0,0,0,0,0,0,0,0,0,0,0,0,0,0,1,0,0,5,0,0,0,0,0,0,False,False,False,False,False,True,False,False,False,False,False,True,False
9.3,24.7,0,86.49000000000001,-1.8863640426071373,229.71,0,0,0,1,0,0,0,0,0,0,0,1,0,1,1,0,0,0,0,1,0,0,0,0,0,0,0,0,0,0,0,0,1,0,0,0,0,0,0,0,0,0,2,0,1,0,0,5,0,0,0,0,0,0,False,False,False,False,True,False,False,False,False,False,False,False,True
4.0,5.4,0,16.0,-0.35135067117984037,21.6,0,0,0,0,0,0,0,0,1,0,0,1,0,0,0,0,0,0,1,1,0,1,0,0,0,0,0,0,0,0,0,0,0,0,0,0,0,0,0,0,0,0,1,1,2,0,0,5,0,0,0,1,0,0,False,False,False,False,False,False,False,True,False,False,False,True,False
1.4,32.3,1,1.9599999999999997,-0.5324768339002369,45.21999999999999,0,0,0,0,0,0,0,0,0,1,0,0,0,1,0,0,0,1,1,0,0,1,0,0,0,0,0,0,0,0,0,0,0,0,0,0,0,0,0,0,0,0,1,1,2,0,2,5,0,0,0,0,0,0,False,False,False,False,False,True,False,False,False,False,False,True,False
4.1,21.3,1,16.81,-0.16029382124671232,87.33,0,0,0,0,0,1,0,0,0,0,0,1,1,0,0,0,0,1,0,0,0,0,0,0,0,0,0,0,0,0,0,0,0,0,0,0,0,0,0,0,0,0,0,0,3,0,0,5,0,0,0,0,0,0,False,False,True,False,False,False,False,False,False,False,False,True,False
4.7,37.5,0,22.090000000000003,0.351546824226355,176.25,0,0,0,0,0,0,0,0,0,0,1,0,1,0,0,0,1,1,0,0,1,0,0,0,0,0,0,0,0,0,0,0,0,0,1,0,0,0,0,0,0,0,1,1,2,0,0,5,0,0,0,0,0,0,False,False,False,False,True,False,False,False,False,False,False,True,False
10.0,33.1,1,100.0,-0.38835260375988395,331.0,0,0,0,0,0,1,0,0,0,0,0,1,1,0,0,1,0,0,0,1,1,0,0,0,0,0,0,0,0,0,0,0,0,0,0,0,0,0,0,0,0,0,2,0,2,0,0,5,0,1,0,1,0,0,False,False,False,False,False,True,False,False,False,False,False,False,True
2.8,41.7,0,7.839999999999999,1.085861327406095,116.76,0,0,0,0,0,0,0,0,0,1,0,0,1,0,0,0,0,0,0,0,0,0,0,0,0,0,0,0,0,0,0,0,0,0,0,0,0,0,0,0,0,0,0,0,1,0,0,5,0,0,0,0,0,0,False,False,False,False,True,False,False,False,False,False,False,True,False
11.6,38.0,0,134.56,0.4389652174620383,440.8,0,0,0,0,0,0,0,0,0,1,0,0,0,0,0,1,0,0,0,1,0,0,0,0,0,0,0,0,0,0,0,0,0,0,0,1,0,0,0,0,0,0,1,0,1,0,0,5,0,0,0,1,0,0,False,False,False,False,True,False,False,False,False,False,False,False,True
6.1,37.5,1,37.209999999999994,0.4607700430781134,228.75,0,1,0,0,0,0,0,0,0,0,0,0,0,0,0,0,0,0,0,0,0,0,0,0,0,0,1,0,0,0,0,1,0,0,0,0,0,0,1,0,0,0,0,0,0,0,2,5,0,0,0,0,0,0,False,False,False,True,False,False,False,False,False,False,False,True,False
12.1,38.2,0,146.41,0.5304393633848614,462.22,0,0,0,0,0,0,0,0,1,0,0,1,0,0,0,0,0,0,0,0,0,0,0,0,0,0,0,0,0,0,0,0,0,0,0,0,0,0,0,0,0,0,0,0,0,1,0,5,0,0,0,0,0,0,False,False,False,False,False,True,False,False,False,False,False,False,True
2.5,3.0,0,6.25,-1.6501978221813933,7.5,0,0,0,0,0,0,0,1,0,0,0,0,0,0,1,1,0,0,0,0,0,0,0,0,0,0,0,0,0,0,0,0,0,0,0,0,0,0,0,0,0,0,0,0,3,0,0,5,0,0,0,0,0,0,False,False,False,False,False,False,False,False,False,True,False,True,False
7.4,6.5,0,54.760000000000005,0.14840562813848865,48.1,0,0,0,0,0,0,0,1,0,0,0,0,1,0,1,1,0,0,0,0,0,0,0,0,0,0,0,0,0,0,0,1,0,0,0,0,0,0,0,0,0,0,0,0,3,0,0,5,0,0,0,0,0,0,False,False,False,False,False,False,False,False,False,True,False,False,True
11.9,4.1,1,141.61,-1.0849224520808591,48.79,0,0,0,0,0,0,0,0,1,0,0,1,1,0,0,0,0,0,0,0,0,0,0,0,0,0,0,1,0,0,0,0,0,0,0,0,0,0,0,0,0,0,0,0,1,0,2,5,0,0,0,0,0,0,False,False,False,False,False,False,False,False,False,True,False,False,True
9.8,24.0,0,96.04000000000002,0.41372678915467276,235.20000000000002,0,1,0,0,0,0,0,0,0,0,0,0,1,0,0,0,1,1,0,0,0,0,0,0,0,0,0,0,0,0,0,0,0,0,0,0,0,0,0,0,0,0,0,1,3,0,0,5,0,0,0,0,0,0,False,False,True,False,False,False,False,False,False,False,False,False,True
4.4,23.8,0,19.360000000000003,0.35703494321251267,104.72000000000001,0,0,0,0,0,0,1,0,0,0,0,1,0,0,1,1,0,1,0,0,1,0,0,0,0,0,0,0,0,0,0,0,0,0,0,0,0,0,0,0,0,0,1,0,4,0,0,5,0,0,1,0,0,0,False,True,False,False,False,False,False,False,False,False,False,True,False
3.9,25.4,1,15.209999999999999,0.5248115417265398,99.05999999999999,0,0,1,0,0,0,0,0,0,0,0,0,1,0,0,0,1,0,1,0,0,1,0,0,0,0,0,0,0,0,0,0,0,0,0,0,0,0,0,0,0,0,0,2,2,0,1,5,0,0,0,0,1,0,True,False,False,False,False,False,False,False,False,False,False,True,False
9.4,41.2,0,88.36000000000001,0.9984429341704119,387.28000000000003,0,1,0,0,0,0,0,0,0,0,0,0,0,0,0,0,0,0,0,0,0,0,0,0,0,0,0,0,0,0,0,0,0,0,0,0,0,0,0,0,0,0,0,0,0,0,0,5,0,0,0,0,0,0,False,False,False,False,True,False,False,False,False,False,False,False,True
8.9,30.4,0,79.21000000000001,-0.6220887594063715,270.56,0,0,1,0,0,0,0,0,0,0,0,0,1,0,1,0,0,0,1,0,0,0,0,1,0,0,0,0,0,0,0,0,0,0,0,0,0,0,0,0,0,0,0,0,4,0,0,5,0,0,0,0,0,1,False,False,False,False,False,False,False,False,True,False,False,False,True
6.0,32.1,0,36.0,-0.3579805162810182,192.60000000000002,0,0,0,1,0,0,0,0,0,0,0,1,0,1,0,0,0,0,0,0,1,0,0,0,0,0,0,0,0,0,0,0,0,0,0,0,0,0,0,0,0,0,2,0,0,0,0,5,0,0,0,0,0,0,False,False,False,False,False,False,False,False,True,False,False,True,False
6.5,29.4,0,42.25,-0.7774465494801085,191.1,0,0,0,0,1,0,0,0,0,0,0,1,0,0,0,0,0,1,1,0,0,1,0,0,0,0,0,0,0,0,0,0,0,0,0,0,0,0,0,0,0,0,0,2,2,0,0,5,0,0,0,0,0,0,False,False,False,False,False,False,False,False,True,False,False,True,False
14.8,4.6,0,219.04000000000002,-0.8279791020351618,68.08,0,1,0,0,0,0,0,0,0,0,0,0,0,1,0,0,0,0,0,0,0,0,0,0,0,0,0,0,0,0,0,0,0,0,0,0,0,0,0,0,0,0,4,0,1,0,0,5,0,0,0,0,0,0,False,False,False,False,False,False,False,False,False,True,False,False,True
4.5,29.7,1,20.25,-0.7308392124579872,133.65,0,1,0,0,0,0,0,0,0,0,0,0,0,0,0,0,0,0,0,0,0,0,0,0,0,0,0,0,0,0,0,0,0,0,0,0,0,0,0,0,0,0,0,0,0,0,3,5,0,0,0,0,0,0,False,False,False,False,False,False,False,False,True,False,False,True,False
3.4,14.5,0,11.559999999999999,-1.7601122892846008,49.3,0,0,0,0,0,0,0,0,0,0,1,0,0,0,0,0,1,0,0,0,1,0,0,0,0,1,0,0,0,0,0,0,0,0,1,0,0,0,0,0,0,0,1,1,0,0,0,5,0,0,0,0,0,0,True,False,False,False,False,False,False,False,False,False,False,True,False
15.0,8.3,0,225.0,1.1414174358087024,124.50000000000001,0,0,0,1,0,0,0,0,0,0,0,1,1,0,1,0,0,1,1,1,0,0,0,0,0,0,0,0,0,0,0,0,0,0,0,0,0,0,0,0,0,0,1,0,4,0,0,5,0,1,0,0,0,1,False,False,False,False,False,False,False,True,False,False,False,False,True
1.8,25.3,0,3.24,0.5038489377723095,45.54,0,0,0,1,0,0,0,0,0,0,0,1,0,0,1,0,0,0,0,0,0,0,1,0,0,0,0,0,0,0,0,0,0,0,0,0,0,0,0,0,0,0,0,0,2,0,0,5,0,0,0,0,0,0,True,False,False,False,False,False,False,False,False,False,False,True,False
10.8,29.9,0,116.64000000000001,-0.69976765444324,322.92,0,0,0,0,0,0,1,0,0,0,0,1,1,0,0,0,0,0,0,0,0,0,0,0,0,0,1,0,0,0,0,0,0,0,0,0,0,0,0,0,0,0,0,0,2,0,0,5,0,0,0,0,0,0,False,False,False,False,False,False,False,False,True,False,False,False,True
5.3,29.4,1,28.09,1.3633156998957658,155.82,0,0,0,0,0,1,0,0,0,0,0,1,1,0,0,0,0,0,0,0,0,0,0,0,0,0,0,0,0,0,0,0,0,0,0,0,0,0,0,0,0,0,0,0,1,0,0,5,0,0,0,0,0,0,True,False,False,False,False,False,False,False,False,False,False,True,False
3.1,16.9,1,9.610000000000001,-1.095734815974896,52.39,0,0,0,0,1,0,0,0,0,0,0,1,0,0,0,0,0,0,0,0,0,0,0,1,1,0,0,0,0,0,0,0,0,0,0,0,0,0,0,0,0,0,1,0,1,0,0,5,0,0,0,0,0,0,False,False,True,False,False,False,False,False,False,False,False,True,False
12.8,25.0,0,163.84000000000003,0.6189808029601351,320.0,0,0,0,0,0,0,0,0,0,1,0,0,1,0,0,0,1,0,0,0,0,0,0,0,0,1,0,0,0,0,0,0,0,0,0,0,0,0,0,0,0,0,0,1,1,0,0,5,0,0,0,0,0,0,False,True,False,False,False,False,False,False,False,False,False,False,True
5.6,31.6,0,31.359999999999996,1.0745382133839438,176.96,0,0,0,0,0,0,0,0,1,0,0,1,0,0,1,1,0,0,1,1,1,0,0,0,0,0,0,0,0,0,0,0,0,0,0,0,0,0,0,0,0,0,2,0,3,0,0,5,0,0,1,1,0,1,False,False,False,False,False,False,True,False,False,False,False,True,False
1.6,3.7,0,2.5600000000000005,-1.2904771321174169,5.920000000000001,0,0,0,0,0,0,0,0,0,1,0,0,1,0,0,0,0,1,0,0,0,1,0,0,0,0,0,0,0,0,0,0,0,0,0,0,0,0,0,1,0,0,0,1,2,0,0,5,0,0,0,0,0,0,False,False,False,False,False,False,False,False,False,True,False,True,False
9.0,29.2,0,81.0,-0.9579251099457883,262.8,0,0,0,1,0,0,0,0,0,0,0,1,0,0,0,0,0,0,0,0,0,0,1,0,1,0,0,0,1,1,1,0,0,0,0,0,0,0,0,0,0,0,0,0,1,0,0,5,0,0,0,0,0,0,False,False,False,True,False,False,False,False,False,False,False,False,True
6.0,21.6,0,36.0,-0.09651375342433603,129.60000000000002,0,0,0,1,0,0,0,0,0,0,0,1,0,0,1,1,0,0,1,0,0,0,0,0,0,0,0,0,0,0,0,0,0,0,0,0,0,0,0,0,0,0,0,0,3,0,0,5,0,0,0,0,0,1,False,False,True,False,False,False,False,False,False,False,False,True,False
8.3,6.8,1,68.89000000000001,0.302571638165907,56.440000000000005,0,0,0,0,0,1,0,0,0,0,0,1,0,0,1,0,0,0,1,1,0,0,0,0,0,0,0,0,0,0,0,0,0,0,0,0,0,0,0,0,0,0,1,0,2,0,0,5,0,0,0,0,0,1,False,False,False,False,False,False,False,False,False,True,False,False,True
9.6,3.9,1,92.16,-1.1234721058290866,37.44,0,0,0,0,0,1,0,0,0,0,0,1,0,0,0,0,0,0,0,1,0,0,0,1,0,0,0,0,0,0,0,0,0,0,0,0,0,0,0,0,0,0,2,0,2,0,0,5,0,0,0,1,0,0,False,False,False,False,False,False,False,True,False,False,False,False,True
9.7,23.8,0,94.08999999999999,-1.8809315950456758,230.85999999999999,0,0,0,0,0,0,1,0,0,0,0,1,0,0,1,0,0,0,0,0,0,0,0,1,0,0,0,0,0,0,0,0,0,0,0,0,0,0,0,0,0,0,1,0,2,0,0,5,0,0,0,0,0,0,False,False,False,True,False,False,False,False,False,False,False,False,True
10.3,25.6,0,106.09000000000002,0.7538871508740124,263.68,0,0,1,0,0,0,0,0,0,0,0,0,1,1,0,0,0,0,0,0,0,0,0,0,0,0,0,0,0,0,0,0,0,0,0,0,0,0,0,0,0,0,2,0,2,0,0,5,1,0,0,0,0,0,False,False,True,False,False,False,False,False,False,False,False,False,True
0.5,19.1,0,0.25,-0.6280143186108038,9.55,0,0,0,0,0,0,0,0,0,0,1,0,1,0,1,0,0,0,1,0,0,1,0,0,0,0,0,0,0,0,0,0,0,0,0,0,0,0,0,0,0,0,0,1,3,0,0,5,0,0,0,0,0,1,False,False,True,False,False,False,False,False,False,False,True,False,False
0.5,34.0,0,0.25,1.3189162234133143,17.0,0,0,0,0,0,0,0,0,0,0,1,0,0,0,0,1,1,1,0,0,0,0,0,0,0,0,0,0,0,0,0,0,0,0,0,0,0,0,0,0,0,0,0,1,3,0,0,5,0,0,0,0,0,0,False,False,False,False,False,False,True,False,False,False,True,False,False
6.0,17.0,0,36.0,-1.074474793367437,102.0,0,1,0,0,0,0,0,0,0,0,0,0,1,0,0,0,0,0,0,0,0,0,0,0,0,0,0,0,0,0,0,0,0,0,0,0,0,0,0,0,0,0,0,0,1,0,0,5,0,0,0,0,0,0,False,False,True,False,False,False,False,False,False,False,False,True,False
4.0,27.7,0,16.0,0.677423947086216,110.8,0,1,0,0,0,0,0,0,0,0,0,0,1,1,1,1,0,0,0,0,0,0,0,0,0,0,0,0,0,0,0,1,0,0,0,0,0,0,0,0,0,0,1,0,3,0,0,5,1,0,0,0,0,0,False,False,False,False,False,False,True,False,False,False,False,True,False
13.5,6.6,0,182.25,0.2663464765395562,89.1,0,0,0,0,0,0,0,0,0,0,1,0,0,0,0,0,0,0,0,0,0,0,0,1,0,0,0,0,0,0,0,0,0,0,0,0,0,0,0,0,0,0,0,0,1,0,0,5,0,0,0,0,0,0,False,False,False,False,False,False,False,True,False,False,False,False,True
12.7,33.1,0,161.29,-0.38835260375988395,420.37,0,1,0,0,0,0,0,0,0,0,0,0,1,0,1,0,1,1,0,0,0,0,0,0,0,0,0,0,0,0,0,0,0,0,0,0,0,0,0,0,0,0,0,1,4,0,0,5,0,0,0,0,0,0,False,False,False,False,False,True,False,False,False,False,False,False,True
5.4,10.0,0,29.160000000000004,1.9470090784583707,54.0,0,0,0,0,0,0,0,0,1,0,0,1,0,0,0,1,1,0,0,0,0,1,0,0,0,0,0,0,0,0,0,0,0,0,0,0,0,0,0,0,0,0,0,2,1,0,0,5,0,0,0,0,1,0,False,False,False,False,False,False,False,False,False,True,False,True,False
8.6,34.1,1,73.96,-0.04726493613354424,293.26,0,0,0,0,0,1,0,0,0,0,0,1,1,1,1,0,0,0,0,1,1,0,0,0,0,0,0,0,0,0,0,0,0,0,0,0,0,0,0,0,0,0,3,0,2,0,0,5,1,1,1,0,0,0,False,False,False,False,False,False,False,False,True,False,False,False,True
9.4,24.5,0,88.36000000000001,0.3361481061384642,230.3,0,0,1,0,0,0,0,0,0,0,0,0,0,0,0,1,1,1,0,0,0,0,0,0,0,0,0,0,0,0,0,0,0,0,0,0,0,0,0,0,0,0,0,1,2,0,0,5,0,0,0,0,0,0,True,False,False,False,False,False,False,False,False,False,False,False,True
2.9,16.2,0,8.41,-1.244554974227107,46.98,0,0,0,0,0,0,0,0,0,1,0,0,1,0,0,0,0,1,0,0,0,0,0,0,0,0,0,0,0,0,0,0,0,0,0,0,0,1,0,0,0,0,0,0,2,0,0,5,0,0,0,0,0,0,False,False,True,False,False,False,False,False,False,False,False,True,False
2.8,5.5,0,7.839999999999999,-0.2998759088698908,15.399999999999999,0,1,0,0,0,0,0,0,0,0,0,0,0,0,0,0,1,0,0,0,0,0,0,1,1,0,0,0,0,0,0,0,0,0,0,0,0,0,0,0,0,0,0,1,1,0,0,5,0,0,0,0,0,0,False,False,False,False,False,False,False,True,False,False,False,True,False
0.8,18.2,0,0.6400000000000001,-0.8193545220779327,14.56,0,0,0,0,0,0,1,0,0,0,0,1,0,0,0,0,0,0,0,0,0,0,0,0,0,0,1,0,0,0,0,0,0,0,0,0,0,0,0,0,0,0,0,0,0,0,0,5,0,0,0,0,0,0,False,False,True,False,False,False,False,False,False,False,True,False,False
9.6,42.4,0,92.16,1.2422047214784722,407.03999999999996,0,0,0,0,0,0,0,1,0,0,0,0,1,0,1,0,1,0,1,0,0,0,0,0,0,0,0,0,0,0,0,0,0,0,0,0,0,0,0,0,0,0,0,2,3,0,0,5,0,0,0,0,0,1,False,False,False,False,False,False,False,False,True,False,False,False,True
8.3,4.0,0,68.89000000000001,-1.1363111220899984,33.2,0,1,0,0,0,0,0,0,0,0,0,0,1,0,1,0,1,0,0,0,0,0,0,0,0,0,0,0,0,0,0,0,0,0,0,0,0,0,0,0,0,0,0,1,2,0,0,5,0,0,0,0,0,0,False,False,False,False,False,False,False,False,False,True,False,False,True
13.1,27.9,0,171.60999999999999,1.2520166306835563,365.48999999999995,0,0,0,0,0,0,1,0,0,0,0,1,0,0,1,1,0,1,0,1,0,0,0,0,0,0,0,0,0,0,0,0,0,0,0,0,0,0,0,0,0,0,1,0,4,0,0,5,0,0,0,1,0,0,False,True,False,False,False,False,False,False,False,False,False,False,True
8.8,26.6,0,77.44000000000001,-1.4023356398086968,234.08000000000004,0,0,0,0,0,0,0,0,0,0,1,0,0,0,0,0,0,0,0,0,0,0,1,0,0,1,0,0,0,0,0,0,0,0,0,0,0,0,0,0,0,0,0,0,1,0,0,5,0,0,0,0,0,0,False,False,False,True,False,False,False,False,False,False,False,False,True
11.3,37.8,0,127.69000000000001,0.4039978601677645,427.14,0,0,0,0,0,0,0,0,0,0,1,0,0,0,0,0,0,0,0,0,0,0,1,0,1,0,0,0,1,1,1,0,0,0,0,0,0,0,0,0,0,0,0,0,1,0,0,5,0,0,0,0,0,0,False,False,False,False,True,False,False,False,False,False,False,False,True
4.3,37.7,1,18.49,0.5120231081319091,162.11,0,1,0,0,0,0,0,0,0,0,0,0,0,0,0,0,0,0,0,0,0,0,0,0,0,0,0,0,0,0,0,0,0,0,0,0,0,0,0,0,0,0,0,0,0,0,3,5,0,0,0,0,0,0,False,False,False,False,False,False,False,False,True,False,False,True,False
2.2,22.1,0,4.840000000000001,-0.16695438876307114,48.620000000000005,0,0,0,0,0,0,0,0,0,1,0,0,0,1,1,0,0,0,0,0,0,0,0,0,0,0,0,0,0,0,0,0,0,1,0,0,0,0,0,0,0,0,1,0,1,1,0,5,0,0,0,0,0,0,True,False,False,False,False,False,False,False,False,False,False,True,False
8.4,41.7,1,70.56,1.085861327406095,350.28000000000003,0,1,0,0,0,0,0,0,0,0,0,0,1,0,0,0,0,0,0,0,0,0,0,0,0,0,0,0,0,0,0,0,0,0,0,0,0,0,0,0,0,0,0,0,1,0,1,5,0,0,0,0,0,0,False,False,False,False,True,False,False,False,False,False,False,False,True
12.6,31.9,0,158.76,-0.49642186739584454,401.94,0,1,0,0,0,0,0,0,0,0,0,0,0,1,1,0,1,0,0,0,0,0,0,0,0,0,0,0,0,0,0,0,0,0,0,0,0,0,0,0,0,0,1,1,1,0,0,5,0,0,0,0,0,0,False,False,False,True,False,False,False,False,False,False,False,False,True
9.0,7.9,0,81.0,0.9355183865689032,71.10000000000001,0,0,0,0,0,0,0,0,1,0,0,1,1,0,1,0,1,0,0,0,0,1,0,0,0,0,0,0,0,0,0,0,0,0,0,0,0,0,0,0,0,0,0,2,3,0,0,5,0,0,0,0,1,0,False,False,False,False,False,False,False,True,False,False,False,False,True
11.4,20.9,0,129.96,-0.2760008845109092,238.26,0,0,0,0,0,0,0,0,1,0,0,1,1,1,0,1,0,1,0,1,0,0,0,0,0,0,0,0,0,0,0,0,0,0,0,0,0,0,0,0,0,0,2,0,3,0,0,5,1,1,0,1,0,0,False,True,False,False,False,False,False,False,False,False,False,False,True
0.5,27.2,0,0.25,1.0992148791641099,13.6,0,0,0,0,0,0,0,0,0,0,1,0,1,0,0,1,0,1,1,0,1,0,0,0,0,0,0,0,0,0,0,0,0,0,0,0,0,0,0,0,0,0,1,0,4,0,0,5,0,0,0,0,0,0,False,True,False,False,False,False,False,False,False,False,True,False,False
11.2,4.4,0,125.43999999999998,-0.8660982942793378,49.28,0,0,0,0,0,0,1,0,0,0,0,1,1,1,0,0,0,1,0,0,0,1,0,0,0,0,0,0,0,0,0,0,0,0,0,0,0,0,0,0,0,0,1,1,3,0,0,5,1,0,0,0,0,0,False,False,False,False,False,False,False,True,False,False,False,False,True
4.2,38.9,0,17.64,0.5963183252862679,163.38,0,0,0,0,1,0,0,0,0,0,0,1,0,1,0,1,0,0,1,0,0,1,0,0,0,0,0,0,0,0,0,0,0,0,0,0,0,0,0,0,0,0,1,1,2,0,0,5,0,0,0,0,0,0,False,False,False,False,True,False,False,False,False,False,False,True,False
8.1,30.0,0,65.61,1.48909132362115,243.0,0,0,0,0,1,0,0,0,0,0,0,1,0,1,1,1,0,0,0,0,0,1,0,0,0,0,0,0,0,0,0,0,0,0,0,0,0,0,0,0,0,0,1,1,2,0,0,5,0,0,0,0,0,0,True,False,False,False,False,False,False,False,False,False,False,False,True
4.9,45.0,1,24.010000000000005,1.7427234946057353,220.50000000000003,0,1,0,0,0,0,0,0,0,0,0,0,0,0,0,0,0,0,0,0,0,0,1,1,0,0,1,0,0,0,0,0,0,0,0,0,0,0,0,0,0,0,0,0,2,0,1,5,0,0,0,0,0,0,False,False,False,True,False,False,False,False,False,False,False,True,False
11.5,27.9,0,132.25,-1.3251600996721735,320.84999999999997,0,0,0,1,0,0,0,0,0,0,0,1,1,1,0,0,0,0,0,0,0,0,0,0,0,0,0,0,0,0,0,0,0,0,0,0,0,0,0,0,0,0,2,0,2,0,0,5,1,0,0,0,0,0,False,False,False,False,False,True,False,False,False,False,False,False,True
10.5,15.2,0,110.25,-1.6133740616049865,159.6,0,0,0,0,0,0,0,0,0,1,0,0,1,1,1,0,0,0,0,0,0,0,0,0,0,0,0,0,0,0,0,0,0,0,0,0,0,0,0,0,0,0,1,0,2,0,0,5,1,0,0,0,0,0,True,False,False,False,False,False,False,False,False,False,False,False,True
14.5,5.5,0,210.25,-0.36548107195290624,79.75,0,0,0,0,0,0,0,0,0,1,0,0,0,0,0,0,0,0,1,0,0,0,0,0,0,0,0,0,0,0,0,1,0,0,0,0,0,0,0,0,1,0,0,0,1,0,0,5,0,0,0,0,0,0,False,False,False,False,False,False,False,False,False,True,False,False,True
1.5,40.5,0,2.25,0.9447965250383733,60.75,0,0,0,0,0,0,0,0,1,0,0,1,0,0,0,1,1,0,0,1,0,0,0,0,0,0,0,0,0,0,0,0,0,0,0,0,0,0,0,0,0,0,2,1,1,0,0,5,0,0,0,1,0,0,False,False,False,False,False,True,False,False,False,False,False,True,False
7.7,38.2,0,59.290000000000006,0.5804190318873587,294.14000000000004,0,0,0,0,1,0,0,0,0,0,0,1,0,1,0,0,0,0,1,1,1,1,0,0,0,0,0,0,0,0,0,0,0,0,0,0,0,0,0,0,0,0,3,1,1,0,0,5,0,0,0,0,0,0,False,False,False,True,False,False,False,False,False,False,False,False,True
11.3,24.8,0,127.69000000000001,0.3821338516340599,280.24,0,0,0,0,0,0,0,1,0,0,0,0,1,1,1,0,0,0,0,0,0,0,0,0,0,0,0,0,0,0,0,0,0,0,0,0,0,0,0,0,0,0,1,0,3,0,0,5,1,0,0,0,0,0,False,False,False,False,False,False,True,False,False,False,False,False,True
5.7,6.1,0,32.49,0.008972664989807482,34.769999999999996,0,0,0,0,0,0,0,0,0,0,1,0,0,0,0,1,0,1,0,1,0,0,0,0,0,0,0,0,0,0,0,0,0,0,0,0,0,0,0,0,0,0,1,1,2,0,0,5,0,0,0,1,0,0,False,False,False,False,False,False,False,True,False,False,False,True,False
8.6,44.1,0,73.96,1.588889080422421,379.26,0,0,0,1,0,0,0,0,0,0,0,1,1,0,0,0,0,1,0,1,0,0,0,0,0,0,0,0,0,0,0,0,0,0,0,0,0,0,0,0,0,0,2,0,2,0,0,5,0,1,0,0,0,0,False,False,False,True,False,False,False,False,False,False,False,False,True
6.7,25.6,1,44.89,0.5667367496350016,171.52,0,0,0,0,0,0,0,0,0,1,0,0,0,0,0,0,0,1,0,0,0,0,0,0,0,0,0,0,0,0,0,0,0,0,0,0,0,0,0,0,0,0,0,0,1,0,1,5,0,0,0,0,0,0,True,False,False,False,False,False,False,False,False,False,False,True,False
8.0,25.0,0,64.0,-1.84761043393095,200.0,0,0,0,0,0,0,1,0,0,0,0,1,1,1,0,0,0,1,0,0,1,0,0,0,0,0,0,0,0,0,0,0,0,0,0,0,0,0,0,0,0,0,2,0,2,0,0,5,1,0,0,0,0,0,False,False,False,False,False,True,False,False,False,False,False,False,True
8.0,25.0,0,64.0,-1.6758190428012565,200.0,0,0,0,0,0,0,0,0,1,0,0,1,0,0,1,0,0,1,1,1,0,0,0,0,0,0,0,0,0,0,0,0,0,0,0,0,0,0,0,0,0,0,1,0,3,0,0,5,0,0,0,0,0,1,False,False,False,True,False,False,False,False,False,False,False,False,True
1.7,25.5,0,2.8899999999999997,0.7281249111883112,43.35,0,0,0,0,0,0,1,0,0,0,0,1,1,0,1,0,0,0,0,0,0,0,0,0,0,0,0,0,0,0,0,0,0,0,0,0,0,0,0,1,0,0,0,0,2,0,0,5,0,0,0,0,0,0,False,True,False,False,False,False,False,False,False,False,False,True,False
0.5,36.4,0,0.25,0.20615984556906822,18.2,0,0,0,0,0,0,0,0,1,0,0,1,1,0,1,1,1,0,0,0,1,0,0,0,0,0,0,0,0,0,0,0,0,0,0,0,0,0,0,0,0,0,1,1,3,0,0,5,0,0,1,0,0,0,False,False,False,False,False,True,False,False,False,False,True,False,False
8.5,25.7,0,72.25,0.5876993535892319,218.45,0,0,0,0,0,0,1,0,0,0,0,1,1,0,0,0,0,0,1,0,0,0,0,0,0,0,0,0,0,0,0,0,0,0,0,0,0,0,0,0,0,0,0,0,3,0,0,5,0,0,0,0,0,0,True,False,False,False,False,False,False,False,False,False,False,False,True
8.2,25.9,1,67.24,0.8154401977708519,212.37999999999997,0,0,0,0,0,0,0,0,0,1,0,0,0,0,0,0,0,0,0,0,0,0,0,1,1,0,0,0,0,0,0,0,0,0,0,0,0,0,0,0,0,0,1,0,1,0,0,5,0,0,0,0,0,0,False,True,False,False,False,False,False,False,False,False,False,False,True
7.3,19.5,1,53.29,-0.5429742281809693,142.35,0,0,0,0,0,1,0,0,0,0,0,1,1,0,0,0,0,0,0,0,0,0,0,1,0,0,0,0,0,0,0,0,0,0,0,0,0,0,0,0,0,0,0,0,2,0,0,5,0,0,0,0,0,0,False,False,True,False,False,False,False,False,False,False,False,False,True
6.7,35.6,0,44.89,0.18577174897706122,238.52,0,1,0,0,0,0,0,0,0,0,0,0,1,0,0,0,1,1,1,0,0,0,0,0,0,0,0,0,0,0,0,0,0,0,0,0,0,0,0,0,0,0,0,1,4,0,0,5,0,0,0,0,0,0,False,False,False,False,False,False,False,False,True,False,False,True,False
4.2,42.3,0,17.64,1.2266689424710984,177.66,0,0,0,0,0,0,0,1,0,0,0,0,1,1,0,0,0,1,1,0,0,0,0,0,0,0,0,0,0,0,0,0,0,0,0,0,0,0,0,0,0,0,1,0,3,0,0,5,1,0,0,0,0,0,False,False,False,False,False,False,False,False,True,False,False,True,False
8.5,42.4,0,72.25,1.2422047214784722,360.4,0,0,1,0,0,0,0,0,0,0,0,0,0,0,0,0,0,0,0,0,0,0,0,0,0,1,0,0,0,0,0,0,0,0,0,0,0,0,0,0,0,0,0,0,0,0,0,5,0,0,0,0,0,0,False,False,False,False,False,False,False,False,True,False,False,False,True
6.4,19.4,1,40.96000000000001,-0.6034332091954375,124.16,0,1,0,0,0,0,0,0,0,0,0,0,1,0,0,0,0,0,0,0,0,0,0,0,0,0,0,0,0,0,0,0,0,0,0,0,0,0,0,0,0,0,0,0,1,0,1,5,0,0,0,0,0,0,False,True,False,False,False,False,False,False,False,False,False,True,False
9.2,23.8,0,84.63999999999999,0.35703494321251267,218.95999999999998,0,0,0,0,0,0,1,0,0,0,0,1,0,0,0,0,1,0,0,0,1,0,0,0,0,0,0,0,0,0,0,0,0,0,0,0,0,0,0,0,0,0,1,1,0,0,0,5,0,0,0,0,0,0,False,True,False,False,False,False,False,False,False,False,False,False,True
3.8,25.0,0,14.44,-1.461020825804551,95.0,0,0,0,0,0,0,0,0,0,0,1,0,0,0,1,0,0,1,1,0,1,0,0,0,0,0,0,0,0,0,0,0,0,0,0,0,0,0,0,0,0,0,1,0,3,0,0,5,0,0,1,0,0,1,False,False,False,False,False,False,False,False,True,False,False,True,False
11.3,22.3,0,127.69000000000001,0.0523064048278748,251.99000000000004,0,0,0,0,0,0,0,0,1,0,0,1,1,0,0,0,0,0,0,0,0,0,0,1,0,1,0,1,0,0,0,0,0,0,0,0,0,0,0,0,0,0,0,0,2,0,0,5,0,0,0,0,0,0,False,False,True,False,False,False,False,False,False,False,False,False,True
13.9,16.4,0,193.21,-0.473189183468738,227.95999999999998,0,1,0,0,0,0,0,0,0,0,0,0,0,0,0,0,0,0,0,0,0,0,0,0,0,0,0,0,0,0,0,0,0,0,0,0,0,0,0,0,0,0,0,0,0,0,0,5,0,0,0,0,0,0,False,False,False,False,False,False,True,False,False,False,False,False,True
10.0,25.5,0,100.0,-1.5903554793660817,255.0,0,0,0,0,0,0,0,0,0,1,0,0,1,0,1,0,0,0,0,0,0,0,0,0,0,0,0,0,0,0,0,0,0,0,0,0,0,0,0,1,0,0,0,0,2,0,0,5,0,0,0,0,0,0,False,False,False,True,False,False,False,False,False,False,False,False,True
12.5,25.0,0,156.25,-1.8339130066657272,312.5,0,1,0,0,0,0,0,0,0,0,0,0,1,0,1,0,1,0,0,0,0,0,0,0,0,0,0,0,0,0,0,0,0,0,0,0,0,0,0,0,0,0,0,1,2,0,0,5,0,0,0,0,0,0,False,False,False,False,True,False,False,False,False,False,False,False,True
14.7,22.8,1,216.08999999999997,-0.02021616108345673,335.15999999999997,0,0,0,0,0,0,0,0,1,0,0,1,0,1,0,0,0,0,0,0,0,0,0,0,0,0,0,0,0,0,0,0,0,0,0,0,0,0,0,0,0,0,1,0,1,0,0,5,0,0,0,0,0,0,True,False,False,False,False,False,False,False,False,False,False,False,True
8.2,3.9,1,67.24,-1.1234721058290866,31.979999999999997,0,0,1,0,0,0,0,0,0,0,0,0,0,0,0,0,0,0,0,0,0,0,0,0,1,0,1,0,0,0,0,1,0,0,0,0,0,0,0,0,0,0,0,0,0,0,1,5,0,0,0,0,0,0,False,False,False,False,False,False,False,True,False,False,False,False,True
8.6,23.6,0,73.96,0.3286866987248382,202.96,0,0,0,0,0,0,1,0,0,0,0,1,1,1,0,1,1,0,1,0,0,0,0,0,0,0,0,0,0,0,0,0,0,0,0,0,0,0,0,0,0,0,1,1,3,0,0,5,1,0,0,0,0,0,False,False,True,False,False,False,False,False,False,False,False,False,True
10.9,22.7,0,118.81,0.16830309285836031,247.43,0,0,0,0,1,0,0,0,0,0,0,1,1,0,0,1,0,0,0,0,1,0,0,0,0,0,0,0,0,0,0,0,0,0,0,0,0,0,0,0,0,0,2,0,2,0,0,5,0,0,0,0,0,0,False,False,False,False,False,False,True,False,False,False,False,False,True
11.2,34.5,0,125.43999999999998,-0.1361352010142679,386.4,0,1,0,0,0,0,0,0,0,0,0,0,0,0,0,0,0,0,0,0,0,0,1,0,1,0,0,0,1,1,1,0,0,0,0,0,0,0,0,0,0,0,0,0,1,0,0,5,0,0,0,0,0,0,False,False,False,False,False,True,False,False,False,False,False,False,True
0.9,29.8,0,0.81,1.666764241950626,26.82,0,0,0,1,0,0,0,0,0,0,0,1,0,0,0,0,0,0,0,0,0,0,0,0,0,0,0,0,0,0,0,0,0,0,0,0,0,0,0,0,0,0,0,0,0,0,0,5,0,0,0,0,0,0,False,True,False,False,False,False,False,False,False,False,True,False,False
12.2,27.8,0,148.83999999999997,1.221607648238104,339.15999999999997,0,0,0,0,1,0,0,0,0,0,0,1,0,0,0,0,0,1,0,0,0,0,0,0,0,1,0,0,0,0,0,0,0,0,0,0,0,0,0,0,1,0,1,0,1,0,0,5,0,0,0,0,0,0,False,False,True,False,False,False,False,False,False,False,False,False,True
5.1,31.2,1,26.009999999999998,1.7406425710719176,159.11999999999998,0,0,0,0,0,1,0,0,0,0,0,1,1,0,0,0,0,0,0,0,0,0,0,0,0,0,0,0,0,0,0,0,0,0,0,0,0,0,0,0,0,0,0,0,1,0,0,5,0,0,0,0,0,0,True,False,False,False,False,False,False,False,False,False,False,True,False
8.3,14.4,0,68.89000000000001,-0.6768375251598802,119.52000000000001,0,0,0,0,0,0,0,0,1,0,0,1,0,0,0,0,0,0,0,0,0,0,1,0,1,0,0,0,1,1,1,0,0,0,0,0,0,0,0,0,0,0,0,0,1,0,0,5,0,0,0,0,0,0,False,False,False,False,False,False,True,False,False,False,False,False,True
6.2,38.4,0,38.440000000000005,0.5088999320505847,238.07999999999998,0,1,0,0,0,0,0,0,0,0,0,0,1,0,1,1,1,0,0,1,0,0,0,0,0,0,0,0,0,0,0,0,0,0,0,0,0,0,0,0,0,0,1,1,3,0,0,5,0,1,0,1,0,0,False,False,False,False,True,False,False,False,False,False,False,True,False
13.0,40.8,0,169.0,0.9988431113410049,530.4,0,1,0,0,0,0,0,0,0,0,0,0,1,0,0,0,1,0,1,1,0,1,0,0,0,0,0,0,0,0,0,0,0,0,0,0,0,0,0,0,0,0,1,2,2,0,0,5,0,1,0,0,1,0,False,False,False,False,False,True,False,False,False,False,False,False,True
14.4,19.1,0,207.36,-0.7958325073899907,275.04,0,0,0,1,0,0,0,0,0,0,0,1,1,0,0,0,0,0,0,0,0,0,0,0,0,1,0,0,0,0,0,0,0,0,0,0,0,0,0,0,0,0,0,0,1,1,0,5,0,0,0,0,0,0,True,False,False,False,False,False,False,False,False,False,False,False,True
3.7,6.6,0,13.690000000000001,0.2663464765395562,24.419999999999998,0,0,0,0,0,0,0,0,1,0,0,1,1,1,0,1,0,0,0,1,1,0,0,0,0,0,0,0,0,0,0,0,0,0,0,0,0,0,0,0,0,0,3,0,2,0,0,5,1,1,0,1,0,0,False,False,False,False,False,False,False,True,False,False,False,True,False
11.4,20.2,1,129.96,-0.42880263603035557,230.28,0,0,0,0,0,1,0,0,0,0,0,1,0,0,0,0,1,1,0,0,0,1,0,0,0,0,0,0,0,0,0,0,0,0,0,0,0,0,0,0,0,0,0,3,1,0,0,5,0,0,0,0,1,0,False,True,False,False,False,False,False,False,False,False,False,False,True
2.6,25.0,0,6.760000000000001,-1.461020825804551,65.0,0,0,0,0,0,0,0,0,1,0,0,1,0,0,1,0,0,0,1,0,1,0,0,0,0,0,0,0,0,0,0,0,0,0,0,0,0,0,0,0,0,0,2,0,2,0,0,5,0,0,1,0,0,1,False,False,False,False,False,False,False,False,True,False,False,True,False
9.6,20.0,0,92.16,-0.4724602793216259,192.0,0,0,0,0,0,0,0,0,0,0,1,0,0,0,0,0,0,0,0,0,0,0,0,0,0,0,0,0,0,0,0,0,1,0,0,0,0,0,0,0,0,0,0,0,0,0,0,5,0,0,0,0,0,0,False,True,False,False,False,False,False,False,False,False,False,False,True
0.8,35.9,1,0.6400000000000001,0.18728664008555385,28.72,0,0,0,0,0,1,0,0,0,0,0,1,0,0,0,0,0,0,0,0,0,0,0,0,0,0,0,0,0,0,0,0,0,0,0,0,0,0,0,0,0,0,0,0,0,0,0,5,0,0,0,0,0,0,False,False,False,True,False,False,False,False,False,False,True,False,False
2.9,27.9,0,8.41,-1.3268863258987644,80.91,0,1,0,0,0,0,0,0,0,0,0,0,0,0,1,1,0,1,0,0,1,0,0,0,0,0,0,0,0,0,0,0,0,0,0,0,0,0,0,0,0,0,1,0,4,0,0,5,0,0,1,0,0,0,False,False,False,False,True,False,False,False,False,False,False,True,False
2.9,6.0,0,8.41,-0.042502097320142075,17.4,0,1,0,0,0,0,0,0,0,0,0,0,0,0,0,0,1,0,0,0,0,0,0,1,1,0,0,0,0,0,0,0,0,0,0,0,0,0,0,0,0,0,0,1,1,0,0,5,0,0,0,0,0,0,False,False,False,False,False,False,False,True,False,False,False,True,False
3.9,20.2,0,15.209999999999999,-0.39415406992875845,78.78,0,0,0,1,0,0,0,0,0,0,0,1,1,1,0,0,0,0,0,1,0,0,0,0,0,0,0,0,0,0,0,0,0,0,0,0,0,0,0,0,0,0,3,0,1,0,0,5,1,1,0,0,0,0,False,False,True,False,False,False,False,False,False,False,False,True,False
6.4,6.8,1,40.96000000000001,0.36929600115945577,43.52,0,0,0,0,0,0,0,0,0,0,1,0,1,0,0,1,0,0,0,0,0,0,0,0,0,0,0,0,0,0,0,0,0,0,0,0,0,0,1,0,0,0,0,0,2,0,2,5,0,0,0,0,0,0,False,False,False,False,False,False,False,True,False,False,False,True,False
11.6,26.8,0,134.56,-1.5192067910172673,310.88,0,0,0,0,0,0,0,0,1,0,0,1,0,0,1,0,1,0,1,1,0,0,0,0,0,0,0,0,0,0,0,0,0,0,0,0,0,0,0,0,0,0,1,1,3,0,0,5,0,0,0,0,0,1,False,False,False,False,True,False,False,False,False,False,False,False,True
4.9,40.0,0,24.010000000000005,1.9298612484867412,196.0,0,0,0,0,0,0,0,0,0,0,1,0,0,0,1,1,0,0,1,0,1,0,0,0,0,0,0,0,0,0,0,0,0,0,0,0,0,0,0,0,0,0,1,0,3,0,0,5,0,0,1,0,0,1,False,False,False,False,False,False,True,False,False,False,False,True,False
1.5,27.3,1,2.25,0.6366942787479878,40.95,0,0,0,0,0,1,0,0,0,0,0,1,1,0,0,0,0,1,0,0,0,0,0,0,0,0,0,0,0,0,0,0,0,0,0,0,0,0,0,0,0,0,0,0,2,0,1,5,0,0,0,0,0,0,False,False,False,False,False,False,True,False,False,False,False,True,False
14.4,32.1,1,207.36,1.1254502988067294,462.24,0,0,0,0,0,0,1,0,0,0,0,1,0,0,1,0,0,0,0,0,0,0,0,0,0,0,1,0,0,0,0,0,0,0,0,0,0,0,0,0,0,0,0,0,1,0,2,5,0,0,0,0,0,0,False,False,False,False,False,False,True,False,False,False,False,False,True
10.9,7.9,0,118.81,0.9355183865689032,86.11000000000001,0,0,1,0,0,0,0,0,0,0,0,0,1,0,1,1,0,0,0,0,1,0,0,0,0,0,0,0,0,0,0,0,0,0,0,0,0,0,0,0,0,0,2,0,3,0,0,5,0,0,1,0,0,0,False,False,False,False,False,False,False,True,False,False,False,False,True
2.8,3.0,0,7.839999999999999,-1.5867449666186344,8.399999999999999,0,0,0,0,0,0,0,0,0,0,1,0,1,0,0,0,0,0,0,0,1,0,0,0,0,0,0,0,0,0,0,0,0,0,0,0,0,0,0,0,0,0,3,0,1,0,0,5,0,0,0,0,0,0,False,False,False,False,False,False,False,True,False,False,False,True,False
0.8,38.4,0,0.6400000000000001,0.6207735611835243,30.72,0,0,0,0,0,0,0,0,1,0,0,1,0,0,0,0,0,0,0,0,0,0,0,0,0,0,0,0,0,0,0,0,0,0,0,0,0,0,0,0,0,0,0,0,1,0,0,5,0,0,0,0,0,0,False,False,False,False,False,False,False,False,True,False,True,False,False
10.1,5.8,0,102.00999999999999,-0.21131506192548785,58.58,0,1,0,0,0,0,0,0,0,0,0,0,1,0,1,0,1,0,0,0,1,0,0,0,0,0,0,0,0,0,0,0,0,0,0,0,0,0,0,0,0,0,1,2,2,0,0,5,0,0,1,0,0,0,False,False,False,False,False,False,False,False,False,True,False,False,True
13.9,7.5,0,193.21,0.6622923282298835,104.25,0,0,0,0,0,0,0,0,0,0,1,0,0,1,1,0,1,1,0,0,0,0,0,0,0,0,0,0,0,0,0,0,0,0,0,0,0,0,0,0,0,0,1,1,2,0,0,5,0,0,0,0,0,0,False,False,False,False,False,False,False,False,False,True,False,False,True
7.5,37.9,1,56.25,0.5291408938262531,284.25,0,0,0,0,0,1,0,0,0,0,0,1,0,0,1,0,0,1,0,0,0,0,0,0,0,0,0,0,0,0,0,0,0,0,0,0,0,0,0,0,0,0,0,0,3,0,0,5,0,0,0,0,0,0,False,False,False,True,False,False,False,False,False,False,False,False,True
14.2,24.8,1,201.64,0.3990359180011563,352.15999999999997,0,0,0,0,0,1,0,0,0,0,0,1,0,0,0,0,0,1,0,1,1,1,0,0,0,0,0,0,0,0,0,0,0,0,0,0,0,0,0,0,0,0,2,1,1,0,0,5,0,0,0,0,0,0,True,False,False,False,False,False,False,False,False,False,False,False,True
13.1,44.9,0,171.60999999999999,1.7256307819187002,588.1899999999999,0,0,0,0,0,0,0,0,1,0,0,1,0,0,0,1,0,0,1,0,0,0,0,0,1,0,0,0,0,0,0,0,0,0,0,0,0,0,0,0,0,0,0,0,2,0,0,5,0,0,0,0,0,0,False,False,False,True,False,False,False,False,False,False,False,False,True
9.1,31.5,1,82.80999999999999,1.0643557962993866,286.65,0,0,0,0,0,1,0,0,0,0,0,1,0,0,0,1,0,0,0,0,0,1,0,0,0,0,0,1,0,0,0,0,0,0,1,0,0,0,0,0,0,0,0,1,1,0,0,5,0,0,0,0,0,0,False,False,False,False,False,False,True,False,False,False,False,False,True
14.1,22.4,0,198.81,0.051431440173619114,315.84,0,0,0,0,0,0,0,0,0,0,1,0,0,0,0,0,0,0,0,0,0,0,0,1,0,0,0,0,0,0,0,0,0,0,0,0,0,0,0,0,0,0,0,0,1,0,0,5,0,0,0,0,0,0,False,True,False,False,False,False,False,False,False,False,False,False,True
12.5,8.7,0,156.25,1.278956368339557,108.74999999999999,0,0,0,0,0,0,0,1,0,0,0,0,0,1,0,1,0,1,0,0,0,1,0,0,0,0,0,0,0,0,0,0,0,0,0,0,0,0,0,0,0,0,1,1,2,0,0,5,0,0,0,0,0,0,False,False,False,False,False,False,False,False,False,True,False,False,True
15.6,27.2,0,243.35999999999999,-1.4492720764287208,424.32,0,0,0,0,0,0,0,0,0,1,0,0,1,0,0,0,0,0,0,0,0,0,0,1,0,1,0,0,0,0,0,0,0,0,0,0,0,0,0,0,0,0,0,0,2,0,0,5,0,0,0,0,0,0,False,False,False,False,True,False,False,False,False,False,False,False,True
4.2,21.1,0,17.64,-0.20281386646162958,88.62,0,0,0,0,0,0,0,0,1,0,0,1,1,1,0,0,0,0,0,1,0,0,0,0,0,0,0,0,0,0,0,0,0,0,0,0,0,0,0,0,0,0,3,0,1,0,0,5,1,1,0,0,0,0,False,False,True,False,False,False,False,False,False,False,False,True,False
2.9,9.5,1,8.41,1.6900657284126732,27.55,0,0,0,0,0,1,0,0,0,0,0,1,0,0,0,0,0,0,0,0,0,0,1,0,1,0,0,0,1,1,1,0,0,0,0,0,0,0,0,0,0,0,0,0,1,0,0,5,0,0,0,0,0,0,False,False,False,False,False,False,False,False,False,True,False,True,False
5.7,7.8,1,32.49,0.8840436242589532,44.46,0,0,0,0,0,0,1,0,0,0,0,1,1,0,0,0,0,0,0,0,0,0,0,0,0,0,0,0,0,0,0,0,0,0,0,0,0,0,0,0,0,0,0,0,2,0,1,5,0,0,0,0,0,0,False,False,False,False,False,False,False,True,False,False,False,True,False
7.5,29.6,0,56.25,-0.7463749914653606,222.0,0,0,0,1,0,0,0,0,0,0,0,1,0,0,0,0,0,0,0,0,0,0,1,0,0,0,0,0,0,0,0,0,1,0,0,0,0,0,0,0,0,0,0,0,1,0,0,5,0,0,0,0,0,0,False,False,False,False,False,False,False,False,True,False,False,False,True
12.6,30.7,0,158.76,1.6358295513007644,386.82,0,0,0,0,0,0,0,0,0,0,1,0,0,0,0,0,0,1,0,1,0,0,0,0,0,0,0,0,0,0,0,0,0,1,0,0,0,0,0,0,0,0,1,0,1,0,0,5,0,0,0,0,0,0,True,False,False,False,False,False,False,False,False,False,False,False,True
14.4,34.1,0,207.36,1.3290986404978715,491.04,0,0,0,0,1,0,0,0,0,0,0,1,0,1,0,0,0,0,1,1,0,0,0,0,0,0,0,0,0,0,0,0,0,0,0,0,0,0,0,0,0,0,3,0,1,0,0,5,0,0,0,0,0,0,False,False,False,False,False,False,True,False,False,False,False,False,True
0.5,40.0,0,0.25,1.9298612484867412,20.0,0,0,0,0,0,0,0,0,0,1,0,0,0,1,1,0,1,1,0,0,0,0,0,0,0,0,0,0,0,0,0,0,0,0,0,0,0,0,0,0,0,0,1,1,2,0,0,5,0,0,0,0,0,0,False,False,False,False,False,False,True,False,False,False,True,False,False
13.1,25.0,1,171.60999999999999,-1.461020825804551,327.5,0,0,0,0,0,1,0,0,0,0,0,1,1,1,1,0,0,0,0,1,0,0,0,0,0,0,0,0,0,0,0,0,0,0,0,0,0,0,0,0,0,0,2,0,3,0,0,5,1,1,0,0,0,0,False,False,False,False,False,False,False,False,True,False,False,False,True
1.6,6.6,0,2.5600000000000005,0.2663464765395562,10.56,0,0,0,0,0,0,0,0,0,0,1,0,0,0,0,0,0,0,1,1,0,1,0,0,0,0,0,0,0,0,0,0,0,0,0,0,0,0,0,0,0,0,1,2,1,0,0,5,0,0,0,0,0,0,False,False,False,False,False,False,False,True,False,False,False,True,False
15.0,42.5,0,225.0,1.3154056774298615,637.5,0,0,0,0,0,0,0,0,1,0,0,1,1,0,0,0,1,1,0,0,1,0,0,0,0,0,0,0,0,0,0,0,0,0,0,0,0,0,0,0,0,0,1,1,2,0,0,5,0,0,0,0,0,0,False,False,False,True,False,False,False,False,False,False,False,False,True
5.6,6.6,1,31.359999999999996,0.2663464765395562,36.959999999999994,0,0,0,0,0,0,0,0,1,0,0,1,0,0,0,0,0,0,0,0,0,0,0,0,0,0,0,0,0,0,0,0,0,0,0,0,0,0,0,0,0,0,0,0,0,0,2,5,0,0,0,0,0,0,False,False,False,False,False,False,False,True,False,False,False,True,False
9.0,36.6,0,81.0,0.3411295390507982,329.40000000000003,0,0,0,1,0,0,0,0,0,0,0,1,0,0,0,0,0,0,0,0,0,0,0,0,0,1,0,0,0,0,0,0,0,0,0,0,0,0,0,0,0,0,0,0,0,0,0,5,0,0,0,0,0,0,False,False,False,False,False,False,False,False,True,False,False,False,True
0.5,22.6,0,0.25,-0.062141368991917884,11.3,0,1,0,0,0,0,0,0,0,0,0,0,0,1,1,0,1,0,1,0,0,0,0,0,0,0,0,0,0,0,0,0,0,0,0,0,0,0,0,0,0,0,1,2,2,0,0,5,0,0,0,0,0,1,True,False,False,False,False,False,False,False,False,False,True,False,False
7.8,35.8,0,60.839999999999996,1.502199730935342,279.23999999999995,0,0,0,0,0,0,1,0,0,0,0,1,1,0,0,0,1,1,0,1,1,0,0,0,0,0,0,0,0,0,0,0,0,0,0,0,0,0,0,0,0,0,2,1,2,0,0,5,0,1,0,0,0,0,False,False,False,False,False,False,True,False,False,False,False,False,True
12.4,20.5,0,153.76000000000002,-0.055710083001896143,254.20000000000002,0,0,0,0,0,0,0,1,0,0,0,0,0,0,0,0,0,0,0,0,0,0,1,0,1,0,0,0,1,1,1,0,0,0,0,0,0,0,0,0,0,0,0,0,1,0,0,5,0,0,0,0,0,0,False,False,False,False,False,False,True,False,False,False,False,False,True
13.2,18.7,1,174.23999999999998,-0.7562349607148838,246.83999999999997,0,0,0,0,0,1,0,0,0,0,0,1,0,0,0,0,1,0,0,0,0,0,0,0,0,0,0,0,0,0,0,0,0,0,0,0,0,0,0,0,0,0,0,1,0,0,0,5,0,0,0,0,0,0,False,True,False,False,False,False,False,False,False,False,False,False,True
3.4,25.0,0,11.559999999999999,-1.84761043393095,85.0,0,0,0,0,0,0,0,0,1,0,0,1,0,0,0,1,0,0,0,0,1,0,0,0,0,0,0,0,0,0,0,0,0,0,0,0,0,0,0,0,0,0,1,0,1,0,0,5,0,0,0,0,0,0,False,False,False,False,False,True,False,False,False,False,False,True,False
1.0,18.3,0,1.0,-0.8435502472974244,18.3,0,1,0,0,0,0,0,0,0,0,0,0,0,1,1,0,0,0,1,0,0,0,0,0,0,0,0,0,0,0,0,0,0,0,0,0,0,0,0,0,0,0,3,0,2,0,0,5,0,0,0,0,0,1,False,True,False,False,False,False,False,False,False,False,True,False,False
6.2,31.2,0,38.440000000000005,-0.4978025273473818,193.44,0,1,0,0,0,0,0,0,0,0,0,0,0,0,0,0,0,0,0,0,0,0,1,0,0,0,0,0,0,0,0,0,0,0,0,0,0,0,0,0,0,0,0,0,1,0,0,5,0,0,0,0,0,0,False,False,False,False,False,False,False,False,True,False,False,True,False
10.8,29.3,0,116.64000000000001,1.3423530959415355,316.44000000000005,0,1,0,0,0,0,0,0,0,0,0,0,0,0,0,0,0,1,1,0,0,0,0,0,0,0,0,0,0,0,0,0,0,0,0,0,0,0,0,0,0,0,0,0,3,0,0,5,0,0,0,0,0,0,True,False,False,False,False,False,False,False,False,False,False,False,True
8.7,27.8,0,75.68999999999998,-1.3431756284397172,241.85999999999999,0,0,0,0,0,0,0,0,0,1,0,0,0,0,1,0,0,0,1,1,0,1,0,0,0,0,0,0,0,0,0,0,0,0,0,0,0,0,0,0,0,0,1,2,2,0,0,5,0,0,0,0,0,1,False,False,False,False,False,True,False,False,False,False,False,False,True
8.8,15.4,0,77.44000000000001,-1.476586075020846,135.52,0,0,0,1,0,0,0,0,0,0,0,1,1,0,1,1,0,0,0,0,0,0,0,0,0,0,0,0,0,0,0,0,0,0,0,0,0,0,0,0,0,0,0,0,4,0,0,5,0,0,0,0,0,0,False,True,False,False,False,False,False,False,False,False,False,False,True
1.8,8.2,0,3.24,1.0899426734987518,14.76,0,0,0,1,0,0,0,0,0,0,0,1,0,0,0,0,0,0,0,0,0,0,0,0,0,0,0,0,0,0,0,0,0,0,0,0,1,0,0,0,0,0,0,0,0,0,0,5,0,0,0,0,0,0,False,False,False,False,False,False,False,True,False,False,False,True,False
3.5,18.7,0,12.25,-0.7130544090406391,65.45,0,0,0,0,0,0,0,0,0,1,0,0,1,0,1,1,0,0,1,0,0,0,0,0,0,0,0,0,0,0,0,0,0,0,0,0,0,0,0,0,0,0,0,0,4,0,0,5,0,0,0,0,0,1,False,False,True,False,False,False,False,False,False,False,False,True,False
10.1,5.1,0,102.00999999999999,-0.50577495810969,51.51,0,0,0,0,0,0,0,0,1,0,0,1,0,1,1,0,0,0,1,0,0,0,0,0,0,0,0,0,0,0,0,0,0,0,0,0,0,0,0,0,0,0,3,0,2,0,0,5,0,0,0,0,0,1,False,False,False,False,False,False,False,True,False,False,False,False,True
7.9,38.5,0,62.410000000000004,0.6363093401908982,304.15000000000003,0,0,0,1,0,0,0,0,0,0,0,1,0,0,0,0,1,0,1,0,0,1,0,0,0,0,0,0,0,0,0,0,0,0,0,0,0,0,0,0,0,0,0,3,1,0,0,5,0,0,0,0,1,0,False,False,False,False,False,False,False,False,True,False,False,False,True
8.9,26.6,1,79.21000000000001,0.9664873769485995,236.74,0,0,0,0,0,1,0,0,0,0,0,1,0,0,0,0,0,1,0,0,1,0,0,0,0,0,0,0,0,0,0,0,0,0,0,0,0,0,0,0,0,0,1,0,2,0,0,5,0,0,0,0,0,0,False,False,True,False,False,False,False,False,False,False,False,False,True
5.1,32.5,0,26.009999999999998,-0.3938655912736345,165.75,0,0,0,0,1,0,0,0,0,0,0,1,0,0,1,1,1,1,0,0,0,0,0,0,0,0,0,0,0,0,0,0,0,0,0,0,0,0,0,0,0,0,0,2,3,0,0,5,0,0,0,0,0,0,False,False,False,True,False,False,False,False,False,False,False,True,False
1.2,12.2,0,1.44,-0.9008507010201368,14.639999999999999,0,0,1,0,0,0,0,0,0,0,0,0,0,1,0,0,0,0,0,0,0,0,1,0,0,0,0,0,0,0,0,0,0,0,0,0,0,0,0,0,0,0,1,0,1,0,0,5,0,0,0,0,0,0,False,False,False,False,False,False,True,False,False,False,False,True,False
10.8,7.6,0,116.64000000000001,0.7810940996390536,82.08,0,0,0,0,0,0,0,1,0,0,0,0,1,0,0,1,0,0,0,0,0,0,0,0,0,0,0,0,0,0,0,0,0,0,0,0,0,0,0,0,0,0,0,0,3,0,0,5,0,0,0,0,0,0,False,False,False,False,False,False,False,True,False,False,False,False,True
8.6,23.5,0,73.96,0.29154847827560687,202.1,0,0,0,1,0,0,0,0,0,0,0,1,0,1,1,0,0,1,0,1,0,1,0,0,0,0,0,0,0,0,0,0,0,0,0,0,0,0,0,0,0,0,2,1,2,0,0,5,0,0,0,0,0,0,False,True,False,False,False,False,False,False,False,False,False,False,True
3.1,19.1,0,9.610000000000001,-0.6280143186108038,59.21000000000001,0,0,0,1,0,0,0,0,0,0,0,1,0,0,0,0,1,0,0,1,0,0,0,1,0,0,0,0,0,0,0,0,0,0,0,0,0,0,0,0,0,0,1,1,1,0,0,5,0,0,0,0,0,0,False,False,True,False,False,False,False,False,False,False,False,True,False
12.0,24.6,0,144.0,0.3617690174649457,295.20000000000005,0,0,0,0,0,0,1,0,0,0,0,1,1,1,0,0,0,0,0,1,0,0,0,0,0,0,0,0,0,0,0,0,0,0,0,0,0,0,0,0,0,0,3,0,1,0,0,5,1,1,0,0,0,0,False,False,False,False,False,False,True,False,False,False,False,False,True
1.7,42.9,0,2.8899999999999997,1.3771692154594295,72.92999999999999,0,0,0,0,0,0,0,0,0,1,0,0,1,0,0,0,0,1,0,0,0,0,0,0,0,0,0,0,0,0,0,0,0,0,0,0,0,1,0,0,0,0,0,0,2,0,0,5,0,0,0,0,0,0,False,False,False,False,False,True,False,False,False,False,False,True,False
5.2,8.1,0,27.040000000000003,0.9706243482847202,42.12,0,0,0,0,0,0,0,1,0,0,0,0,0,0,1,0,0,0,0,0,0,0,0,0,0,0,1,0,0,0,0,0,0,0,0,0,0,0,0,0,0,0,0,0,1,0,0,5,0,0,0,0,0,0,False,False,False,False,False,False,False,False,False,True,False,True,False
7.3,34.2,0,53.29,-0.19018178731689947,249.66000000000003,0,0,0,0,0,0,0,0,0,0,1,0,1,0,0,0,0,0,0,1,1,0,0,0,0,0,0,0,0,0,0,0,0,0,0,0,0,0,0,0,0,0,3,0,2,0,0,5,0,1,0,0,0,0,False,False,False,False,False,True,False,False,False,False,False,False,True
5.8,15.0,0,33.64,-1.4996752455166114,87.0,0,0,0,0,0,0,0,0,0,0,1,0,0,1,0,0,0,0,0,0,1,1,0,0,0,0,0,0,0,0,0,0,0,0,0,0,0,0,0,0,0,0,2,2,0,0,0,5,0,0,0,0,0,0,False,False,True,False,False,False,False,False,False,False,False,True,False
5.9,31.5,0,34.81,-0.6766010640405885,185.85000000000002,0,0,0,0,0,0,0,0,0,1,0,0,1,0,0,0,0,1,0,0,0,1,0,0,0,0,0,0,0,0,0,0,0,0,0,0,0,0,0,0,0,0,0,1,2,0,0,5,0,0,0,0,0,0,False,False,False,False,False,True,False,False,False,False,False,True,False
14.3,21.3,0,204.49,-0.16029382124671232,304.59000000000003,0,1,0,0,0,0,0,0,0,0,0,0,0,0,0,0,0,0,0,0,0,0,0,0,0,0,0,0,0,0,0,1,0,0,0,0,0,0,0,0,0,0,0,0,1,0,0,5,0,0,0,0,0,0,False,False,True,False,False,False,False,False,False,False,False,False,True
11.0,30.0,0,121.0,1.6893281456021954,330.0,0,1,0,0,0,0,0,0,0,0,0,0,1,0,0,1,0,1,0,0,0,0,0,0,0,0,0,0,0,0,0,0,0,0,0,0,0,0,0,0,0,0,0,0,4,0,0,5,0,0,0,0,0,0,False,False,True,False,False,False,False,False,False,False,False,False,True
12.6,5.1,0,158.76,-0.5710357519894643,64.25999999999999,0,0,0,0,0,0,0,0,0,0,1,0,0,0,0,1,0,0,1,1,0,0,0,0,0,0,0,0,0,0,0,0,0,0,0,0,0,0,0,0,0,0,1,0,4,0,0,5,0,0,0,1,0,0,False,False,False,False,False,False,False,False,False,True,False,False,True
8.6,25.9,1,73.96,0.629624561497693,222.73999999999998,0,0,0,0,0,1,0,0,0,0,0,1,1,0,0,1,0,0,0,0,0,0,0,0,0,0,0,0,0,0,0,0,0,0,0,0,0,0,0,0,0,0,0,0,2,0,1,5,0,0,0,0,0,0,True,False,False,False,False,False,False,False,False,False,False,False,True
5.7,27.1,1,32.49,0.8811758089484614,154.47,0,0,0,0,0,0,0,0,0,1,0,0,0,0,0,0,0,1,0,0,0,0,0,0,0,0,0,0,0,0,0,0,0,0,0,0,0,0,0,0,0,0,0,0,1,0,1,5,0,0,0,0,0,0,True,False,False,False,False,False,False,False,False,False,False,True,False
8.9,33.0,1,79.21000000000001,-0.4352187148947946,293.7,0,0,0,0,0,1,0,0,0,0,0,1,1,0,1,1,1,0,0,1,0,0,0,0,0,0,0,0,0,0,0,0,0,0,0,0,0,0,0,0,0,0,1,1,3,0,0,5,0,1,0,1,0,0,False,False,False,False,True,False,False,False,False,False,False,False,True
8.1,39.6,0,65.61,0.7187040758162251,320.76,0,0,0,0,0,0,0,0,0,0,1,0,0,1,1,0,0,0,1,1,0,0,0,0,0,0,0,0,0,0,0,0,0,0,0,0,0,0,0,0,0,0,3,0,2,0,0,5,0,0,0,0,0,1,False,False,False,False,True,False,False,False,False,False,False,False,True
5.9,39.5,0,34.81,0.8026242968188126,233.05,0,0,1,0,0,0,0,0,0,0,0,0,0,0,0,1,1,0,0,0,0,0,0,0,0,0,0,0,0,0,0,0,0,0,0,0,0,0,0,0,0,0,0,1,2,0,0,5,0,0,0,0,0,0,False,False,False,True,False,False,False,False,False,False,False,True,False
3.9,15.6,1,15.209999999999999,-1.5295236457880639,60.839999999999996,0,0,0,0,0,1,0,0,0,0,0,1,0,0,0,0,0,0,0,0,0,0,0,0,0,0,0,0,0,0,0,0,0,0,0,0,0,0,0,0,0,0,0,0,1,0,1,5,0,0,0,0,0,0,True,False,False,False,False,False,False,False,False,False,False,True,False
7.8,37.6,0,60.839999999999996,0.47786275576514864,293.28000000000003,0,0,0,0,0,0,0,1,0,0,0,0,0,0,0,1,0,1,0,1,0,1,0,0,0,0,0,0,0,0,0,0,0,0,0,0,0,0,0,0,0,0,2,1,2,0,0,5,0,0,0,1,0,0,False,False,False,True,False,False,False,False,False,False,False,False,True
4.5,37.6,0,20.25,0.422346190779597,169.20000000000002,0,0,0,0,0,0,0,0,0,0,1,0,0,0,0,0,0,0,0,1,0,0,0,1,0,0,0,0,0,0,0,0,0,0,0,0,0,0,0,0,0,0,2,0,1,0,0,5,0,0,0,0,0,0,False,False,False,False,False,True,False,False,False,False,False,True,False
2.9,8.6,0,8.41,1.2275676983304176,24.939999999999998,0,0,0,0,0,0,0,0,0,1,0,0,0,1,1,1,0,0,0,0,0,1,0,0,0,0,0,0,0,0,0,0,0,0,0,0,0,0,0,0,0,0,1,1,3,0,0,5,0,0,0,0,0,0,False,False,False,False,False,False,False,False,False,True,False,True,False
10.3,5.0,1,106.09000000000002,-1.633984731108249,51.5,0,0,0,1,0,0,0,0,0,0,0,1,0,0,0,0,1,0,1,1,1,0,0,0,0,0,0,0,0,0,0,0,0,0,0,0,0,0,0,0,0,0,2,1,1,0,1,5,0,0,0,0,0,0,False,False,False,False,False,False,True,False,False,False,False,False,True
12.4,4.5,0,153.76000000000002,-0.879367772044301,55.800000000000004,0,0,0,0,0,0,0,0,0,0,1,0,0,1,1,0,0,0,0,0,1,0,0,0,0,0,0,0,0,0,0,0,0,0,0,0,0,0,0,0,0,0,2,0,2,0,0,5,0,0,1,0,0,0,False,False,False,False,False,False,False,False,False,True,False,False,True
0.5,25.5,0,0.25,-1.5903554793660817,12.75,0,1,0,0,0,0,0,0,0,0,0,0,0,0,0,0,1,0,1,0,0,1,0,0,0,0,0,0,0,0,0,0,0,0,0,0,0,0,0,0,0,0,0,2,3,0,0,5,0,0,0,0,1,0,False,False,False,True,False,False,False,False,False,False,True,False,False
9.1,25.0,0,82.80999999999999,0.6189808029601351,227.5,0,0,0,0,0,0,1,0,0,0,0,1,1,0,0,1,0,0,0,0,1,0,0,0,0,0,0,0,0,0,0,0,0,0,0,0,0,0,0,0,0,0,2,0,2,0,0,5,0,0,0,0,0,0,False,True,False,False,False,False,False,False,False,False,False,False,True
8.1,21.4,0,65.61,-0.1668567762827331,173.33999999999997,0,0,1,0,0,0,0,0,0,0,0,0,0,0,1,1,0,1,0,0,0,1,0,0,0,0,0,0,0,0,0,0,0,0,0,0,0,0,0,0,0,0,0,1,3,0,0,5,0,0,0,0,0,0,False,True,False,False,False,False,False,False,False,False,False,False,True
4.8,17.8,0,23.04,-0.9526943555256006,85.44,0,0,0,1,0,0,0,0,0,0,0,1,0,0,0,0,0,0,0,0,0,0,1,0,0,0,0,0,0,0,0,0,0,0,0,0,0,0,0,0,0,0,1,0,1,0,0,5,0,0,0,0,0,0,False,True,False,False,False,False,False,False,False,False,False,True,False
2.5,29.3,0,6.25,1.5576201337224498,73.25,0,0,0,0,0,0,0,1,0,0,0,0,0,1,0,0,0,0,0,0,0,0,0,0,0,0,0,0,0,0,0,0,0,0,0,0,0,0,0,0,0,0,4,0,1,0,0,5,0,0,0,0,0,0,False,True,False,False,False,False,False,False,False,False,False,True,False
0.5,25.6,0,0.25,0.7538871508740124,12.8,0,0,0,0,0,0,0,0,0,1,0,0,0,1,0,1,0,1,0,0,1,1,0,0,0,0,0,0,0,0,0,0,0,0,0,0,0,0,0,0,0,0,2,1,2,0,0,5,0,0,0,0,0,0,False,False,True,False,False,False,False,False,False,False,True,False,False
1.5,24.5,1,2.25,0.3361481061384642,36.75,0,0,0,0,0,1,0,0,0,0,0,1,0,0,1,0,1,0,0,1,1,0,0,0,0,0,0,0,0,0,0,0,0,0,0,0,0,0,0,0,0,0,2,1,1,0,0,5,0,0,1,0,0,0,True,False,False,False,False,False,False,False,False,False,False,True,False
10.7,23.7,0,114.48999999999998,0.2701272637039315,253.58999999999997,0,0,0,0,0,0,0,1,0,0,0,0,1,0,0,0,0,1,0,0,0,0,0,0,0,0,0,0,0,0,0,0,0,0,0,0,0,0,0,0,0,0,0,0,4,0,0,5,0,0,0,0,0,0,False,False,False,False,False,False,True,False,False,False,False,False,True
7.9,37.5,0,62.410000000000004,0.48095155011716123,296.25,0,0,0,0,0,0,1,0,0,0,0,1,1,0,1,0,0,0,0,0,0,0,0,0,0,0,0,0,0,0,0,0,0,0,0,0,0,0,0,0,0,0,0,0,2,0,0,5,0,0,0,0,0,0,False,False,False,False,False,False,False,False,True,False,False,False,True
6.9,31.7,0,47.61000000000001,-0.5306072927699144,218.73000000000002,0,0,0,0,1,0,0,0,0,0,0,1,1,0,0,0,0,0,1,1,1,0,0,0,0,0,0,0,0,0,0,0,0,0,0,0,0,0,0,0,0,0,2,0,2,0,0,5,0,1,0,0,0,0,False,False,False,True,False,False,False,False,False,False,False,True,False
7.3,42.7,1,53.29,1.288812058500594,311.71000000000004,0,0,0,0,0,1,0,0,0,0,0,1,0,0,0,1,0,0,1,1,0,1,0,0,0,0,0,0,0,0,0,0,0,0,0,0,0,0,0,0,0,0,1,1,3,0,0,5,0,0,0,1,0,0,False,False,False,False,False,False,False,False,True,False,False,False,True
2.7,18.9,0,7.290000000000001,-0.7125773174236136,51.03,0,0,0,0,1,0,0,0,0,0,0,1,0,0,0,0,0,1,0,0,0,0,0,0,0,0,0,0,0,0,0,0,0,0,0,0,0,0,0,0,0,0,0,0,1,0,0,5,0,0,0,0,0,0,False,True,False,False,False,False,False,False,False,False,False,True,False
7.3,32.9,1,53.29,-0.23369428422202906,240.17,0,0,0,0,0,1,0,0,0,0,0,1,1,0,0,0,1,1,0,0,0,0,0,0,0,0,0,0,0,0,0,0,0,0,0,0,0,0,0,0,0,0,0,1,2,0,0,5,0,0,0,0,0,0,False,False,False,False,False,False,False,False,True,False,False,False,True
4.1,41.4,1,16.81,1.0334102914646843,169.73999999999998,0,0,0,0,0,1,0,0,0,0,0,1,0,1,0,1,1,0,0,0,1,0,0,0,0,0,0,0,0,0,0,0,0,0,0,0,0,0,0,0,0,0,3,1,1,0,0,5,0,0,0,0,0,0,False,False,False,False,True,False,False,False,False,False,False,True,False
9.4,8.7,0,88.36000000000001,1.278956368339557,81.78,0,1,0,0,0,0,0,0,0,0,0,0,1,0,0,1,0,0,0,1,1,0,0,0,0,0,0,0,0,0,0,0,0,0,0,0,0,0,0,0,0,0,2,0,2,0,0,5,0,1,0,1,0,0,False,False,False,False,False,False,False,False,False,True,False,False,True
8.3,6.1,1,68.89000000000001,-1.5219781431781207,50.63,0,0,0,0,0,0,0,0,1,0,0,1,0,0,1,0,1,0,0,0,1,0,0,0,0,0,0,0,0,0,0,0,0,0,0,0,0,0,0,0,0,0,2,1,1,0,1,5,0,0,1,0,0,0,False,False,False,False,False,False,True,False,False,False,False,False,True
14.9,14.6,0,222.01000000000002,-1.6512166481859278,217.54,0,0,0,0,0,0,0,0,0,0,1,0,1,0,0,0,0,0,0,0,1,0,0,0,0,0,0,1,0,0,0,0,0,0,0,0,0,0,0,0,0,0,1,0,1,0,0,5,0,0,0,0,0,0,False,True,False,False,False,False,False,False,False,False,False,False,True
2.2,5.2,0,4.840000000000001,-1.6136198969391349,11.440000000000001,0,0,0,0,0,0,0,1,0,0,0,0,0,1,0,0,0,0,0,0,0,0,0,0,1,0,0,0,0,0,0,0,0,0,0,0,0,0,0,0,0,0,1,0,0,0,0,5,0,0,0,0,0,0,False,False,False,False,False,False,True,False,False,False,False,True,False
11.2,24.9,0,125.43999999999998,0.5971519813144996,278.87999999999994,0,1,0,0,0,0,0,0,0,0,0,0,1,0,0,1,0,0,0,1,0,1,0,0,0,0,0,0,0,0,0,0,0,0,0,0,0,0,0,0,0,0,1,1,2,0,0,5,0,1,0,1,0,0,False,True,False,False,False,False,False,False,False,False,False,False,True
6.5,6.9,0,42.25,0.4207707634694058,44.85,0,0,1,0,0,0,0,0,0,0,0,0,0,0,0,1,1,0,0,0,1,0,0,0,0,0,0,0,0,0,0,0,0,0,0,0,0,0,0,0,0,0,2,1,1,0,0,5,0,0,0,0,0,0,False,False,False,False,False,False,False,True,False,False,False,True,False
9.8,3.2,0,96.04000000000002,-1.4837954419987347,31.360000000000003,0,0,1,0,0,0,0,0,0,0,0,0,0,1,1,0,1,0,0,0,0,0,0,0,0,0,0,0,0,0,0,0,0,0,0,0,0,0,0,0,0,0,1,1,1,0,0,5,0,0,0,0,0,0,False,False,False,False,False,False,False,True,False,False,False,False,True
5.6,40.4,0,31.359999999999996,0.8585735049933179,226.23999999999998,0,0,0,1,0,0,0,0,0,0,0,1,0,0,1,0,0,1,0,0,1,0,0,0,0,0,0,0,0,0,0,0,0,0,0,0,0,0,0,0,0,0,1,0,3,0,0,5,0,0,1,0,0,0,False,False,False,False,True,False,False,False,False,False,False,True,False
6.0,34.3,0,36.0,-0.17216625854935647,205.79999999999998,0,0,0,0,0,0,0,0,0,0,1,0,0,0,0,0,0,0,0,0,0,0,1,0,1,0,0,0,1,1,1,0,0,0,0,0,0,0,0,0,0,0,0,0,1,0,0,5,0,0,0,0,0,0,False,False,False,False,False,True,False,False,False,False,False,True,False
2.7,18.1,0,7.290000000000001,-0.8406145446853909,48.870000000000005,0,0,0,0,0,0,0,0,1,0,0,1,1,1,0,0,1,1,0,0,0,0,0,0,0,0,0,0,0,0,0,0,0,0,0,0,0,0,0,0,0,0,1,1,2,0,0,5,1,0,0,0,0,0,False,False,True,False,False,False,False,False,False,False,False,True,False
6.6,18.1,1,43.559999999999995,-0.8406145446853909,119.46000000000001,0,0,0,0,0,1,0,0,0,0,0,1,1,0,0,0,0,0,0,0,0,0,0,1,0,0,0,0,0,0,0,0,0,0,0,0,0,0,0,0,0,0,0,0,2,0,0,5,0,0,0,0,0,0,False,False,True,False,False,False,False,False,False,False,False,True,False
10.2,3.7,1,104.03999999999999,-1.226421630448986,37.74,0,0,0,0,0,1,0,0,0,0,0,1,0,0,0,0,0,0,0,1,0,0,0,1,0,0,0,0,0,0,0,0,0,0,0,0,0,0,0,0,0,0,2,0,2,0,0,5,0,0,0,1,0,0,False,False,False,False,False,False,False,True,False,False,False,False,True
9.8,27.9,1,96.04000000000002,-1.3268863258987644,273.42,0,0,0,0,0,1,0,0,0,0,0,1,0,1,1,0,0,0,0,1,0,0,0,0,0,0,0,0,0,0,0,0,1,0,0,0,0,0,0,0,0,0,2,0,1,0,0,5,0,0,0,0,0,0,False,False,False,False,True,False,False,False,False,False,False,False,True
3.7,5.7,0,13.690000000000001,-0.1969263842499912,21.090000000000003,0,0,0,1,0,0,0,0,0,0,0,1,0,0,0,0,0,0,0,0,0,0,0,0,0,0,0,0,0,0,0,0,0,0,0,0,0,0,0,0,0,0,0,0,0,1,0,5,0,0,0,0,0,0,False,False,False,False,False,False,False,True,False,False,False,True,False
12.1,38.0,1,146.41,0.4389652174620383,459.8,0,0,0,0,1,0,0,0,0,0,0,1,1,0,0,1,0,0,1,0,1,0,0,0,0,0,0,0,0,0,0,0,0,0,0,0,0,0,0,0,0,0,1,0,3,0,0,5,0,0,0,0,0,0,False,False,False,False,True,False,False,False,False,False,False,False,True
9.8,15.5,0,96.04000000000002,-1.5504862497422944,151.9,0,0,1,0,0,0,0,0,0,0,0,0,0,0,0,0,0,0,0,0,0,0,1,0,1,0,0,0,1,1,1,0,0,0,0,0,0,0,0,0,0,0,0,0,1,0,0,5,0,0,0,0,0,0,True,False,False,False,False,False,False,False,False,False,False,False,True
2.0,7.0,0,4.0,0.47224552577935536,14.0,0,0,0,0,0,0,0,0,0,0,1,0,0,0,0,0,0,0,0,1,0,0,0,0,0,0,0,0,0,0,0,0,0,0,0,0,0,0,0,0,0,0,1,0,0,0,0,5,0,0,0,0,0,0,False,False,False,False,False,False,False,True,False,False,False,True,False
13.2,19.3,0,174.23999999999998,-0.17789908801658144,254.76,0,0,0,0,0,0,0,1,0,0,0,0,0,0,0,0,0,0,0,0,0,0,1,0,1,0,0,0,1,1,1,0,0,0,0,0,0,0,0,0,0,0,0,0,1,0,0,5,0,0,0,0,0,0,False,False,False,False,False,False,True,False,False,False,False,False,True
7.7,17.9,0,59.290000000000006,-0.8831345899003089,137.82999999999998,0,0,0,0,1,0,0,0,0,0,0,1,1,0,0,0,1,0,0,0,0,0,0,0,0,0,0,0,0,0,0,0,0,0,0,0,0,0,0,0,0,0,0,2,2,0,0,5,0,0,0,0,0,0,False,False,True,False,False,False,False,False,False,False,False,False,True
13.7,6.4,0,187.68999999999997,0.09701695812934934,87.68,0,1,0,0,0,0,0,0,0,0,0,0,0,0,0,0,0,0,0,0,0,0,0,0,0,0,0,0,0,0,0,1,0,0,0,0,0,0,0,0,0,0,0,0,0,0,0,5,0,0,0,0,0,0,False,False,False,False,False,False,False,False,False,True,False,False,True
5.4,7.7,1,29.160000000000004,0.8325688619490037,41.580000000000005,0,0,0,0,0,0,0,0,1,0,0,1,0,0,0,0,0,0,0,0,0,0,0,0,0,0,0,0,0,0,0,0,0,0,0,0,0,0,0,0,0,0,0,0,0,0,2,5,0,0,0,0,0,0,False,False,False,False,False,False,False,True,False,False,False,True,False
9.1,17.3,0,82.80999999999999,-1.1731593785661425,157.43,0,1,0,0,0,0,0,0,0,0,0,0,1,0,0,0,0,0,0,0,0,0,0,0,0,0,0,0,0,0,0,0,0,0,0,0,0,0,0,0,0,0,0,0,1,1,0,5,0,0,0,0,0,0,True,False,False,False,False,False,False,False,False,False,False,False,True
4.0,8.0,1,16.0,0.919235678275581,32.0,0,0,0,0,0,0,0,1,0,0,0,0,0,0,0,0,0,0,1,0,0,1,0,0,0,0,0,0,0,0,0,0,0,0,0,0,0,0,0,0,0,0,0,1,1,0,1,5,0,0,0,0,0,0,False,False,False,False,False,False,False,False,False,True,False,True,False
6.6,24.7,0,43.559999999999995,0.5534943380232293,163.01999999999998,0,0,0,0,0,0,0,0,1,0,0,1,1,0,1,0,0,0,1,0,1,1,0,0,0,0,0,0,0,0,0,0,0,0,0,0,0,0,0,0,0,0,1,1,3,0,0,5,0,0,1,0,0,1,False,True,False,False,False,False,False,False,False,False,False,True,False
12.6,36.2,0,158.76,0.23856477814665944,456.12,0,0,0,0,0,0,0,0,0,1,0,0,1,1,0,0,1,0,0,0,0,0,1,0,0,0,0,0,0,0,0,0,0,0,0,0,0,0,0,0,0,0,1,1,2,0,0,5,1,0,0,0,0,0,False,False,False,True,False,False,False,False,False,False,False,False,True
2.4,4.2,0,5.76,-0.9690478188992374,10.08,0,0,0,0,0,0,0,1,0,0,0,0,0,0,0,0,1,0,1,0,0,0,0,0,0,0,0,0,0,0,0,0,0,0,0,1,0,0,0,0,0,0,0,1,1,0,0,5,0,0,0,0,0,0,False,False,False,False,False,False,False,True,False,False,False,True,False
8.0,3.4,0,64.0,-1.4446431421448356,27.2,0,0,0,0,0,0,0,0,0,0,1,0,0,0,0,0,0,0,1,0,0,0,0,0,0,0,0,0,0,0,0,0,0,0,0,0,0,0,0,0,0,0,0,0,1,0,0,5,0,0,0,0,0,0,False,False,False,False,False,False,False,False,False,True,False,False,True
3.5,16.3,0,12.25,-1.2801266802101288,57.050000000000004,0,0,0,0,1,0,0,0,0,0,0,1,0,0,0,1,1,0,1,0,1,0,0,0,0,0,0,0,0,0,0,0,0,0,0,0,0,0,0,0,0,0,1,2,2,0,0,5,0,0,0,0,0,0,False,True,False,False,False,False,False,False,False,False,False,True,False
11.8,39.3,0,139.24,0.7684388714447422,463.74,0,0,0,0,0,0,0,0,1,0,0,1,0,0,0,0,0,0,0,0,0,0,1,0,0,0,1,0,0,0,0,0,0,0,0,0,0,0,0,0,0,0,0,0,1,0,0,5,0,0,0,0,0,0,False,False,False,True,False,False,False,False,False,False,False,False,True
0.5,4.0,0,0.25,-1.1363111220899984,2.0,0,0,0,1,0,0,0,0,0,0,0,1,1,1,0,1,0,0,0,0,0,1,0,0,0,0,0,0,0,0,0,0,0,0,0,0,0,0,0,0,0,0,1,1,3,0,0,5,1,0,0,0,0,0,False,False,False,False,False,False,False,False,False,True,True,False,False
13.3,28.5,0,176.89000000000001,-1.2219842540159442,379.05,0,0,0,1,0,0,0,0,0,0,0,1,0,1,0,0,1,0,0,1,0,0,0,0,0,0,0,0,0,0,0,0,0,0,0,0,0,0,0,0,0,0,3,1,0,0,0,5,0,0,0,0,0,0,False,False,False,False,True,False,False,False,False,False,False,False,True
2.2,24.2,0,4.840000000000001,0.2732602942757721,53.24,0,0,1,0,0,0,0,0,0,0,0,0,0,1,1,0,0,0,0,0,0,0,0,0,0,0,0,0,0,0,0,0,0,0,0,0,0,0,0,0,0,0,1,0,1,0,0,5,0,0,0,0,0,0,True,False,False,False,False,False,False,False,False,False,False,True,False
7.3,28.7,0,53.29,1.2165774722161513,209.51,0,0,0,0,0,0,0,0,0,1,0,0,1,0,0,0,1,1,0,0,1,1,0,0,0,0,0,0,0,0,0,0,0,0,0,0,0,0,0,0,0,0,1,2,2,0,0,5,0,0,0,0,1,0,True,False,False,False,False,False,False,False,False,False,False,False,True
5.3,36.3,0,28.09,0.25565749083369343,192.39,0,0,0,0,0,0,0,1,0,0,0,0,0,1,0,0,1,0,1,0,0,1,0,0,0,0,0,0,0,0,0,0,0,0,0,0,0,0,0,0,0,0,1,2,1,0,0,5,0,0,0,0,1,0,False,False,False,True,False,False,False,False,False,False,False,True,False
0.9,3.6,0,0.81,-1.277896392758936,3.24,0,0,0,0,0,0,0,0,0,1,0,0,0,0,1,0,0,0,1,0,1,1,0,0,0,0,0,0,0,0,0,0,0,0,0,0,0,0,0,0,0,0,1,1,2,0,0,5,0,0,1,0,0,1,False,False,False,False,False,False,False,True,False,False,True,False,False
7.0,25.5,0,49.0,0.7326271282665534,178.5,0,0,0,0,0,0,0,0,0,0,1,0,1,1,1,0,1,0,0,0,0,0,0,0,0,0,0,0,0,0,0,0,0,0,0,0,0,0,0,0,0,0,1,2,2,0,0,5,1,0,0,0,0,0,False,False,True,False,False,False,False,False,False,False,False,True,False
12.4,45.0,0,153.76000000000002,1.6628227227616044,558.0,0,1,0,0,0,0,0,0,0,0,0,0,0,0,1,0,0,1,1,1,0,0,0,0,0,0,0,0,0,0,0,0,0,0,0,0,0,0,0,0,0,0,1,0,4,0,0,5,0,0,0,0,0,1,False,False,False,False,True,False,False,False,False,False,False,False,True
9.8,45.0,0,96.04000000000002,1.7427234946057353,441.00000000000006,0,0,0,0,0,0,0,0,0,0,1,0,0,1,1,0,0,1,0,0,0,0,0,0,0,0,0,0,0,0,0,0,0,0,0,0,0,0,0,0,0,0,1,0,3,0,0,5,0,0,0,0,0,0,False,False,False,True,False,False,False,False,False,False,False,False,True
2.4,22.9,0,5.76,-1.7872721849593989,54.959999999999994,0,0,0,0,0,0,0,1,0,0,0,0,1,0,0,0,1,1,0,0,0,1,0,0,0,0,0,0,0,0,0,0,0,0,0,0,0,0,0,1,0,0,0,2,2,0,0,5,0,0,0,0,1,0,False,False,False,False,False,False,False,False,True,False,False,True,False
12.8,4.8,0,163.84000000000003,-0.6601992450395391,61.44,0,0,0,0,1,0,0,0,0,0,0,1,1,0,1,0,0,1,0,0,0,0,0,0,0,0,0,0,0,0,0,0,0,0,0,0,0,0,0,0,0,0,0,0,3,0,0,5,0,0,0,0,0,0,False,False,False,False,False,False,False,True,False,False,False,False,True
4.6,36.9,0,21.159999999999997,0.2466447523435348,169.73999999999998,0,0,0,0,0,0,0,0,0,1,0,0,0,0,1,1,0,1,0,1,0,1,0,0,0,0,0,0,0,0,0,0,0,0,0,0,0,0,0,0,0,0,1,1,3,0,0,5,0,0,0,1,0,0,False,False,False,False,True,False,False,False,False,False,False,True,False
1.2,29.7,0,1.44,1.625548077779819,35.64,0,0,1,0,0,0,0,0,0,0,0,0,0,0,0,0,0,0,0,0,0,0,1,0,1,0,0,0,0,0,0,0,0,0,0,0,0,0,0,0,0,0,0,0,1,0,0,5,0,0,0,0,0,0,False,False,True,False,False,False,False,False,False,False,False,True,False
11.1,22.3,0,123.21,0.0523064048278748,247.53,0,1,0,0,0,0,0,0,0,0,0,0,1,1,0,0,0,1,0,0,0,0,0,0,0,0,0,0,0,0,0,0,0,0,0,0,0,0,0,0,0,0,1,0,2,0,0,5,1,0,0,0,0,0,False,False,True,False,False,False,False,False,False,False,False,False,True
1.2,22.5,1,1.44,0.09482645004279207,27.0,0,0,0,0,0,1,0,0,0,0,0,1,1,1,0,0,1,0,0,0,0,1,0,0,0,0,0,0,0,0,0,0,0,0,0,0,0,0,0,0,0,0,1,2,1,0,0,5,1,0,0,0,1,0,False,False,True,False,False,False,False,False,False,False,False,True,False
3.3,15.5,1,10.889999999999999,-1.5504862497422944,51.15,0,0,0,0,0,1,0,0,0,0,0,1,0,0,0,0,0,0,0,0,0,0,0,0,0,0,0,0,0,0,0,0,0,0,0,0,0,0,0,0,0,0,0,0,1,0,1,5,0,0,0,0,0,0,True,False,False,False,False,False,False,False,False,False,False,True,False
5.0,4.5,0,25.0,-0.879367772044301,22.5,0,0,0,0,0,0,0,0,1,0,0,1,0,1,0,0,1,0,0,0,1,1,0,0,0,0,0,0,0,0,0,0,0,0,0,0,0,0,0,0,0,0,3,2,0,0,0,5,0,0,0,0,1,0,False,False,False,False,False,False,False,False,False,True,False,True,False
2.8,39.9,0,7.839999999999999,0.836703352433109,111.71999999999998,0,0,0,0,0,0,1,0,0,0,0,1,1,0,1,0,0,1,0,1,0,0,0,0,0,0,0,0,0,0,0,0,0,0,0,0,0,0,0,0,0,0,1,0,3,0,0,5,0,1,0,0,0,0,False,False,False,False,False,True,False,False,False,False,False,True,False
8.0,7.6,0,64.0,0.7810940996390536,60.8,0,0,1,0,0,0,0,0,0,0,0,0,0,0,1,1,0,0,1,0,1,0,0,0,0,0,0,0,0,0,0,0,0,0,0,0,0,0,0,0,0,0,2,0,3,0,0,5,0,0,1,0,0,1,False,False,False,False,False,False,False,True,False,False,False,False,True
12.6,3.3,1,158.76,-1.496031812153975,41.58,0,0,0,0,0,1,0,0,0,0,0,1,1,0,0,0,0,0,0,0,0,0,1,0,0,0,0,0,0,0,0,0,0,0,0,0,1,0,1,0,0,0,0,0,2,0,2,5,0,0,0,0,0,0,False,False,False,False,False,False,False,False,False,True,False,False,True
8.6,34.8,1,73.96,-0.0007331994718309506,299.28,0,0,0,1,0,0,0,0,0,0,0,1,1,0,0,1,0,0,0,0,0,0,0,0,0,0,0,0,0,0,0,0,0,0,0,0,0,0,0,0,0,0,0,0,2,0,2,5,0,0,0,0,0,0,False,False,False,True,False,False,False,False,False,False,False,False,True
7.7,17.4,0,59.290000000000006,-1.040009642108142,133.98,0,0,0,1,0,0,0,0,0,0,0,1,0,1,0,0,0,0,1,0,1,1,0,0,0,0,0,0,0,0,0,0,0,0,0,0,0,0,0,0,0,0,2,2,1,0,0,5,0,0,0,0,0,0,False,True,False,False,False,False,False,False,False,False,False,False,True
2.6,29.7,0,6.760000000000001,-0.7308392124579872,77.22,0,0,0,1,0,0,0,0,0,0,0,1,0,1,1,1,0,0,0,1,1,0,0,0,0,0,0,0,0,0,0,0,0,0,0,0,0,0,0,0,0,0,3,0,2,0,0,5,0,0,1,1,0,0,False,False,False,False,False,False,False,False,True,False,False,True,False
10.2,40.5,1,104.03999999999999,0.9470249203383722,413.09999999999997,0,0,0,0,0,1,0,0,0,0,0,1,0,1,0,0,1,0,1,1,0,0,0,0,0,0,0,0,0,0,0,0,0,0,0,0,0,0,0,0,0,0,2,1,1,0,0,5,0,0,0,0,0,0,False,False,False,False,False,False,False,False,True,False,False,False,True
3.3,15.8,1,10.889999999999999,-1.4875984378796023,52.14,0,0,0,0,0,1,0,0,0,0,0,1,0,0,0,0,0,0,0,0,0,0,0,0,0,0,0,0,0,0,0,0,0,0,0,0,0,0,0,0,0,0,0,0,1,0,1,5,0,0,0,0,0,0,True,False,False,False,False,False,False,False,False,False,False,True,False
14.5,16.2,0,210.25,-1.3019555018557645,234.89999999999998,0,0,0,0,1,0,0,0,0,0,0,1,0,1,0,0,0,0,0,0,0,0,0,1,0,1,0,0,0,0,0,0,0,0,0,0,0,0,0,0,0,1,1,0,1,0,0,5,0,0,0,0,0,0,False,True,False,False,False,False,False,False,False,False,False,False,True
9.1,3.5,0,82.80999999999999,-1.3932544721356959,31.849999999999998,0,0,0,0,0,0,0,0,0,0,1,0,1,0,1,0,0,0,0,0,0,0,0,0,0,0,0,0,0,0,0,0,0,0,0,0,0,0,0,0,0,0,0,0,2,0,0,5,0,0,0,0,0,0,False,False,False,False,False,False,False,False,False,True,False,False,True
4.5,41.7,0,20.25,1.160982870248902,187.65,0,0,1,0,0,0,0,0,0,0,0,0,0,1,0,1,1,0,0,0,0,1,0,0,0,0,0,0,0,0,0,0,0,0,0,0,0,0,0,0,0,0,1,2,1,0,0,5,0,0,0,0,1,0,False,False,False,False,False,True,False,False,False,False,False,True,False
2.8,25.0,0,7.839999999999999,-1.461020825804551,70.0,0,0,0,0,0,0,0,1,0,0,0,0,1,0,1,0,0,0,0,1,0,0,0,0,0,0,0,0,0,0,0,0,0,0,0,0,0,0,0,0,0,0,1,0,4,0,0,5,0,1,0,0,0,0,False,False,False,False,False,False,False,False,True,False,False,True,False
7.4,17.5,1,54.760000000000005,-0.9681746803301435,129.5,0,0,0,1,0,0,0,0,0,0,0,1,0,0,0,0,0,0,0,0,0,0,0,0,0,0,0,0,0,0,0,0,0,0,0,0,0,0,0,0,0,0,0,0,0,0,1,5,0,0,0,0,0,0,False,False,True,False,False,False,False,False,False,False,False,False,True
12.0,44.4,0,144.0,1.552920301625946,532.8,0,0,0,0,0,0,1,0,0,0,0,1,0,0,0,0,0,0,0,0,0,0,1,0,0,0,0,0,0,0,0,0,0,1,0,0,0,0,0,0,0,0,0,0,1,0,0,5,0,0,0,0,0,0,False,False,False,False,False,False,False,False,True,False,False,False,True
3.7,6.6,1,13.690000000000001,0.2663464765395562,24.419999999999998,0,0,0,0,0,0,1,0,0,0,0,1,0,0,1,0,0,1,0,0,1,1,0,0,0,0,0,0,0,0,0,0,0,0,0,0,0,0,0,0,0,0,1,1,2,0,1,5,0,0,1,0,0,0,False,False,False,False,False,False,False,True,False,False,False,True,False
6.9,42.2,0,47.61000000000001,1.1732797206417784,291.18,0,0,0,0,0,0,0,0,0,1,0,0,0,0,0,0,1,0,0,0,0,1,0,0,0,0,0,0,0,0,0,0,0,0,0,0,0,0,0,0,0,0,0,3,0,0,0,5,0,0,0,0,1,0,False,False,False,False,True,False,False,False,False,False,False,True,False
8.9,4.9,0,79.21000000000001,-0.6087244827295891,43.61000000000001,0,0,0,0,0,0,1,0,0,0,0,1,1,0,0,0,0,0,0,0,1,1,0,0,0,0,0,0,0,0,0,0,0,0,0,0,0,0,0,0,0,0,1,1,1,0,0,5,0,0,0,0,0,0,False,False,False,False,False,False,False,True,False,False,False,False,True
6.7,29.4,0,44.89,-0.9237396845717185,196.98,0,1,0,0,0,0,0,0,0,0,0,0,0,1,1,0,0,0,0,1,0,0,0,0,0,0,0,0,0,0,0,0,0,1,0,0,0,0,0,0,0,0,2,0,1,0,0,5,0,0,0,0,0,0,False,False,False,True,False,False,False,False,False,False,False,True,False
12.0,28.5,0,144.0,-1.0775740987550328,342.0,0,0,0,0,0,0,1,0,0,0,0,1,0,0,1,0,0,0,1,0,0,1,0,0,0,0,0,0,0,0,0,0,0,0,0,0,0,0,0,0,0,0,0,1,3,0,0,5,0,0,0,0,0,1,False,False,False,True,False,False,False,False,False,False,False,False,True
2.7,3.6,0,7.290000000000001,-1.277896392758936,9.72,0,0,0,0,0,0,0,0,0,0,1,0,0,0,0,0,0,0,0,0,0,0,1,0,1,0,0,0,0,0,0,0,0,0,0,0,0,0,0,0,0,0,0,0,1,0,0,5,0,0,0,0,0,0,False,False,False,False,False,False,False,True,False,False,False,True,False
11.3,5.3,1,127.69000000000001,-0.4682584119711853,59.89,0,0,0,0,0,1,0,0,0,0,0,1,0,0,0,0,0,0,0,0,0,0,1,0,1,0,0,0,1,1,1,0,0,0,0,0,0,0,0,0,0,0,0,0,1,0,0,5,0,0,0,0,0,0,False,False,False,False,False,False,False,False,False,True,False,False,True
8.5,5.8,0,72.25,-0.21131506192548785,49.3,0,0,0,0,0,0,1,0,0,0,0,1,0,1,0,0,0,1,0,0,0,0,0,0,0,0,0,0,0,0,0,0,0,0,0,0,0,0,0,0,0,0,1,0,1,0,0,5,0,0,0,0,0,0,False,False,False,False,False,False,False,False,False,True,False,False,True
6.6,36.8,0,43.559999999999995,0.37220109706554494,242.87999999999997,0,0,1,0,0,0,0,0,0,0,0,0,1,0,1,0,1,0,0,0,1,0,0,0,0,0,0,0,0,0,0,0,0,0,0,0,0,0,0,0,0,0,1,1,2,0,0,5,0,0,1,0,0,0,False,False,False,False,False,False,False,False,True,False,False,True,False
11.3,21.6,0,127.69000000000001,-0.12319913299146203,244.08000000000004,0,0,0,1,0,0,0,0,0,0,0,1,0,0,0,0,1,0,1,0,1,1,0,0,0,0,0,0,0,0,0,0,0,0,0,0,0,0,0,0,0,0,1,2,1,0,0,5,0,0,0,0,1,0,False,True,False,False,False,False,False,False,False,False,False,False,True
10.1,25.0,0,102.00999999999999,-1.461020825804551,252.5,0,0,0,0,0,0,0,0,0,0,1,0,0,1,0,0,1,0,0,1,0,0,0,0,0,0,0,0,0,0,0,0,0,0,0,0,0,0,0,0,0,0,3,2,0,0,0,5,0,0,0,0,0,0,False,False,False,False,False,False,False,False,True,False,False,False,True
8.9,32.0,0,79.21000000000001,-0.5865234202028684,284.8,0,0,0,0,0,0,0,0,1,0,0,1,1,0,1,0,0,0,0,0,0,0,0,0,0,0,0,0,0,0,0,0,0,0,0,0,0,0,0,0,0,0,0,0,4,0,0,5,0,0,0,0,0,0,False,False,False,False,False,True,False,False,False,False,False,False,True
8.4,45.0,1,70.56,1.6628227227616044,378.0,0,0,0,0,0,0,0,0,0,0,1,0,0,0,0,0,0,0,0,0,0,0,0,0,0,0,1,0,0,0,0,1,0,0,0,0,0,0,1,0,0,0,0,0,0,0,2,5,0,0,0,0,0,0,False,False,False,False,True,False,False,False,False,False,False,False,True
11.9,4.3,0,141.61,-0.9175730565892878,51.17,0,0,0,0,1,0,0,0,0,0,0,1,1,0,0,0,0,0,0,0,0,1,0,0,0,0,0,0,0,0,0,0,0,0,0,0,0,0,0,0,0,0,0,1,1,0,0,5,0,0,0,0,0,0,False,False,False,False,False,False,False,True,False,False,False,False,True
15.1,23.3,0,228.01,-2.153874422979198,351.83,0,0,0,0,0,0,0,1,0,0,0,0,0,0,0,0,0,1,0,0,0,0,0,0,0,0,0,0,0,0,0,0,0,0,0,0,0,0,0,0,0,0,0,0,2,0,0,5,0,0,0,0,0,0,False,False,False,False,False,True,False,False,False,False,False,False,True
4.4,27.9,0,19.360000000000003,0.6977887812553302,122.76,0,1,0,0,0,0,0,0,0,0,0,0,0,0,1,0,1,0,0,0,0,0,0,0,0,0,0,0,0,0,0,0,0,0,0,0,0,0,0,0,0,0,0,1,1,0,0,5,0,0,0,0,0,0,False,False,False,False,False,False,True,False,False,False,False,True,False
5.1,26.8,0,26.009999999999998,1.0090074221635168,136.68,0,1,0,0,0,0,0,0,0,0,0,0,0,0,1,0,1,0,0,0,1,0,0,0,0,0,0,0,0,0,0,0,0,0,0,0,0,0,0,0,0,0,1,1,1,0,0,5,0,0,1,0,0,0,False,False,True,False,False,False,False,False,False,False,False,True,False
13.0,31.7,0,169.0,-0.4201236323105133,412.09999999999997,0,0,0,0,1,0,0,0,0,0,0,1,0,1,0,0,0,1,1,0,0,0,0,0,0,0,0,0,0,0,0,0,0,0,0,0,0,0,0,0,0,0,1,0,2,0,0,5,0,0,0,0,0,0,False,False,False,False,False,False,False,False,True,False,False,False,True
6.2,28.6,0,38.440000000000005,1.3916878290977737,177.32000000000002,0,0,0,0,0,0,0,0,1,0,0,1,0,0,0,0,0,1,0,0,0,1,0,0,0,0,0,0,0,0,0,0,0,0,0,0,0,0,0,0,0,0,0,1,2,0,0,5,0,0,0,0,0,0,False,False,True,False,False,False,False,False,False,False,False,True,False
9.9,2.9,0,98.01,-1.6382197289285843,28.71,0,0,0,1,0,0,0,0,0,0,0,1,0,1,1,0,1,0,0,0,0,0,0,0,0,0,0,0,0,0,0,0,0,0,0,0,0,0,0,0,0,0,1,1,1,0,0,5,0,0,0,0,0,0,False,False,False,False,False,False,False,True,False,False,False,False,True
9.8,9.0,0,96.04000000000002,1.4331223783669758,88.2,0,1,0,0,0,0,0,0,0,0,0,0,1,1,1,1,0,0,0,0,0,0,0,0,0,0,0,0,0,0,0,1,0,0,0,0,0,0,0,0,0,0,1,0,3,0,0,5,1,0,0,0,0,0,False,False,False,False,False,False,False,False,False,True,False,False,True
5.5,27.7,0,30.25,1.006951432673845,152.35,0,0,0,0,0,0,0,1,0,0,0,0,0,1,1,0,0,0,0,1,0,0,0,0,0,0,0,0,0,0,0,0,0,0,0,0,0,0,0,0,0,0,3,0,2,0,0,5,0,0,0,1,0,0,True,False,False,False,False,False,False,False,False,False,False,True,False
9.2,26.0,0,84.63999999999999,-1.6674551462555096,239.2,0,0,1,0,0,0,0,0,0,0,0,0,0,1,0,0,0,0,0,0,0,0,0,0,1,0,0,0,0,0,0,0,0,0,0,0,0,0,0,0,0,0,1,0,0,0,0,5,0,0,0,0,0,0,False,False,False,False,False,True,False,False,False,False,False,False,True
2.6,25.7,0,6.760000000000001,0.7751471734814707,66.82000000000001,0,0,0,0,0,0,1,0,0,0,0,1,0,0,0,0,1,0,0,1,1,1,0,0,0,0,0,0,0,0,0,0,0,0,0,0,0,0,0,0,0,0,2,2,0,0,0,5,0,0,0,0,1,0,False,False,True,False,False,False,False,False,False,False,False,True,False
4.5,19.8,1,20.25,-0.5161179226128961,89.10000000000001,0,0,0,1,0,0,0,0,0,0,0,1,0,1,0,0,0,1,0,0,0,1,0,0,0,0,0,0,0,0,0,0,0,0,0,0,0,0,0,0,0,0,1,1,1,0,1,5,0,0,0,0,0,0,False,True,False,False,False,False,False,False,False,False,False,True,False
3.9,45.0,0,15.209999999999999,1.6628227227616044,175.5,0,0,1,0,0,0,0,0,0,0,0,0,0,0,0,0,0,1,1,0,0,0,0,0,0,0,0,0,0,0,0,0,0,0,0,0,0,0,0,0,0,0,0,0,2,0,0,5,0,0,0,0,0,0,False,False,False,False,True,False,False,False,False,False,False,True,False
13.6,20.9,0,184.95999999999998,-0.4185056362138395,284.23999999999995,0,0,0,0,0,0,1,0,0,0,0,1,1,0,0,0,0,0,0,0,0,0,1,0,0,0,1,0,0,0,0,1,0,0,0,0,0,0,0,0,0,0,0,0,2,0,0,5,0,0,0,0,0,0,True,False,False,False,False,False,False,False,False,False,False,False,True
14.2,16.3,1,201.64,-1.2232949516196479,231.46,0,0,0,0,0,1,0,0,0,0,0,1,0,0,0,0,0,1,0,0,1,0,0,0,0,0,0,0,0,0,0,0,0,0,0,0,0,0,0,0,0,0,1,0,1,0,0,5,0,0,0,0,0,0,False,False,True,False,False,False,False,False,False,False,False,False,True
2.2,37.0,1,4.840000000000001,0.3142530181743326,81.4,0,0,0,0,0,0,0,0,0,1,0,0,1,0,0,0,0,0,0,0,0,0,0,0,0,0,0,0,0,0,0,0,0,0,0,0,0,0,0,0,0,0,0,0,2,0,1,5,0,0,0,0,0,0,False,False,False,False,False,True,False,False,False,False,False,True,False
3.4,27.7,0,11.559999999999999,1.200347625630645,94.17999999999999,0,1,0,0,0,0,0,0,0,0,0,0,1,0,0,0,0,0,0,0,0,0,1,0,0,1,0,0,0,0,0,0,0,0,0,0,0,1,0,0,0,0,0,0,2,0,0,5,0,0,0,0,0,0,False,False,True,False,False,False,False,False,False,False,False,True,False
7.8,28.0,0,60.839999999999996,-0.99494745558334,218.4,0,0,0,1,0,0,0,0,0,0,0,1,0,0,0,0,0,0,0,0,0,0,1,0,0,0,0,0,0,0,0,0,1,0,0,0,0,0,0,0,0,0,0,0,1,0,0,5,0,0,0,0,0,0,False,False,False,False,False,False,False,False,True,False,False,False,True
13.0,25.1,0,169.0,0.4126811028877313,326.3,0,0,0,0,1,0,0,0,0,0,0,1,0,0,1,0,0,0,0,0,1,0,0,0,0,0,0,0,0,0,0,0,0,0,0,0,0,0,0,0,0,0,1,0,2,0,0,5,0,0,1,0,0,0,False,False,False,False,False,False,True,False,False,False,False,False,True
9.9,28.1,0,98.01,-1.1459449495031724,278.19,0,0,0,0,0,0,0,1,0,0,0,0,1,1,0,0,0,0,0,1,0,0,0,0,0,0,0,0,0,0,0,0,0,0,0,1,0,0,0,0,0,0,2,0,1,0,0,5,1,1,0,0,0,0,False,False,False,True,False,False,False,False,False,False,False,False,True
10.3,31.3,0,106.09000000000002,1.9657084394991589,322.39000000000004,0,0,0,0,0,0,0,0,0,0,1,0,1,0,0,0,1,1,0,0,0,0,0,0,0,0,0,0,0,0,0,0,0,0,0,0,0,0,0,0,0,0,0,1,3,0,0,5,0,0,0,0,0,0,False,False,True,False,False,False,False,False,False,False,False,False,True
4.0,23.9,0,16.0,0.39246676654721374,95.6,0,0,0,0,0,0,0,0,1,0,0,1,1,0,1,0,0,0,0,0,0,0,0,1,0,0,1,0,0,0,0,0,0,0,0,0,0,0,0,0,0,0,0,0,3,0,0,5,0,0,0,0,0,0,False,False,True,False,False,False,False,False,False,False,False,True,False
11.1,30.2,0,123.21,-0.6531603174211188,335.21999999999997,0,1,0,0,0,0,0,0,0,0,0,0,1,1,1,0,0,1,0,0,0,0,0,0,0,0,0,0,0,0,0,0,0,0,0,0,0,0,0,0,0,0,1,0,3,0,0,5,1,0,0,0,0,0,False,False,False,False,False,False,False,False,True,False,False,False,True
4.9,31.7,0,24.010000000000005,-0.5306072927699144,155.33,0,1,0,0,0,0,0,0,0,0,0,0,0,1,1,0,0,1,0,1,0,1,0,0,0,0,0,0,0,0,0,0,0,0,0,0,0,0,0,0,0,0,2,1,2,0,0,5,0,0,0,0,0,0,False,False,False,True,False,False,False,False,False,False,False,True,False
10.4,31.5,0,108.16000000000001,-0.6766010640405885,327.6,0,0,1,0,0,0,0,0,0,0,0,0,0,0,0,0,0,0,1,0,0,0,0,1,0,0,0,0,0,0,0,0,0,0,0,0,0,0,0,0,1,0,0,0,2,0,0,5,0,0,0,0,0,0,False,False,False,False,False,True,False,False,False,False,False,False,True
5.6,17.0,0,31.359999999999996,-1.074474793367437,95.19999999999999,0,0,0,0,1,0,0,0,0,0,0,1,0,0,0,0,0,0,1,0,0,0,0,1,1,0,1,0,0,0,0,0,0,0,0,0,0,0,0,0,0,0,0,0,2,0,0,5,0,0,0,0,0,0,False,False,True,False,False,False,False,False,False,False,False,True,False
10.0,34.8,0,100.0,0.06148551691807098,348.0,0,0,0,0,0,0,0,0,0,1,0,0,0,0,1,0,0,1,0,1,0,1,0,0,0,0,0,0,0,0,0,0,0,0,0,0,0,0,0,0,0,0,1,1,2,0,0,5,0,0,0,0,0,0,False,False,False,False,False,False,False,False,True,False,False,False,True
15.0,6.6,0,225.0,0.19979429814762795,99.0,0,0,0,0,0,0,0,0,1,0,0,1,0,0,0,0,0,1,1,0,1,1,0,0,0,0,0,0,0,0,0,0,0,0,0,0,0,0,0,0,0,0,1,1,3,0,0,5,0,0,0,0,0,0,False,False,False,False,False,False,False,False,False,True,False,False,True
1.9,6.0,0,3.61,-0.042502097320142075,11.399999999999999,0,0,0,0,0,0,0,1,0,0,0,0,0,0,0,1,1,0,0,1,0,0,0,0,0,0,0,0,0,0,0,0,0,0,0,0,0,0,0,0,0,0,2,1,1,0,0,5,0,0,0,1,0,0,False,False,False,False,False,False,False,True,False,False,False,True,False
6.2,33.5,1,38.440000000000005,-0.14047961017778665,207.70000000000002,0,0,0,0,0,1,0,0,0,0,0,1,0,1,0,0,0,1,0,0,1,0,0,0,0,0,0,0,0,0,0,0,0,0,0,0,0,0,0,0,0,0,3,0,1,0,0,5,0,0,0,0,0,0,False,False,False,False,False,False,False,False,True,False,False,True,False
3.9,41.8,1,15.209999999999999,1.1957566886206161,163.01999999999998,0,0,0,0,0,1,0,0,0,0,0,1,1,0,0,0,0,0,0,0,0,0,0,0,0,0,1,0,0,0,0,0,0,0,0,0,0,0,0,0,0,0,0,0,1,0,0,5,0,0,0,0,0,0,False,False,False,True,False,False,False,False,False,False,False,True,False
6.9,8.9,0,47.61000000000001,-1.2368704648105215,61.410000000000004,0,0,0,0,0,0,0,0,0,1,0,0,0,0,0,0,0,0,0,0,0,0,1,0,0,0,0,0,0,0,0,0,0,0,0,0,0,0,0,0,0,0,1,0,1,0,0,5,0,0,0,0,0,0,False,False,False,False,False,False,True,False,False,False,False,True,False
15.0,19.7,0,225.0,-0.5379467442585317,295.5,0,0,1,0,0,0,0,0,0,0,0,0,0,1,0,0,0,1,1,0,0,1,0,0,0,0,0,0,0,0,0,0,0,0,0,0,0,0,0,0,0,0,1,1,3,0,0,5,0,0,0,0,0,0,False,True,False,False,False,False,False,False,False,False,False,False,True
4.8,44.2,0,23.04,1.6059817931094562,212.16,0,0,0,0,0,0,1,0,0,0,0,1,0,0,1,1,0,0,1,0,1,0,0,0,0,0,0,0,0,0,0,0,0,0,0,0,0,0,0,0,0,0,1,0,3,0,0,5,0,0,1,0,0,1,False,False,False,True,False,False,False,False,False,False,False,True,False
8.2,17.5,1,67.24,-1.1312341706576814,143.5,0,0,0,0,0,1,0,0,0,0,0,1,0,0,0,0,0,0,0,0,0,0,0,0,0,0,0,0,0,0,0,0,0,0,0,0,0,0,0,0,0,0,0,0,0,0,0,5,0,0,0,0,0,0,True,False,False,False,False,False,False,False,False,False,False,False,True
12.4,33.9,0,153.76000000000002,-0.2778656070705649,420.36,0,0,0,0,1,0,0,0,0,0,0,1,1,1,0,1,0,0,0,1,1,0,0,0,0,0,0,0,0,0,0,0,0,0,0,0,0,0,0,0,0,0,3,0,2,0,0,5,1,1,0,1,0,0,False,False,False,False,True,False,False,False,False,False,False,False,True
8.3,25.9,0,68.89000000000001,-1.6765598988414976,214.97,0,0,0,0,0,0,1,0,0,0,0,1,1,0,0,0,0,0,0,1,1,0,0,0,0,0,0,0,0,0,0,0,0,0,0,0,0,0,0,0,0,0,3,0,1,0,0,5,0,1,0,0,0,0,False,False,False,False,True,False,False,False,False,False,False,False,True
4.0,3.0,0,16.0,-1.5867449666186344,12.0,0,0,0,0,0,0,0,1,0,0,0,0,1,1,0,0,0,0,0,0,0,0,0,0,0,0,0,0,0,0,0,0,0,0,0,0,0,0,0,0,0,0,2,0,1,0,0,5,1,0,0,0,0,0,False,False,False,False,False,False,False,True,False,False,False,True,False
6.3,15.0,0,39.69,-1.5639013616033868,94.5,0,0,0,1,0,0,0,0,0,0,0,1,0,0,1,0,0,1,0,0,0,0,0,0,0,0,0,0,0,0,0,0,0,0,0,0,0,0,0,0,0,0,0,0,4,0,0,5,0,0,0,0,0,0,False,True,False,False,False,False,False,False,False,False,False,True,False
10.6,40.0,0,112.36,0.8693460253015037,424.0,0,1,0,0,0,0,0,0,0,0,0,0,0,1,0,0,0,0,0,0,0,0,0,0,0,0,0,0,0,0,0,0,0,0,0,0,0,0,0,0,0,0,1,0,0,0,0,5,0,0,0,0,0,0,False,False,False,False,False,False,False,False,True,False,False,False,True
9.5,3.5,0,90.25,-1.3293711550688856,33.25,0,0,1,0,0,0,0,0,0,0,0,0,0,1,1,0,1,0,0,0,0,0,0,0,0,0,0,0,0,0,0,0,0,0,0,0,0,0,0,0,0,0,1,1,1,0,0,5,0,0,0,0,0,0,False,False,False,False,False,False,False,True,False,False,False,False,True
1.4,35.5,0,1.9599999999999997,0.1702359699696873,49.699999999999996,0,0,0,0,0,0,0,1,0,0,0,0,0,1,1,0,0,0,0,0,0,0,0,1,0,0,0,0,0,0,0,0,0,0,0,0,0,0,0,0,0,1,1,0,2,0,0,5,0,0,0,0,0,0,False,False,False,False,False,False,False,False,True,False,False,True,False
5.1,23.3,1,26.009999999999998,0.2649066309024619,118.83,0,0,0,0,0,1,0,0,0,0,0,1,0,0,0,0,0,0,1,1,1,0,0,0,0,0,0,0,0,0,0,0,0,0,0,0,0,0,0,0,0,0,2,0,1,0,0,5,0,0,0,0,0,0,False,False,True,False,False,False,False,False,False,False,False,True,False
15.0,26.1,1,225.0,0.8590978410621228,391.5,0,0,0,0,0,1,0,0,0,0,0,1,0,1,0,0,1,0,0,0,1,0,0,0,0,0,0,0,0,0,0,0,0,0,0,0,0,0,0,0,0,0,2,1,1,0,0,5,0,0,0,0,0,0,False,True,False,False,False,False,False,False,False,False,False,False,True
9.8,30.6,1,96.04000000000002,0.9727140425383726,299.88000000000005,0,0,0,0,0,1,0,0,0,0,0,1,0,0,0,1,0,0,0,0,0,1,0,0,0,0,0,1,0,0,0,0,0,0,1,0,0,0,0,0,0,0,0,1,1,0,0,5,0,0,0,0,0,0,False,False,False,False,False,False,True,False,False,False,False,False,True
13.8,23.6,1,190.44000000000003,0.3286866987248382,325.68000000000006,0,0,0,0,1,0,0,0,0,0,0,1,1,0,0,0,1,0,0,0,0,0,0,0,0,0,0,0,0,0,0,0,0,0,0,0,0,0,0,1,0,0,0,1,1,0,1,5,0,0,0,0,0,0,False,False,True,False,False,False,False,False,False,False,False,False,True
11.9,38.4,0,141.61,0.5664704209199487,456.96,0,0,0,0,0,0,0,0,1,0,0,1,0,1,1,1,1,0,1,0,0,0,0,0,0,0,0,0,0,0,0,0,0,0,0,0,0,0,0,0,0,0,1,1,3,0,0,5,0,0,0,0,0,1,False,False,False,False,False,True,False,False,False,False,False,False,True
10.8,26.6,1,116.64000000000001,0.9682419492902989,287.28000000000003,0,0,1,0,0,0,0,0,0,0,0,0,0,0,1,0,1,0,1,0,1,0,0,0,0,0,0,0,0,0,0,0,0,0,0,0,0,0,0,0,0,0,1,1,2,0,1,5,0,0,1,0,0,1,False,True,False,False,False,False,False,False,False,False,False,False,True
10.3,21.3,0,106.09000000000002,-0.16029382124671232,219.39000000000001,0,0,0,0,0,0,0,0,0,1,0,0,0,1,0,0,1,0,1,1,0,0,0,0,0,0,0,0,0,0,0,0,0,0,0,0,0,0,0,0,0,0,2,1,2,0,0,5,0,0,0,0,0,0,False,False,True,False,False,False,False,False,False,False,False,False,True
8.1,20.6,0,65.61,-0.4813934480765309,166.86,0,0,0,0,0,0,0,0,0,1,0,0,1,0,1,1,0,1,0,0,0,0,0,0,0,0,0,0,0,0,0,0,0,0,0,0,0,0,0,0,0,0,0,0,5,0,0,5,0,0,0,0,0,0,True,False,False,False,False,False,False,False,False,False,False,False,True
2.7,38.9,0,7.290000000000001,0.5963183252862679,105.03,0,0,0,0,0,0,0,0,0,0,1,0,0,1,1,0,0,0,0,1,0,1,0,0,0,0,0,0,0,0,0,0,0,0,0,0,0,0,0,0,0,0,2,1,1,0,0,5,0,0,0,0,0,0,False,False,False,False,True,False,False,False,False,False,False,True,False
4.8,15.4,1,23.04,-1.4146351550867764,73.92,0,0,0,0,0,1,0,0,0,0,0,1,0,0,0,1,1,0,0,0,1,0,0,0,0,0,0,0,0,0,0,0,0,0,0,0,0,0,0,0,0,0,1,2,1,0,0,5,0,0,0,0,0,0,False,False,True,False,False,False,False,False,False,False,False,True,False
7.1,39.6,0,50.41,0.7826567661304774,281.15999999999997,0,0,0,0,0,0,0,0,0,1,0,0,1,0,0,0,0,1,1,0,0,0,0,0,0,0,0,0,0,0,0,0,0,0,0,0,0,0,0,0,0,0,0,0,4,0,0,5,0,0,0,0,0,0,False,False,False,False,False,True,False,False,False,False,False,False,True
7.4,34.9,0,54.760000000000005,0.07702129592544489,258.26,0,0,0,0,1,0,0,0,0,0,0,1,0,0,0,1,0,0,1,0,1,0,0,0,0,0,0,0,0,0,0,0,0,0,0,0,0,0,0,0,0,0,2,0,2,0,0,5,0,0,0,0,0,0,False,False,False,False,False,False,False,False,True,False,False,False,True
0.5,37.2,0,0.25,0.29909578828494554,18.6,0,0,0,1,0,0,0,0,0,0,0,1,0,1,1,0,1,0,0,0,0,1,0,0,0,0,0,0,0,0,0,0,0,0,0,0,0,0,0,0,0,0,2,2,1,0,0,5,0,0,0,0,1,0,False,False,False,False,True,False,False,False,False,False,True,False,False
1.6,29.0,0,2.5600000000000005,0.8097953691854586,46.400000000000006,0,0,0,1,0,0,0,0,0,0,0,1,0,0,0,0,0,0,0,0,0,0,0,0,0,0,1,1,0,0,0,0,0,0,0,0,0,0,0,0,0,0,0,0,0,0,0,5,0,0,0,0,0,0,False,False,False,False,False,False,True,False,False,False,False,True,False
14.4,18.7,0,207.36,-0.7130544090406391,269.28,0,1,0,0,0,0,0,0,0,0,0,0,0,0,0,0,0,0,1,0,0,0,0,0,0,0,0,0,0,0,0,0,0,0,0,0,0,0,0,0,0,0,0,0,1,0,0,5,0,0,0,0,0,0,False,False,True,False,False,False,False,False,False,False,False,False,True
13.3,3.5,0,176.89000000000001,-1.3932544721356959,46.550000000000004,0,0,0,0,0,0,0,0,1,0,0,1,0,0,1,0,1,1,0,1,0,1,0,0,0,0,0,0,0,0,0,0,0,0,0,0,0,0,0,0,0,0,1,2,2,0,0,5,0,0,0,0,1,0,False,False,False,False,False,False,False,False,False,True,False,False,True
8.2,22.1,0,67.24,-0.16695438876307114,181.22,0,0,0,0,0,0,1,0,0,0,0,1,1,1,0,0,0,0,1,0,1,0,0,0,0,0,0,0,0,0,0,0,0,0,0,0,0,0,0,0,0,0,2,0,3,0,0,5,1,0,0,0,0,0,True,False,False,False,False,False,False,False,False,False,False,False,True
2.3,19.8,0,5.289999999999999,-0.6490942797103763,45.54,0,0,0,0,0,0,0,0,0,1,0,0,0,1,1,0,0,0,0,0,0,0,0,0,0,0,0,0,0,0,0,0,0,1,0,0,0,0,0,0,0,0,1,0,1,1,0,5,0,0,0,0,0,0,True,False,False,False,False,False,False,False,False,False,False,True,False
8.0,29.0,0,64.0,1.492133668785544,232.0,0,0,0,0,0,0,1,0,0,0,0,1,1,1,0,0,0,0,0,0,0,0,0,0,0,0,0,0,0,0,0,0,0,0,0,0,0,0,0,0,0,0,1,0,1,0,0,5,1,0,0,0,0,0,False,True,False,False,False,False,False,False,False,False,False,False,True
3.8,24.5,0,14.44,0.509836694731959,93.1,0,0,0,0,0,0,0,0,0,0,1,0,1,0,0,1,0,0,0,0,1,0,0,0,0,0,0,0,0,0,0,0,0,0,0,0,0,0,0,0,0,0,1,0,2,0,0,5,0,0,0,0,0,0,False,True,False,False,False,False,False,False,False,False,False,True,False
11.6,24.3,0,134.56,0.4661790514406888,281.88,0,0,0,0,1,0,0,0,0,0,0,1,0,0,0,0,0,0,1,0,0,1,0,0,0,0,0,0,0,0,0,0,0,0,0,0,0,0,0,0,0,0,0,2,3,0,0,5,0,0,0,0,0,0,False,True,False,False,False,False,False,False,False,False,False,False,True
6.9,34.3,0,47.61000000000001,1.3494634746669854,236.67,0,0,0,0,0,0,1,0,0,0,0,1,0,0,0,1,0,0,0,0,0,0,0,0,0,0,0,0,0,0,0,0,0,0,0,0,0,0,0,0,0,0,0,0,3,1,0,5,0,0,0,0,0,0,False,False,False,False,False,False,True,False,False,False,False,True,False
5.5,32.4,0,30.25,-0.41095830396066974,178.2,0,0,0,0,0,0,0,0,1,0,0,1,0,1,1,0,1,1,0,0,0,0,0,0,0,0,0,0,0,0,0,0,0,0,0,0,0,0,0,0,0,0,1,1,2,0,0,5,0,0,0,0,0,0,False,False,False,True,False,False,False,False,False,False,False,True,False
12.2,24.1,0,148.83999999999997,0.42252140814941846,294.02,0,0,0,0,0,0,0,0,0,0,1,0,0,0,0,1,0,0,0,0,0,0,0,0,0,0,0,1,0,0,0,1,0,0,0,0,0,0,0,0,0,0,0,0,1,0,0,5,0,0,0,0,0,0,False,True,False,False,False,False,False,False,False,False,False,False,True
14.3,20.6,0,204.49,-0.04552766591733888,294.58000000000004,0,0,0,0,0,0,0,0,1,0,0,1,1,0,0,0,0,0,1,0,1,0,0,0,0,0,0,0,0,0,0,0,0,0,0,0,0,0,0,0,0,0,2,0,2,0,0,5,0,0,0,0,0,0,False,False,False,False,False,False,True,False,False,False,False,False,True
6.7,8.5,0,44.89,1.2443669604286014,56.95,0,0,0,0,0,0,0,0,0,1,0,0,0,1,0,1,0,0,1,0,0,0,0,0,0,0,0,0,0,0,0,0,0,0,0,0,0,0,0,0,0,0,1,0,3,0,0,5,0,0,0,0,0,0,False,False,False,False,False,False,False,True,False,False,False,True,False
11.8,30.5,0,139.24,-0.7357198450143337,359.90000000000003,0,0,0,0,0,0,0,0,0,1,0,0,1,0,1,0,0,0,1,0,1,0,0,0,0,0,0,0,0,0,0,0,0,0,0,0,0,0,0,0,0,0,1,0,4,0,0,5,0,0,1,0,0,1,False,False,False,True,False,False,False,False,False,False,False,False,True
7.8,4.0,0,60.839999999999996,-1.1363111220899984,31.2,0,0,0,0,0,0,0,0,1,0,0,1,1,0,0,1,0,0,1,1,0,0,0,0,0,0,0,0,0,0,0,0,0,0,0,0,0,0,0,0,0,0,2,0,3,0,0,5,0,1,0,1,0,0,False,False,False,False,False,False,False,False,False,True,False,False,True
8.0,20.6,0,64.0,-0.04552766591733888,164.8,0,0,0,1,0,0,0,0,0,0,0,1,0,0,0,1,1,1,0,0,1,1,0,0,0,0,0,0,0,0,0,0,0,0,0,0,0,0,0,0,0,0,1,2,2,0,0,5,0,0,0,0,1,0,False,False,False,False,False,False,True,False,False,False,False,False,True
11.8,40.5,0,139.24,0.8760571836404547,477.90000000000003,0,0,0,0,0,0,0,0,1,0,0,1,1,1,0,0,0,1,1,0,0,0,0,0,0,0,0,0,0,0,0,0,0,0,0,0,0,0,0,0,0,0,1,0,3,0,0,5,1,0,0,0,0,0,False,False,False,False,True,False,False,False,False,False,False,False,True
11.1,6.5,0,123.21,0.14840562813848865,72.14999999999999,0,0,0,0,0,0,0,1,0,0,0,0,1,0,0,0,1,1,0,0,0,0,0,0,0,0,0,0,0,0,0,0,0,0,1,0,0,0,0,0,0,0,0,1,2,0,0,5,0,0,0,0,0,0,False,False,False,False,False,False,False,False,False,True,False,False,True
13.6,30.0,0,184.95999999999998,1.6893281456021954,408.0,0,1,0,0,0,0,0,0,0,0,0,0,1,0,1,0,0,1,0,0,0,1,0,0,0,0,0,0,0,0,0,0,0,0,0,0,0,0,0,0,0,0,0,1,4,0,0,5,0,0,0,0,0,0,False,False,True,False,False,False,False,False,False,False,False,False,True
6.1,13.2,0,37.209999999999994,-0.7990265301745656,80.52,0,0,0,0,0,0,0,0,0,0,1,0,1,0,0,1,0,0,0,1,0,1,0,0,0,0,0,0,0,0,0,0,0,0,0,0,0,0,0,0,0,0,2,1,2,0,0,5,0,1,0,1,0,0,False,False,False,False,False,False,True,False,False,False,False,True,False
2.3,5.2,0,5.289999999999999,-1.6136198969391349,11.959999999999999,0,0,0,0,0,0,0,1,0,0,0,0,0,1,0,0,0,0,0,0,0,0,0,0,1,0,0,0,0,0,0,0,0,0,0,0,0,0,0,0,0,0,1,0,0,0,0,5,0,0,0,0,0,0,False,False,False,False,False,False,True,False,False,False,False,True,False
0.5,28.2,0,0.25,-0.9638758975685927,14.1,0,1,0,0,0,0,0,0,0,0,0,0,1,0,1,1,1,0,0,0,1,0,0,0,0,0,0,0,0,0,0,0,0,0,0,0,0,0,0,0,0,0,1,1,3,0,0,5,0,0,1,0,0,0,False,False,False,False,False,False,False,False,True,False,True,False,False
14.2,27.4,0,201.64,0.6468766958325446,389.08,0,0,0,1,0,0,0,0,0,0,0,1,1,0,0,0,0,0,0,0,0,0,0,0,0,1,0,0,0,0,0,0,0,1,0,0,0,0,0,0,0,0,0,0,1,0,0,5,0,0,0,0,0,0,False,False,False,False,False,False,True,False,False,False,False,False,True
8.4,28.3,1,70.56,1.132727056399229,237.72000000000003,0,0,0,0,0,0,0,0,0,1,0,0,0,0,0,1,1,1,0,0,1,0,0,0,0,0,0,0,0,0,0,0,0,0,0,0,0,0,1,0,0,0,1,1,2,0,2,5,0,0,0,0,0,0,True,False,False,False,False,False,False,False,False,False,False,False,True
4.9,25.9,1,24.010000000000005,-1.321198814738188,126.91,0,0,0,0,0,1,0,0,0,0,0,1,0,1,0,0,0,0,1,0,0,0,0,0,0,0,0,0,0,0,0,0,0,0,0,0,0,0,0,0,0,0,1,0,1,1,0,5,0,0,0,0,0,0,False,False,False,False,False,False,False,False,True,False,False,True,False
5.5,4.8,0,30.25,-0.7252017620168827,26.4,0,0,0,0,0,0,0,0,0,0,1,0,0,1,0,0,0,0,1,0,0,0,0,0,0,0,0,0,0,0,0,0,0,0,0,0,0,0,0,0,0,0,1,0,1,0,0,5,0,0,0,0,0,0,False,False,False,False,False,False,False,False,False,True,False,True,False
15.0,37.0,0,225.0,0.3142530181743326,555.0,0,0,0,1,0,0,0,0,0,0,0,1,1,1,0,0,1,0,0,1,0,0,0,0,0,0,0,0,0,0,0,0,0,0,0,0,0,0,0,0,0,0,2,1,1,0,0,5,1,1,0,0,0,0,False,False,False,False,False,True,False,False,False,False,False,False,True
9.4,29.9,0,88.36000000000001,1.6680681229947365,281.06,0,0,0,0,1,0,0,0,0,0,0,1,0,0,0,0,1,0,0,0,0,0,0,0,0,0,0,0,0,0,0,0,0,0,0,0,0,0,0,0,0,0,0,1,1,0,0,5,0,0,0,0,0,0,False,False,True,False,False,False,False,False,False,False,False,False,True
5.3,45.0,1,28.09,1.6461349756701886,238.5,0,0,0,0,0,0,0,0,0,1,0,0,1,0,1,0,0,0,0,0,0,0,0,0,0,0,0,0,0,0,0,0,0,0,0,0,0,0,0,0,0,0,0,0,2,0,1,5,0,0,0,0,0,0,False,False,False,False,False,False,False,False,True,False,False,True,False
9.9,32.8,0,98.01,-0.44239919006251677,324.71999999999997,0,0,0,0,1,0,0,0,0,0,0,1,0,0,0,1,1,0,0,1,1,1,0,0,0,0,0,0,0,0,0,0,0,0,0,0,0,0,0,0,0,0,2,2,1,0,0,5,0,0,0,1,1,0,False,False,False,False,False,True,False,False,False,False,False,False,True
8.3,36.8,0,68.89000000000001,0.34112105426886824,305.44,0,0,0,0,0,0,0,0,0,1,0,0,0,1,0,0,0,0,1,1,0,1,0,0,0,0,0,0,0,0,0,0,0,0,0,0,0,0,0,0,0,0,2,1,2,0,0,5,0,0,0,0,0,0,False,False,False,True,False,False,False,False,False,False,False,False,True
8.3,32.5,0,68.89000000000001,-0.5226371081304779,269.75,0,1,0,0,0,0,0,0,0,0,0,0,1,0,1,1,0,0,1,1,0,0,0,0,0,0,0,0,0,0,0,0,0,0,0,0,0,0,0,0,0,0,1,0,4,0,0,5,0,1,0,1,0,1,False,False,False,False,True,False,False,False,False,False,False,False,True
8.4,25.6,1,70.56,0.7499537328339467,215.04000000000002,0,1,0,0,0,0,0,0,0,0,0,0,0,1,0,0,0,1,1,1,0,0,0,0,0,0,0,0,0,0,0,0,0,0,0,0,0,0,0,0,0,0,2,0,2,0,1,5,0,0,0,0,0,0,False,True,False,False,False,False,False,False,False,False,False,False,True
3.9,26.8,0,15.209999999999999,1.0118995925815693,104.52,0,0,0,1,0,0,0,0,0,0,0,1,0,1,1,0,0,1,0,0,1,0,0,0,0,0,0,0,0,0,0,0,0,0,0,0,0,0,0,0,0,0,2,0,2,0,0,5,0,0,1,0,0,0,False,True,False,False,False,False,False,False,False,False,False,True,False
8.8,44.7,0,77.44000000000001,1.7014487332752228,393.36000000000007,0,0,0,0,0,0,0,1,0,0,0,0,0,1,0,0,0,0,0,0,0,1,0,0,0,0,0,0,0,0,0,0,0,0,0,0,0,0,0,0,0,0,1,2,0,0,0,5,0,0,0,0,0,0,False,False,False,False,False,True,False,False,False,False,False,False,True
13.2,23.4,1,174.23999999999998,0.10555946264192673,308.87999999999994,0,0,0,0,0,1,0,0,0,0,0,1,0,0,0,0,0,1,0,0,1,1,0,0,0,0,0,0,0,0,0,0,0,0,0,0,0,0,0,0,0,0,1,1,1,0,0,5,0,0,0,0,0,0,True,False,False,False,False,False,False,False,False,False,False,False,True
6.3,32.9,0,39.69,-0.4243836612949725,207.26999999999998,0,0,0,0,0,0,0,0,0,0,1,0,0,0,0,0,0,0,0,0,0,0,1,0,1,0,0,0,1,1,1,0,0,0,0,0,0,0,0,0,0,0,0,0,1,0,0,5,0,0,0,0,0,0,False,False,False,False,False,True,False,False,False,False,False,True,False
5.7,31.3,0,32.49,-0.4822667483400079,178.41,0,0,0,0,0,0,0,0,0,0,1,0,0,0,0,0,1,0,0,0,1,0,0,0,0,1,0,0,0,0,0,0,0,0,1,0,0,0,0,0,0,0,1,1,0,0,0,5,0,0,0,0,0,0,False,False,False,False,False,False,False,False,True,False,False,True,False
11.7,27.0,0,136.89,-1.484239433722994,315.9,0,1,0,0,0,0,0,0,0,0,0,0,0,0,0,1,0,0,1,0,0,0,0,0,0,0,0,0,0,0,0,0,0,0,0,0,0,0,0,0,0,0,0,0,2,0,0,5,0,0,0,0,0,0,False,False,False,False,True,False,False,False,False,False,False,False,True
14.1,21.8,0,198.81,-0.22984220062576324,307.38,0,0,0,0,0,0,0,0,0,0,1,0,1,0,1,0,0,0,1,0,0,1,0,0,0,0,0,0,0,0,0,0,0,0,0,0,0,0,0,0,0,0,0,1,3,0,0,5,0,0,0,0,0,1,True,False,False,False,False,False,False,False,False,False,False,False,True
8.3,32.0,0,68.89000000000001,-0.4793291547088093,265.6,0,1,0,0,0,0,0,0,0,0,0,0,1,0,0,0,0,0,0,0,0,0,0,0,0,0,0,0,0,0,0,0,0,0,0,0,0,0,0,0,0,0,0,0,1,0,0,5,0,0,0,0,0,0,False,False,False,True,False,False,False,False,False,False,False,False,True
9.9,15.3,1,98.01,-1.5924114576507555,151.47,0,0,0,0,0,1,0,0,0,0,0,1,1,0,0,0,0,1,0,0,1,1,0,0,0,0,0,0,0,0,0,0,0,0,0,0,0,0,0,0,0,0,1,1,2,0,1,5,0,0,0,0,0,0,True,False,False,False,False,False,False,False,False,False,False,False,True
11.9,13.8,1,141.61,-0.7379320276672228,164.22000000000003,0,0,0,1,0,0,0,0,0,0,0,1,0,0,0,1,0,0,0,0,0,0,0,0,0,0,0,0,0,0,0,0,0,0,0,0,0,0,0,0,0,0,0,0,1,0,1,5,0,0,0,0,0,0,False,False,False,False,False,False,True,False,False,False,False,False,True
4.9,6.0,0,24.010000000000005,-0.10853772190720878,29.400000000000002,0,0,0,1,0,0,0,0,0,0,0,1,0,1,0,1,0,0,1,0,0,0,0,0,0,0,0,0,0,0,0,0,0,0,0,0,0,0,0,0,0,0,1,0,2,0,0,5,0,0,0,0,0,0,False,False,False,False,False,False,False,False,False,True,False,True,False
11.4,36.0,0,129.96,0.2479148650065558,410.40000000000003,0,0,0,0,1,0,0,0,0,0,0,1,0,1,0,0,1,1,0,0,1,1,0,0,0,0,0,0,0,0,0,0,0,0,0,0,0,0,0,0,0,0,2,2,1,0,0,5,0,0,0,0,1,0,False,False,False,False,False,False,False,False,True,False,False,False,True
4.3,30.4,1,18.49,1.7743682360320299,130.72,0,0,0,0,0,1,0,0,0,0,0,1,0,0,0,1,0,0,0,0,0,0,0,0,0,0,0,0,0,0,0,0,0,0,0,0,0,0,0,0,0,0,0,0,1,0,1,5,0,0,0,0,0,0,False,False,True,False,False,False,False,False,False,False,False,True,False
9.5,27.8,0,90.25,1.221607648238104,264.1,0,0,0,0,0,0,0,0,0,0,1,0,1,0,0,0,1,1,0,0,0,0,0,0,0,0,0,0,0,0,0,0,0,0,0,0,0,0,0,0,0,0,0,1,3,0,0,5,0,0,0,0,0,0,False,False,True,False,False,False,False,False,False,False,False,False,True
1.2,10.5,0,1.44,-1.0739517914576076,12.6,0,1,0,0,0,0,0,0,0,0,0,0,0,1,0,0,0,0,0,0,0,0,1,0,0,0,0,0,0,0,0,0,0,0,0,0,0,0,0,0,0,0,1,0,1,0,0,5,0,0,0,0,0,0,False,False,False,False,False,False,True,False,False,False,False,True,False
13.0,25.0,0,169.0,-1.461020825804551,325.0,0,0,0,0,0,0,0,0,0,0,1,0,0,1,0,0,0,1,0,1,0,0,0,0,0,0,0,0,0,0,0,0,0,0,0,0,0,0,0,0,0,0,4,0,1,0,0,5,0,0,0,0,0,0,False,False,False,False,False,False,False,False,True,False,False,False,True
10.8,13.8,0,116.64000000000001,-0.7379320276672228,149.04000000000002,0,0,0,1,0,0,0,0,0,0,0,1,0,0,0,0,0,0,0,0,0,0,0,0,0,1,0,0,0,0,0,0,0,0,0,0,0,0,0,0,0,0,0,0,0,0,0,5,0,0,0,0,0,0,False,False,False,False,False,False,True,False,False,False,False,False,True
11.8,23.4,0,139.24,0.10555946264192673,276.12,0,0,0,0,0,0,1,0,0,0,0,1,1,1,0,1,0,0,0,0,0,0,0,0,0,0,0,0,0,0,0,0,0,0,0,0,0,0,0,0,0,0,1,0,3,0,0,5,1,0,0,0,0,0,True,False,False,False,False,False,False,False,False,False,False,False,True
4.3,22.9,0,18.49,0.16057554840179522,98.46999999999998,0,0,0,0,0,0,0,0,0,1,0,0,0,1,0,0,1,0,0,1,0,0,0,0,0,0,0,0,0,0,0,0,0,0,0,0,0,0,0,0,0,0,3,1,0,0,0,5,0,0,0,0,0,0,False,True,False,False,False,False,False,False,False,False,False,True,False
0.5,6.6,0,0.25,0.19979429814762795,3.3,0,0,0,0,0,0,1,0,0,0,0,1,1,0,0,0,0,1,1,1,1,0,0,0,0,0,0,0,0,0,0,0,0,0,0,0,0,0,0,0,0,0,2,0,3,0,0,5,0,1,0,0,0,0,False,False,False,False,False,False,False,False,False,True,True,False,False
5.9,7.4,0,34.81,0.6109036582207442,43.660000000000004,0,0,0,0,0,0,0,1,0,0,0,0,0,0,0,1,1,0,0,1,1,0,0,0,0,0,0,0,0,0,0,0,0,0,0,0,0,0,0,0,0,0,2,1,1,0,0,5,0,0,0,1,0,0,False,False,False,False,False,False,False,False,False,True,False,True,False
12.2,8.8,1,148.83999999999997,1.3303450383486972,107.36,0,0,0,0,0,1,0,0,0,0,0,1,0,0,0,0,0,0,0,0,0,0,1,0,1,0,0,0,1,1,1,0,0,0,0,0,0,0,0,0,0,0,0,0,1,0,0,5,0,0,0,0,0,0,False,False,False,False,False,False,False,False,False,True,False,False,True
12.0,32.3,0,144.0,-0.5576044654247517,387.59999999999997,0,0,0,0,0,0,0,1,0,0,0,0,1,0,0,0,0,1,1,1,0,0,0,0,0,0,0,0,0,0,0,0,0,0,0,0,0,0,0,0,0,0,2,0,3,0,0,5,0,1,0,0,0,0,False,False,False,False,True,False,False,False,False,False,False,False,True
5.0,30.3,0,25.0,-0.6376245384137449,151.5,0,0,0,0,0,0,0,0,0,0,1,0,0,0,0,0,0,0,0,0,0,0,0,0,0,0,0,0,0,0,0,0,0,0,0,1,0,0,0,0,0,0,0,0,0,0,0,5,0,0,0,0,0,0,False,False,False,False,False,False,False,False,True,False,False,True,False
7.9,32.3,0,62.410000000000004,-0.5324768339002369,255.17,0,1,0,0,0,0,0,0,0,0,0,0,0,0,1,0,0,0,1,1,1,0,0,0,0,0,0,0,0,0,0,0,0,0,0,0,0,0,0,0,0,0,2,0,3,0,0,5,0,0,1,0,0,1,False,False,False,False,False,True,False,False,False,False,False,False,True
15.3,40.4,0,234.09000000000003,0.9314891413309982,618.12,0,0,0,0,0,0,0,0,1,0,0,1,0,0,0,0,0,1,0,0,0,0,0,1,0,0,0,1,0,0,0,1,1,0,0,0,0,0,0,0,0,0,0,0,2,0,0,5,0,0,0,0,0,0,False,False,False,False,False,False,False,False,True,False,False,False,True
2.5,26.3,0,6.25,0.9027554843533931,65.75,0,0,0,0,0,0,0,0,0,1,0,0,0,0,0,0,0,0,1,0,0,0,0,0,0,0,0,0,0,0,0,0,0,0,0,0,0,0,0,0,0,0,0,0,1,0,0,5,0,0,0,0,0,0,False,True,False,False,False,False,False,False,False,False,False,True,False
14.4,22.1,0,207.36,-0.014055024763285929,318.24,0,0,0,0,0,0,0,0,0,0,1,0,0,0,0,0,0,0,0,0,0,0,0,1,0,0,0,0,0,0,0,0,0,0,0,0,0,0,0,0,0,0,0,0,1,0,0,5,0,0,0,0,0,0,False,True,False,False,False,False,False,False,False,False,False,False,True
14.5,38.8,0,210.25,0.6829166772130189,562.5999999999999,0,1,0,0,0,0,0,0,0,0,0,0,0,0,0,0,0,1,0,0,0,0,0,1,0,0,0,1,0,0,0,1,1,0,0,0,0,0,0,0,0,0,0,0,2,0,0,5,0,0,0,0,0,0,False,False,False,False,False,False,False,False,True,False,False,False,True
8.7,21.1,0,75.68999999999998,-0.20281386646162958,183.57,0,0,0,0,1,0,0,0,0,0,0,1,0,0,0,1,0,0,0,0,1,1,0,0,0,0,0,0,0,0,0,0,0,0,0,0,0,0,0,0,0,0,1,1,1,0,0,5,0,0,0,0,0,0,False,False,True,False,False,False,False,False,False,False,False,False,True
9.3,4.5,0,86.49000000000001,-0.879367772044301,41.85,0,0,0,0,0,0,0,1,0,0,0,0,0,1,0,0,1,1,0,0,0,1,0,0,0,0,0,0,0,0,0,0,0,0,0,0,0,0,0,0,0,0,2,2,1,0,0,5,0,0,0,0,1,0,False,False,False,False,False,False,False,False,False,True,False,False,True
12.8,28.7,0,163.84000000000003,0.7792481179317872,367.36,0,0,0,1,0,0,0,0,0,0,0,1,1,0,0,0,0,0,0,0,0,0,0,0,0,1,0,0,0,0,0,0,0,1,0,0,0,0,0,0,0,0,0,0,1,0,0,5,0,0,0,0,0,0,False,False,False,False,False,False,True,False,False,False,False,False,True
10.1,43.1,0,102.00999999999999,1.4132002729945181,435.31,0,1,0,0,0,0,0,0,0,0,0,0,1,1,0,0,0,0,1,1,0,0,0,0,0,0,0,0,0,0,0,0,0,0,0,0,0,0,0,0,0,0,2,0,2,0,0,5,1,1,0,0,0,0,False,False,False,False,False,True,False,False,False,False,False,False,True
0.5,3.6,0,0.25,-1.277896392758936,1.8,0,0,0,1,0,0,0,0,0,0,0,1,0,0,0,0,0,1,1,0,0,1,0,0,0,0,0,0,0,0,0,0,0,0,0,0,0,0,0,0,0,0,0,2,3,0,0,5,0,0,0,0,0,0,False,False,False,False,False,False,False,True,False,False,True,False,False
9.9,8.0,0,98.01,0.919235678275581,79.2,0,0,0,0,0,0,0,0,0,0,1,0,1,0,0,0,1,0,1,0,1,0,0,0,0,0,0,0,0,0,0,0,0,0,0,0,0,0,0,0,0,0,1,1,3,0,0,5,0,0,0,0,0,0,False,False,False,False,False,False,False,False,False,True,False,False,True
3.3,25.0,0,10.889999999999999,-1.461020825804551,82.5,0,0,1,0,0,0,0,0,0,0,0,0,0,1,1,0,0,0,0,0,0,1,0,0,0,0,0,0,0,0,0,0,0,0,0,0,0,0,0,0,0,0,2,1,1,0,0,5,0,0,0,0,0,0,False,False,False,False,False,False,False,False,True,False,False,True,False
3.6,35.6,1,12.96,0.13600850202444945,128.16,0,0,0,0,0,1,0,0,0,0,0,1,1,0,0,0,0,0,0,0,0,0,0,0,0,0,1,0,0,0,0,0,0,0,0,0,0,0,0,0,0,0,0,0,1,0,0,5,0,0,0,0,0,0,False,False,False,True,False,False,False,False,False,False,False,True,False
10.2,37.8,0,104.03999999999999,0.4039978601677645,385.55999999999995,0,1,0,0,0,0,0,0,0,0,0,0,0,0,0,0,0,0,0,0,0,0,1,0,0,0,0,0,0,0,0,0,1,0,0,0,0,0,0,0,0,0,0,0,1,0,0,5,0,0,0,0,0,0,False,False,False,False,True,False,False,False,False,False,False,False,True
9.7,39.7,0,94.08999999999999,0.822738688279383,385.09,0,1,0,0,0,0,0,0,0,0,0,0,0,1,0,0,0,0,0,0,0,0,0,0,0,0,0,0,0,0,0,0,0,0,0,0,0,0,0,0,0,0,1,0,0,0,0,5,0,0,0,0,0,0,False,False,False,False,False,False,False,False,True,False,False,False,True
7.8,37.1,0,60.839999999999996,0.3322685469418769,289.38,0,0,0,0,0,0,0,0,0,0,1,0,1,0,0,0,0,0,0,0,0,1,0,0,0,1,0,0,0,0,0,0,0,0,0,0,0,0,0,0,0,0,0,1,1,0,0,5,0,0,0,0,0,0,False,False,False,False,False,True,False,False,False,False,False,False,True
8.7,36.3,0,75.68999999999998,0.25565749083369343,315.80999999999995,0,0,1,0,0,0,0,0,0,0,0,0,0,0,0,0,0,1,0,0,0,0,0,0,0,0,0,0,0,0,0,0,0,0,0,0,0,0,0,0,0,0,0,0,1,0,0,5,0,0,0,0,0,0,False,False,False,True,False,False,False,False,False,False,False,False,True
3.6,4.0,0,12.96,-1.071997343519137,14.4,0,1,0,0,0,0,0,0,0,0,0,0,0,0,0,0,0,0,0,0,0,0,0,0,0,0,0,0,0,0,0,0,0,0,0,0,0,0,0,0,0,0,0,0,0,0,0,5,0,0,0,0,0,0,False,False,False,False,False,False,False,True,False,False,False,True,False
2.4,32.1,0,5.76,1.9293060066599939,77.04,0,0,0,0,0,0,0,0,0,1,0,0,1,0,0,0,0,0,0,0,0,0,0,1,0,1,0,0,0,0,0,0,0,0,0,0,0,0,0,0,0,0,0,0,2,0,0,5,0,0,0,0,0,0,True,False,False,False,False,False,False,False,False,False,False,True,False
2.2,6.0,0,4.840000000000001,-0.042502097320142075,13.200000000000001,0,1,0,0,0,0,0,0,0,0,0,0,0,0,0,0,1,0,1,0,0,1,0,0,0,0,0,0,0,0,0,0,0,0,0,0,0,0,0,0,0,0,0,3,1,0,0,5,0,0,0,0,1,0,False,False,False,False,False,False,False,True,False,False,False,True,False
4.7,32.1,0,22.090000000000003,-0.3579805162810182,150.87,0,0,0,1,0,0,0,0,0,0,0,1,0,0,1,0,0,0,0,1,0,1,0,0,0,0,0,0,0,0,0,0,0,0,0,0,0,0,0,0,0,0,2,1,1,0,0,5,0,0,0,0,0,0,False,False,False,False,False,False,False,False,True,False,False,True,False
9.3,11.9,0,86.49000000000001,-0.931397952273808,110.67000000000002,0,0,0,1,0,0,0,0,0,0,0,1,0,0,0,0,0,0,0,0,0,0,0,0,0,1,0,0,0,0,0,0,0,0,0,0,0,0,0,0,0,0,0,0,0,0,0,5,0,0,0,0,0,0,False,False,False,False,False,False,True,False,False,False,False,False,True
2.7,29.6,0,7.290000000000001,-0.7463749914653606,79.92000000000002,0,0,0,0,1,0,0,0,0,0,0,1,0,1,0,0,1,0,0,1,1,0,0,0,0,0,0,0,0,0,0,0,0,0,0,0,0,0,0,0,0,0,4,1,0,0,0,5,0,0,0,0,0,0,False,False,False,False,False,False,False,False,True,False,False,True,False
2.9,17.9,1,8.41,-0.9308655338799658,51.91,0,0,0,0,0,1,0,0,0,0,0,1,0,0,0,0,0,1,0,0,0,0,0,0,0,0,0,0,0,0,0,0,0,0,0,0,0,0,0,0,0,0,0,0,1,0,0,5,0,0,0,0,0,0,False,True,False,False,False,False,False,False,False,False,False,True,False
10.1,36.5,1,102.00999999999999,0.3255937600434243,368.65,0,0,0,0,0,0,0,0,0,1,0,0,0,1,0,0,0,0,0,0,0,0,0,0,0,0,0,0,0,0,0,0,0,0,0,0,0,1,0,0,0,0,1,0,0,0,0,5,0,0,0,0,0,0,False,False,False,False,False,False,False,False,True,False,False,False,True
1.9,41.9,0,3.61,1.1645258264416036,79.61,0,0,0,0,0,0,0,0,0,0,1,0,0,0,0,0,0,0,0,0,0,0,0,0,0,0,0,0,0,0,0,0,0,0,0,0,0,0,0,0,0,0,0,0,0,0,0,5,0,0,0,0,0,0,False,False,False,False,False,False,False,False,True,False,False,True,False
8.7,37.2,0,75.68999999999998,0.4343442130950406,323.64,0,0,0,0,0,0,0,0,0,1,0,0,0,0,0,0,0,0,0,0,0,0,0,0,0,1,0,0,0,0,0,0,0,0,0,0,0,0,0,0,0,0,0,0,0,0,0,5,0,0,0,0,0,0,False,False,False,False,False,False,False,False,True,False,False,False,True
4.3,24.8,1,18.49,0.5838069700143426,106.64,0,0,0,0,0,1,0,0,0,0,0,1,0,0,0,1,0,0,0,0,0,0,0,0,0,0,0,0,0,0,0,0,0,0,0,0,0,0,0,0,0,0,0,0,1,0,1,5,0,0,0,0,0,0,False,False,True,False,False,False,False,False,False,False,False,True,False
9.3,5.8,1,86.49000000000001,-0.14545162194004166,53.940000000000005,0,0,0,0,1,0,0,0,0,0,0,1,0,0,1,0,1,1,0,0,1,0,0,0,0,0,0,0,0,0,0,0,0,0,0,0,0,0,0,0,0,0,1,1,2,0,0,5,0,0,1,0,0,0,False,False,False,False,False,False,False,True,False,False,False,False,True
8.8,8.6,1,77.44000000000001,1.295841722738551,75.68,0,1,0,0,0,0,0,0,0,0,0,0,0,0,0,1,0,0,0,0,0,0,0,0,0,0,0,0,0,0,0,0,0,0,0,0,0,0,0,0,0,0,0,0,1,0,1,5,0,0,0,0,0,0,False,False,False,False,False,False,False,True,False,False,False,False,True
6.6,8.9,0,43.559999999999995,1.3817337083578365,58.74,0,0,1,0,0,0,0,0,0,0,0,0,1,0,0,1,1,0,1,0,0,1,0,0,0,0,0,0,0,0,0,0,0,0,0,0,0,0,0,0,0,0,0,2,3,0,0,5,0,0,0,0,1,0,False,False,False,False,False,False,False,False,False,True,False,True,False
1.2,38.7,0,1.44,0.6673808982056461,46.440000000000005,0,0,1,0,0,0,0,0,0,0,0,0,0,0,0,0,1,1,1,0,0,1,0,0,0,0,0,0,0,0,0,0,0,0,0,0,0,0,0,0,0,0,0,2,2,0,0,5,0,0,0,0,1,0,False,False,False,False,False,False,False,False,True,False,False,True,False
5.9,11.4,1,34.81,-0.9823100376965935,67.26,0,0,0,0,0,1,0,0,0,0,0,1,1,1,0,0,1,1,0,0,0,0,0,0,0,0,0,0,0,0,0,0,0,0,0,0,0,0,0,0,0,0,1,1,3,0,0,5,1,0,0,0,0,0,False,False,False,False,False,False,True,False,False,False,False,True,False
9.6,24.1,0,92.16,-1.9912661144899568,231.36,0,0,0,0,0,0,0,0,0,1,0,0,1,0,0,0,0,0,0,0,0,0,0,0,0,0,0,0,0,0,0,0,0,0,0,0,0,0,0,0,0,0,0,0,1,0,0,5,0,0,0,0,0,0,False,False,False,False,True,False,False,False,False,False,False,False,True
0.5,30.0,0,0.25,1.7104218852418962,15.0,0,0,0,0,0,0,0,0,0,0,1,0,0,0,1,1,0,1,1,1,0,0,0,0,0,0,0,0,0,0,0,0,0,0,0,0,0,0,0,0,0,0,1,0,4,0,0,5,0,0,0,1,0,1,False,True,False,False,False,False,False,False,False,False,True,False,False
5.4,3.8,0,29.160000000000004,-1.2390884621082776,20.52,0,0,1,0,0,0,0,0,0,0,0,0,0,1,0,0,1,0,0,1,0,1,0,0,0,0,0,0,0,0,0,0,0,0,0,0,0,0,0,0,0,0,2,2,0,0,0,5,0,0,0,0,1,0,False,False,False,False,False,False,False,False,False,True,False,True,False
7.7,25.8,0,59.290000000000006,-1.6940435774886338,198.66,0,1,0,0,0,0,0,0,0,0,0,0,1,0,0,0,0,0,0,0,0,0,0,0,0,1,0,0,0,0,0,0,0,1,0,0,0,0,0,0,0,0,0,0,1,0,0,5,0,0,0,0,0,0,False,False,False,False,True,False,False,False,False,False,False,False,True
8.4,37.9,0,70.56,0.5291408938262531,318.36,0,0,1,0,0,0,0,0,0,0,0,0,1,1,0,0,0,1,0,0,0,0,0,0,0,0,0,0,0,0,0,0,0,0,0,0,0,0,0,0,0,0,1,0,2,0,0,5,1,0,0,0,0,0,False,False,False,True,False,False,False,False,False,False,False,False,True
5.2,38.9,0,27.040000000000003,0.6565480647576688,202.28,0,1,0,0,0,0,0,0,0,0,0,0,1,0,1,1,0,0,0,1,0,0,0,0,0,0,0,0,0,0,0,0,0,0,0,0,0,0,0,0,0,0,1,0,3,0,0,5,0,1,0,1,0,0,False,False,False,False,False,True,False,False,False,False,False,True,False
2.1,43.5,0,4.41,1.413098290559583,91.35000000000001,0,0,0,0,0,0,0,0,0,0,1,0,0,0,0,0,0,0,0,0,0,0,0,0,0,0,0,0,0,0,0,0,0,0,0,0,0,0,0,0,0,0,0,0,0,0,0,5,0,0,0,0,0,0,False,False,False,False,False,False,False,False,True,False,False,True,False
11.7,24.6,0,136.89,0.5316655163775946,287.82,0,0,0,0,0,0,0,0,1,0,0,1,0,1,0,1,0,1,1,0,0,0,0,0,0,0,0,0,0,0,0,0,0,0,0,0,0,0,0,0,0,0,1,0,3,0,0,5,0,0,0,0,0,0,False,True,False,False,False,False,False,False,False,False,False,False,True
13.2,7.3,0,174.23999999999998,0.5595149882116044,96.36,0,0,0,0,1,0,0,0,0,0,0,1,1,0,0,0,0,0,0,0,0,0,1,1,0,1,0,0,0,0,0,0,0,0,0,0,0,0,0,0,0,0,0,0,4,0,0,5,0,0,0,0,0,0,False,False,False,False,False,False,False,False,False,True,False,False,True
6.5,37.8,0,42.25,0.4583772483146843,245.7,0,0,0,0,0,0,0,0,1,0,0,1,0,0,0,0,0,1,0,1,0,0,0,0,0,0,0,0,0,0,0,0,0,0,0,0,0,0,0,0,0,0,1,0,2,0,0,5,0,0,0,1,0,0,False,False,False,False,False,True,False,False,False,False,False,True,False
2.8,41.5,0,7.839999999999999,1.0508939701118214,116.19999999999999,0,0,0,0,0,0,0,0,0,1,0,0,1,0,0,0,0,0,0,0,0,0,0,0,0,0,0,0,0,0,0,0,0,0,0,0,0,0,0,0,0,0,0,0,1,0,0,5,0,0,0,0,0,0,False,False,False,False,True,False,False,False,False,False,False,True,False
10.8,34.9,0,116.64000000000001,0.016359513215204253,376.92,0,1,0,0,0,0,0,0,0,0,0,0,0,0,0,0,0,1,1,1,1,0,0,0,0,0,0,0,0,0,0,0,0,0,0,0,0,0,0,0,0,0,2,0,3,0,0,5,0,0,0,0,0,0,False,False,False,True,False,False,False,False,False,False,False,False,True
3.9,19.6,1,15.209999999999999,-0.5217142055735102,76.44,0,0,0,0,0,1,0,0,0,0,0,1,0,1,0,0,0,0,0,0,0,1,0,0,0,0,0,0,0,0,0,0,0,0,0,0,0,0,0,0,0,0,3,1,0,0,0,5,0,0,0,0,0,0,False,False,True,False,False,False,False,False,False,False,False,True,False
4.2,35.4,0,17.64,0.02600455789362802,148.68,0,1,0,0,0,0,0,0,0,0,0,0,1,0,0,1,1,0,0,0,1,1,0,0,0,0,0,0,0,0,0,0,0,0,0,0,0,0,0,0,0,0,1,2,2,0,0,5,0,0,0,0,1,0,False,False,False,False,False,True,False,False,False,False,False,True,False
12.3,45.0,0,151.29000000000002,1.6461349756701886,553.5,0,0,0,0,0,0,0,0,1,0,0,1,0,0,1,1,0,0,0,0,0,0,0,0,0,0,0,0,0,0,0,0,0,0,0,0,0,0,0,0,0,0,0,0,4,0,0,5,0,0,0,0,0,0,False,False,False,False,False,False,False,False,True,False,False,False,True
9.1,45.0,0,82.80999999999999,1.7427234946057353,409.5,0,0,1,0,0,0,0,0,0,0,0,0,1,1,0,0,0,1,0,0,0,0,0,0,0,0,0,0,0,0,0,0,0,0,0,0,0,0,0,0,0,0,1,0,2,0,0,5,1,0,0,0,0,0,False,False,False,True,False,False,False,False,False,False,False,False,True
12.6,12.6,0,158.76,-0.8601210326819082,158.76,0,0,0,0,0,0,0,0,1,0,0,1,0,0,0,0,0,0,0,0,0,0,0,0,0,0,0,0,0,0,0,0,0,0,0,0,1,0,0,0,0,0,0,0,0,0,0,5,0,0,0,0,0,0,False,False,False,False,False,False,True,False,False,False,False,False,True
2.7,36.0,0,7.290000000000001,0.08929164451930514,97.2,0,0,0,0,0,0,0,0,1,0,0,1,0,0,0,1,1,1,1,0,0,0,0,0,0,0,0,0,0,0,0,0,0,0,0,0,0,0,0,0,0,0,0,2,3,0,0,5,0,0,0,0,0,0,False,False,False,False,True,False,False,False,False,False,False,True,False
9.3,29.9,0,86.49000000000001,-0.8382761211365437,278.07,0,1,0,0,0,0,0,0,0,0,0,0,1,1,0,0,0,0,0,1,0,0,0,0,0,0,0,0,0,0,0,0,0,0,0,1,0,0,0,0,0,0,2,0,1,0,0,5,1,1,0,0,0,0,False,False,False,True,False,False,False,False,False,False,False,False,True
7.6,25.6,0,57.76,-1.7395172613256855,194.56,0,0,0,0,0,0,1,0,0,0,0,1,0,0,0,0,0,0,1,0,0,0,0,0,0,0,0,0,0,0,0,0,1,0,0,0,0,0,0,0,0,0,0,0,1,0,0,5,0,0,0,0,0,0,False,False,False,False,False,True,False,False,False,False,False,False,True
8.6,26.2,1,73.96,0.6925123733603851,225.32,0,0,0,0,1,0,0,0,0,0,0,1,0,0,0,1,0,0,0,0,0,0,0,0,0,0,0,0,0,0,0,0,0,0,0,0,0,0,0,0,0,0,0,0,1,0,1,5,0,0,0,0,0,0,True,False,False,False,False,False,False,False,False,False,False,False,True
4.1,7.8,1,16.81,0.8840436242589532,31.979999999999997,0,1,0,0,0,0,0,0,0,0,0,0,0,0,0,0,0,0,0,0,0,0,0,0,0,0,0,0,0,0,0,0,0,0,0,0,0,0,1,0,0,0,0,0,0,0,2,5,0,0,0,0,0,0,False,False,False,False,False,False,False,True,False,False,False,True,False
6.0,22.8,0,36.0,0.15860651786516836,136.8,0,0,0,0,1,0,0,0,0,0,0,1,0,0,0,0,1,1,0,0,0,1,0,0,0,0,0,0,0,0,0,0,0,0,0,0,0,0,0,0,0,0,0,2,1,0,0,5,0,0,0,0,1,0,False,False,True,False,False,False,False,False,False,False,False,True,False
10.7,40.2,0,114.48999999999998,0.8236061476990453,430.14,0,0,0,0,0,0,0,0,1,0,0,1,1,0,0,0,0,0,0,0,0,0,0,0,0,0,0,0,0,0,0,0,0,0,0,0,0,0,0,0,0,0,0,0,3,0,0,5,0,0,0,0,0,0,False,False,False,False,True,False,False,False,False,False,False,False,True
2.6,21.1,1,6.760000000000001,0.005384419505446691,54.86000000000001,0,0,0,0,0,1,0,0,0,0,0,1,0,0,0,0,1,0,0,0,0,0,0,0,0,0,0,0,0,0,0,0,0,0,0,0,0,0,0,0,0,0,0,1,0,0,0,5,0,0,0,0,0,0,False,False,False,False,False,False,True,False,False,False,False,True,False
10.2,40.9,0,104.03999999999999,1.0419222744373018,417.17999999999995,0,0,0,0,0,0,0,0,0,1,0,0,1,0,0,1,0,1,0,1,0,0,0,0,0,0,0,0,0,0,0,0,0,0,0,0,0,0,0,0,0,0,1,0,3,1,0,5,0,1,0,1,0,0,False,False,False,True,False,False,False,False,False,False,False,False,True
9.1,16.6,0,82.80999999999999,-1.214640215273223,151.06,0,1,0,0,0,0,0,0,0,0,0,0,1,0,0,0,0,0,0,0,0,0,0,0,0,0,0,0,0,0,0,0,0,0,0,1,0,0,0,0,0,0,0,0,1,0,0,5,0,0,0,0,0,0,False,True,False,False,False,False,False,False,False,False,False,False,True
4.2,20.8,0,17.64,-0.26659393428400585,87.36000000000001,0,0,0,0,0,0,0,0,0,0,1,0,0,0,0,1,0,0,1,0,0,1,0,0,0,0,0,0,0,0,0,0,0,0,0,0,0,0,0,0,0,0,0,2,2,0,0,5,0,0,0,0,0,0,False,False,True,False,False,False,False,False,False,False,False,True,False
0.8,42.0,1,0.6400000000000001,1.2299421139946867,33.6,0,0,0,0,0,1,0,0,0,0,0,1,0,0,0,0,0,0,0,0,0,0,0,0,0,0,0,0,0,0,0,0,0,0,0,0,0,0,0,0,0,0,0,0,0,0,0,5,0,0,0,0,0,0,False,False,False,True,False,False,False,False,False,False,True,False,False
11.0,38.9,0,121.0,0.6984524562203928,427.9,0,0,0,0,1,0,0,0,0,0,0,1,0,0,0,0,0,0,0,1,0,0,0,0,0,0,0,0,0,0,0,0,0,0,0,0,0,0,0,0,0,0,1,0,0,0,0,5,0,0,0,0,0,0,False,False,False,False,False,False,False,False,True,False,False,False,True
1.3,10.1,0,1.6900000000000002,-1.114681459795836,13.13,0,1,0,0,0,0,0,0,0,0,0,0,0,1,0,0,0,0,0,0,0,0,1,0,0,0,0,0,0,0,0,0,0,0,0,0,0,0,0,0,0,0,1,0,1,0,0,5,0,0,0,0,0,0,False,False,False,False,False,False,True,False,False,False,False,True,False
4.9,37.7,0,24.010000000000005,0.49495546845218386,184.73000000000002,0,0,0,0,0,0,0,0,0,1,0,0,0,1,0,0,0,0,0,0,0,0,0,1,0,0,0,0,0,0,0,0,0,0,0,0,0,0,0,0,0,1,1,0,1,0,0,5,0,0,0,0,0,0,False,False,False,True,False,False,False,False,False,False,False,True,False
14.8,18.2,0,219.04000000000002,-0.8653790689430599,269.36,0,0,0,0,0,0,0,1,0,0,0,0,0,1,0,0,0,0,0,0,0,0,0,1,0,1,0,0,0,0,0,0,0,0,0,0,0,0,0,0,0,1,1,0,1,0,0,5,0,0,0,0,0,0,False,True,False,False,False,False,False,False,False,False,False,False,True
1.6,24.1,1,2.5600000000000005,0.4349868117621318,38.56,0,0,0,0,0,0,0,0,0,1,0,0,1,0,0,0,0,0,0,0,0,0,0,0,0,0,0,1,0,0,0,0,0,0,0,0,0,0,0,0,0,0,0,0,1,0,2,5,0,0,0,0,0,0,False,False,True,False,False,False,False,False,False,False,False,True,False
11.5,20.9,0,132.25,-0.2453339116765476,240.35,0,1,0,0,0,0,0,0,0,0,0,0,1,1,0,0,0,1,0,0,0,0,0,0,0,0,0,0,0,0,0,0,0,0,0,0,0,0,0,0,0,0,1,0,2,0,0,5,1,0,0,0,0,0,False,False,True,False,False,False,False,False,False,False,False,False,True
8.3,27.7,0,68.89000000000001,1.208358987392286,229.91000000000003,0,1,0,0,0,0,0,0,0,0,0,0,0,0,0,0,0,0,0,0,0,0,1,0,0,0,0,0,0,0,0,0,0,0,0,0,0,0,0,0,0,0,0,0,1,0,0,5,0,0,0,0,0,0,False,True,False,False,False,False,False,False,False,False,False,False,True
2.3,5.8,0,5.289999999999999,-1.552525394431792,13.339999999999998,0,0,0,0,0,0,0,1,0,0,0,0,0,1,0,0,0,0,0,0,0,0,0,0,1,0,0,0,0,0,0,0,0,0,0,0,0,0,0,0,0,0,1,0,0,0,0,5,0,0,0,0,0,0,False,False,False,False,False,False,True,False,False,False,False,True,False
6.3,41.2,0,39.69,1.070905226411182,259.56,0,0,0,0,0,0,1,0,0,0,0,1,0,1,0,0,0,1,1,0,1,0,0,0,0,0,0,0,0,0,0,0,0,0,0,0,0,0,0,0,0,0,3,0,2,0,0,5,0,0,0,0,0,0,False,False,False,False,False,True,False,False,False,False,False,True,False
0.7,26.8,0,0.48999999999999994,-1.5192067910172673,18.759999999999998,0,0,0,0,0,0,0,0,1,0,0,1,0,0,0,0,0,0,0,0,0,0,0,0,0,1,0,0,0,0,0,0,0,0,0,0,0,0,0,0,0,0,0,0,0,0,0,5,0,0,0,0,0,0,False,False,False,False,True,False,False,False,False,False,True,False,False
1.8,38.1,0,3.24,0.4564488961091752,68.58,0,0,0,0,0,0,0,0,0,0,1,0,1,0,0,1,0,0,0,0,0,0,0,0,0,0,0,0,0,0,0,1,0,0,0,0,0,0,0,0,0,0,0,0,2,0,0,5,0,0,0,0,0,0,False,False,False,False,True,False,False,False,False,False,False,True,False
12.9,10.0,1,166.41,1.9470090784583707,129.0,0,0,0,0,0,0,0,0,1,0,0,1,1,0,0,0,0,1,1,0,0,0,0,0,0,0,0,0,0,0,0,0,0,0,0,0,0,0,0,0,0,0,1,0,3,0,1,5,0,0,0,0,0,0,False,False,False,False,False,False,False,False,False,True,False,False,True
8.0,7.0,0,64.0,0.4053489781841861,56.0,0,1,0,0,0,0,0,0,0,0,0,0,0,1,0,0,1,0,0,1,1,0,0,0,0,0,0,0,0,0,0,0,0,0,0,0,0,0,0,0,0,0,3,1,0,1,0,5,0,0,0,0,0,0,False,False,False,False,False,False,False,False,False,True,False,False,True
8.3,28.1,0,68.89000000000001,1.2956742739748273,233.23000000000002,0,1,0,0,0,0,0,0,0,0,0,0,0,0,0,1,1,0,0,1,1,1,0,0,0,0,0,0,0,0,0,0,0,0,0,0,0,0,0,0,0,0,2,2,1,0,0,5,0,0,0,1,1,0,False,True,False,False,False,False,False,False,False,False,False,False,True
0.5,32.6,0,0.25,-0.505153429483341,16.3,0,0,0,0,1,0,0,0,0,0,0,1,0,1,0,0,0,0,0,0,1,1,0,0,0,0,0,0,0,0,0,0,0,0,0,0,0,0,0,0,0,0,3,2,0,0,0,5,0,0,0,0,0,0,False,False,False,False,True,False,False,False,False,False,True,False,False
6.2,26.1,0,38.440000000000005,0.5145052737333025,161.82000000000002,0,0,0,0,0,0,1,0,0,0,0,1,0,1,0,0,1,0,0,0,0,0,0,0,0,0,0,0,0,0,0,0,0,0,0,0,1,0,0,0,0,0,1,1,0,1,0,5,0,0,0,0,0,0,False,False,False,False,False,False,True,False,False,False,False,True,False
13.1,6.7,1,171.60999999999999,0.3178212388495062,87.77,0,0,0,0,0,1,0,0,0,0,0,1,0,1,0,0,1,0,0,0,0,0,0,0,0,0,0,0,0,0,0,0,0,0,0,0,0,0,0,0,0,0,1,2,0,0,0,5,0,0,0,0,0,0,False,False,False,False,False,False,False,True,False,False,False,False,True
8.8,35.2,0,77.44000000000001,0.06763765127630986,309.76000000000005,0,0,1,0,0,0,0,0,0,0,0,0,1,0,1,0,0,1,0,1,0,0,0,0,0,0,0,0,0,0,0,0,0,0,0,0,0,0,0,0,0,0,1,0,4,0,0,5,0,1,0,0,0,0,False,False,False,True,False,False,False,False,False,False,False,False,True
4.1,30.3,0,16.81,-0.8927874092511167,124.22999999999999,0,1,0,0,0,0,0,0,0,0,0,0,0,0,1,1,0,0,0,0,0,1,0,0,0,0,0,0,0,0,0,0,0,0,0,0,0,0,0,0,0,0,0,1,2,0,0,5,0,0,0,0,0,0,False,False,False,False,False,True,False,False,False,False,False,True,False
2.1,9.1,1,4.41,1.5532155342882998,19.11,0,0,0,0,0,1,0,0,0,0,0,1,1,1,0,1,0,0,0,1,0,1,0,0,0,0,0,0,0,0,0,0,0,0,0,0,0,0,0,0,0,0,2,1,2,0,0,5,1,1,0,1,0,0,False,False,False,False,False,False,False,True,False,False,False,True,False
1.5,15.5,0,2.25,-0.5648309372297519,23.25,0,0,0,0,0,0,1,0,0,0,0,1,1,1,0,0,0,0,0,0,0,1,0,0,0,0,0,0,0,0,0,0,0,0,0,0,0,0,0,0,0,0,1,1,1,0,0,5,1,0,0,0,0,0,False,False,False,False,False,False,True,False,False,False,False,True,False
0.5,34.6,0,0.25,0.030413958903324247,17.3,0,1,0,0,0,0,0,0,0,0,0,0,0,1,0,0,0,0,0,1,0,0,0,0,0,0,0,0,0,0,0,0,0,0,0,0,0,0,0,0,0,0,3,0,0,0,0,5,0,0,0,0,0,0,False,False,False,False,False,False,False,False,True,False,True,False,False
4.2,40.0,0,17.64,0.8693460253015037,168.0,0,0,0,0,1,0,0,0,0,0,0,1,1,0,0,0,1,1,0,0,1,0,0,0,0,0,0,0,0,0,0,0,0,0,1,0,0,0,0,0,0,0,1,1,2,0,0,5,0,0,0,0,0,0,False,False,False,False,False,False,False,False,True,False,False,True,False
6.8,31.6,0,46.239999999999995,2.029488507321535,214.88,0,0,0,0,1,0,0,0,0,0,0,1,0,0,0,0,0,0,0,0,0,0,0,0,1,0,0,0,0,0,0,0,0,0,0,0,0,0,0,0,0,0,1,0,1,0,0,5,0,0,0,0,0,0,False,False,True,False,False,False,False,False,False,False,False,True,False
4.2,30.9,0,17.64,-0.6673489942661941,129.78,0,0,0,0,0,0,1,0,0,0,0,1,0,0,1,0,0,0,0,1,0,0,0,0,0,0,0,0,0,0,0,0,0,0,0,0,0,0,0,0,0,0,3,0,1,0,0,5,0,0,0,0,0,0,False,False,False,True,False,False,False,False,False,False,False,True,False
3.1,22.9,0,9.610000000000001,0.17986654047262662,70.99,0,0,1,0,0,0,0,0,0,0,0,0,0,1,1,0,1,1,0,0,0,0,0,0,0,0,0,0,0,0,0,0,0,0,0,0,0,0,0,0,0,0,1,1,3,0,0,5,0,0,0,0,0,0,False,False,True,False,False,False,False,False,False,False,False,True,False
2.1,5.8,0,4.41,-0.21131506192548785,12.18,0,1,0,0,0,0,0,0,0,0,0,0,1,0,1,0,1,0,0,0,0,0,0,0,1,0,0,1,0,0,0,0,0,0,0,0,0,0,0,0,0,0,0,1,2,0,0,5,0,0,0,0,0,0,False,False,False,False,False,False,False,False,False,True,False,True,False
5.2,37.7,1,27.040000000000003,0.49495546845218386,196.04000000000002,0,0,0,0,0,0,0,0,0,1,0,0,0,0,1,0,0,0,1,1,0,0,0,0,0,0,0,0,0,0,0,0,0,0,0,0,0,0,0,0,0,0,1,0,2,1,1,5,0,0,0,0,0,1,False,False,False,True,False,False,False,False,False,False,False,True,False
10.9,7.9,1,118.81,0.8678470082664417,86.11000000000001,0,0,0,0,0,0,0,0,1,0,0,1,0,1,0,0,0,1,1,0,0,1,0,0,0,0,0,0,0,0,0,0,0,0,0,0,0,0,0,0,0,0,1,1,2,0,0,5,0,0,0,0,0,0,False,False,False,False,False,False,False,False,False,True,False,False,True
12.7,4.7,1,161.29,-0.7765904320260221,59.69,0,0,0,0,0,1,0,0,0,0,0,1,0,0,0,0,0,1,0,0,0,0,0,1,0,0,0,1,0,0,0,1,1,0,0,0,0,0,0,0,0,0,0,0,2,0,0,5,0,0,0,0,0,0,False,False,False,False,False,False,False,False,False,True,False,False,True
8.4,23.8,0,70.56,-2.063796779141478,199.92000000000002,0,0,0,0,1,0,0,0,0,0,0,1,0,0,0,0,0,1,0,1,0,0,0,0,0,0,0,0,0,0,0,0,0,1,0,0,0,0,0,0,0,0,1,0,1,0,0,5,0,0,0,0,0,0,False,False,False,False,False,True,False,False,False,False,False,False,True
1.4,39.9,1,1.9599999999999997,0.7711551117576345,55.85999999999999,0,0,0,0,0,1,0,0,0,0,0,1,1,0,1,0,0,1,1,0,0,0,0,0,0,0,0,0,0,0,0,0,0,0,0,0,0,0,0,0,0,0,0,0,5,0,0,5,0,0,0,0,0,1,False,False,False,False,True,False,False,False,False,False,False,True,False
5.6,8.2,0,31.359999999999996,1.0220130182938596,45.919999999999995,0,0,0,0,0,0,0,0,0,1,0,0,1,0,0,0,1,0,0,0,0,0,0,0,0,0,0,0,0,0,0,0,0,0,0,0,0,0,0,0,0,0,0,2,1,0,0,5,0,0,0,0,1,0,False,False,False,False,False,False,False,False,False,True,False,True,False
3.8,7.5,0,14.44,0.7296193373291041,28.5,0,1,0,0,0,0,0,0,0,0,0,0,0,0,0,0,0,0,0,0,0,0,1,0,1,0,0,0,1,1,1,0,0,0,0,0,0,0,0,0,0,0,0,0,1,0,0,5,0,0,0,0,0,0,False,False,False,False,False,False,False,True,False,False,False,True,False
1.1,10.8,0,1.2100000000000002,-1.0434045402039362,11.880000000000003,0,0,0,0,0,0,1,0,0,0,0,1,1,0,0,0,0,0,0,0,0,0,0,0,1,1,0,0,0,0,0,0,0,0,0,0,0,0,0,0,0,0,0,0,1,0,0,5,0,0,0,0,0,0,False,False,False,False,False,False,True,False,False,False,False,True,False
4.8,39.6,1,23.04,0.8197170095058478,190.08,0,1,0,0,0,0,0,0,0,0,0,0,0,0,0,0,0,0,0,0,0,0,1,1,0,0,1,0,0,0,0,0,0,0,0,0,0,0,0,0,0,0,0,0,2,0,1,5,0,0,0,0,0,0,False,False,False,True,False,False,False,False,False,False,False,True,False
10.4,27.3,1,108.16000000000001,1.1153075352008104,283.92,0,0,0,0,0,1,0,0,0,0,0,1,0,0,0,0,0,1,1,1,1,1,0,0,0,0,0,0,0,0,0,0,0,0,0,0,0,0,0,0,0,0,2,1,2,0,0,5,0,0,0,0,0,0,False,False,True,False,False,False,False,False,False,False,False,False,True
5.9,43.1,0,34.81,1.3509551745300885,254.29000000000002,0,0,1,0,0,0,0,0,0,0,0,0,0,0,1,0,1,0,0,0,0,1,0,0,0,0,0,0,0,0,0,0,0,0,0,0,0,0,0,0,0,0,0,3,1,0,0,5,0,0,0,0,1,0,False,False,False,False,False,False,False,False,True,False,False,True,False
8.1,18.6,0,65.61,-0.7780637823605187,150.66,0,0,0,0,0,0,0,0,1,0,0,1,1,1,0,1,0,1,0,1,0,0,0,0,0,0,0,0,0,0,0,0,0,0,0,0,0,0,0,0,0,0,2,0,3,0,0,5,1,1,0,1,0,0,False,True,False,False,False,False,False,False,False,False,False,False,True
14.1,18.4,0,198.81,-0.8217214256517897,259.44,0,0,0,0,1,0,0,0,0,0,0,1,0,1,0,0,0,0,0,0,0,0,0,1,0,1,0,0,0,0,0,0,0,0,0,0,0,0,0,0,0,1,1,0,1,0,0,5,0,0,0,0,0,0,False,True,False,False,False,False,False,False,False,False,False,False,True
5.6,20.7,0,31.359999999999996,-0.31965852780217946,115.91999999999999,0,1,0,0,0,0,0,0,0,0,0,0,0,1,0,0,0,0,1,0,1,1,0,0,0,0,0,0,0,0,0,0,0,0,0,0,0,0,0,0,0,0,2,1,2,0,0,5,0,0,0,0,0,0,False,True,False,False,False,False,False,False,False,False,False,True,False
13.3,27.0,0,176.89000000000001,1.0555572358728396,359.1,0,0,0,0,0,0,0,0,0,1,0,0,1,0,0,0,1,0,0,0,0,0,0,0,0,1,0,0,0,0,0,0,0,0,0,0,0,0,0,0,0,0,0,1,1,0,0,5,0,0,0,0,0,0,False,True,False,False,False,False,False,False,False,False,False,False,True
9.7,30.1,0,94.08999999999999,-0.6686960964284921,291.96999999999997,0,0,0,0,0,0,0,1,0,0,0,0,0,0,0,0,0,0,1,0,0,0,0,0,0,0,0,0,0,0,0,0,0,0,0,0,0,0,0,0,0,0,0,0,1,0,0,5,0,0,0,0,0,0,False,False,False,False,False,False,False,False,True,False,False,False,True
14.3,33.1,0,204.49,-0.29130931515142455,473.33000000000004,0,1,0,0,0,0,0,0,0,0,0,0,0,0,1,0,0,1,1,0,1,0,0,0,0,0,0,0,0,0,0,0,0,0,0,0,0,0,0,0,0,0,1,0,4,0,0,5,0,0,1,0,0,1,False,False,False,True,False,False,False,False,False,False,False,False,True
8.8,32.9,0,77.44000000000001,-0.23369428422202906,289.52000000000004,0,1,0,0,0,0,0,0,0,0,0,0,1,0,0,0,1,0,0,0,0,1,0,0,0,0,0,0,0,0,0,0,0,0,0,1,0,0,0,0,0,0,0,2,1,0,0,5,0,0,0,0,1,0,False,False,False,False,False,False,False,False,True,False,False,False,True
3.3,34.8,0,10.889999999999999,-0.0007331994718309506,114.83999999999999,0,0,0,0,1,0,0,0,0,0,0,1,0,0,0,0,1,0,0,1,1,0,0,0,0,0,0,0,0,0,0,0,0,0,0,0,0,0,0,0,0,0,3,2,0,0,0,5,0,0,0,0,0,0,False,False,False,True,False,False,False,False,False,False,False,True,False
3.7,37.1,0,13.690000000000001,0.28161210963780864,137.27,0,0,0,0,0,0,0,0,0,0,1,0,0,0,0,1,0,0,1,1,0,0,0,0,0,0,0,0,0,0,0,0,0,0,0,0,0,0,0,0,0,0,2,0,2,0,0,5,0,0,0,1,0,0,False,False,False,False,True,False,False,False,False,False,False,True,False
5.7,35.2,0,32.49,-0.050577784657787624,200.64000000000001,0,0,0,0,0,0,0,0,0,1,0,0,1,0,1,0,0,0,1,0,0,1,0,0,0,0,0,0,0,0,0,0,0,0,0,0,0,0,0,0,0,0,0,1,3,0,0,5,0,0,0,0,0,1,False,False,False,False,True,False,False,False,False,False,False,True,False
8.2,30.3,0,67.24,-0.7699052703884035,248.45999999999998,0,0,0,0,0,0,0,0,0,0,1,0,0,0,0,0,0,0,0,0,0,0,0,1,0,0,0,0,0,0,0,0,0,0,0,0,0,0,0,0,0,0,0,0,1,0,0,5,0,0,0,0,0,0,False,False,False,True,False,False,False,False,False,False,False,False,True
10.9,26.1,0,118.81,0.6715497694061549,284.49,0,1,0,0,0,0,0,0,0,0,0,0,1,0,0,0,1,1,0,0,1,0,0,0,0,0,0,0,0,0,0,0,0,0,0,0,0,0,0,0,0,0,1,1,2,0,0,5,0,0,0,0,0,0,True,False,False,False,False,False,False,False,False,False,False,False,True
5.3,25.4,0,28.09,-1.3988777097750564,134.61999999999998,0,0,0,0,1,0,0,0,0,0,0,1,0,0,0,0,1,0,0,0,1,0,0,0,0,1,0,0,0,0,0,0,0,0,1,0,0,0,0,0,0,0,1,1,0,0,0,5,0,0,0,0,0,0,False,False,False,False,False,False,False,False,True,False,False,True,False
5.8,36.9,0,33.64,0.35821376695590346,214.01999999999998,0,0,1,0,0,0,0,0,0,0,0,0,1,0,0,0,1,1,1,0,0,0,0,0,0,0,0,0,0,0,0,0,0,0,0,0,0,0,0,0,0,0,0,1,3,0,0,5,0,0,0,0,0,0,False,False,False,True,False,False,False,False,False,False,False,True,False
6.6,9.4,0,43.559999999999995,1.638677058403534,62.04,0,0,0,0,1,0,0,0,0,0,0,1,0,0,0,0,0,0,0,0,0,0,0,0,0,0,0,0,0,0,0,0,0,0,0,0,0,1,0,0,0,0,0,0,1,0,0,5,0,0,0,0,0,0,False,False,False,False,False,False,False,False,False,True,False,True,False
4.8,39.4,0,23.04,0.7761313512572613,189.11999999999998,0,0,0,0,1,0,0,0,0,0,0,1,0,0,0,0,0,0,0,1,1,1,0,0,0,0,0,0,0,0,0,0,0,0,0,0,0,0,0,0,0,0,3,1,0,0,0,5,0,0,0,0,0,0,False,False,False,False,False,False,False,False,True,False,False,True,False
1.8,38.8,0,3.24,0.5788346466391311,69.84,0,1,0,0,0,0,0,0,0,0,0,0,1,0,0,1,0,0,0,0,0,0,0,0,0,0,0,0,0,0,0,1,0,0,0,0,0,0,0,0,0,0,0,0,2,0,0,5,0,0,0,0,0,0,False,False,False,False,True,False,False,False,False,False,False,True,False
3.8,26.2,0,14.44,0.6925123733603851,99.55999999999999,0,0,0,0,0,0,0,0,0,0,1,0,0,0,1,0,0,1,1,0,0,1,0,0,0,0,0,0,0,0,0,0,0,0,0,0,0,0,0,0,0,0,0,1,4,0,0,5,0,0,0,0,0,1,True,False,False,False,False,False,False,False,False,False,False,True,False
3.0,26.8,0,9.0,0.5857821933252022,80.4,0,0,0,1,0,0,0,0,0,0,0,1,0,0,1,0,0,0,0,0,0,0,0,0,0,0,1,0,0,0,0,0,0,0,0,0,0,0,0,0,0,0,0,0,1,0,0,5,0,0,0,0,0,0,False,False,False,False,False,False,True,False,False,False,False,True,False
1.0,32.8,0,1.0,1.1967272183986286,32.8,0,0,0,0,0,0,1,0,0,0,0,1,1,1,0,1,0,1,0,0,0,0,0,0,0,0,0,0,0,0,0,0,0,0,0,0,0,0,0,0,0,0,2,0,3,0,0,5,1,0,0,0,0,0,False,False,False,False,False,False,True,False,False,False,True,False,False
7.8,44.3,0,60.839999999999996,1.6293866182050456,345.53999999999996,0,0,0,0,0,0,0,0,0,0,1,0,0,1,1,1,0,0,0,0,0,0,0,0,0,0,0,0,0,0,0,0,0,0,0,0,0,0,0,0,0,0,1,0,3,0,0,5,0,0,0,0,0,0,False,False,False,False,False,True,False,False,False,False,False,False,True
15.0,16.3,0,225.0,-1.2801266802101288,244.5,0,0,0,0,0,0,0,0,0,0,1,0,1,0,0,0,0,0,0,0,1,0,0,0,0,0,0,1,0,0,0,0,0,0,0,0,0,0,0,0,0,0,1,0,1,0,0,5,0,0,0,0,0,0,False,True,False,False,False,False,False,False,False,False,False,False,True
2.8,45.0,0,7.839999999999999,1.6461349756701886,125.99999999999999,0,0,0,0,0,0,0,0,1,0,0,1,0,1,0,0,0,1,0,0,0,1,0,0,0,0,0,0,0,0,0,0,0,0,0,0,0,0,0,0,0,0,1,1,2,0,0,5,0,0,0,0,0,0,False,False,False,False,False,False,False,False,True,False,False,True,False
5.6,30.5,1,31.359999999999996,1.5939043433923032,170.79999999999998,0,0,0,0,0,1,0,0,0,0,0,1,1,0,0,0,0,0,0,0,0,0,0,0,0,0,0,0,0,0,0,0,0,0,0,0,0,0,0,0,0,0,0,0,1,0,0,5,0,0,0,0,0,0,True,False,False,False,False,False,False,False,False,False,False,True,False
6.6,3.9,1,43.559999999999995,-1.1876997920991381,25.74,0,0,0,0,0,1,0,0,0,0,0,1,0,0,0,0,0,0,0,0,0,0,1,0,1,0,0,0,1,1,1,0,0,0,0,0,0,0,0,0,0,0,0,0,1,0,0,5,0,0,0,0,0,0,False,False,False,False,False,False,False,False,False,True,False,True,False
13.1,45.0,0,171.60999999999999,1.7427234946057353,589.5,0,0,0,0,0,0,0,1,0,0,0,0,0,0,1,0,0,0,0,1,0,1,0,0,0,0,0,0,0,0,0,0,0,0,0,0,0,0,0,0,0,0,2,1,1,0,0,5,0,0,0,0,0,0,False,False,False,True,False,False,False,False,False,False,False,False,True
10.1,21.1,1,102.00999999999999,-0.20281386646162958,213.11,0,0,0,0,0,1,0,0,0,0,0,1,0,0,0,0,0,0,0,0,0,0,0,0,0,0,0,0,0,0,0,0,1,0,0,0,0,0,0,0,0,0,0,0,0,0,0,5,0,0,0,0,0,0,False,False,True,False,False,False,False,False,False,False,False,False,True
11.1,7.2,0,123.21,0.5081263182024651,79.92,0,0,1,0,0,0,0,0,0,0,0,0,0,1,1,0,1,1,0,0,1,0,0,0,0,0,0,0,0,0,0,0,0,0,0,0,0,0,0,0,0,0,2,1,2,0,0,5,0,0,1,0,0,0,False,False,False,False,False,False,False,False,False,True,False,False,True
5.6,34.2,0,31.359999999999996,-0.10328947559403974,191.52,0,0,0,0,0,0,1,0,0,0,0,1,0,1,1,0,1,0,0,1,0,0,0,0,0,0,0,0,0,0,0,0,0,0,0,0,0,0,0,0,0,0,3,1,1,0,0,5,0,0,0,0,0,0,False,False,False,True,False,False,False,False,False,False,False,True,False
8.0,41.4,1,64.0,1.0868469314047353,331.2,0,0,0,0,1,0,0,0,0,0,0,1,0,0,1,0,0,0,1,0,0,1,0,0,0,0,0,0,0,0,0,0,0,0,0,0,0,0,0,0,0,0,0,2,2,0,1,5,0,0,0,0,0,1,False,False,False,False,False,False,False,False,True,False,False,False,True
9.6,15.9,0,92.16,-0.5241012688915234,152.64,0,0,0,1,0,0,0,0,0,0,0,1,0,0,0,1,0,0,0,1,0,0,0,0,0,0,0,0,0,0,0,0,0,0,0,0,0,0,0,0,0,0,2,0,1,0,0,5,0,0,0,1,0,0,False,False,False,False,False,False,True,False,False,False,False,False,True
12.6,6.8,1,158.76,0.302571638165907,85.67999999999999,0,0,0,0,0,0,0,0,1,0,0,1,0,0,0,1,0,1,0,0,0,0,0,0,0,0,0,0,0,0,0,0,0,0,0,0,0,0,0,0,0,0,0,0,2,0,1,5,0,0,0,0,0,0,False,False,False,False,False,False,False,False,False,True,False,False,True
1.2,5.6,1,1.44,-1.5728902286009063,6.72,0,1,0,0,0,0,0,0,0,0,0,0,0,0,0,0,0,0,0,0,0,0,0,0,0,0,0,0,0,0,0,0,1,0,0,0,0,0,0,0,0,0,0,0,1,1,1,5,0,0,0,0,0,0,False,False,False,False,False,False,True,False,False,False,False,True,False
5.9,27.4,0,34.81,-1.4152377435098937,161.66,0,0,0,0,0,0,1,0,0,0,0,1,1,1,0,0,0,0,0,0,0,1,0,0,0,0,0,0,0,0,0,0,0,0,0,0,0,0,0,0,0,0,2,1,2,0,0,5,1,0,0,0,0,0,False,False,False,False,False,True,False,False,False,False,False,True,False
6.3,15.1,0,39.69,-1.4784152229091527,95.13,0,1,0,0,0,0,0,0,0,0,0,0,0,0,1,1,0,1,0,0,1,0,0,0,0,0,0,0,0,0,0,0,0,0,0,0,0,0,0,0,0,0,1,0,3,0,0,5,0,0,1,0,0,0,False,False,True,False,False,False,False,False,False,False,False,True,False
11.9,5.5,0,141.61,-0.36548107195290624,65.45,0,0,0,0,0,0,0,1,0,0,0,0,1,0,0,0,0,0,0,0,0,0,0,0,0,0,0,0,0,0,0,0,0,0,0,1,0,0,0,0,0,0,0,0,2,0,0,5,0,0,0,0,0,0,False,False,False,False,False,False,False,False,False,True,False,False,True
9.8,7.4,0,96.04000000000002,0.6109036582207442,72.52000000000001,0,0,0,0,0,0,0,0,1,0,0,1,0,0,0,0,0,0,1,0,0,0,0,0,0,0,0,0,0,0,0,0,0,0,0,0,0,0,0,0,0,0,0,0,1,0,0,5,0,0,0,0,0,0,False,False,False,False,False,False,False,False,False,True,False,False,True
3.5,31.6,0,12.25,-0.43565941131788666,110.60000000000001,0,0,1,0,0,0,0,0,0,0,0,0,1,0,1,0,0,0,0,0,0,0,0,0,0,0,0,0,0,0,0,0,0,0,0,0,0,0,0,0,0,0,0,0,3,0,0,5,0,0,0,0,0,0,False,False,False,False,False,False,False,False,True,False,False,True,False
5.9,32.2,0,34.81,-0.5504923626677799,189.98000000000002,0,0,1,0,0,0,0,0,0,0,0,0,1,0,0,1,0,0,1,0,0,1,0,0,0,0,0,0,0,0,0,0,0,0,0,0,0,0,0,0,0,0,0,1,4,0,0,5,0,0,0,0,0,0,False,False,False,False,False,True,False,False,False,False,False,True,False
13.5,3.0,1,182.25,-1.5867449666186344,40.5,0,0,0,0,0,1,0,0,0,0,0,1,1,0,0,1,1,1,0,0,0,0,0,0,0,0,0,0,0,0,0,0,0,0,0,0,0,0,0,0,0,0,0,1,3,0,0,5,0,0,0,0,0,0,False,False,False,False,False,False,False,True,False,False,False,False,True
3.6,24.7,0,12.96,0.37195143454950264,88.92,0,0,0,0,0,0,0,0,1,0,0,1,0,0,1,1,1,0,0,0,0,1,0,0,0,0,0,0,0,0,0,0,0,0,0,0,0,0,0,0,0,0,0,2,2,0,0,5,0,0,0,0,1,0,False,False,False,False,False,False,True,False,False,False,False,True,False
13.1,27.4,0,171.60999999999999,1.1428725224553802,358.94,0,0,0,0,0,0,0,0,0,0,1,0,0,0,0,1,0,0,0,0,0,0,0,0,0,0,0,1,0,0,0,1,0,0,0,0,0,0,0,0,0,0,0,0,1,0,0,5,0,0,0,0,0,0,False,True,False,False,False,False,False,False,False,False,False,False,True
6.4,29.8,0,40.96000000000001,-0.9946964316031676,190.72000000000003,0,0,0,0,0,0,1,0,0,0,0,1,1,0,0,0,1,0,0,0,1,0,0,0,0,0,0,0,0,0,0,0,0,0,0,0,0,0,0,0,0,0,1,1,2,0,0,5,0,0,0,0,0,0,False,False,False,False,True,False,False,False,False,False,False,True,False
9.7,8.3,0,94.08999999999999,1.1414174358087024,80.51,0,0,0,0,0,0,0,1,0,0,0,0,1,1,0,0,0,0,0,0,1,0,0,0,0,0,0,0,0,0,0,0,0,0,0,0,0,0,0,0,0,0,3,0,1,0,0,5,1,0,0,0,0,0,False,False,False,False,False,False,False,True,False,False,False,False,True
2.0,26.5,0,4.0,0.7554001852230772,53.0,0,0,0,1,0,0,0,0,0,0,0,1,0,0,1,0,0,0,0,0,0,0,1,0,0,0,0,0,0,0,0,0,0,0,0,0,0,0,0,0,0,0,0,0,2,0,0,5,0,0,0,0,0,0,True,False,False,False,False,False,False,False,False,False,False,True,False
9.1,30.1,1,82.80999999999999,-0.8040906957624733,273.91,0,0,0,0,0,1,0,0,0,0,0,1,1,0,0,1,0,0,0,0,0,0,0,0,0,0,0,1,0,0,0,0,0,0,0,0,0,0,0,0,0,0,0,0,2,0,1,5,0,0,0,0,0,0,False,False,False,True,False,False,False,False,False,False,False,False,True
2.4,9.8,0,5.76,1.9135388704579486,23.52,0,0,0,0,0,0,0,1,0,0,0,0,1,1,0,0,1,1,0,0,0,0,0,0,0,0,0,0,0,0,0,0,0,0,0,0,0,0,0,0,0,0,1,1,2,0,0,5,1,0,0,0,0,0,False,False,False,False,False,False,False,True,False,False,False,True,False
3.5,45.0,0,12.25,1.6461349756701886,157.5,0,0,0,0,0,0,0,0,1,0,0,1,1,0,1,0,0,0,0,0,0,0,0,0,0,0,0,0,0,0,0,0,0,0,0,0,0,0,0,0,0,0,0,0,2,0,0,5,0,0,0,0,0,0,False,False,False,False,False,False,False,False,True,False,False,True,False
6.2,32.7,0,38.440000000000005,-0.2647658422367758,202.74000000000004,0,1,0,0,0,0,0,0,0,0,0,0,1,0,0,1,0,1,0,1,0,0,0,0,0,0,0,0,0,0,0,0,0,0,0,0,0,0,0,0,0,0,1,0,4,0,0,5,0,1,0,1,0,0,False,False,False,False,False,False,False,False,True,False,False,True,False
5.6,4.8,1,31.359999999999996,-0.7252017620168827,26.88,0,0,0,0,0,0,0,0,0,1,0,0,1,0,0,0,0,0,1,0,0,0,0,0,0,0,0,0,0,0,0,0,0,0,0,0,0,0,0,0,0,0,0,0,2,0,1,5,0,0,0,0,0,0,False,False,False,False,False,False,False,False,False,True,False,True,False
2.6,4.1,0,6.760000000000001,-1.0849224520808591,10.66,0,0,0,0,0,0,0,0,0,0,1,0,0,0,0,0,0,0,0,0,0,0,1,0,1,0,0,0,1,1,1,0,0,0,0,0,0,0,0,0,0,0,0,0,1,0,0,5,0,0,0,0,0,0,False,False,False,False,False,False,False,False,False,True,False,True,False
8.4,29.2,0,70.56,-0.8085181074948558,245.28,0,0,0,0,0,0,0,1,0,0,0,0,0,0,0,0,0,0,1,0,0,0,0,0,0,0,0,0,0,0,0,0,0,0,0,0,0,0,0,0,0,0,0,0,1,0,0,5,0,0,0,0,0,0,False,False,False,False,False,False,False,False,True,False,False,False,True
15.1,32.4,1,228.01,1.1559975500604003,489.23999999999995,0,0,0,0,0,0,0,1,0,0,0,0,0,0,0,0,0,0,0,1,0,0,0,0,0,0,0,0,0,0,0,0,0,0,0,0,0,0,0,0,0,0,1,0,0,0,2,5,0,0,0,0,0,0,False,False,False,False,False,False,True,False,False,False,False,False,True
8.1,10.3,0,65.61,2.1709126820076974,83.43,0,0,0,0,0,0,0,1,0,0,0,0,1,1,0,0,0,0,0,1,0,0,0,0,0,0,0,0,0,0,0,0,0,0,0,0,0,0,0,0,0,0,3,0,1,0,0,5,1,1,0,0,0,0,False,False,False,False,False,False,False,True,False,False,False,False,True
8.6,23.3,1,73.96,0.08459685868769652,200.38,0,0,0,0,0,0,0,0,0,0,1,0,1,0,0,0,0,0,0,0,0,0,1,0,0,0,0,0,0,0,0,0,0,0,0,0,1,0,1,0,0,0,0,0,2,0,2,5,0,0,0,0,0,0,True,False,False,False,False,False,False,False,False,False,False,False,True
2.7,29.8,0,7.290000000000001,-0.9828650530888368,80.46000000000001,0,0,0,1,0,0,0,0,0,0,0,1,0,0,0,0,0,0,1,0,0,0,0,0,1,0,0,0,0,0,0,0,0,0,0,0,0,0,0,0,0,0,0,0,1,0,0,5,0,0,0,0,0,0,False,False,False,False,False,True,False,False,False,False,False,True,False
8.6,26.9,1,73.96,0.8392506010399995,231.33999999999997,0,0,0,0,0,1,0,0,0,0,0,1,0,1,0,0,0,0,0,0,0,0,0,0,0,0,0,0,0,0,0,0,0,0,0,0,0,0,0,0,0,1,1,0,0,0,0,5,0,0,0,0,0,0,True,False,False,False,False,False,False,False,False,False,False,False,True
8.6,29.3,0,73.96,1.5405079873499845,251.98,0,0,0,0,0,0,0,1,0,0,0,0,1,0,0,1,0,0,1,0,1,1,0,0,0,0,0,0,0,0,0,0,0,0,0,0,0,0,0,0,0,0,1,1,3,0,0,5,0,0,0,0,0,0,False,False,True,False,False,False,False,False,False,False,False,False,True
12.9,5.7,0,166.41,-0.26270373193462715,73.53,0,0,0,0,0,0,0,1,0,0,0,0,0,0,0,1,1,0,0,0,0,1,0,0,0,0,0,0,0,0,0,0,0,0,0,0,0,0,0,0,0,0,0,2,3,0,0,5,0,0,0,0,1,0,False,False,False,False,False,False,False,False,False,True,False,False,True
12.7,38.2,0,161.29,0.5804190318873587,485.14,0,0,0,0,0,0,0,0,0,1,0,0,0,1,0,0,1,1,1,0,1,0,0,0,0,0,0,0,0,0,0,0,0,0,0,0,0,0,0,0,0,0,2,1,2,0,0,5,0,0,0,0,0,0,False,False,False,True,False,False,False,False,False,False,False,False,True
6.7,45.0,1,44.89,1.7427234946057353,301.5,0,0,0,1,0,0,0,0,0,0,0,1,1,0,0,1,0,0,0,0,0,1,0,0,0,0,0,0,0,0,0,0,0,0,0,0,0,0,0,0,0,0,0,1,2,0,0,5,0,0,0,0,0,0,False,False,False,True,False,False,False,False,False,False,False,True,False
10.9,9.4,0,118.81,-1.185958379387736,102.46000000000001,0,1,0,0,0,0,0,0,0,0,0,0,0,0,0,0,0,0,0,0,0,0,0,0,0,0,0,0,0,0,0,0,0,0,0,0,0,0,0,0,0,0,0,0,0,0,0,5,0,0,0,0,0,0,False,False,False,False,False,False,True,False,False,False,False,False,True
14.9,26.7,1,222.01000000000002,0.9877473995560578,397.83,0,1,0,0,0,0,0,0,0,0,0,0,0,0,0,1,0,0,0,0,0,0,0,0,0,0,0,0,0,0,0,0,0,0,0,0,0,0,0,0,0,0,0,0,1,0,1,5,0,0,0,0,0,0,False,False,True,False,False,False,False,False,False,False,False,False,True
2.2,24.6,0,4.840000000000001,0.3571107100926951,54.120000000000005,0,1,0,0,0,0,0,0,0,0,0,0,0,0,0,0,0,0,0,0,0,0,1,0,1,0,0,0,1,1,1,0,0,0,0,0,0,0,0,0,0,0,0,0,1,0,0,5,0,0,0,0,0,0,True,False,False,False,False,False,False,False,False,False,False,True,False
12.0,6.6,0,144.0,0.2663464765395562,79.19999999999999,0,0,0,0,0,0,1,0,0,0,0,1,0,1,0,1,1,0,0,1,0,0,0,0,0,0,0,0,0,0,0,0,0,0,0,0,0,0,0,0,0,0,3,1,1,0,0,5,0,0,0,1,0,0,False,False,False,False,False,False,False,True,False,False,False,False,True
12.3,31.9,0,151.29000000000002,-0.6275391800132981,392.37,0,0,0,0,0,0,0,0,0,0,1,0,0,0,0,1,0,1,0,0,1,1,0,0,0,0,0,0,0,0,0,0,0,0,0,0,0,0,0,0,0,0,1,1,2,0,0,5,0,0,0,0,0,0,False,False,False,False,True,False,False,False,False,False,False,False,True
8.6,42.9,0,73.96,1.3771692154594295,368.94,0,0,0,0,0,0,0,0,0,1,0,0,0,0,1,0,0,1,0,0,1,0,0,0,0,0,0,0,0,0,0,0,0,0,0,0,0,0,0,0,0,0,1,0,3,0,0,5,0,0,1,0,0,0,False,False,False,False,False,True,False,False,False,False,False,False,True
11.7,25.9,0,136.89,-1.321198814738188,303.03,0,0,1,0,0,0,0,0,0,0,0,0,1,0,0,0,1,0,1,1,0,0,0,0,0,0,0,0,0,0,0,0,0,0,0,0,0,0,0,0,0,0,1,1,2,0,0,5,0,1,0,0,0,0,False,False,False,False,False,False,False,False,True,False,False,False,True
1.5,24.5,1,2.25,0.35158660038038847,36.75,0,0,0,0,0,0,0,1,0,0,0,0,1,0,0,0,0,1,0,0,0,0,0,0,0,0,0,0,0,0,0,0,0,0,0,0,0,0,0,0,0,0,0,0,2,0,1,5,0,0,0,0,0,0,False,False,False,False,False,False,True,False,False,False,False,True,False
15.3,23.4,0,234.09000000000003,0.2697196566299713,358.02,0,0,0,0,0,0,0,1,0,0,0,0,1,0,0,0,0,0,0,0,0,0,0,0,0,0,0,0,0,0,0,0,0,0,0,0,0,0,0,0,0,0,0,0,1,0,0,5,0,0,0,0,0,0,False,True,False,False,False,False,False,False,False,False,False,False,True
5.4,40.5,0,29.160000000000004,0.8760571836404547,218.70000000000002,0,0,0,0,0,0,0,0,0,0,1,0,1,0,0,0,1,1,0,0,1,0,0,0,0,0,0,0,0,0,0,0,0,0,1,0,0,0,0,0,0,0,1,1,2,0,0,5,0,0,0,0,0,0,False,False,False,False,True,False,False,False,False,False,False,True,False
5.8,3.0,0,33.64,-1.6501978221813933,17.4,0,1,0,0,0,0,0,0,0,0,0,0,0,0,0,0,0,0,1,0,0,1,0,0,0,0,0,0,0,0,0,0,0,0,0,0,0,0,0,0,0,0,0,1,3,0,0,5,0,0,0,0,0,0,False,False,False,False,False,False,False,False,False,True,False,True,False
10.1,9.6,0,102.00999999999999,1.8105893458380484,96.96,0,0,0,0,1,0,0,0,0,0,0,1,1,0,0,0,1,0,0,0,1,0,0,0,0,0,0,0,0,0,0,0,0,0,0,0,0,0,0,0,0,1,1,1,1,0,0,5,0,0,0,0,0,0,False,False,False,False,False,False,False,True,False,False,False,False,True
9.5,5.5,0,90.25,-0.2998759088698908,52.25,0,0,0,0,0,0,0,0,1,0,0,1,1,0,1,0,0,0,0,1,0,0,0,0,0,0,0,0,0,0,0,0,0,0,0,0,0,0,0,0,0,0,1,0,2,0,0,5,0,1,0,0,0,0,False,False,False,False,False,False,False,True,False,False,False,False,True
10.5,39.3,0,110.25,0.7605955722498874,412.65,0,0,1,0,0,0,0,0,0,0,0,0,1,0,0,0,0,0,0,1,0,1,0,0,0,0,0,0,0,0,0,0,0,0,0,0,0,0,0,0,0,0,1,1,1,0,0,5,0,1,0,0,0,0,False,False,False,False,False,False,False,False,True,False,False,False,True
3.2,37.0,0,10.240000000000002,0.3753064796429386,118.4,0,0,0,0,1,0,0,0,0,0,0,1,0,0,0,1,0,0,0,1,1,0,0,0,0,0,0,0,0,0,0,0,0,0,0,0,0,0,0,0,0,0,3,0,1,0,0,5,0,0,0,1,0,0,False,False,False,True,False,False,False,False,False,False,False,True,False
13.8,25.0,1,190.44000000000003,0.6189808029601351,345.0,0,0,0,0,0,1,0,0,0,0,0,1,1,0,0,1,1,0,0,0,0,0,0,0,0,0,0,0,0,0,0,0,0,0,0,0,0,0,0,0,0,0,0,3,2,0,0,5,0,0,0,0,0,0,False,True,False,False,False,False,False,False,False,False,False,False,True
1.7,26.2,0,2.8899999999999997,0.8809266627077577,44.54,0,0,0,0,0,0,1,0,0,0,0,1,1,0,1,0,0,0,0,0,0,0,0,0,0,0,0,0,0,0,0,0,0,0,0,0,0,0,0,1,0,0,0,0,2,0,0,5,0,0,0,0,0,0,False,True,False,False,False,False,False,False,False,False,False,True,False
5.9,25.2,0,34.81,0.6688470604441771,148.68,0,0,1,0,0,0,0,0,0,0,0,0,1,0,1,0,0,0,0,0,0,0,0,1,0,0,1,0,0,0,0,0,0,0,0,0,0,0,0,0,0,0,0,0,3,0,0,5,0,0,0,0,0,0,False,False,True,False,False,False,False,False,False,False,False,True,False
5.4,38.7,0,29.160000000000004,0.6205170072225815,208.98000000000002,0,1,0,0,0,0,0,0,0,0,0,0,0,0,0,0,0,0,0,0,0,0,1,0,0,0,0,0,0,0,0,0,0,0,0,0,0,0,0,0,0,0,1,0,1,0,0,5,0,0,0,0,0,0,False,False,False,False,False,True,False,False,False,False,False,True,False
3.0,15.4,0,9.0,-1.4146351550867764,46.2,0,0,0,0,0,0,0,0,1,0,0,1,1,1,0,0,1,1,0,0,0,0,0,0,0,0,0,0,0,0,0,0,0,0,0,0,0,0,0,0,0,0,1,1,2,0,0,5,1,0,0,0,0,0,False,False,True,False,False,False,False,False,False,False,False,True,False
7.2,43.7,0,51.84,1.4355349003488282,314.64000000000004,0,0,0,0,0,0,0,0,1,0,0,1,1,0,0,1,0,0,1,1,0,0,0,0,0,0,0,0,0,0,0,0,0,0,0,0,0,0,0,0,0,0,1,0,3,0,0,5,0,1,0,1,0,0,False,False,False,False,True,False,False,False,False,False,False,False,True
4.7,37.7,1,22.090000000000003,0.44036171954714126,177.19000000000003,0,0,0,0,0,1,0,0,0,0,0,1,0,0,1,0,0,0,0,0,0,0,0,0,0,0,1,0,0,0,0,0,0,0,0,0,0,0,0,0,0,0,0,0,1,0,2,5,0,0,0,0,0,0,False,False,False,False,False,True,False,False,False,False,False,True,False
3.1,27.7,0,9.610000000000001,0.677423947086216,85.87,0,0,0,1,0,0,0,0,0,0,0,1,0,0,1,0,0,0,0,0,0,0,0,0,0,0,1,0,0,0,0,0,0,0,0,0,0,0,0,0,0,0,0,0,1,0,0,5,0,0,0,0,0,0,False,False,False,False,False,False,True,False,False,False,False,True,False
5.8,7.6,0,33.64,0.7810940996390536,44.08,0,0,0,0,0,0,0,1,0,0,0,0,0,0,1,0,0,1,1,0,1,0,0,0,0,0,0,0,0,0,0,0,0,0,0,0,0,0,0,0,0,0,1,0,3,0,0,5,0,0,1,0,0,1,False,False,False,False,False,False,False,True,False,False,False,True,False
6.0,21.1,0,36.0,-0.23234324121963812,126.60000000000001,0,1,0,0,0,0,0,0,0,0,0,0,1,1,0,1,0,0,1,0,0,0,0,0,0,0,0,0,0,0,0,0,0,0,0,0,0,0,0,0,0,0,1,0,3,0,0,5,1,0,0,0,0,0,False,True,False,False,False,False,False,False,False,False,False,True,False
6.6,25.0,0,43.559999999999995,-1.461020825804551,165.0,0,0,0,1,0,0,0,0,0,0,0,1,0,0,1,1,0,0,0,1,0,1,0,0,0,0,0,0,0,0,0,0,0,0,0,0,0,0,0,0,0,0,1,1,2,0,0,5,0,0,0,1,0,0,False,False,False,False,False,False,False,False,True,False,False,True,False
3.6,34.8,0,12.96,0.06148551691807098,125.27999999999999,0,0,0,0,0,0,0,0,1,0,0,1,1,0,1,0,0,0,0,0,0,0,0,0,0,0,0,0,0,0,0,0,0,0,0,0,0,0,0,0,0,0,0,0,3,0,0,5,0,0,0,0,0,0,False,False,False,False,False,False,False,False,True,False,False,True,False
0.5,6.1,0,0.25,0.008972664989807482,3.05,0,0,0,0,0,0,1,0,0,0,0,1,1,0,1,0,0,0,0,0,0,1,0,0,0,0,0,0,0,0,0,0,0,0,0,0,0,0,0,0,0,0,0,1,3,0,0,5,0,0,0,0,0,0,False,False,False,False,False,False,False,True,False,False,True,False,False
2.3,21.7,0,5.289999999999999,-0.2508048045799942,49.91,0,0,0,0,0,0,0,0,0,0,1,0,0,1,1,0,0,0,0,0,0,0,0,0,0,0,0,0,0,0,0,0,0,0,0,0,0,0,0,0,0,0,1,0,1,0,0,5,0,0,0,0,0,0,True,False,False,False,False,False,False,False,False,False,False,True,False
13.2,15.1,1,174.23999999999998,-1.4784152229091527,199.32,0,0,0,0,0,0,0,1,0,0,0,0,1,0,1,1,1,0,0,0,0,0,0,0,0,0,0,0,0,0,0,0,0,0,0,0,0,0,0,0,0,0,0,1,3,0,0,5,0,0,0,0,0,0,False,False,True,False,False,False,False,False,False,False,False,False,True
13.9,20.5,0,193.21,-0.5023560520307618,284.95,0,0,0,1,0,0,0,0,0,0,0,1,1,0,0,0,0,0,0,0,0,0,0,0,0,1,0,0,0,0,0,0,0,0,0,0,0,0,0,0,0,0,0,0,1,1,0,5,0,0,0,0,0,0,True,False,False,False,False,False,False,False,False,False,False,False,True
3.6,15.0,0,12.96,-1.6552992695134476,54.0,0,0,0,0,0,0,0,0,0,1,0,0,0,1,1,1,1,0,0,1,0,0,0,0,0,0,0,0,0,0,0,0,0,0,0,0,0,0,0,0,0,0,2,1,2,0,0,5,0,0,0,1,0,0,True,False,False,False,False,False,False,False,False,False,False,True,False
14.0,24.2,1,196.0,0.2732602942757721,338.8,0,0,0,0,0,0,0,0,0,1,0,0,0,1,0,0,0,0,0,0,0,0,0,0,0,0,0,0,0,0,0,0,0,0,0,0,0,0,0,0,0,0,1,0,1,0,0,5,0,0,0,0,0,0,True,False,False,False,False,False,False,False,False,False,False,False,True
6.8,37.4,0,46.239999999999995,0.3340631455792181,254.32,0,1,0,0,0,0,0,0,0,0,0,0,0,1,0,1,1,0,0,1,0,0,0,0,0,0,0,0,0,0,0,0,0,0,0,0,0,0,0,0,0,0,2,1,2,0,0,5,0,0,0,1,0,0,False,False,False,False,True,False,False,False,False,False,False,True,False
7.4,30.3,0,54.760000000000005,-0.6376245384137449,224.22000000000003,0,0,0,1,0,0,0,0,0,0,0,1,0,0,0,0,0,0,0,0,0,0,1,0,0,0,0,0,0,0,0,0,1,0,0,0,0,0,0,0,0,0,0,0,1,0,0,5,0,0,0,0,0,0,False,False,False,False,False,False,False,False,True,False,False,False,True
15.0,30.5,0,225.0,-0.7357198450143337,457.5,0,1,0,0,0,0,0,0,0,0,0,0,0,0,0,0,1,1,0,1,1,0,0,0,0,0,0,0,0,0,0,0,0,0,0,0,0,0,0,0,0,0,2,1,2,0,0,5,0,0,0,0,0,0,False,False,False,True,False,False,False,False,False,False,False,False,True
3.0,28.8,1,9.0,-1.026295960693928,86.4,0,0,0,1,0,0,0,0,0,0,0,1,1,0,0,0,0,0,0,0,0,0,0,0,0,0,0,0,0,0,0,0,0,0,0,0,0,1,0,1,0,0,0,0,1,0,1,5,0,0,0,0,0,0,False,False,False,True,False,False,False,False,False,False,False,True,False
1.2,8.8,0,1.44,1.3987912473584512,10.56,0,0,0,0,0,0,0,1,0,0,0,0,0,0,0,0,0,0,0,0,1,0,0,0,0,1,0,0,0,0,0,0,0,0,0,1,0,0,0,0,0,0,1,0,0,0,0,5,0,0,0,0,0,0,False,False,False,False,False,False,False,True,False,False,False,True,False
1.0,17.7,0,1.0,-0.974523177171236,17.7,0,0,0,0,0,0,0,0,1,0,0,1,0,0,0,0,0,0,0,0,0,0,0,0,0,0,0,0,0,0,0,0,0,0,0,0,0,0,0,0,0,0,0,0,0,1,0,5,0,0,0,0,0,0,False,True,False,False,False,False,False,False,False,False,True,False,False
8.6,28.2,0,73.96,-0.9638758975685927,242.51999999999998,0,0,1,0,0,0,0,0,0,0,0,0,1,0,1,0,0,0,1,0,0,0,0,1,0,0,0,0,0,0,0,0,0,0,0,0,0,0,0,0,0,0,0,0,4,0,0,5,0,0,0,0,0,1,False,False,False,False,False,False,False,False,True,False,False,False,True
15.0,16.3,0,225.0,-1.2232949516196479,244.5,0,0,0,0,1,0,0,0,0,0,0,1,1,0,0,0,0,0,1,0,0,0,0,0,0,0,0,0,0,0,0,0,0,0,0,0,0,0,0,0,0,0,0,0,3,0,0,5,0,0,0,0,0,0,False,False,True,False,False,False,False,False,False,False,False,False,True
11.7,35.1,0,136.89,0.050544938589274654,410.67,0,1,0,0,0,0,0,0,0,0,0,0,1,0,1,0,0,0,0,0,1,1,0,0,0,0,0,0,0,0,0,0,0,0,0,0,0,0,0,0,0,0,1,1,2,0,0,5,0,0,1,0,0,0,False,False,False,True,False,False,False,False,False,False,False,False,True
4.4,36.3,0,19.360000000000003,0.29452220202867646,159.72,0,0,0,0,0,0,0,0,1,0,0,1,0,0,1,0,0,1,1,0,0,0,0,0,0,0,0,0,0,0,0,0,0,0,0,0,0,0,0,0,0,0,0,0,3,0,0,5,0,0,0,0,0,1,False,False,False,False,False,False,False,False,True,False,False,True,False
13.5,18.4,0,182.25,-0.9425707350696058,248.39999999999998,0,0,0,1,0,0,0,0,0,0,0,1,0,1,0,1,1,0,1,0,0,1,0,0,0,0,0,0,0,0,0,0,0,0,0,0,0,0,0,0,0,0,1,2,2,0,0,5,0,0,0,0,1,0,True,False,False,False,False,False,False,False,False,False,False,False,True
6.4,37.1,1,40.96000000000001,0.28161210963780864,237.44000000000003,0,0,0,0,1,0,0,0,0,0,0,1,1,0,0,0,0,0,0,0,0,1,0,0,0,0,0,0,0,0,0,0,0,0,0,0,0,0,0,0,0,0,0,1,2,0,1,5,0,0,0,0,0,0,False,False,False,False,True,False,False,False,False,False,False,True,False
12.6,31.4,0,158.76,-0.5818854308310193,395.64,0,0,0,0,0,0,0,0,0,1,0,0,0,0,0,0,0,0,0,0,0,0,1,0,0,0,1,0,0,0,0,0,0,0,0,0,0,0,0,0,0,0,0,0,1,0,0,5,0,0,0,0,0,0,False,False,False,True,False,False,False,False,False,False,False,False,True
5.8,19.8,0,33.64,-0.6490942797103763,114.84,0,0,0,0,1,0,0,0,0,0,0,1,0,0,0,0,1,0,1,0,1,0,0,0,0,0,0,0,0,0,0,0,0,0,0,0,0,0,0,0,0,0,2,1,1,0,0,5,0,0,0,0,0,0,True,False,False,False,False,False,False,False,False,False,False,True,False
7.6,29.0,0,57.76,0.8097953691854586,220.39999999999998,0,1,0,0,0,0,0,0,0,0,0,0,1,0,1,1,0,0,1,0,0,0,0,0,0,0,0,0,0,0,0,0,0,0,0,0,0,0,0,0,0,0,0,0,4,0,0,5,0,0,0,0,0,1,False,False,False,False,False,False,True,False,False,False,False,False,True
1.0,15.0,0,1.0,-1.5639013616033868,15.0,0,0,0,0,0,0,0,0,0,1,0,0,0,1,0,0,0,0,1,1,0,1,0,0,0,0,0,0,0,0,0,0,0,0,0,0,0,0,0,0,0,0,2,1,1,0,0,5,0,0,0,0,0,0,False,True,False,False,False,False,False,False,False,False,True,False,False
9.8,41.5,0,96.04000000000002,1.1023827104121091,406.70000000000005,0,0,0,0,0,0,0,1,0,0,0,0,0,0,0,0,1,0,0,1,0,0,0,0,0,0,0,0,0,0,0,0,0,0,0,0,0,0,0,0,0,0,1,1,0,0,0,5,0,0,0,0,0,0,False,False,False,False,False,False,False,False,True,False,False,False,True
4.6,15.8,0,21.159999999999997,-1.3892707884383049,72.67999999999999,0,0,0,0,0,0,0,0,0,1,0,0,0,0,0,0,0,0,0,0,0,0,1,0,0,0,0,0,0,0,0,0,0,0,0,0,0,0,0,0,0,0,1,0,1,0,0,5,0,0,0,0,0,0,False,True,False,False,False,False,False,False,False,False,False,True,False
9.6,32.6,0,92.16,1.176362384229515,312.96,0,0,1,0,0,0,0,0,0,0,0,0,0,0,1,0,0,0,1,0,0,0,0,0,0,0,0,0,0,0,0,0,0,0,0,0,0,0,0,0,0,0,0,0,3,0,0,5,0,0,0,0,0,1,False,False,False,False,False,False,True,False,False,False,False,False,True
9.3,19.5,0,86.49000000000001,-0.7119820915730684,181.35000000000002,0,0,1,0,0,0,0,0,0,0,0,0,0,1,0,0,0,0,0,1,0,1,0,0,0,0,0,0,0,0,0,0,0,0,0,0,0,0,0,0,0,0,3,1,0,0,0,5,0,0,0,0,0,0,True,False,False,False,False,False,False,False,False,False,False,False,True
9.0,24.0,0,81.0,0.4006925865037829,216.0,0,0,0,0,0,0,0,0,1,0,0,1,0,0,0,0,0,0,1,1,0,0,0,0,0,0,0,0,0,0,0,0,0,0,0,0,0,0,0,0,0,0,2,0,1,0,0,5,0,0,0,0,0,0,False,True,False,False,False,False,False,False,False,False,False,False,True
9.5,31.0,0,90.25,-0.6502562815791589,294.5,0,0,0,0,0,0,1,0,0,0,0,1,0,0,1,0,0,0,0,0,0,0,0,1,0,0,0,0,0,0,0,0,0,0,0,0,0,0,0,0,0,0,1,0,2,0,0,5,0,0,0,0,0,0,False,False,False,True,False,False,False,False,False,False,False,False,True
10.4,20.8,0,108.16000000000001,-0.26659393428400585,216.32000000000002,0,0,0,1,0,0,0,0,0,0,0,1,0,1,0,1,0,0,0,0,0,1,0,0,0,0,0,0,0,0,0,0,0,0,0,0,0,0,0,0,0,0,1,1,1,0,0,5,0,0,0,0,0,0,False,False,True,False,False,False,False,False,False,False,False,False,True
2.9,30.0,0,8.41,-0.9597290743088943,87.0,0,0,0,0,0,0,1,0,0,0,0,1,0,0,1,0,0,0,0,0,0,1,0,0,0,0,0,0,0,0,0,0,0,0,0,0,0,0,0,0,0,0,0,2,1,0,0,5,0,0,0,0,0,0,False,False,False,False,True,False,False,False,False,False,False,True,False
2.3,19.3,0,5.289999999999999,-0.7539072994815295,44.39,0,0,0,0,0,0,0,0,0,1,0,0,0,1,1,0,0,0,0,0,0,0,0,0,0,0,0,0,0,0,0,0,0,1,0,0,0,0,0,0,0,0,1,0,1,1,0,5,0,0,0,0,0,0,True,False,False,False,False,False,False,False,False,False,False,True,False
9.8,30.0,0,96.04000000000002,1.48909132362115,294.0,0,1,0,0,0,0,0,0,0,0,0,0,0,1,0,0,0,0,1,0,0,1,0,0,0,0,0,0,0,0,0,0,0,0,0,0,0,0,0,0,0,0,1,1,2,0,0,5,0,0,0,0,0,0,True,False,False,False,False,False,False,False,False,False,False,False,True
8.0,17.0,1,64.0,-1.074474793367437,136.0,0,0,0,0,0,1,0,0,0,0,0,1,0,0,0,1,0,0,1,1,0,0,0,0,0,0,0,0,0,0,0,0,0,0,0,0,0,0,0,0,0,0,1,0,4,0,0,5,0,0,0,1,0,0,False,False,True,False,False,False,False,False,False,False,False,False,True
7.8,43.3,1,60.839999999999996,1.4492313305296054,337.73999999999995,0,0,0,0,0,1,0,0,0,0,0,1,0,0,0,1,0,0,0,0,0,0,0,0,0,0,0,0,0,0,0,0,0,0,0,0,0,0,0,0,0,0,0,0,1,0,1,5,0,0,0,0,0,0,False,False,False,False,False,True,False,False,False,False,False,False,True
6.2,6.0,0,38.440000000000005,-0.042502097320142075,37.2,0,0,0,0,0,0,0,1,0,0,0,0,1,0,0,0,1,0,1,0,0,0,0,0,0,0,0,0,0,0,0,0,0,0,0,0,0,0,0,0,0,0,0,2,2,0,0,5,0,0,0,0,0,0,False,False,False,False,False,False,False,True,False,False,False,True,False
2.0,37.3,0,4.0,0.4498799921024134,74.6,0,0,0,1,0,0,0,0,0,0,0,1,1,0,1,0,0,0,0,0,1,0,0,1,0,0,0,0,0,0,0,1,0,0,0,0,0,0,0,0,0,0,1,0,3,0,0,5,0,0,1,0,0,0,False,False,False,False,False,False,False,False,True,False,False,True,False
4.4,19.6,0,19.360000000000003,-0.5217142055735102,86.24000000000001,0,0,0,0,1,0,0,0,0,0,0,1,0,0,1,0,1,0,0,0,0,0,0,0,0,0,0,0,0,0,0,0,0,0,0,0,0,0,0,0,0,0,0,1,1,0,0,5,0,0,0,0,0,0,False,False,True,False,False,False,False,False,False,False,False,True,False
9.5,26.7,0,90.25,0.575599776240645,253.65,0,1,0,0,0,0,0,0,0,0,0,0,0,0,0,1,0,0,1,1,0,1,0,0,0,0,0,0,0,0,0,0,0,0,0,0,0,0,0,0,0,0,1,1,2,0,0,5,0,0,0,1,0,0,False,False,False,False,False,False,True,False,False,False,False,False,True
10.0,34.1,0,100.0,-0.20819731608444375,341.0,0,1,0,0,0,0,0,0,0,0,0,0,0,0,0,0,0,0,0,1,0,0,0,0,0,0,0,0,0,0,0,0,0,0,0,0,0,0,0,0,0,0,1,0,1,0,0,5,0,0,0,0,0,0,False,False,False,False,False,True,False,False,False,False,False,False,True
5.0,30.1,0,25.0,1.7322507068875317,150.5,0,0,0,0,1,0,0,0,0,0,0,1,0,0,0,1,0,0,0,0,0,0,0,0,0,0,0,0,0,0,0,0,0,0,0,0,0,0,0,0,0,0,0,0,1,0,0,5,0,0,0,0,0,0,False,True,False,False,False,False,False,False,False,False,False,True,False
10.7,33.6,0,114.48999999999998,-0.12494383117041273,359.52,0,1,0,0,0,0,0,0,0,0,0,0,1,0,0,0,0,0,0,0,0,0,0,0,0,0,1,0,0,0,0,0,0,0,0,0,0,0,0,0,0,0,0,0,2,0,0,5,0,0,0,0,0,0,False,False,False,False,False,False,False,False,True,False,False,False,True
3.0,25.0,0,9.0,-1.8339130066657272,75.0,0,0,0,0,1,0,0,0,0,0,0,1,0,0,1,1,0,1,0,0,0,0,0,0,0,0,0,0,0,0,0,0,0,0,0,0,0,0,0,0,0,0,0,0,3,0,0,5,0,0,0,0,0,0,False,False,False,False,True,False,False,False,False,False,False,True,False
9.9,25.1,0,98.01,0.6408096246057706,248.49,0,0,0,0,0,0,1,0,0,0,0,1,0,0,1,0,0,0,1,0,0,1,0,0,0,0,0,0,0,0,0,0,0,0,0,0,0,0,0,0,0,0,0,1,2,0,0,5,0,0,0,0,0,1,False,True,False,False,False,False,False,False,False,False,False,False,True
7.0,26.9,0,49.0,0.595964610409759,188.29999999999998,0,0,0,1,0,0,0,0,0,0,0,1,1,0,0,0,0,0,1,0,1,1,0,0,0,0,0,0,0,0,0,0,0,0,0,0,0,0,0,0,0,0,2,1,2,0,0,5,0,0,0,0,0,0,False,False,False,False,False,False,True,False,False,False,False,True,False
9.1,31.2,0,82.80999999999999,-0.4978025273473818,283.91999999999996,0,0,1,0,0,0,0,0,0,0,0,0,1,0,1,0,0,0,1,0,0,0,0,1,0,0,0,0,0,0,0,0,0,0,0,0,0,0,0,0,0,0,0,0,4,0,0,5,0,0,0,0,0,1,False,False,False,False,False,False,False,False,True,False,False,False,True
10.8,28.2,0,116.64000000000001,1.3066477386679385,304.56,0,0,0,0,1,0,0,0,0,0,0,1,0,0,1,0,0,0,0,0,0,0,0,0,0,0,0,0,0,0,0,0,0,0,0,0,0,0,0,0,0,0,0,0,1,0,0,5,0,0,0,0,0,0,False,False,True,False,False,False,False,False,False,False,False,False,True
2.2,15.0,0,4.840000000000001,-1.6552992695134476,33.0,0,0,0,0,0,0,0,0,0,1,0,0,0,0,1,1,1,0,0,1,0,0,0,0,0,0,0,0,0,0,0,0,0,0,0,0,0,0,0,0,0,0,1,1,3,0,0,5,0,0,0,1,0,0,True,False,False,False,False,False,False,False,False,False,False,True,False
6.9,22.5,0,47.61000000000001,0.14793825868924615,155.25,0,0,1,0,0,0,0,0,0,0,0,0,1,0,1,0,0,1,1,1,0,0,0,0,0,0,0,0,0,0,0,0,0,0,0,0,0,0,0,0,0,0,1,0,4,0,0,5,0,1,0,0,0,1,False,False,False,False,False,False,True,False,False,False,False,True,False
2.8,23.6,1,7.839999999999999,0.31337729992124236,66.08,0,0,0,0,0,1,0,0,0,0,0,1,1,0,1,1,1,0,0,0,1,0,0,0,0,0,0,0,0,0,0,0,0,0,0,0,0,0,0,0,0,0,1,1,3,0,0,5,0,0,1,0,0,0,False,True,False,False,False,False,False,False,False,False,False,True,False
12.1,8.3,1,146.41,1.0734016883029998,100.43,0,0,0,0,0,1,0,0,0,0,0,1,0,0,0,0,0,0,0,0,0,0,1,0,1,0,0,0,1,1,1,0,0,0,0,0,0,0,0,0,0,0,0,0,1,0,0,5,0,0,0,0,0,0,False,False,False,False,False,False,False,False,False,True,False,False,True
0.8,35.0,0,0.6400000000000001,0.09255707493281881,28.0,0,0,0,0,0,0,0,0,1,0,0,1,0,0,0,0,0,0,0,0,0,0,0,0,0,0,0,0,0,0,0,0,0,0,0,0,0,0,0,0,0,0,0,0,1,0,0,5,0,0,0,0,0,0,False,False,False,False,False,False,False,False,True,False,True,False,False
5.2,8.0,0,27.040000000000003,-1.3285122185715355,41.6,0,1,0,0,0,0,0,0,0,0,0,0,0,0,0,1,0,0,0,0,0,0,0,0,0,0,0,0,0,0,0,0,0,0,0,0,0,0,0,0,0,0,0,0,3,0,0,5,0,0,0,0,0,0,False,False,False,False,False,False,True,False,False,False,False,True,False
13.3,32.8,1,176.89000000000001,2.3216288913196816,436.24,0,0,1,0,0,0,0,0,0,0,0,0,0,1,0,0,0,1,0,1,0,0,0,0,0,0,0,0,0,0,0,0,0,0,0,0,0,0,0,0,0,0,2,0,1,0,1,5,0,0,0,0,0,0,False,True,False,False,False,False,False,False,False,False,False,False,True
11.5,34.3,0,132.25,-0.20793089248201854,394.45,0,0,1,0,0,0,0,0,0,0,0,0,1,1,1,1,1,0,0,0,0,0,0,0,0,0,0,0,0,0,0,0,0,0,0,0,0,0,0,0,0,0,1,1,3,0,0,5,1,0,0,0,0,0,False,False,False,False,True,False,False,False,False,False,False,False,True
0.9,9.9,0,0.81,-1.1350462939649504,8.91,0,0,0,0,1,0,0,0,0,0,0,1,1,0,0,0,0,1,0,0,0,0,1,0,1,0,0,0,0,0,0,0,0,0,0,1,0,0,0,0,0,0,0,0,3,0,0,5,0,0,0,0,0,0,False,False,False,False,False,False,True,False,False,False,True,False,False
8.4,4.6,1,70.56,-0.8279791020351618,38.64,0,0,0,0,0,1,0,0,0,0,0,1,0,0,1,0,0,0,0,0,0,0,1,0,0,0,0,0,0,0,0,0,0,0,0,0,0,0,0,0,0,0,0,0,2,0,0,5,0,0,0,0,0,0,False,False,False,False,False,False,False,False,False,True,False,False,True
6.7,40.9,0,44.89,1.016858640108549,274.03,0,0,1,0,0,0,0,0,0,0,0,0,1,0,0,1,0,0,0,1,1,0,0,0,0,0,0,0,0,0,0,0,0,0,0,0,1,0,0,0,0,0,2,0,2,0,0,5,0,1,0,1,0,0,False,False,False,False,False,True,False,False,False,False,False,True,False
10.4,39.9,1,108.16000000000001,0.836703352433109,414.96,0,0,0,0,0,0,0,0,1,0,0,1,0,0,0,0,0,0,0,0,0,0,0,0,0,0,0,0,0,0,0,0,0,0,0,0,0,0,0,0,0,0,0,0,0,0,2,5,0,0,0,0,0,0,False,False,False,False,False,True,False,False,False,False,False,False,True
14.7,22.6,0,216.08999999999997,0.11608647265025109,332.22,0,0,0,0,0,0,0,0,0,1,0,0,0,0,0,1,1,1,0,1,0,0,0,0,0,0,0,0,0,0,0,0,0,0,0,0,0,0,0,0,0,0,1,1,2,0,0,5,0,0,0,1,0,0,False,False,True,False,False,False,False,False,False,False,False,False,True
15.0,19.6,0,225.0,-0.5597755659041664,294.0,0,0,0,0,0,0,0,0,0,1,0,0,0,1,0,1,0,0,0,0,0,0,0,0,0,0,0,0,0,0,0,0,0,0,0,0,0,0,0,0,0,0,2,0,2,0,0,5,0,0,0,0,0,0,False,True,False,False,False,False,False,False,False,False,False,False,True
11.5,3.9,0,132.25,-1.1234721058290866,44.85,0,1,0,0,0,0,0,0,0,0,0,0,1,0,0,0,0,0,0,0,0,0,0,0,0,0,0,0,0,0,0,0,0,0,0,0,0,0,0,0,0,0,0,0,1,0,0,5,0,0,0,0,0,0,False,False,False,False,False,False,False,True,False,False,False,False,True
7.9,30.0,0,62.410000000000004,1.7104218852418962,237.0,0,0,1,0,0,0,0,0,0,0,0,0,0,0,0,1,0,1,1,1,0,1,0,0,0,0,0,0,0,0,0,0,0,0,0,0,0,0,0,0,0,0,1,1,3,0,0,5,0,0,0,1,0,0,False,True,False,False,False,False,False,False,False,False,False,False,True
3.3,5.6,1,10.889999999999999,-0.3140924019437669,18.479999999999997,0,0,0,0,0,0,0,0,0,1,0,0,0,0,0,0,0,0,1,1,1,1,0,0,0,0,0,0,0,0,0,0,0,0,0,0,0,0,0,0,0,0,2,1,1,0,1,5,0,0,0,0,0,0,False,False,False,False,False,False,False,False,False,True,False,True,False
9.7,10.0,0,94.08999999999999,-1.1248638768803931,97.0,0,0,0,0,0,0,0,0,0,1,0,0,1,0,1,0,0,0,0,0,0,0,0,0,0,0,1,0,0,0,0,0,0,0,0,0,0,0,0,0,0,0,0,0,2,0,0,5,0,0,0,0,0,0,False,False,False,False,False,False,True,False,False,False,False,False,True
2.1,5.6,0,4.41,-0.3140924019437669,11.76,0,0,0,1,0,0,0,0,0,0,0,1,0,1,0,0,0,1,1,0,1,0,0,0,0,0,0,0,0,0,0,0,0,0,0,0,0,0,0,0,0,0,2,0,3,0,0,5,0,0,0,0,0,0,False,False,False,False,False,False,False,False,False,True,False,True,False
15.0,21.0,0,225.0,-0.0047979975791105686,315.0,0,0,0,0,0,0,0,0,1,0,0,1,0,0,1,0,1,1,0,0,0,0,0,0,0,0,0,0,0,0,0,0,0,0,0,0,0,0,0,0,0,0,0,1,3,0,0,5,0,0,0,0,0,0,False,False,False,False,False,False,True,False,False,False,False,False,True
0.7,44.0,1,0.48999999999999994,1.4879859362902377,30.799999999999997,0,0,0,0,0,1,0,0,0,0,0,1,0,0,0,0,0,0,0,0,0,1,0,0,0,0,0,0,0,0,0,0,0,0,0,0,0,0,0,0,0,0,0,1,0,0,0,5,0,0,0,0,0,0,False,False,False,False,True,False,False,False,False,False,True,False,False
10.9,29.4,0,118.81,1.561768009957443,320.46,0,0,0,0,0,0,0,1,0,0,0,0,1,1,0,0,0,0,0,0,0,0,0,0,0,0,0,0,0,0,0,0,0,0,0,0,0,0,0,0,0,0,2,0,2,0,0,5,1,0,0,0,0,0,False,False,True,False,False,False,False,False,False,False,False,False,True
13.3,37.4,0,176.89000000000001,0.4436773303910782,497.42,0,0,0,0,0,0,0,0,1,0,0,1,1,0,0,0,0,0,1,0,1,1,0,0,0,0,0,0,0,0,0,0,0,0,0,0,0,0,0,0,0,0,2,1,2,0,0,5,0,0,0,0,0,0,False,False,False,True,False,False,False,False,False,False,False,False,True
5.1,7.6,0,26.009999999999998,-1.369241886909764,38.76,0,0,0,0,1,0,0,0,0,0,0,1,1,1,1,0,1,0,0,0,0,0,0,0,0,0,0,0,0,0,0,0,0,0,0,0,0,0,0,0,0,0,1,1,2,0,0,5,1,0,0,0,0,0,False,False,False,False,False,False,True,False,False,False,False,True,False
2.7,7.8,0,7.290000000000001,0.8164583382573019,21.060000000000002,0,0,0,0,0,0,0,0,1,0,0,1,0,0,1,0,1,0,0,1,0,0,0,0,0,0,0,0,0,0,0,0,0,0,0,0,0,0,0,0,0,0,1,1,2,0,0,5,0,0,0,0,0,0,False,False,False,False,False,False,False,False,False,True,False,True,False
10.7,14.7,0,114.48999999999998,-1.7181870813761397,157.29,0,0,1,0,0,0,0,0,0,0,0,0,1,1,1,0,0,0,0,0,0,0,0,0,0,0,0,0,0,0,0,0,0,0,0,0,0,0,0,0,0,0,1,0,2,0,0,5,1,0,0,0,0,0,True,False,False,False,False,False,False,False,False,False,False,False,True
3.9,17.3,0,15.209999999999999,-1.1731593785661425,67.47,0,0,0,0,0,0,0,1,0,0,0,0,0,0,0,0,1,0,0,0,1,0,0,0,0,1,0,0,0,0,0,0,0,0,1,0,0,0,0,0,0,0,1,1,0,0,0,5,0,0,0,0,0,0,True,False,False,False,False,False,False,False,False,False,False,True,False
10.6,34.7,1,112.36,-0.10010414347917936,367.82,0,0,1,0,0,0,0,0,0,0,0,0,0,0,1,1,0,0,1,1,0,0,0,0,0,0,0,0,0,0,0,0,0,0,0,0,0,0,0,0,0,0,1,0,3,0,0,5,0,0,0,1,0,1,False,False,False,False,False,True,False,False,False,False,False,False,True
15.3,6.7,0,234.09000000000003,0.2511829681567677,102.51,0,1,0,0,0,0,0,0,0,0,0,0,0,0,0,0,0,0,0,0,0,0,0,1,0,0,1,0,0,0,0,0,0,0,0,0,0,0,0,0,0,0,0,0,1,0,0,5,0,0,0,0,0,0,False,False,False,False,False,False,False,False,False,True,False,False,True
7.7,10.7,0,59.290000000000006,2.3768117312474955,82.39,0,0,0,0,0,0,0,1,0,0,0,0,1,1,0,0,0,0,0,1,0,0,0,0,0,0,0,0,0,0,0,0,0,0,0,0,0,0,0,0,0,0,3,0,1,0,0,5,1,1,0,0,0,0,False,False,False,False,False,False,False,True,False,False,False,False,True
10.4,30.0,0,108.16000000000001,1.6893281456021954,312.0,0,0,0,1,0,0,0,0,0,0,0,1,0,0,0,0,1,1,0,1,0,0,0,0,0,0,0,0,0,0,0,0,0,0,0,0,0,0,0,0,0,0,1,1,1,0,0,5,0,0,0,0,0,0,False,False,True,False,False,False,False,False,False,False,False,False,True
4.7,31.9,0,22.090000000000003,-0.6275391800132981,149.93,0,0,0,0,1,0,0,0,0,0,0,1,1,0,0,1,0,0,0,0,1,0,0,0,0,0,0,0,0,0,0,0,0,0,0,0,0,0,0,0,0,0,1,0,2,0,0,5,0,0,0,0,0,0,False,False,False,False,True,False,False,False,False,False,False,True,False
12.6,27.6,1,158.76,1.1865301657466512,347.76,0,0,0,0,0,1,0,0,0,0,0,1,0,0,0,0,0,0,0,1,0,0,0,1,0,0,0,0,0,0,0,0,0,0,0,0,0,0,0,0,0,0,1,0,3,0,0,5,0,0,0,1,0,0,False,True,False,False,False,False,False,False,False,False,False,False,True
15.0,34.3,0,225.0,1.3494634746669854,514.5,0,0,0,0,0,0,0,0,0,0,1,0,0,1,0,1,0,0,0,1,1,0,0,0,0,0,0,0,0,0,0,0,0,0,0,0,0,0,0,0,0,0,4,0,1,0,0,5,0,0,0,1,0,0,False,False,False,False,False,False,True,False,False,False,False,False,True
13.6,3.8,0,184.95999999999998,-1.2390884621082776,51.68,0,0,0,0,0,0,0,1,0,0,0,0,1,1,0,0,1,0,0,1,1,0,0,0,0,0,0,0,0,0,0,0,0,0,0,0,0,0,0,0,0,0,3,1,1,0,0,5,1,1,0,0,0,0,False,False,False,False,False,False,False,False,False,True,False,False,True
9.6,19.1,0,92.16,-0.7958325073899907,183.36,0,0,0,0,0,0,0,0,1,0,0,1,1,1,0,0,0,0,0,1,1,0,0,0,0,0,0,0,0,0,0,0,0,0,0,0,0,0,0,0,0,0,3,0,1,0,0,5,1,1,0,0,0,0,True,False,False,False,False,False,False,False,False,False,False,False,True
10.5,18.9,0,110.25,-0.7125773174236136,198.45,0,1,0,0,0,0,0,0,0,0,0,0,0,0,0,0,0,0,0,0,0,0,0,0,0,0,0,0,0,0,0,0,1,0,0,0,0,0,0,0,0,0,0,0,0,0,0,5,0,0,0,0,0,0,False,True,False,False,False,False,False,False,False,False,False,False,True
10.3,35.4,0,106.09000000000002,0.02600455789362802,364.62,0,0,0,0,1,0,0,0,0,0,0,1,1,1,0,0,0,0,0,0,0,0,0,0,0,0,0,1,0,0,0,0,0,0,0,0,0,0,0,0,0,0,1,0,1,0,0,5,1,0,0,0,0,0,False,False,False,False,False,True,False,False,False,False,False,False,True
2.8,17.2,0,7.839999999999999,-1.0319547481525198,48.16,0,0,1,0,0,0,0,0,0,0,0,0,1,0,1,0,0,1,0,0,0,0,0,0,0,0,0,0,0,0,0,0,0,0,0,0,0,0,0,0,0,0,1,0,3,0,0,5,0,0,0,0,0,0,False,False,True,False,False,False,False,False,False,False,False,True,False
5.8,30.4,0,33.64,-0.6220887594063715,176.32,0,0,0,0,1,0,0,0,0,0,0,1,0,1,1,0,1,0,1,0,0,0,0,0,0,0,0,0,0,0,0,0,0,0,0,0,0,0,0,0,0,0,1,1,2,0,0,5,0,0,0,0,0,1,False,False,False,False,False,False,False,False,True,False,False,True,False
12.5,6.6,0,156.25,0.19979429814762795,82.5,0,0,0,0,0,0,0,0,0,0,1,0,1,0,1,0,0,0,0,0,0,0,0,0,0,0,1,0,0,0,0,0,0,0,0,0,0,0,0,0,0,0,0,0,2,0,0,5,0,0,0,0,0,0,False,False,False,False,False,False,False,False,False,True,False,False,True
4.7,28.5,0,22.090000000000003,-1.2219842540159442,133.95000000000002,0,0,0,0,0,0,0,1,0,0,0,0,0,0,0,1,1,1,0,0,0,1,0,0,0,0,0,0,0,0,0,0,0,0,0,0,0,0,0,0,0,0,0,2,2,0,0,5,0,0,0,0,1,0,False,False,False,False,True,False,False,False,False,False,False,True,False
12.5,11.6,0,156.25,-0.9619452035274794,145.0,0,1,0,0,0,0,0,0,0,0,0,0,0,0,0,0,0,0,0,0,0,0,0,0,0,0,0,0,0,0,0,0,0,0,0,0,1,0,0,0,0,0,0,0,0,0,0,5,0,0,0,0,0,0,False,False,False,False,False,False,True,False,False,False,False,False,True
9.2,33.0,0,84.63999999999999,-0.3084020278384597,303.59999999999997,0,0,0,0,0,0,1,0,0,0,0,1,0,1,0,0,0,0,1,0,0,1,0,0,0,0,0,0,0,0,0,0,0,0,0,0,0,0,0,0,0,0,1,1,3,0,0,5,0,0,0,0,0,0,False,False,False,True,False,False,False,False,False,False,False,False,True
12.8,39.1,1,163.84000000000003,0.6312856825805417,500.48,0,0,0,0,0,1,0,0,0,0,0,1,0,0,0,1,0,0,1,0,1,0,0,0,0,0,0,0,0,0,0,0,0,0,0,0,0,0,0,0,0,0,2,0,2,0,0,5,0,0,0,0,0,0,False,False,False,False,True,False,False,False,False,False,False,False,True
9.3,35.9,0,86.49000000000001,0.18728664008555385,333.87,0,0,0,0,1,0,0,0,0,0,0,1,1,0,0,1,1,0,0,0,0,1,0,0,0,0,0,0,0,0,0,0,0,0,0,0,0,0,0,0,0,0,0,2,2,0,0,5,0,0,0,0,1,0,False,False,False,True,False,False,False,False,False,False,False,False,True
4.8,33.3,0,23.04,-0.25712388977735534,159.83999999999997,0,0,0,1,0,0,0,0,0,0,0,1,0,1,0,0,0,0,0,0,0,0,0,1,0,0,0,0,0,0,0,0,0,0,0,0,0,0,0,0,0,1,1,0,1,0,0,5,0,0,0,0,0,0,False,False,False,True,False,False,False,False,False,False,False,True,False
4.2,30.8,0,17.64,0.9930788767074867,129.36,0,1,0,0,0,0,0,0,0,0,0,0,0,0,1,0,1,0,0,0,0,0,0,0,0,0,0,0,0,0,0,0,0,0,0,0,0,0,0,0,0,0,0,1,1,0,0,5,0,0,0,0,0,0,False,False,False,False,False,False,True,False,False,False,False,True,False
7.4,4.8,0,54.760000000000005,-0.6601992450395391,35.52,0,0,1,0,0,0,0,0,0,0,0,0,0,1,1,1,0,1,0,0,0,0,0,0,0,0,0,0,0,0,0,0,0,0,0,0,0,0,0,0,0,0,2,0,3,0,0,5,0,0,0,0,0,0,False,False,False,False,False,False,False,True,False,False,False,False,True
5.5,6.9,0,30.25,0.35396030817504676,37.95,0,0,0,0,0,0,0,1,0,0,0,0,0,1,1,0,1,0,0,0,1,0,0,0,0,0,0,0,0,0,0,0,0,0,0,0,0,0,0,0,0,0,2,1,1,0,0,5,0,0,1,0,0,0,False,False,False,False,False,False,False,False,False,True,False,True,False
2.1,3.5,0,4.41,-1.3932544721356959,7.3500000000000005,0,0,0,0,1,0,0,0,0,0,0,1,0,0,0,1,0,1,1,0,0,1,0,0,0,0,0,0,0,0,0,0,0,0,0,0,0,0,0,0,0,0,0,1,3,0,0,5,0,0,0,0,0,0,False,False,False,False,False,False,False,False,False,True,False,True,False
8.5,22.3,1,72.25,0.0523064048278748,189.55,0,0,0,0,0,1,0,0,0,0,0,1,0,0,0,0,0,0,0,0,0,0,0,0,0,0,0,0,0,0,0,0,1,0,0,0,0,0,0,0,0,0,0,0,0,0,0,5,0,0,0,0,0,0,False,False,True,False,False,False,False,False,False,False,False,False,True
0.5,26.1,0,0.25,0.5145052737333025,13.05,0,0,1,0,0,0,0,0,0,0,0,0,0,0,1,0,0,0,1,0,1,1,0,0,0,0,0,0,0,0,0,0,0,0,0,0,0,0,0,0,0,0,1,1,2,0,0,5,0,0,1,0,0,1,False,False,False,False,False,False,True,False,False,False,True,False,False
0.7,18.2,0,0.48999999999999994,-0.8653790689430599,12.739999999999998,0,1,0,0,0,0,0,0,0,0,0,0,0,0,0,0,1,0,1,0,0,1,0,0,0,0,0,0,0,0,0,0,0,0,0,0,0,0,0,0,0,0,0,4,1,0,0,5,0,0,0,0,1,0,False,True,False,False,False,False,False,False,False,False,True,False,False
10.1,7.5,0,102.00999999999999,0.6622923282298835,75.75,0,1,0,0,0,0,0,0,0,0,0,0,0,0,1,0,0,0,0,0,0,0,0,1,0,0,0,0,0,0,0,0,0,0,0,0,0,0,0,0,0,0,0,0,3,0,0,5,0,0,0,0,0,0,False,False,False,False,False,False,False,False,False,True,False,False,True
6.7,18.2,0,44.89,-0.8193545220779327,121.94,0,0,0,1,0,0,0,0,0,0,0,1,0,1,1,0,0,1,1,0,0,0,0,0,0,0,0,0,0,0,0,0,0,0,0,0,0,0,0,0,0,0,1,0,4,0,0,5,0,0,0,0,0,1,False,False,True,False,False,False,False,False,False,False,False,True,False
13.4,39.1,1,179.56,0.6925791222927573,523.94,0,0,0,0,0,1,0,0,0,0,0,1,0,0,0,0,1,1,0,0,1,1,0,0,0,0,0,0,0,0,0,0,0,0,0,0,0,0,0,0,0,0,1,3,1,0,0,5,0,0,0,0,1,0,False,False,False,False,False,True,False,False,False,False,False,False,True
5.9,15.0,0,34.81,-1.4996752455166114,88.5,0,1,0,0,0,0,0,0,0,0,0,0,1,0,0,0,0,0,0,1,0,1,0,0,0,0,0,0,0,0,0,0,0,0,0,0,0,0,0,0,0,0,1,1,2,0,0,5,0,1,0,0,0,0,False,False,True,False,False,False,False,False,False,False,False,True,False
2.6,4.3,0,6.760000000000001,-0.9821451120625802,11.18,0,0,0,0,0,0,0,0,0,0,1,0,0,0,0,0,0,0,0,0,0,0,1,0,1,0,0,0,1,1,1,0,0,0,0,0,0,0,0,0,0,0,0,0,1,0,0,5,0,0,0,0,0,0,False,False,False,False,False,False,False,False,False,True,False,True,False
12.8,5.0,0,163.84000000000003,-1.633984731108249,64.0,0,0,0,0,0,0,1,0,0,0,0,1,1,0,1,1,0,0,0,1,0,0,0,0,0,0,0,0,0,0,0,0,0,0,0,0,0,0,0,0,0,0,1,0,4,0,0,5,0,1,0,1,0,0,False,False,False,False,False,False,True,False,False,False,False,False,True
4.4,19.0,0,19.360000000000003,-0.6492743412182628,83.60000000000001,0,0,0,0,0,0,0,0,1,0,0,1,0,1,1,1,0,0,1,0,0,0,0,0,0,0,0,0,0,0,0,0,0,0,0,0,0,0,0,0,0,0,1,0,3,0,0,5,0,0,0,0,0,1,False,False,True,False,False,False,False,False,False,False,False,True,False
8.3,15.8,0,68.89000000000001,-1.3892707884383049,131.14000000000001,0,0,0,0,0,0,0,0,0,1,0,0,1,0,0,0,0,0,0,0,0,0,0,0,0,0,0,0,0,0,0,0,0,0,0,1,0,0,0,0,0,0,0,0,1,0,0,5,0,0,0,0,0,0,False,True,False,False,False,False,False,False,False,False,False,False,True
8.9,35.0,1,79.21000000000001,0.09255707493281881,311.5,0,0,0,0,0,1,0,0,0,0,0,1,0,0,1,0,0,0,1,0,1,0,0,0,0,0,0,0,0,0,0,0,0,0,0,0,0,0,0,0,0,0,2,0,3,0,0,5,0,0,1,0,0,1,False,False,False,False,False,False,False,False,True,False,False,False,True
4.2,31.7,0,17.64,-0.5306072927699144,133.14000000000001,0,0,0,0,1,0,0,0,0,0,0,1,0,0,0,0,0,0,0,0,0,0,1,0,1,0,0,0,1,1,1,0,0,0,0,0,0,0,0,0,0,0,0,0,1,0,0,5,0,0,0,0,0,0,False,False,False,True,False,False,False,False,False,False,False,True,False
1.5,18.4,0,2.25,-0.9425707350696058,27.599999999999998,0,0,0,0,0,0,0,1,0,0,0,0,0,0,1,0,1,0,0,0,1,0,0,0,0,0,0,0,0,0,0,0,0,0,0,0,0,0,0,0,0,0,1,1,1,1,0,5,0,0,1,0,0,0,True,False,False,False,False,False,False,False,False,False,False,True,False
3.7,16.5,1,13.690000000000001,-1.3408602101999878,61.050000000000004,0,0,0,0,0,1,0,0,0,0,0,1,0,0,0,0,0,0,0,0,0,0,0,0,0,0,0,0,0,0,0,0,0,0,0,0,0,0,0,0,0,0,0,0,1,0,1,5,0,0,0,0,0,0,True,False,False,False,False,False,False,False,False,False,False,True,False
4.6,20.0,0,21.159999999999997,-0.4366741151436757,92.0,0,0,0,0,1,0,0,0,0,0,0,1,1,0,1,0,1,1,0,0,0,0,0,0,0,0,0,0,0,0,0,0,0,0,0,0,0,0,0,0,0,0,0,1,4,0,0,5,0,0,0,0,0,0,False,False,True,False,False,False,False,False,False,False,False,True,False
0.5,22.1,0,0.25,0.009786359612957528,11.05,0,0,0,0,0,0,0,0,0,0,1,0,0,0,0,1,1,1,0,0,1,0,0,0,0,0,0,0,0,0,0,0,0,0,0,0,0,0,0,0,0,0,1,1,3,0,0,5,0,0,0,0,0,0,False,False,True,False,False,False,False,False,False,False,True,False,False
14.0,7.2,0,196.0,0.5751950503992549,100.8,0,0,0,0,0,0,0,0,1,0,0,1,0,0,1,0,0,1,1,0,0,1,0,0,0,0,0,0,0,0,0,0,0,0,0,0,0,0,0,0,0,0,0,1,4,0,0,5,0,0,0,0,0,1,False,False,False,False,False,False,False,True,False,False,False,False,True
6.0,33.8,0,36.0,-0.26224390238707657,202.79999999999998,0,1,0,0,0,0,0,0,0,0,0,0,0,0,0,0,0,0,0,0,0,0,1,0,1,0,0,0,1,1,1,0,0,0,0,0,0,0,0,0,0,0,0,0,1,0,0,5,0,0,0,0,0,0,False,False,False,False,False,True,False,False,False,False,False,True,False
0.9,25.0,0,0.81,0.6189808029601351,22.5,0,1,0,0,0,0,0,0,0,0,0,0,0,0,0,0,0,0,0,0,0,0,0,0,0,0,0,0,0,0,0,0,0,0,0,0,0,0,0,0,0,0,0,0,0,1,0,5,0,0,0,0,0,0,False,True,False,False,False,False,False,False,False,False,True,False,False
6.2,6.0,1,38.440000000000005,-0.042502097320142075,37.2,0,0,0,0,0,0,0,0,0,0,1,0,1,0,0,1,0,0,0,0,0,0,0,0,0,0,0,0,0,0,0,0,0,0,0,0,0,0,1,0,0,0,0,0,2,0,2,5,0,0,0,0,0,0,False,False,False,False,False,False,False,True,False,False,False,True,False
8.8,21.2,0,77.44000000000001,-0.21051441957400338,186.56,0,0,0,0,1,0,0,0,0,0,0,1,1,0,1,0,0,0,0,0,1,1,0,0,0,0,0,0,0,0,0,0,0,0,0,0,0,0,0,0,0,0,1,1,2,0,0,5,0,0,1,0,0,0,False,True,False,False,False,False,False,False,False,False,False,False,True
12.4,30.0,0,153.76000000000002,-0.9597290743088943,372.0,0,1,0,0,0,0,0,0,0,0,0,0,1,0,0,0,0,0,0,0,0,0,0,0,0,0,0,0,0,0,0,0,0,0,0,0,0,0,0,0,0,0,0,0,1,0,0,5,0,0,0,0,0,0,False,False,False,False,True,False,False,False,False,False,False,False,True
0.9,45.0,0,0.81,1.7427234946057353,40.5,0,0,0,0,0,0,0,0,1,0,0,1,0,1,1,0,0,0,0,0,0,1,0,0,0,0,0,0,0,0,0,0,0,0,0,0,0,0,0,0,0,0,2,2,1,0,0,5,0,0,0,0,0,0,False,False,False,True,False,False,False,False,False,False,True,False,False
5.4,8.2,0,29.160000000000004,1.0220130182938596,44.28,0,1,0,0,0,0,0,0,0,0,0,0,0,1,0,0,0,1,1,0,1,0,0,0,0,0,0,0,0,0,0,0,0,0,0,0,0,0,0,0,0,0,3,0,2,0,0,5,0,0,0,0,0,0,False,False,False,False,False,False,False,False,False,True,False,True,False
11.7,43.2,0,136.89,1.4350546662391066,505.44,0,0,0,0,1,0,0,0,0,0,0,1,0,0,1,0,0,1,0,0,1,1,0,0,0,0,0,0,0,0,0,0,0,0,0,0,0,0,0,0,0,0,1,1,2,0,0,5,0,0,1,0,0,0,False,False,False,True,False,False,False,False,False,False,False,False,True
8.2,7.2,0,67.24,0.5751950503992549,59.04,0,0,0,0,0,0,0,0,0,0,1,0,0,0,0,1,0,0,1,0,1,1,0,0,0,0,0,0,0,0,0,0,0,0,0,0,0,0,0,0,0,0,1,1,2,0,0,5,0,0,0,0,0,0,False,False,False,False,False,False,False,True,False,False,False,False,True
2.5,25.0,0,6.25,-1.6758190428012565,62.5,0,0,0,0,0,0,0,1,0,0,0,0,0,1,0,1,1,0,0,0,0,0,0,0,0,0,0,0,0,0,0,0,0,0,0,0,0,0,0,0,0,0,1,2,1,0,0,5,0,0,0,0,0,0,False,False,False,True,False,False,False,False,False,False,False,True,False
5.3,45.0,0,28.09,1.6628227227616044,238.5,0,1,0,0,0,0,0,0,0,0,0,0,0,0,0,1,0,0,1,0,0,0,0,0,0,0,0,0,0,0,0,0,0,0,0,0,0,0,0,0,0,0,0,0,3,0,0,5,0,0,0,0,0,0,False,False,False,False,True,False,False,False,False,False,False,True,False
12.9,34.7,0,166.41,-0.10010414347917936,447.63000000000005,0,0,0,0,0,0,0,0,1,0,0,1,0,1,1,1,0,0,0,1,0,0,0,0,0,0,0,0,0,0,0,0,0,0,0,0,0,0,0,0,0,0,2,0,2,0,0,5,0,0,0,1,0,0,False,False,False,False,False,True,False,False,False,False,False,False,True
6.5,42.0,0,42.25,1.2150294565515336,273.0,0,0,1,0,0,0,0,0,0,0,0,0,0,0,0,0,0,0,0,0,0,0,1,0,0,0,0,0,0,0,0,0,0,0,0,0,0,0,0,0,0,0,1,0,1,0,0,5,0,0,0,0,0,0,False,False,False,False,False,True,False,False,False,False,False,True,False
3.6,22.5,0,12.96,0.07326026181925464,81.0,0,1,0,0,0,0,0,0,0,0,0,0,0,0,0,0,1,0,1,0,0,0,0,0,0,0,0,0,0,0,0,0,0,0,0,0,0,0,0,0,0,0,0,4,1,0,0,5,0,0,0,0,0,0,False,True,False,False,False,False,False,False,False,False,False,True,False
4.5,6.9,1,20.25,0.4207707634694058,31.05,0,0,0,0,0,1,0,0,0,0,0,1,0,1,0,0,0,0,1,0,0,1,0,0,0,0,0,0,0,0,0,0,0,0,0,0,0,0,0,0,0,0,1,2,2,0,0,5,0,0,0,0,0,0,False,False,False,False,False,False,False,True,False,False,False,True,False
0.5,43.6,0,0.25,1.5032779168322383,21.8,0,1,0,0,0,0,0,0,0,0,0,0,0,1,1,0,0,0,0,1,1,0,0,0,0,0,0,0,0,0,0,0,0,0,0,0,0,0,0,0,0,0,3,0,1,0,0,5,0,0,1,0,0,0,False,False,False,False,False,True,False,False,False,False,True,False,False
2.1,34.0,1,4.41,-0.22621284485198803,71.4,0,0,0,0,0,0,0,0,0,1,0,0,1,0,0,0,0,0,0,0,0,0,0,0,0,0,0,0,0,0,0,0,0,0,0,0,0,0,0,0,0,0,0,0,2,0,1,5,0,0,0,0,0,0,False,False,False,False,False,True,False,False,False,False,False,True,False
9.6,21.8,0,92.16,-0.22984220062576324,209.28,0,0,0,0,0,0,0,1,0,0,0,0,0,0,1,0,1,0,0,0,1,0,0,0,0,0,0,0,0,0,0,0,0,0,0,0,0,0,0,0,0,0,2,2,1,0,0,5,0,0,1,0,0,0,True,False,False,False,False,False,False,False,False,False,False,False,True
3.7,15.4,0,13.690000000000001,-1.571448853696525,56.980000000000004,0,0,0,0,0,0,0,1,0,0,0,0,1,0,0,1,0,1,0,1,0,0,0,0,0,0,0,0,0,0,0,0,0,0,0,0,0,0,0,0,0,0,1,0,4,0,0,5,0,1,0,1,0,0,True,False,False,False,False,False,False,False,False,False,False,True,False
5.2,7.8,0,27.040000000000003,0.8840436242589532,40.56,0,0,0,0,0,0,1,0,0,0,0,1,0,0,0,0,1,0,0,1,0,0,0,1,0,0,0,0,0,0,0,0,0,0,0,0,0,0,0,0,0,0,1,1,1,0,0,5,0,0,0,0,0,0,False,False,False,False,False,False,False,True,False,False,False,True,False
15.4,44.6,1,237.16000000000003,1.5839918596406939,686.84,0,0,0,0,0,0,0,1,0,0,0,0,0,0,0,0,0,0,0,0,0,0,0,0,0,0,0,0,0,0,0,0,0,0,0,0,0,0,1,0,0,0,0,0,0,0,2,5,0,0,0,0,0,0,False,False,False,False,False,False,False,False,True,False,False,False,True
14.8,40.2,0,219.04000000000002,0.9222732856280578,594.96,0,0,1,0,0,0,0,0,0,0,0,0,0,1,0,0,0,0,0,0,0,0,0,1,0,0,1,0,0,0,0,0,0,0,0,0,0,0,0,0,0,0,1,0,1,0,0,5,0,0,0,0,0,0,False,False,False,True,False,False,False,False,False,False,False,False,True
5.6,45.0,0,31.359999999999996,1.7554953195778542,251.99999999999997,0,0,0,1,0,0,0,0,0,0,0,1,1,0,0,1,0,0,0,0,0,0,0,0,0,0,0,0,0,0,0,0,0,0,0,0,0,0,0,0,0,0,0,0,2,0,0,5,0,0,0,0,0,0,False,False,False,False,False,True,False,False,False,False,False,True,False
11.2,21.8,0,125.43999999999998,-0.053993708209418755,244.16,0,0,0,0,0,0,0,0,1,0,0,1,0,0,0,0,1,0,0,0,1,1,0,0,0,0,0,0,0,0,0,0,0,0,0,0,0,0,0,0,0,0,1,3,0,0,0,5,0,0,0,0,1,0,False,False,True,False,False,False,False,False,False,False,False,False,True
1.0,9.2,0,1.0,-1.2063232135568502,9.2,0,0,1,0,0,0,0,0,0,0,0,0,1,0,0,0,0,0,0,0,0,0,0,0,1,1,0,0,0,0,0,0,0,0,0,0,0,0,0,0,0,0,0,0,1,0,0,5,0,0,0,0,0,0,False,False,False,False,False,False,True,False,False,False,True,False,False
10.9,3.6,1,118.81,-1.3418658021265564,39.24,0,0,0,0,1,0,0,0,0,0,0,1,1,0,0,0,0,0,0,0,0,0,1,0,0,0,0,0,0,0,0,0,0,0,0,0,1,0,1,0,0,0,0,0,2,0,2,5,0,0,0,0,0,0,False,False,False,False,False,False,False,False,False,True,False,False,True
11.3,5.6,1,127.69000000000001,-0.3140924019437669,63.28,0,0,1,0,0,0,0,0,0,0,0,0,0,1,0,1,0,0,0,0,0,1,0,0,0,0,0,0,0,0,0,0,0,0,0,0,0,0,0,0,0,0,1,1,1,0,1,5,0,0,0,0,0,0,False,False,False,False,False,False,False,False,False,True,False,False,True
2.6,3.8,0,6.760000000000001,-1.1749468681390365,9.879999999999999,0,0,0,0,0,0,0,0,0,0,1,0,0,0,0,0,0,0,0,0,0,0,1,0,1,0,0,0,0,0,0,0,0,0,0,0,0,0,0,0,0,0,0,0,1,0,0,5,0,0,0,0,0,0,False,False,False,False,False,False,False,True,False,False,False,True,False
7.5,22.8,1,56.25,0.15860651786516836,171.0,0,0,0,0,0,1,0,0,0,0,0,1,0,0,0,0,0,0,0,1,1,0,0,0,0,0,0,0,0,0,0,0,0,0,0,0,0,0,0,0,0,0,4,0,0,0,0,5,0,0,0,0,0,0,False,False,True,False,False,False,False,False,False,False,False,False,True
7.7,14.8,1,59.290000000000006,-1.5421952907315286,113.96000000000001,0,0,0,0,0,1,0,0,0,0,0,1,1,0,0,0,0,0,0,0,0,0,0,1,0,0,0,0,0,0,0,0,0,0,0,0,0,0,0,0,0,0,0,0,2,0,0,5,0,0,0,0,0,0,False,False,True,False,False,False,False,False,False,False,False,False,True
5.8,36.0,0,33.64,0.20437935277258903,208.79999999999998,0,0,0,0,1,0,0,0,0,0,0,1,1,0,1,0,0,0,0,0,0,1,0,0,0,0,0,0,0,0,0,0,0,0,0,0,0,0,0,0,0,0,0,1,2,0,0,5,0,0,0,0,0,0,False,False,False,True,False,False,False,False,False,False,False,True,False
9.4,7.6,0,88.36000000000001,0.7810940996390536,71.44,0,0,0,0,0,0,0,0,0,0,1,0,0,0,1,0,0,0,1,0,0,1,0,0,0,0,0,0,0,0,0,0,0,0,0,0,0,0,0,0,0,0,0,1,3,0,0,5,0,0,0,0,0,1,False,False,False,False,False,False,False,True,False,False,False,False,True
1.8,7.3,0,3.24,0.6266698127092045,13.14,0,0,0,0,0,0,0,0,0,0,1,0,0,0,0,0,0,0,0,1,0,0,0,0,0,0,0,0,0,0,0,0,0,0,0,0,0,0,0,0,0,0,1,0,0,0,0,5,0,0,0,0,0,0,False,False,False,False,False,False,False,True,False,False,False,True,False
7.1,26.7,0,50.41,0.7973253931315384,189.57,0,0,0,0,1,0,0,0,0,0,0,1,1,0,0,1,1,0,0,0,0,1,0,0,0,0,0,0,0,0,0,0,0,0,0,0,0,0,0,0,0,0,0,3,2,0,0,5,0,0,0,0,1,0,True,False,False,False,False,False,False,False,False,False,False,False,True
2.7,4.0,0,7.290000000000001,-1.1363111220899984,10.8,0,0,0,0,0,0,0,0,1,0,0,1,0,0,0,0,0,0,0,0,0,0,1,0,1,0,0,0,1,1,1,0,0,0,0,0,0,0,0,0,0,0,0,0,1,0,0,5,0,0,0,0,0,0,False,False,False,False,False,False,False,False,False,True,False,True,False
10.1,15.0,0,102.00999999999999,-1.4996752455166114,151.5,0,1,0,0,0,0,0,0,0,0,0,0,0,1,0,0,0,0,1,1,0,0,0,0,0,0,0,0,0,0,0,0,0,0,0,0,0,0,0,0,0,0,3,0,2,0,0,5,0,0,0,0,0,0,False,False,True,False,False,False,False,False,False,False,False,False,True
12.2,34.6,0,148.83999999999997,-0.11811967224672364,422.12,0,0,1,0,0,0,0,0,0,0,0,0,0,0,0,0,0,0,1,0,0,0,0,1,0,0,0,0,0,0,0,0,0,0,0,0,0,0,0,0,1,0,0,0,2,0,0,5,0,0,0,0,0,0,False,False,False,False,False,True,False,False,False,False,False,False,True
5.2,22.8,0,27.040000000000003,-0.02021616108345673,118.56,0,0,0,0,0,0,1,0,0,0,0,1,0,0,0,1,0,1,0,1,1,0,0,0,0,0,0,0,0,0,0,0,0,0,0,0,0,0,0,0,0,0,2,0,2,0,0,5,0,0,0,1,0,0,True,False,False,False,False,False,False,False,False,False,False,True,False
5.9,6.7,1,34.81,0.3178212388495062,39.53,0,0,0,1,0,0,0,0,0,0,0,1,1,0,0,1,0,0,0,0,0,0,0,0,0,0,0,0,0,0,0,0,0,0,0,0,0,0,1,0,0,0,0,0,2,0,2,5,0,0,0,0,0,0,False,False,False,False,False,False,False,True,False,False,False,True,False
12.3,6.3,0,151.29000000000002,0.045628288120209574,77.49000000000001,0,0,0,0,0,0,0,0,0,1,0,0,1,0,0,0,0,0,0,0,0,0,0,0,0,0,0,0,0,0,0,0,0,0,0,1,0,0,0,0,0,0,0,0,2,0,0,5,0,0,0,0,0,0,False,False,False,False,False,False,False,False,False,True,False,False,True
3.5,17.5,0,12.25,-0.9681746803301435,61.25,0,0,0,0,0,0,0,0,0,1,0,0,0,1,0,0,0,1,1,1,0,0,0,0,0,0,0,0,0,0,0,0,0,0,0,0,0,0,0,0,0,0,2,0,2,0,0,5,0,0,0,0,0,0,False,False,True,False,False,False,False,False,False,False,False,True,False
0.5,34.0,0,0.25,-0.260381928423428,17.0,0,0,0,0,0,0,0,0,0,0,1,0,1,0,0,0,1,0,0,1,0,0,0,0,0,0,0,0,0,0,0,0,0,0,0,0,0,0,0,0,0,0,1,1,1,0,0,5,0,1,0,0,0,0,False,False,False,False,True,False,False,False,False,False,True,False,False
13.4,13.4,0,179.56,-1.9131625079335504,179.56,0,1,0,0,0,0,0,0,0,0,0,0,0,0,0,0,0,0,0,0,0,0,0,0,0,0,0,0,0,0,0,0,0,0,0,0,0,0,0,0,0,0,0,0,0,0,0,5,0,0,0,0,0,0,False,True,False,False,False,False,False,False,False,False,False,False,True
10.2,3.0,0,104.03999999999999,-1.5867449666186344,30.599999999999998,0,0,0,0,1,0,0,0,0,0,0,1,0,0,1,1,1,0,0,1,0,1,0,0,0,0,0,0,0,0,0,0,0,0,0,0,0,0,0,0,0,0,1,2,2,0,0,5,0,0,0,1,1,0,False,False,False,False,False,False,False,True,False,False,False,False,True
3.1,8.5,0,9.610000000000001,-1.2776001331487499,26.35,0,0,0,0,0,0,0,1,0,0,0,0,0,0,1,1,0,0,0,1,0,0,0,0,0,0,0,0,0,0,0,0,0,0,0,0,0,0,0,0,0,0,2,0,3,0,0,5,0,0,0,1,0,0,False,False,False,False,False,False,True,False,False,False,False,True,False
6.9,31.8,1,47.61000000000001,-0.6225544777379564,219.42000000000002,0,0,0,0,0,0,1,0,0,0,0,1,1,0,0,0,1,0,0,0,0,0,0,0,0,0,0,0,0,0,0,0,0,0,0,0,0,0,0,0,0,0,0,1,1,0,1,5,0,0,0,0,0,0,False,False,False,False,False,True,False,False,False,False,False,True,False
8.4,18.4,0,70.56,-0.8217214256517897,154.56,0,0,0,0,0,0,0,1,0,0,0,0,1,0,1,1,0,1,0,0,1,0,0,0,0,0,0,0,0,0,0,0,0,0,0,0,0,0,0,0,0,0,1,0,4,0,0,5,0,0,1,0,0,0,False,True,False,False,False,False,False,False,False,False,False,False,True
5.0,5.2,0,25.0,-0.5196470819803246,26.0,0,0,0,0,0,0,0,1,0,0,0,0,0,1,1,1,0,1,0,0,0,1,0,0,0,0,0,0,0,0,0,0,0,0,0,0,0,0,0,0,0,0,1,1,3,0,0,5,0,0,0,0,0,0,False,False,False,False,False,False,False,False,False,True,False,True,False
6.0,38.4,0,36.0,0.5664704209199487,230.39999999999998,0,1,0,0,0,0,0,0,0,0,0,0,0,1,0,0,0,0,0,1,0,1,0,0,0,0,0,0,0,0,0,0,0,0,0,0,0,0,0,0,0,0,2,1,0,0,0,5,0,0,0,0,0,0,False,False,False,False,False,True,False,False,False,False,False,True,False
14.8,25.7,0,219.04000000000002,-1.5561700539920118,380.36,0,0,0,0,0,0,0,1,0,0,0,0,0,1,0,0,0,0,0,0,0,0,0,0,0,0,0,0,0,0,0,0,0,0,0,0,0,0,0,0,0,0,1,0,0,0,0,5,0,0,0,0,0,0,False,False,False,True,False,False,False,False,False,False,False,False,True
9.9,31.1,0,98.01,-0.5133383063547552,307.89000000000004,0,1,0,0,0,0,0,0,0,0,0,0,1,0,0,0,0,0,0,0,1,0,0,0,0,0,0,0,0,0,0,0,0,0,0,0,0,0,0,0,0,0,2,0,3,0,0,5,0,0,0,0,0,0,False,False,False,False,False,False,False,False,True,False,False,False,True
8.7,18.6,0,75.68999999999998,-0.7780637823605187,161.82,0,0,1,0,0,0,0,0,0,0,0,0,0,1,1,1,0,0,0,1,0,0,0,0,0,0,0,0,0,0,0,0,0,0,0,0,0,0,0,0,0,0,2,0,2,0,0,5,0,0,0,1,0,0,False,True,False,False,False,False,False,False,False,False,False,False,True
2.7,23.9,0,7.290000000000001,0.29049209787304564,64.53,0,0,0,0,0,0,0,0,1,0,0,1,0,0,1,1,0,0,1,0,1,0,0,0,0,0,0,0,0,0,0,0,0,0,0,0,0,0,0,0,0,0,1,0,3,0,0,5,0,0,1,0,0,1,False,False,False,False,False,False,True,False,False,False,False,True,False
5.9,6.3,0,34.81,0.11192218960970705,37.17,0,1,0,0,0,0,0,0,0,0,0,0,0,0,0,1,1,0,0,0,0,1,0,0,0,0,0,0,0,0,0,0,0,0,0,0,0,0,0,0,0,0,0,2,1,0,0,5,0,0,0,0,1,0,False,False,False,False,False,False,False,True,False,False,False,True,False
14.6,30.5,0,213.16,-0.8567563517160287,445.3,0,0,0,0,1,0,0,0,0,0,0,1,0,0,1,1,0,1,1,0,0,1,0,0,0,0,0,0,0,0,0,0,0,0,0,0,0,0,0,0,0,0,0,1,4,0,0,5,0,0,0,0,0,1,False,False,False,False,False,True,False,False,False,False,False,False,True
9.0,29.4,0,81.0,-1.0646311461917146,264.59999999999997,0,0,0,0,1,0,0,0,0,0,0,1,0,0,0,0,0,0,0,0,0,0,0,0,0,0,0,0,0,0,0,0,0,0,0,0,0,0,0,0,0,0,1,0,0,0,0,5,0,0,0,0,0,0,False,False,False,False,True,False,False,False,False,False,False,False,True
5.1,45.0,1,26.009999999999998,1.6461349756701886,229.49999999999997,0,0,1,0,0,0,0,0,0,0,0,0,1,0,1,0,0,0,0,0,0,0,0,0,0,0,0,0,0,0,0,0,0,0,0,0,0,0,0,0,0,0,0,0,2,0,1,5,0,0,0,0,0,0,False,False,False,False,False,False,False,False,True,False,False,True,False
1.6,25.9,1,2.5600000000000005,0.8176672186963879,41.44,0,0,0,0,0,1,0,0,0,0,0,1,0,0,1,0,1,0,0,0,0,0,0,0,0,0,0,0,0,0,0,0,0,0,0,0,0,0,0,0,0,0,0,1,1,0,0,5,0,0,0,0,0,0,False,False,True,False,False,False,False,False,False,False,False,True,False
4.3,28.5,0,18.49,0.758883283762673,122.55,0,0,0,0,1,0,0,0,0,0,0,1,0,0,1,0,1,0,0,0,0,0,0,0,0,0,0,0,0,0,0,0,0,0,0,0,0,0,0,0,0,0,0,1,1,0,0,5,0,0,0,0,0,0,False,False,False,False,False,False,True,False,False,False,False,True,False
10.9,22.2,0,118.81,-0.14599178480884092,241.98,0,0,0,0,0,0,0,0,0,0,1,0,0,0,1,0,0,0,1,0,0,1,0,0,0,0,0,0,0,0,0,0,0,0,0,0,0,0,0,0,0,0,0,1,3,0,0,5,0,0,0,0,0,1,True,False,False,False,False,False,False,False,False,False,False,False,True
3.3,4.5,0,10.889999999999999,-0.8146235319693882,14.85,0,0,0,0,0,0,0,0,0,1,0,0,0,0,0,0,0,0,0,0,0,0,0,0,0,0,0,0,0,0,0,0,0,0,0,0,0,0,0,0,0,0,0,0,0,0,0,5,0,0,0,0,0,0,False,False,False,False,False,False,False,True,False,False,False,True,False
2.4,10.9,0,5.76,-1.0332221231193792,26.16,0,0,0,0,0,0,0,0,0,1,0,0,0,0,1,0,0,0,0,0,0,0,0,0,0,0,0,0,0,0,0,0,0,0,0,0,0,0,0,0,0,0,0,0,1,0,0,5,0,0,0,0,0,0,False,False,False,False,False,False,True,False,False,False,False,True,False
8.9,30.5,0,79.21000000000001,-0.6065529803989975,271.45,0,1,0,0,0,0,0,0,0,0,0,0,0,0,0,1,0,1,1,0,1,0,0,0,0,0,0,0,0,0,0,0,0,0,0,0,0,0,0,0,0,0,1,0,3,0,0,5,0,0,0,0,0,0,False,False,False,False,False,False,False,False,True,False,False,False,True
6.5,29.4,0,42.25,-0.7774465494801085,191.1,0,1,0,0,0,0,0,0,0,0,0,0,0,0,0,0,0,0,0,0,0,0,1,0,0,0,0,0,0,0,0,0,0,0,0,0,0,0,0,0,0,0,0,0,1,0,0,5,0,0,0,0,0,0,False,False,False,False,False,False,False,False,True,False,False,True,False
14.2,18.7,1,201.64,-0.23899359052392427,265.53999999999996,0,0,0,0,0,0,0,0,0,1,0,0,0,0,0,0,0,0,0,1,0,0,0,0,0,0,0,0,0,0,0,0,0,0,0,0,0,0,0,0,0,0,1,1,0,0,3,5,0,0,0,0,0,0,False,False,False,False,False,False,True,False,False,False,False,False,True
9.0,34.5,1,81.0,-0.1361352010142679,310.5,0,1,0,0,0,0,0,0,0,0,0,0,0,0,1,0,0,1,0,0,0,0,0,0,0,0,0,0,0,0,0,0,0,0,0,0,0,0,1,0,0,0,0,0,2,0,2,5,0,0,0,0,0,0,False,False,False,False,False,True,False,False,False,False,False,False,True
14.0,26.3,1,196.0,0.7134749773146161,368.2,0,0,0,0,0,1,0,0,0,0,0,1,0,0,0,1,1,0,0,1,0,0,0,0,0,0,0,0,0,0,0,0,0,0,0,0,0,0,0,0,0,0,3,1,1,0,0,5,0,0,0,1,0,0,True,False,False,False,False,False,False,False,False,False,False,False,True
3.3,22.6,0,10.889999999999999,0.11608647265025109,74.58,0,0,0,0,0,0,0,1,0,0,0,0,0,0,1,1,0,0,1,0,1,0,0,0,0,0,0,0,0,0,0,0,0,0,0,0,0,0,0,0,0,0,1,0,4,0,0,5,0,0,1,0,0,1,False,False,True,False,False,False,False,False,False,False,False,True,False
9.9,3.7,0,98.01,-1.226421630448986,36.63,0,0,0,0,0,0,0,0,0,1,0,0,0,0,1,0,1,1,0,0,0,0,0,0,0,0,0,0,0,0,0,0,0,0,0,0,0,0,0,1,0,0,0,1,3,0,0,5,0,0,0,0,0,0,False,False,False,False,False,False,False,True,False,False,False,False,True
9.2,4.7,1,84.63999999999999,-0.7116740073494886,43.239999999999995,0,0,0,0,1,0,0,0,0,0,0,1,0,1,0,0,0,0,0,1,0,0,0,0,0,0,0,0,0,0,0,0,0,0,0,0,0,0,0,0,0,0,3,0,0,0,1,5,0,0,0,0,0,0,False,False,False,False,False,False,False,True,False,False,False,False,True
7.3,27.7,1,53.29,1.208358987392286,202.20999999999998,0,0,0,0,0,0,0,0,1,0,0,1,0,0,0,0,0,0,0,0,0,0,0,1,1,0,0,0,0,0,0,0,0,0,0,0,0,0,0,0,0,0,1,0,1,0,0,5,0,0,0,0,0,0,False,True,False,False,False,False,False,False,False,False,False,False,True
11.6,6.6,0,134.56,0.19979429814762795,76.55999999999999,0,0,1,0,0,0,0,0,0,0,0,0,1,0,0,0,1,1,0,0,0,0,0,0,0,0,0,0,0,0,0,0,0,0,1,0,0,0,0,0,0,0,0,1,2,0,0,5,0,0,0,0,0,0,False,False,False,False,False,False,False,False,False,True,False,False,True
5.9,15.0,0,34.81,-1.4996752455166114,88.5,0,1,0,0,0,0,0,0,0,0,0,0,0,1,0,0,0,0,1,1,0,1,0,0,0,0,0,0,0,0,0,0,0,0,0,0,0,0,0,0,0,0,3,1,1,0,0,5,0,0,0,0,0,0,False,False,True,False,False,False,False,False,False,False,False,True,False
10.4,27.0,0,108.16000000000001,0.8602132049942305,280.8,0,1,0,0,0,0,0,0,0,0,0,0,0,0,1,0,1,0,1,0,0,0,0,0,0,0,0,0,0,0,0,0,0,0,0,0,0,0,0,0,0,0,0,1,2,0,0,5,0,0,0,0,0,1,True,False,False,False,False,False,False,False,False,False,False,False,True
8.3,3.2,1,68.89000000000001,-1.4837954419987347,26.560000000000002,0,0,1,0,0,0,0,0,0,0,0,0,0,0,0,0,0,0,0,0,0,0,1,1,0,0,1,0,0,0,0,0,0,0,0,0,0,0,0,0,0,0,0,0,2,0,1,5,0,0,0,0,0,0,False,False,False,False,False,False,False,True,False,False,False,False,True
12.6,38.5,1,158.76,0.631697169948463,485.09999999999997,0,0,0,0,0,1,0,0,0,0,0,1,1,0,1,1,1,0,0,0,0,0,0,0,0,0,0,0,0,0,0,0,0,0,0,0,0,0,0,0,0,0,0,1,3,0,0,5,0,0,0,0,0,0,False,False,False,True,False,False,False,False,False,False,False,False,True
12.2,34.4,0,148.83999999999997,-0.15415072978181218,419.67999999999995,0,0,0,0,0,0,0,0,0,0,1,0,1,0,0,0,1,0,0,0,0,0,0,0,0,0,1,0,0,0,0,0,0,0,0,0,0,0,0,0,0,0,0,1,1,0,0,5,0,0,0,0,0,0,False,False,False,False,False,True,False,False,False,False,False,False,True
7.2,34.5,0,51.84,-0.1361352010142679,248.4,0,0,0,0,0,0,0,1,0,0,0,0,0,0,1,1,0,1,0,0,0,0,0,0,0,0,0,0,0,0,0,0,0,0,0,0,0,0,0,0,0,0,0,0,5,0,0,5,0,0,0,0,0,0,False,False,False,False,False,True,False,False,False,False,False,False,True
1.7,25.9,0,2.8899999999999997,0.4941404395641879,44.029999999999994,0,0,0,1,0,0,0,0,0,0,0,1,0,0,0,0,0,0,0,0,0,0,0,0,0,0,1,1,0,0,0,0,0,0,0,0,0,0,0,0,0,0,0,0,0,0,0,5,0,0,0,0,0,0,False,False,False,False,False,False,True,False,False,False,False,True,False
6.4,27.0,0,40.96000000000001,-1.4872998585800694,172.8,0,0,0,0,1,0,0,0,0,0,0,1,1,1,1,1,0,0,0,0,0,0,0,0,0,0,0,0,0,0,0,0,0,0,0,0,0,0,0,0,0,0,1,0,3,0,0,5,1,0,0,0,0,0,False,False,False,False,False,True,False,False,False,False,False,True,False
2.5,35.0,0,6.25,-0.08554514195206143,87.5,0,0,0,0,0,0,0,0,0,1,0,0,1,0,0,0,0,0,0,0,0,0,0,0,0,0,0,0,0,0,0,0,0,0,0,1,0,0,0,0,0,0,0,0,1,0,0,5,0,0,0,0,0,0,False,False,False,False,True,False,False,False,False,False,False,True,False
8.9,15.0,0,79.21000000000001,-1.4996752455166114,133.5,0,0,0,0,0,0,0,1,0,0,0,0,0,1,0,1,0,0,0,1,0,0,0,0,0,0,0,0,0,0,0,0,0,0,0,0,0,0,0,0,0,0,3,0,1,0,0,5,0,0,0,1,0,0,False,False,True,False,False,False,False,False,False,False,False,False,True
11.1,39.6,0,123.21,0.7826567661304774,439.56,0,0,0,0,0,0,0,0,0,0,1,0,1,0,0,0,1,0,0,0,0,0,0,0,0,0,1,0,0,0,0,0,0,0,0,0,0,0,0,0,0,0,0,1,1,0,0,5,0,0,0,0,0,0,False,False,False,False,False,True,False,False,False,False,False,False,True
0.5,8.2,0,0.25,1.0899426734987518,4.1,0,0,0,0,0,0,0,0,0,1,0,0,0,0,0,1,0,0,1,1,1,0,0,0,0,0,0,0,0,0,0,0,0,0,0,0,0,0,0,0,0,0,2,0,3,0,0,5,0,0,0,1,0,0,False,False,False,False,False,False,False,True,False,False,True,False,False
10.8,24.3,0,116.64000000000001,0.294222898230003,262.44,0,1,0,0,0,0,0,0,0,0,0,0,0,1,0,1,1,0,0,0,0,1,0,0,0,0,0,0,0,0,0,0,0,0,0,0,0,0,0,0,0,0,1,2,1,0,0,5,0,0,0,0,1,0,True,False,False,False,False,False,False,False,False,False,False,False,True
4.1,20.5,0,16.81,-0.36331617109344977,84.05,0,0,0,0,0,0,0,0,0,1,0,0,0,1,1,0,0,0,0,0,1,0,0,0,0,0,0,0,0,0,0,0,0,0,0,0,0,0,0,0,0,0,2,0,1,0,0,5,0,0,1,0,0,0,False,True,False,False,False,False,False,False,False,False,False,True,False
9.4,41.0,0,88.36000000000001,1.0247038153752406,385.40000000000003,0,1,0,0,0,0,0,0,0,0,0,0,0,0,1,1,0,0,1,0,0,0,0,0,0,0,0,0,0,0,0,0,0,0,0,0,0,0,0,0,0,0,1,0,4,0,0,5,0,0,0,0,0,1,False,False,False,False,False,False,False,False,True,False,False,False,True
10.2,7.4,0,104.03999999999999,0.6781445750191545,75.48,0,0,0,0,0,0,0,1,0,0,0,0,1,1,0,1,0,0,0,0,0,0,0,0,0,0,0,0,0,0,0,0,0,0,0,0,0,0,0,0,0,0,2,0,3,0,0,5,1,0,0,0,0,0,False,False,False,False,False,False,False,True,False,False,False,False,True
11.4,19.5,0,129.96,-0.7119820915730684,222.3,0,0,0,0,1,0,0,0,0,0,0,1,0,0,0,1,1,1,1,0,0,0,0,0,0,0,0,0,0,0,0,0,0,0,0,0,0,0,0,0,0,0,0,1,3,0,0,5,0,0,0,0,0,0,True,False,False,False,False,False,False,False,False,False,False,False,True
8.8,26.1,0,77.44000000000001,-1.4877992032438716,229.68000000000004,0,0,0,0,0,0,0,0,1,0,0,1,0,0,0,0,1,0,0,1,0,0,0,0,0,0,0,0,0,0,0,0,0,0,0,0,0,0,0,0,0,0,2,1,0,0,0,5,0,0,0,0,0,0,False,False,False,True,False,False,False,False,False,False,False,False,True
9.8,7.4,0,96.04000000000002,0.6109036582207442,72.52000000000001,0,0,1,0,0,0,0,0,0,0,0,0,0,0,1,1,0,0,0,0,1,0,0,0,0,0,0,0,0,0,0,0,0,0,0,0,0,0,0,0,0,0,1,0,3,0,0,5,0,0,1,0,0,0,False,False,False,False,False,False,False,False,False,True,False,False,True
9.0,19.8,1,81.0,-0.47919416035859297,178.20000000000002,0,0,0,0,0,1,0,0,0,0,0,1,0,0,0,0,0,0,0,0,0,0,0,0,0,0,0,0,0,0,0,0,1,0,0,0,0,0,0,0,0,0,0,0,0,0,0,5,0,0,0,0,0,0,False,False,True,False,False,False,False,False,False,False,False,False,True
13.4,17.2,0,179.56,-1.0319547481525198,230.48,0,0,0,1,0,0,0,0,0,0,0,1,0,0,0,0,0,0,1,0,0,0,0,0,0,0,0,0,0,0,0,0,0,0,0,0,0,0,0,0,0,0,0,0,1,0,0,5,0,0,0,0,0,0,False,False,True,False,False,False,False,False,False,False,False,False,True
2.9,16.6,0,8.41,-1.1595148837972715,48.14,0,0,0,1,0,0,0,0,0,0,0,1,0,1,0,0,0,0,1,1,0,0,0,0,0,0,0,0,0,0,0,0,0,0,0,0,0,0,0,0,0,0,3,0,2,0,0,5,0,0,0,0,0,0,False,False,True,False,False,False,False,False,False,False,False,True,False
5.5,30.0,0,30.25,1.6893281456021954,165.0,0,0,0,1,0,0,0,0,0,0,0,1,0,1,0,1,0,0,0,0,0,1,0,0,0,0,0,0,0,0,0,0,0,0,0,0,0,0,0,0,0,0,1,2,1,0,0,5,0,0,0,0,0,0,False,False,True,False,False,False,False,False,False,False,False,True,False
11.3,4.5,1,127.69000000000001,-0.879367772044301,50.85,0,0,0,0,0,0,0,0,1,0,0,1,1,0,0,0,0,0,0,0,0,0,0,0,0,0,0,1,0,0,0,0,0,0,0,0,0,0,0,0,0,0,0,0,1,0,2,5,0,0,0,0,0,0,False,False,False,False,False,False,False,False,False,True,False,False,True
2.1,5.9,0,4.41,-1.5423429773472348,12.39,0,0,0,0,0,0,0,1,0,0,0,0,0,1,0,0,0,0,0,0,0,0,0,0,1,0,0,0,0,0,0,0,0,0,0,0,0,0,0,0,0,0,1,0,0,0,0,5,0,0,0,0,0,0,False,False,False,False,False,False,True,False,False,False,False,True,False
12.1,34.4,0,146.41,-0.19044721383488164,416.23999999999995,0,1,0,0,0,0,0,0,0,0,0,0,1,0,0,1,0,0,0,0,0,1,0,0,0,0,0,0,0,0,0,0,0,0,0,0,0,0,0,0,0,0,0,2,3,0,0,5,0,0,0,0,0,0,False,False,False,False,True,False,False,False,False,False,False,False,True
3.9,34.2,0,15.209999999999999,-0.10328947559403974,133.38,0,0,0,0,0,0,0,0,1,0,0,1,0,1,0,0,1,0,1,0,0,1,0,0,0,0,0,0,0,0,0,0,0,0,0,0,0,0,0,0,0,0,2,2,1,0,0,5,0,0,0,0,1,0,False,False,False,True,False,False,False,False,False,False,False,True,False
0.5,5.8,0,0.25,-0.14545162194004166,2.9,0,0,1,0,0,0,0,0,0,0,0,0,1,0,0,1,0,0,1,0,0,0,0,0,0,0,0,0,0,0,0,0,0,0,0,0,0,0,0,0,0,0,0,0,3,0,0,5,0,0,0,0,0,0,False,False,False,False,False,False,False,True,False,False,True,False,False
13.3,4.7,0,176.89000000000001,-0.7765904320260221,62.510000000000005,0,0,0,0,0,0,1,0,0,0,0,1,0,0,0,0,0,1,0,0,0,0,0,1,0,0,0,1,0,0,0,1,1,0,0,0,0,0,0,0,0,0,0,0,2,0,0,5,0,0,0,0,0,0,False,False,False,False,False,False,False,False,False,True,False,False,True
1.6,28.1,1,2.5600000000000005,1.2853877160604803,44.96000000000001,0,0,0,0,0,1,0,0,0,0,0,1,1,0,0,0,0,0,0,0,0,0,0,0,0,0,0,1,0,0,0,0,0,0,0,0,0,0,0,0,0,0,0,0,1,0,2,5,0,0,0,0,0,0,False,False,True,False,False,False,False,False,False,False,False,True,False
13.9,19.2,0,193.21,-0.6067542960033455,266.88,0,0,0,1,0,0,0,0,0,0,0,1,0,0,0,0,0,0,1,0,0,0,0,0,0,0,0,0,0,0,0,0,0,0,0,0,0,0,0,0,0,0,0,0,1,0,0,5,0,0,0,0,0,0,False,False,True,False,False,False,False,False,False,False,False,False,True
5.9,32.8,0,34.81,1.1967272183986286,193.51999999999998,0,0,0,0,0,0,0,0,1,0,0,1,0,1,1,0,1,0,0,0,0,1,0,0,0,0,0,0,0,0,0,0,0,0,0,0,0,0,0,0,0,0,1,2,1,0,0,5,0,0,0,0,1,0,False,False,False,False,False,False,True,False,False,False,False,True,False
13.1,4.2,0,171.60999999999999,-0.9690478188992374,55.02,0,0,0,0,0,0,0,0,0,0,1,0,0,0,1,0,0,0,1,0,0,0,0,0,0,0,0,0,0,0,0,0,0,0,0,0,0,0,0,0,0,0,0,0,4,0,0,5,0,0,0,0,0,1,False,False,False,False,False,False,False,True,False,False,False,False,True
5.1,27.4,0,26.009999999999998,-1.0881621296275823,139.73999999999998,0,1,0,0,0,0,0,0,0,0,0,0,1,0,0,0,0,0,0,0,0,0,0,0,0,0,0,0,0,0,0,0,0,0,0,0,0,0,0,0,0,0,0,0,1,0,0,5,0,0,0,0,0,0,False,False,False,False,False,False,False,False,True,False,False,True,False
11.1,24.1,0,123.21,0.25229769032154187,267.51,0,0,0,0,1,0,0,0,0,0,0,1,1,1,0,0,0,0,0,0,0,0,0,0,0,0,0,0,0,0,0,0,0,0,0,0,0,0,0,0,0,0,2,0,1,0,0,5,1,0,0,0,0,0,True,False,False,False,False,False,False,False,False,False,False,False,True
6.7,28.9,1,44.89,1.2585026801246124,193.63,0,0,0,0,0,0,0,0,0,1,0,0,0,0,0,0,0,1,0,0,0,0,0,0,0,0,0,0,0,0,0,0,0,0,0,0,0,0,0,0,0,0,0,0,1,0,1,5,0,0,0,0,0,0,True,False,False,False,False,False,False,False,False,False,False,True,False
2.0,41.3,0,4.0,1.0713111523973613,82.6,0,0,0,0,0,0,0,0,0,0,1,0,1,0,1,0,0,0,0,0,1,0,0,1,0,0,0,0,0,0,0,1,0,0,0,0,0,0,0,0,0,0,1,0,3,0,0,5,0,0,1,0,0,0,False,False,False,False,False,False,False,False,True,False,False,True,False
1.6,38.2,0,2.5600000000000005,0.5897020031687775,61.120000000000005,0,0,0,0,1,0,0,0,0,0,0,1,0,0,0,0,0,0,0,0,0,0,0,0,0,0,0,0,0,0,0,0,0,0,0,0,0,0,0,0,0,0,0,0,1,0,0,5,0,0,0,0,0,0,False,False,False,False,False,False,False,False,True,False,False,True,False
11.1,15.0,0,123.21,-1.5639013616033868,166.5,0,1,0,0,0,0,0,0,0,0,0,0,0,1,0,0,0,1,0,1,1,0,0,0,0,0,0,0,0,0,0,0,0,0,0,0,0,0,0,0,0,0,3,0,1,0,0,5,0,0,0,0,0,0,False,True,False,False,False,False,False,False,False,False,False,False,True
8.3,27.8,0,68.89000000000001,1.221607648238104,230.74000000000004,0,1,0,0,0,0,0,0,0,0,0,0,1,1,1,0,0,0,0,0,0,0,0,0,0,0,0,0,0,0,0,0,0,0,0,0,0,0,0,0,0,0,1,0,2,0,0,5,1,0,0,0,0,0,False,False,True,False,False,False,False,False,False,False,False,False,True
15.0,3.9,0,225.0,-1.1234721058290866,58.5,0,0,0,0,0,0,0,0,1,0,0,1,0,1,1,1,0,0,0,0,0,1,0,0,0,0,0,0,0,0,0,0,0,0,0,0,0,0,0,0,0,0,1,1,2,0,0,5,0,0,0,0,0,0,False,False,False,False,False,False,False,True,False,False,False,False,True
10.9,25.3,0,118.81,-1.4144134887824298,275.77000000000004,0,0,0,0,1,0,0,0,0,0,0,1,0,0,0,0,0,0,0,0,0,0,0,0,0,0,0,0,0,0,0,0,0,0,0,0,0,0,0,0,0,0,0,0,0,0,0,5,0,0,0,0,0,0,False,False,False,False,False,False,False,False,True,False,False,False,True
12.3,33.2,0,151.29000000000002,-0.3703370749923397,408.36000000000007,0,1,0,0,0,0,0,0,0,0,0,0,0,0,1,1,1,0,0,1,0,0,0,0,0,0,0,0,0,0,0,0,0,0,0,0,0,0,0,0,0,0,1,1,2,0,0,5,0,0,0,1,0,0,False,False,False,False,False,True,False,False,False,False,False,False,True
2.4,36.7,0,5.76,0.32402834158183424,88.08,0,0,0,1,0,0,0,0,0,0,0,1,0,0,0,0,0,0,1,1,0,0,0,0,0,0,0,0,0,0,0,0,0,0,0,0,0,0,0,0,0,0,3,0,2,0,0,5,0,0,0,1,0,0,False,False,False,True,False,False,False,False,False,False,False,True,False
15.0,38.1,0,225.0,0.5633263192003234,571.5,0,1,0,0,0,0,0,0,0,0,0,0,0,0,0,1,0,0,1,1,0,0,0,0,0,0,0,0,0,0,0,0,0,0,0,0,0,0,0,0,0,0,2,0,2,0,0,5,0,0,0,1,0,0,False,False,False,True,False,False,False,False,False,False,False,False,True
6.3,37.1,0,39.69,0.3322685469418769,233.73,0,0,0,0,1,0,0,0,0,0,0,1,0,1,1,0,1,0,0,0,0,0,0,0,0,0,0,0,0,0,0,0,0,0,0,0,0,0,0,0,0,0,1,1,1,0,0,5,0,0,0,0,0,0,False,False,False,False,False,True,False,False,False,False,False,True,False
5.6,3.8,0,31.359999999999996,-1.2390884621082776,21.279999999999998,0,1,0,0,0,0,0,0,0,0,0,0,1,0,0,1,1,0,0,0,0,0,0,0,0,0,0,0,0,0,0,0,0,0,0,0,0,0,0,0,0,0,0,1,3,0,0,5,0,0,0,0,0,0,False,False,False,False,False,False,False,False,False,True,False,True,False
13.5,40.6,1,182.25,0.8935408622875917,548.1,0,1,0,0,0,0,0,0,0,0,0,0,0,0,0,1,0,0,1,1,0,0,0,0,0,0,0,0,0,0,0,0,0,0,0,0,0,0,0,0,0,0,1,0,3,0,1,5,0,0,0,1,0,0,False,False,False,False,True,False,False,False,False,False,False,False,True
7.1,29.2,0,50.41,-1.090958225694101,207.32,0,0,0,0,0,0,0,0,0,0,1,0,1,0,0,0,1,0,0,0,0,0,0,0,0,1,0,0,0,0,0,0,0,0,0,0,0,0,0,0,0,0,0,1,1,0,0,5,0,0,0,0,0,0,False,False,False,False,False,True,False,False,False,False,False,False,True
9.9,29.6,0,98.01,-1.0188961106239247,293.04,0,0,1,0,0,0,0,0,0,0,0,0,0,1,0,0,0,0,0,0,0,0,0,0,1,0,0,0,0,0,0,0,0,0,0,0,0,0,0,0,0,0,1,0,0,0,0,5,0,0,0,0,0,0,False,False,False,False,False,True,False,False,False,False,False,False,True
8.7,37.8,0,75.68999999999998,0.5275588871392819,328.85999999999996,0,0,0,0,0,0,0,0,0,1,0,0,0,0,0,1,0,1,0,0,1,0,0,0,0,0,0,0,0,0,0,0,0,0,0,0,0,0,0,0,0,0,1,0,4,0,0,5,0,0,0,0,0,0,False,False,False,False,False,False,False,False,True,False,False,False,True
14.1,26.7,1,198.81,0.9900707709359338,376.46999999999997,0,0,0,0,0,1,0,0,0,0,0,1,0,0,0,0,0,0,0,1,0,0,0,1,0,0,0,0,0,0,0,0,0,0,0,0,0,0,0,0,0,0,1,0,3,0,0,5,0,0,0,1,0,0,False,True,False,False,False,False,False,False,False,False,False,False,True
12.2,37.6,0,148.83999999999997,0.36903050287349193,458.71999999999997,0,0,0,0,0,0,0,0,1,0,0,1,0,1,0,0,0,1,0,1,0,1,0,0,0,0,0,0,0,0,0,0,0,0,0,0,0,0,0,0,0,0,2,1,2,0,0,5,0,0,0,0,0,0,False,False,False,False,True,False,False,False,False,False,False,False,True
4.3,40.1,0,18.49,0.9051805729410226,172.43,0,0,0,0,1,0,0,0,0,0,0,1,1,1,0,1,0,0,0,0,0,0,0,0,0,0,0,0,0,0,0,0,0,0,0,0,0,0,0,0,0,0,1,0,4,0,0,5,1,0,0,0,0,0,False,False,False,True,False,False,False,False,False,False,False,True,False
5.2,35.4,0,27.040000000000003,0.10182307665037904,184.08,0,0,0,0,0,0,0,0,0,1,0,0,0,1,0,0,0,0,0,0,0,0,0,1,0,0,0,0,0,0,0,0,0,0,0,0,0,0,0,0,0,1,1,0,1,0,0,5,0,0,0,0,0,0,False,False,False,True,False,False,False,False,False,False,False,True,False
5.1,32.6,0,26.009999999999998,-0.47843024759760405,166.26,0,0,0,0,0,0,0,0,0,1,0,0,0,0,0,1,0,1,1,0,0,0,0,0,0,0,0,0,0,0,0,0,0,0,0,0,0,0,0,0,0,0,0,0,4,0,0,5,0,0,0,0,0,0,False,False,False,False,False,True,False,False,False,False,False,True,False
5.6,26.1,0,31.359999999999996,0.5145052737333025,146.16,0,0,0,0,0,0,0,0,0,0,1,0,0,0,1,1,0,0,1,1,0,0,0,0,0,0,0,0,0,0,0,0,0,0,0,0,0,0,0,0,0,0,1,0,3,0,0,5,0,0,0,1,0,1,False,False,False,False,False,False,True,False,False,False,False,True,False
13.4,22.0,0,179.56,0.09702617326646058,294.8,0,0,0,0,0,0,0,0,0,1,0,0,0,0,0,0,0,0,0,0,0,0,1,0,1,0,0,0,1,1,1,0,0,0,0,0,0,0,0,0,0,0,0,0,1,0,0,5,0,0,0,0,0,0,False,False,False,False,False,False,True,False,False,False,False,False,True
11.9,37.4,0,141.61,1.665118404288256,445.06,0,0,0,1,0,0,0,0,0,0,0,1,0,1,0,0,0,1,0,1,1,0,0,0,0,0,0,0,0,0,0,0,0,0,0,0,0,0,0,0,0,0,3,0,1,0,0,5,0,0,0,0,0,0,False,False,False,False,False,False,True,False,False,False,False,False,True
2.3,5.8,0,5.289999999999999,-1.552525394431792,13.339999999999998,0,0,0,0,0,0,1,0,0,0,0,1,0,1,0,0,0,0,0,0,0,0,0,0,1,0,0,0,0,0,0,0,0,0,0,0,0,0,0,0,0,0,1,0,0,0,0,5,0,0,0,0,0,0,False,False,False,False,False,False,True,False,False,False,False,True,False
6.6,22.3,0,43.559999999999995,-0.12502918085460998,147.18,0,0,1,0,0,0,0,0,0,0,0,0,0,0,1,0,1,1,0,0,0,0,0,0,0,0,0,0,0,0,0,0,0,0,0,0,0,0,0,0,0,0,0,1,3,0,0,5,0,0,0,0,0,0,True,False,False,False,False,False,False,False,False,False,False,True,False
5.0,29.7,1,25.0,-0.7308392124579872,148.5,0,1,0,0,0,0,0,0,0,0,0,0,0,0,0,0,0,0,0,0,0,0,0,0,0,0,0,0,0,0,0,0,0,0,0,0,0,0,0,0,0,0,0,0,0,0,3,5,0,0,0,0,0,0,False,False,False,False,False,False,False,False,True,False,False,True,False
6.3,18.6,0,39.69,-0.7343144316480974,117.18,0,0,0,0,0,0,0,0,0,1,0,0,1,0,0,0,1,0,1,0,0,0,0,0,0,0,0,0,0,0,0,0,0,0,0,0,0,0,0,0,0,0,0,1,2,0,0,5,0,0,0,0,0,0,False,False,True,False,False,False,False,False,False,False,False,True,False
9.4,3.3,0,88.36000000000001,-1.4323206796887853,31.02,0,0,1,0,0,0,0,0,0,0,0,0,0,1,1,0,1,0,0,0,0,0,0,0,0,0,0,0,0,0,0,0,0,0,0,0,0,0,0,0,0,0,1,1,1,0,0,5,0,0,0,0,0,0,False,False,False,False,False,False,False,True,False,False,False,False,True
8.9,16.1,0,79.21000000000001,-1.265814996834565,143.29000000000002,0,0,1,0,0,0,0,0,0,0,0,0,1,0,0,0,1,1,0,0,0,1,0,0,0,0,0,0,0,0,0,0,0,0,0,0,0,0,0,1,0,0,0,2,2,0,0,5,0,0,0,0,1,0,False,False,True,False,False,False,False,False,False,False,False,False,True
8.2,29.3,0,67.24,1.5576201337224498,240.26,0,0,0,0,0,0,1,0,0,0,0,1,1,0,0,1,0,1,0,0,1,0,0,0,0,0,0,0,0,0,0,0,0,0,0,0,0,0,0,0,0,0,1,0,4,0,0,5,0,0,0,0,0,0,False,True,False,False,False,False,False,False,False,False,False,False,True
13.3,5.1,1,176.89000000000001,-0.5710357519894643,67.83,0,0,0,0,0,1,0,0,0,0,0,1,1,1,0,0,0,1,0,0,0,0,0,0,0,0,0,0,0,0,0,0,0,0,0,0,0,0,0,0,0,0,1,0,3,0,0,5,1,0,0,0,0,0,False,False,False,False,False,False,False,False,False,True,False,False,True
2.1,34.2,0,4.41,-0.19018178731689947,71.82000000000001,0,0,0,0,0,0,0,0,0,0,1,0,0,0,0,0,0,0,0,0,0,0,1,0,1,0,0,0,0,0,0,0,0,1,0,0,0,0,0,0,0,0,0,0,1,0,0,5,0,0,0,0,0,0,False,False,False,False,False,True,False,False,False,False,False,True,False
5.6,35.4,0,31.359999999999996,0.10182307665037904,198.23999999999998,0,0,0,1,0,0,0,0,0,0,0,1,0,0,0,1,0,0,0,0,0,0,0,0,0,0,0,0,0,0,0,0,0,0,0,0,0,0,0,0,0,0,0,0,1,0,0,5,0,0,0,0,0,0,False,False,False,True,False,False,False,False,False,False,False,True,False
12.2,21.3,0,148.83999999999997,-0.16029382124671232,259.86,0,0,0,0,0,0,0,1,0,0,0,0,1,1,0,0,0,1,0,0,0,0,0,0,0,0,0,0,0,0,0,0,0,0,0,0,0,0,0,0,0,0,1,0,2,0,0,5,1,0,0,0,0,0,False,False,True,False,False,False,False,False,False,False,False,False,True
15.0,29.7,0,225.0,1.426203511758458,445.5,0,0,0,1,0,0,0,0,0,0,0,1,0,1,0,0,0,1,1,0,0,0,0,0,0,0,0,0,0,0,0,0,0,0,0,0,0,0,0,0,0,0,1,0,3,0,0,5,0,0,0,0,0,0,True,False,False,False,False,False,False,False,False,False,False,False,True
13.6,43.5,0,184.95999999999998,1.486332804300211,591.6,0,0,0,0,0,0,0,0,1,0,0,1,0,0,0,1,0,0,1,0,0,0,0,0,1,0,0,0,0,0,0,0,0,0,0,0,0,0,0,0,0,0,0,0,2,0,0,5,0,0,0,0,0,0,False,False,False,True,False,False,False,False,False,False,False,False,True
2.7,29.9,0,7.290000000000001,1.468128719666919,80.73,0,0,0,0,0,0,0,0,0,1,0,0,1,0,0,0,0,0,0,0,0,0,0,1,0,1,0,0,0,0,0,0,0,0,0,0,0,0,0,0,0,0,0,0,2,0,0,5,0,0,0,0,0,0,True,False,False,False,False,False,False,False,False,False,False,True,False
9.1,19.8,0,82.80999999999999,-0.5161179226128961,180.18,0,1,0,0,0,0,0,0,0,0,0,0,0,1,0,0,0,1,0,1,0,1,0,0,0,0,0,0,0,0,0,0,0,0,0,0,0,0,0,0,0,0,2,1,2,0,0,5,0,0,0,0,0,0,False,True,False,False,False,False,False,False,False,False,False,False,True
3.2,17.1,0,10.240000000000002,-1.1054961070450469,54.720000000000006,0,1,0,0,0,0,0,0,0,0,0,0,0,0,1,0,0,0,0,0,1,0,0,0,0,0,0,0,0,0,0,0,0,0,0,0,0,0,0,0,0,0,3,0,1,0,0,5,0,0,1,0,0,0,False,True,False,False,False,False,False,False,False,False,False,True,False
5.7,25.6,1,32.49,0.4635931883105169,145.92000000000002,0,0,0,0,0,1,0,0,0,0,0,1,1,0,1,0,0,0,0,0,0,0,0,0,0,0,0,0,0,0,0,0,0,0,0,0,0,0,0,0,0,0,0,0,2,0,0,5,0,0,0,0,0,0,False,False,False,False,False,False,True,False,False,False,False,True,False
8.6,30.8,0,73.96,-0.819859645131801,264.88,0,0,1,0,0,0,0,0,0,0,0,0,0,0,0,0,0,0,0,0,0,0,0,0,0,0,0,0,0,0,0,0,0,0,0,0,0,0,0,0,0,0,1,0,0,0,0,5,0,0,0,0,0,0,False,False,False,False,True,False,False,False,False,False,False,False,True
11.4,4.5,1,129.96,-0.879367772044301,51.300000000000004,0,0,0,0,0,0,0,0,1,0,0,1,1,0,0,0,0,0,0,0,0,0,0,0,0,0,0,1,0,0,0,0,0,0,0,0,0,0,0,0,0,0,0,0,1,0,2,5,0,0,0,0,0,0,False,False,False,False,False,False,False,False,False,True,False,False,True
2.8,39.3,0,7.839999999999999,0.6662530398748143,110.03999999999999,0,0,0,0,0,0,0,0,0,1,0,0,1,0,0,0,0,0,0,0,0,0,0,0,0,0,0,0,0,0,0,0,0,0,0,0,0,0,0,0,0,0,0,0,1,0,0,5,0,0,0,0,0,0,False,False,False,False,True,False,False,False,False,False,False,True,False
2.6,4.0,1,6.760000000000001,-1.071997343519137,10.4,0,0,0,0,0,1,0,0,0,0,0,1,0,0,0,0,1,0,1,0,0,0,0,0,0,0,0,0,0,0,0,0,0,0,0,1,0,0,0,0,0,0,0,1,1,0,0,5,0,0,0,0,0,0,False,False,False,False,False,False,False,True,False,False,False,True,False
9.6,26.0,0,92.16,0.8372690194164873,249.6,0,0,0,0,0,0,1,0,0,0,0,1,1,1,0,0,1,0,0,1,0,0,0,0,0,0,0,0,0,0,0,0,0,0,0,0,0,0,0,0,0,0,2,1,1,0,0,5,1,1,0,0,0,0,False,True,False,False,False,False,False,False,False,False,False,False,True
7.8,23.3,0,60.839999999999996,0.24789083498433656,181.74,0,0,0,0,0,0,1,0,0,0,0,1,0,0,0,1,0,1,0,0,0,0,0,0,0,0,0,0,0,0,0,0,0,0,0,0,0,0,0,0,0,0,0,0,2,0,0,5,0,0,0,0,0,0,False,True,False,False,False,False,False,False,False,False,False,False,True
1.0,28.9,0,1.0,1.4703048471399085,28.9,0,0,0,0,0,0,0,0,0,0,1,0,0,0,0,0,0,0,0,0,0,0,0,0,0,0,0,0,0,0,0,0,0,0,0,0,0,0,0,0,0,0,0,0,0,1,0,5,0,0,0,0,0,0,False,True,False,False,False,False,False,False,False,False,True,False,False
3.1,36.4,1,9.610000000000001,0.27275020352072865,112.84,0,0,0,0,0,0,0,0,1,0,0,1,0,0,0,0,1,1,0,0,0,0,0,0,0,0,0,0,0,0,0,0,0,0,0,0,0,0,0,0,0,0,0,2,1,0,1,5,0,0,0,0,0,0,False,False,False,True,False,False,False,False,False,False,False,True,False
12.3,4.1,0,151.29000000000002,-1.0849224520808591,50.43,0,0,0,0,0,0,0,0,0,1,0,0,0,0,0,0,0,1,0,0,0,0,0,1,0,0,0,1,0,0,0,1,1,0,0,0,0,0,0,0,0,0,0,0,2,0,0,5,0,0,0,0,0,0,False,False,False,False,False,False,False,False,False,True,False,False,True
3.9,3.4,0,15.209999999999999,-1.4446431421448356,13.26,0,0,1,0,0,0,0,0,0,0,0,0,0,0,0,1,0,1,1,1,0,1,0,0,0,0,0,0,0,0,0,0,0,0,0,0,0,0,0,0,0,0,1,1,3,0,0,5,0,0,0,1,0,0,False,False,False,False,False,False,False,False,False,True,False,True,False
1.8,28.5,0,3.24,1.3829895605573679,51.300000000000004,0,0,1,0,0,0,0,0,0,0,0,0,1,0,0,0,0,0,0,1,1,0,0,0,0,0,0,0,0,0,0,0,0,0,0,0,0,0,0,0,0,0,3,0,1,0,0,5,0,1,0,0,0,0,False,True,False,False,False,False,False,False,False,False,False,True,False
5.5,38.6,0,30.25,0.6487898826354982,212.3,0,0,0,1,0,0,0,0,0,0,0,1,0,0,0,1,0,0,0,0,0,0,0,0,0,0,0,0,0,0,0,0,0,0,0,0,0,0,0,0,0,0,0,0,1,0,0,5,0,0,0,0,0,0,False,False,False,True,False,False,False,False,False,False,False,True,False
9.0,12.8,0,81.0,-0.8397561985127939,115.2,0,0,0,0,0,0,0,0,1,0,0,1,0,0,0,0,0,0,0,0,0,0,1,0,1,0,0,0,1,1,1,0,0,0,0,0,0,0,0,0,0,0,0,0,1,0,0,5,0,0,0,0,0,0,False,False,False,False,False,False,True,False,False,False,False,False,True
12.5,25.3,0,156.25,0.6844672678970409,316.25,0,0,1,0,0,0,0,0,0,0,0,0,1,0,0,1,0,1,0,0,0,0,0,0,0,0,0,0,0,0,0,0,0,0,0,0,0,0,0,0,0,0,0,0,5,0,0,5,0,0,0,0,0,0,False,True,False,False,False,False,False,False,False,False,False,False,True
5.4,21.1,0,29.160000000000004,-0.37658042830537763,113.94000000000001,0,0,0,0,0,0,0,0,0,1,0,0,0,0,0,0,0,0,0,0,0,0,0,0,0,0,0,0,0,0,0,0,1,0,0,0,0,0,0,0,0,0,0,0,0,0,0,5,0,0,0,0,0,0,True,False,False,False,False,False,False,False,False,False,False,True,False
11.7,23.3,0,136.89,0.2649066309024619,272.61,0,1,0,0,0,0,0,0,0,0,0,0,0,0,0,1,0,0,1,0,1,1,0,0,0,0,0,0,0,0,0,0,0,0,0,0,0,0,0,0,0,0,2,1,2,0,0,5,0,0,0,0,0,0,False,False,True,False,False,False,False,False,False,False,False,False,True
5.1,4.9,0,26.009999999999998,-0.673813092007743,24.99,0,0,0,1,0,0,0,0,0,0,0,1,1,0,0,0,1,0,0,1,1,0,0,0,0,0,0,0,0,0,0,0,0,0,0,0,0,0,0,0,0,0,2,1,1,0,0,5,0,1,0,0,0,0,False,False,False,False,False,False,False,False,False,True,False,True,False
10.7,22.9,0,114.48999999999998,0.17986654047262662,245.02999999999997,0,0,0,0,0,0,0,0,1,0,0,1,0,1,0,1,1,0,0,0,0,0,0,0,0,0,0,0,0,0,0,0,0,0,0,0,0,0,0,0,0,0,2,2,1,0,0,5,0,0,0,0,0,0,False,False,True,False,False,False,False,False,False,False,False,False,True
8.0,3.7,0,64.0,-1.2904771321174169,29.6,0,0,0,0,0,0,0,0,0,0,1,0,0,0,0,0,0,0,1,0,0,0,0,0,0,0,0,0,0,0,0,0,0,0,0,0,0,0,0,0,0,0,0,0,1,0,0,5,0,0,0,0,0,0,False,False,False,False,False,False,False,False,False,True,False,False,True
0.5,32.4,0,0.25,1.1559975500604003,16.2,0,0,0,0,0,0,0,0,0,1,0,0,0,0,0,1,0,1,0,0,1,0,0,0,0,0,0,0,0,0,0,0,0,0,0,0,0,0,0,0,0,0,2,0,2,0,0,5,0,0,0,0,0,0,False,False,False,False,False,False,True,False,False,False,True,False,False
0.9,8.0,1,0.81,-1.3285122185715355,7.2,0,0,0,0,0,1,0,0,0,0,0,1,1,0,0,0,0,1,0,0,0,0,1,0,1,0,0,0,0,0,0,0,0,0,0,1,0,0,0,0,0,0,0,0,3,0,0,5,0,0,0,0,0,0,False,False,False,False,False,False,True,False,False,False,True,False,False
14.9,37.9,0,222.01000000000002,0.5291408938262531,564.71,0,0,0,0,0,0,0,1,0,0,0,0,0,1,0,1,0,0,1,1,1,0,0,0,0,0,0,0,0,0,0,0,0,0,0,0,0,0,0,0,0,0,3,0,2,0,0,5,0,0,0,1,0,0,False,False,False,True,False,False,False,False,False,False,False,False,True
2.6,3.4,0,6.760000000000001,-1.4446431421448356,8.84,0,0,0,0,0,0,0,0,0,0,1,0,0,0,0,0,0,0,0,0,0,0,1,0,1,0,0,0,1,1,1,0,0,0,0,0,0,0,0,0,0,0,0,0,1,0,0,5,0,0,0,0,0,0,False,False,False,False,False,False,False,False,False,True,False,True,False
6.5,29.8,1,42.25,1.666764241950626,193.70000000000002,0,0,0,0,0,1,0,0,0,0,0,1,0,0,0,0,0,0,1,0,0,0,0,0,1,1,0,0,0,0,0,0,0,0,0,0,1,0,0,0,0,0,0,0,1,0,0,5,0,0,0,0,0,0,False,True,False,False,False,False,False,False,False,False,False,True,False
7.1,18.6,0,50.41,-0.7780637823605187,132.06,0,0,0,0,0,0,0,0,0,1,0,0,0,0,1,1,0,0,0,1,0,0,0,0,0,0,0,0,0,0,0,0,0,0,0,0,0,0,0,0,0,0,2,0,2,0,0,5,0,0,0,1,0,0,False,True,False,False,False,False,False,False,False,False,False,False,True
5.0,34.9,0,25.0,0.016359513215204253,174.5,0,1,0,0,0,0,0,0,0,0,0,0,0,1,0,0,1,0,1,1,0,0,0,0,0,0,0,0,0,0,0,0,0,0,0,0,0,0,0,0,0,0,3,1,1,0,0,5,0,0,0,0,0,0,False,False,False,True,False,False,False,False,False,False,False,True,False
4.2,32.2,0,17.64,-0.4451437293347389,135.24,0,0,0,0,1,0,0,0,0,0,0,1,0,0,0,0,0,0,0,0,0,0,1,0,1,0,0,0,1,1,1,0,0,0,0,0,0,0,0,0,0,0,0,0,1,0,0,5,0,0,0,0,0,0,False,False,False,True,False,False,False,False,False,False,False,True,False
5.0,17.7,0,25.0,-1.0893089627492203,88.5,0,0,0,0,1,0,0,0,0,0,0,1,0,0,0,0,0,0,1,0,0,0,0,0,0,0,0,0,0,0,0,0,0,0,0,0,0,0,0,0,0,0,0,0,1,0,0,5,0,0,0,0,0,0,True,False,False,False,False,False,False,False,False,False,False,True,False
2.8,24.5,1,7.839999999999999,0.5200269021919663,68.6,0,1,0,0,0,0,0,0,0,0,0,0,1,0,0,0,0,0,0,0,0,0,0,0,0,0,0,0,0,0,0,0,0,0,0,0,0,0,0,0,0,0,0,0,2,0,1,5,0,0,0,0,0,0,False,False,True,False,False,False,False,False,False,False,False,True,False
10.7,17.7,1,114.48999999999998,-0.974523177171236,189.39,0,0,0,0,0,0,0,1,0,0,0,0,0,0,0,0,0,0,0,0,0,0,0,0,1,0,1,0,0,0,0,1,0,0,0,0,0,0,0,0,0,0,0,0,0,0,1,5,0,0,0,0,0,0,False,True,False,False,False,False,False,False,False,False,False,False,True
9.1,30.1,1,82.80999999999999,1.5100539275753808,273.91,0,0,0,0,1,0,0,0,0,0,0,1,0,0,0,1,0,0,0,0,0,0,0,0,0,0,0,0,0,0,0,0,0,0,0,0,0,0,0,0,0,0,0,0,1,0,1,5,0,0,0,0,0,0,True,False,False,False,False,False,False,False,False,False,False,False,True
3.5,32.3,0,12.25,1.145815132975843,113.04999999999998,0,0,0,0,0,0,0,0,0,0,1,0,0,1,1,0,1,0,1,1,0,0,0,0,0,0,0,0,0,0,0,0,0,0,0,0,0,0,0,0,0,0,2,1,2,0,0,5,0,0,0,0,0,1,False,False,False,False,False,False,True,False,False,False,False,True,False
4.7,45.0,0,22.090000000000003,1.6628227227616044,211.5,0,0,0,0,0,0,0,0,1,0,0,1,0,0,0,0,0,0,1,0,0,0,0,0,0,0,0,0,0,0,0,0,0,0,0,0,0,0,0,0,0,0,0,0,1,0,0,5,0,0,0,0,0,0,False,False,False,False,True,False,False,False,False,False,False,True,False
5.9,33.1,1,34.81,-0.29130931515142455,195.29000000000002,0,0,0,0,0,1,0,0,0,0,0,1,1,0,0,1,0,0,0,1,1,0,0,0,0,0,0,0,0,0,0,0,0,0,0,0,0,0,0,0,0,0,2,0,3,0,0,5,0,1,0,1,0,0,False,False,False,True,False,False,False,False,False,False,False,True,False
11.7,28.5,0,136.89,1.3829895605573679,333.45,0,1,0,0,0,0,0,0,0,0,0,0,0,0,0,0,0,0,0,0,0,0,0,0,0,0,0,0,0,0,0,0,0,0,0,1,0,0,0,0,0,0,0,0,0,0,0,5,0,0,0,0,0,0,False,True,False,False,False,False,False,False,False,False,False,False,True
4.0,19.0,0,16.0,-0.690748495777978,76.0,0,0,0,0,0,0,1,0,0,0,0,1,0,1,0,0,0,1,0,1,0,0,0,0,0,0,0,0,0,0,0,0,0,0,0,0,0,0,0,0,0,0,2,0,2,0,0,5,0,0,0,1,0,0,False,True,False,False,False,False,False,False,False,False,False,True,False
12.3,26.8,0,151.29000000000002,0.5857821933252022,329.64000000000004,0,0,0,0,0,0,1,0,0,0,0,1,0,1,0,0,1,0,0,0,1,0,0,0,0,0,0,0,0,0,0,0,0,0,0,0,0,0,0,0,0,0,3,1,1,0,0,5,0,0,0,0,0,0,False,False,False,False,False,False,True,False,False,False,False,False,True
13.0,28.5,1,169.0,-0.9172685605464715,370.5,0,0,0,0,0,0,0,0,0,0,1,0,0,0,0,0,0,0,0,0,0,0,0,0,0,0,0,0,0,0,0,0,1,0,0,0,0,0,0,0,0,0,0,0,1,1,1,5,0,0,0,0,0,0,False,False,False,False,False,False,False,False,True,False,False,False,True
10.1,16.2,0,102.00999999999999,-1.244554974227107,163.61999999999998,0,0,0,0,0,0,0,1,0,0,0,0,0,1,1,0,0,1,1,0,0,0,0,0,0,0,0,0,0,0,0,0,0,0,0,0,0,0,0,0,0,0,1,0,4,0,0,5,0,0,0,0,0,1,False,False,True,False,False,False,False,False,False,False,False,False,True
0.5,34.9,0,0.25,1.4105579771743282,17.45,0,0,0,0,0,0,0,0,0,1,0,0,1,0,0,0,1,1,0,0,0,1,0,0,0,0,0,0,0,0,0,0,0,0,0,0,0,0,0,0,0,0,0,2,3,0,0,5,0,0,0,0,1,0,False,False,False,False,False,False,True,False,False,False,True,False,False
8.6,43.2,0,73.96,1.4350546662391066,371.52,0,0,1,0,0,0,0,0,0,0,0,0,1,1,0,0,0,1,0,0,0,0,0,0,0,0,0,0,0,0,0,0,0,0,0,0,0,0,0,0,0,0,1,0,2,0,0,5,1,0,0,0,0,0,False,False,False,True,False,False,False,False,False,False,False,False,True
5.9,6.6,0,34.81,0.19979429814762795,38.94,0,0,0,0,0,0,0,0,0,1,0,0,1,1,0,0,0,1,0,0,0,1,0,0,0,0,0,0,0,0,0,0,0,0,0,0,0,0,0,0,0,0,2,1,2,0,0,5,1,0,0,0,0,0,False,False,False,False,False,False,False,False,False,True,False,True,False
1.4,19.6,0,1.9599999999999997,-0.5597755659041664,27.44,0,0,0,0,0,0,0,0,0,0,1,0,1,0,0,0,0,0,0,1,1,0,0,0,0,0,0,0,0,0,0,0,0,0,0,0,0,0,0,0,0,0,2,0,2,0,0,5,0,1,0,0,0,0,False,True,False,False,False,False,False,False,False,False,False,True,False
2.4,11.5,1,5.76,-0.9721276206120365,27.599999999999998,0,0,0,0,0,1,0,0,0,0,0,1,0,0,1,0,0,0,0,0,0,0,0,0,0,0,0,0,0,0,0,0,0,0,0,0,0,0,0,0,0,0,0,0,1,0,0,5,0,0,0,0,0,0,False,False,False,False,False,False,True,False,False,False,False,True,False
14.1,20.5,1,198.81,-0.36331617109344977,289.05,0,0,0,0,0,1,0,0,0,0,0,1,0,0,0,0,0,0,0,0,0,0,0,0,0,0,0,0,0,0,0,0,0,0,0,0,0,0,0,0,0,0,0,0,1,0,0,5,0,0,0,0,0,0,False,True,False,False,False,False,False,False,False,False,False,False,True
1.7,33.7,1,2.8899999999999997,-0.3128329643648375,57.290000000000006,0,0,0,0,0,1,0,0,0,0,0,1,0,1,1,1,0,0,0,0,0,0,0,0,0,0,0,0,0,0,0,0,0,0,0,0,0,0,0,0,0,0,1,0,3,0,0,5,0,0,0,0,0,0,False,False,False,False,True,False,False,False,False,False,False,True,False
3.3,22.6,0,10.889999999999999,0.09508908346489017,74.58,0,0,1,0,0,0,0,0,0,0,0,0,1,0,1,0,0,0,0,0,0,0,0,0,0,0,0,0,0,0,0,0,0,0,0,0,0,0,0,1,0,0,0,0,2,0,0,5,0,0,0,0,0,0,False,True,False,False,False,False,False,False,False,False,False,True,False
0.5,31.7,0,0.25,-0.5306072927699144,15.85,0,1,0,0,0,0,0,0,0,0,0,0,0,0,0,1,0,1,0,1,0,0,0,0,0,0,0,0,0,0,0,0,0,0,0,0,0,0,0,0,0,0,1,0,3,0,0,5,0,0,0,1,0,0,False,False,False,True,False,False,False,False,False,False,True,False,False
0.7,39.2,1,0.48999999999999994,1.8484019118102846,27.44,0,0,0,0,0,1,0,0,0,0,0,1,0,1,0,0,1,0,0,1,0,1,0,0,0,0,0,0,0,0,0,0,0,0,0,0,0,0,0,0,0,0,3,2,0,0,0,5,0,0,0,0,1,0,False,False,False,False,False,False,True,False,False,False,True,False,False
2.4,38.2,1,5.76,0.5897020031687775,91.68,0,0,0,1,0,0,0,0,0,0,0,1,1,0,0,1,0,0,0,0,0,0,0,0,0,0,0,1,0,0,0,0,0,0,0,0,0,0,0,0,0,0,0,0,2,0,1,5,0,0,0,0,0,0,False,False,False,False,False,False,False,False,True,False,False,True,False
1.1,25.8,0,1.2100000000000002,0.7964071960889297,28.380000000000003,0,1,0,0,0,0,0,0,0,0,0,0,0,0,1,1,0,0,1,0,0,1,0,0,0,0,0,0,0,0,0,0,0,0,0,0,0,0,0,0,0,0,0,1,3,0,0,5,0,0,0,0,0,1,False,False,True,False,False,False,False,False,False,False,False,True,False
1.8,4.6,0,3.24,-0.7631487696594387,8.28,0,0,0,0,0,0,0,0,0,1,0,0,0,0,0,0,0,1,0,0,0,1,0,0,0,0,0,0,0,0,0,0,0,0,0,0,0,0,0,0,0,0,0,1,2,0,0,5,0,0,0,0,0,0,False,False,False,False,False,False,False,True,False,False,False,True,False
13.3,25.9,1,176.89000000000001,0.8176672186963879,344.47,0,0,0,1,0,0,0,0,0,0,0,1,1,0,0,0,1,0,0,0,0,0,0,0,0,0,0,0,0,0,0,0,0,0,0,0,0,0,0,1,0,0,0,1,1,0,1,5,0,0,0,0,0,0,False,False,True,False,False,False,False,False,False,False,False,False,True
7.1,25.9,0,50.41,0.8176672186963879,183.89,0,0,0,0,0,0,0,0,0,1,0,0,0,1,0,0,0,1,1,0,0,0,0,0,0,0,0,0,0,0,0,0,0,0,0,0,0,0,0,0,0,0,1,0,2,0,0,5,0,0,0,0,0,0,False,False,True,False,False,False,False,False,False,False,False,False,True
5.5,8.5,0,30.25,1.1761790283212783,46.75,0,0,0,0,0,0,0,1,0,0,0,0,0,0,1,0,0,0,0,0,0,0,0,0,0,0,1,0,0,0,0,0,0,0,0,0,0,0,0,0,0,0,0,0,1,0,0,5,0,0,0,0,0,0,False,False,False,False,False,False,False,False,False,True,False,True,False
10.8,28.3,1,116.64000000000001,-1.1117595241291027,305.64000000000004,0,0,0,0,0,1,0,0,0,0,0,1,0,1,0,1,0,1,0,1,0,0,0,0,0,0,0,0,0,0,0,0,0,0,0,0,0,0,0,0,0,0,2,0,3,0,0,5,0,0,0,1,0,0,False,False,False,True,False,False,False,False,False,False,False,False,True
4.5,9.3,0,20.25,1.5872883883943947,41.85,0,0,0,0,0,0,0,1,0,0,0,0,0,0,0,0,0,0,1,0,0,0,0,0,0,0,0,0,0,0,0,0,0,0,0,0,0,0,0,0,0,0,0,0,1,0,0,5,0,0,0,0,0,0,False,False,False,False,False,False,False,False,False,True,False,True,False
2.5,7.7,0,6.25,0.7650696682481626,19.25,0,0,0,1,0,0,0,0,0,0,0,1,1,0,1,0,1,0,0,0,0,0,0,0,0,0,0,0,0,0,0,1,0,0,0,0,0,0,0,0,0,0,0,1,2,0,0,5,0,0,0,0,0,0,False,False,False,False,False,False,False,False,False,True,False,True,False
1.9,6.6,0,3.61,0.2663464765395562,12.54,0,0,0,0,0,0,0,0,0,0,1,0,0,0,0,0,0,0,0,1,0,0,0,0,0,0,0,0,0,0,0,0,0,0,0,0,0,0,0,0,0,0,1,0,0,0,0,5,0,0,0,0,0,0,False,False,False,False,False,False,False,True,False,False,False,True,False
4.2,29.2,0,17.64,1.5192479647425257,122.64,0,1,0,0,0,0,0,0,0,0,0,0,0,0,0,0,0,1,0,1,1,0,0,0,0,0,0,0,0,0,0,0,0,1,0,0,0,0,0,0,0,0,3,0,1,0,0,5,0,0,0,0,0,0,False,False,True,False,False,False,False,False,False,False,False,True,False
2.2,25.7,0,4.840000000000001,0.7751471734814707,56.540000000000006,0,1,0,0,0,0,0,0,0,0,0,0,0,0,0,0,1,0,0,0,0,0,0,0,0,0,0,0,0,0,0,0,0,0,0,0,0,0,0,0,0,0,0,2,0,0,0,5,0,0,0,0,0,0,False,False,True,False,False,False,False,False,False,False,False,True,False
11.1,15.7,0,123.21,-1.3508550872644005,174.26999999999998,0,0,0,0,0,0,1,0,0,0,0,1,1,0,0,0,0,0,0,0,0,0,0,0,0,0,0,0,0,0,0,0,0,0,0,0,0,0,0,0,0,0,0,0,1,0,0,5,0,0,0,0,0,0,False,False,True,False,False,False,False,False,False,False,False,False,True
9.6,25.7,1,92.16,0.7717825544795816,246.71999999999997,0,0,0,0,0,1,0,0,0,0,0,1,0,0,0,0,1,0,0,0,0,0,0,0,0,0,0,0,0,0,0,0,0,0,0,0,0,0,0,0,1,0,0,1,0,1,0,5,0,0,0,0,0,0,False,True,False,False,False,False,False,False,False,False,False,False,True
3.1,17.7,0,9.610000000000001,-0.974523177171236,54.87,0,0,0,0,1,0,0,0,0,0,0,1,0,0,0,0,0,1,0,0,0,0,0,0,0,0,0,0,0,0,0,0,0,0,0,0,0,0,0,0,0,0,0,0,1,0,0,5,0,0,0,0,0,0,False,True,False,False,False,False,False,False,False,False,False,True,False
4.7,5.9,0,22.090000000000003,-1.5423429773472348,27.730000000000004,0,0,0,0,1,0,0,0,0,0,0,1,0,0,0,0,0,0,1,0,0,0,0,1,1,0,1,0,0,0,0,0,0,0,0,0,0,0,0,0,0,0,0,0,2,0,0,5,0,0,0,0,0,0,False,False,False,False,False,False,True,False,False,False,False,True,False
2.5,42.8,0,6.25,1.3043478375079667,107.0,0,0,0,0,1,0,0,0,0,0,0,1,0,0,1,0,1,0,0,0,1,1,0,0,0,0,0,0,0,0,0,0,0,0,0,0,0,0,0,0,0,0,1,2,1,0,0,5,0,0,1,0,1,0,False,False,False,False,False,False,False,False,True,False,False,True,False
1.3,32.0,0,1.6900000000000002,-0.4793291547088093,41.6,0,0,0,0,0,0,0,0,1,0,0,1,0,0,1,0,0,0,0,1,1,1,0,0,0,0,0,0,0,0,0,0,0,0,0,0,0,0,0,0,0,0,2,2,1,0,0,5,0,0,1,0,0,0,False,False,False,True,False,False,False,False,False,False,False,True,False
4.4,38.1,0,19.360000000000003,0.4564488961091752,167.64000000000001,0,1,0,0,0,0,0,0,0,0,0,0,0,0,0,1,1,0,1,0,0,1,0,0,0,0,0,0,0,0,0,0,0,0,0,0,0,0,0,0,0,0,0,2,2,0,0,5,0,0,0,0,1,0,False,False,False,False,True,False,False,False,False,False,False,True,False
7.0,27.7,0,49.0,1.200347625630645,193.9,0,1,0,0,0,0,0,0,0,0,0,0,0,0,1,0,1,1,0,0,0,0,0,0,0,0,0,0,0,0,0,0,0,0,0,0,0,0,0,0,0,0,0,2,2,0,0,5,0,0,0,0,0,0,False,False,True,False,False,False,False,False,False,False,False,True,False
3.8,28.3,0,14.44,1.3279077612753976,107.53999999999999,0,1,0,0,0,0,0,0,0,0,0,0,0,1,0,0,0,0,1,0,0,0,0,0,0,0,0,0,0,0,0,0,0,0,0,0,0,0,0,0,1,0,1,0,1,0,0,5,0,0,0,0,0,0,False,False,True,False,False,False,False,False,False,False,False,True,False
11.4,17.2,0,129.96,-1.0319547481525198,196.07999999999998,0,0,0,0,0,0,0,1,0,0,0,0,0,1,0,0,0,0,1,0,0,0,0,0,0,0,0,0,0,0,0,0,0,0,0,0,0,0,0,0,0,0,1,0,1,1,0,5,0,0,0,0,0,0,False,False,True,False,False,False,False,False,False,False,False,False,True
6.5,21.2,0,42.25,0.015566836590003588,137.79999999999998,0,1,0,0,0,0,0,0,0,0,0,0,1,1,0,0,1,0,0,1,0,1,0,0,0,0,0,0,0,0,0,0,0,0,0,0,0,0,0,0,0,0,2,2,1,0,0,5,1,1,0,0,1,0,False,False,False,False,False,False,True,False,False,False,False,True,False
13.5,22.6,1,182.25,-0.062141368991917884,305.1,0,0,0,0,0,0,1,0,0,0,0,1,0,1,0,0,0,0,0,0,0,0,0,0,0,0,0,0,0,0,0,0,0,0,0,0,0,0,0,0,0,0,1,0,1,0,0,5,0,0,0,0,0,0,True,False,False,False,False,False,False,False,False,False,False,False,True
10.0,39.6,1,100.0,0.8072029092720091,396.0,0,0,0,0,0,0,0,0,1,0,0,1,0,1,0,0,0,0,0,0,0,0,0,0,0,0,0,0,0,0,0,0,0,0,0,0,0,1,0,0,0,0,1,0,0,0,0,5,0,0,0,0,0,0,False,False,False,False,False,False,False,False,True,False,False,False,True
6.9,19.0,1,47.61000000000001,-0.6492743412182628,131.1,0,0,1,0,0,0,0,0,0,0,0,0,0,0,0,0,0,0,0,0,0,0,0,0,0,0,0,0,0,0,0,0,0,0,0,0,0,0,0,0,0,0,0,0,0,0,1,5,0,0,0,0,0,0,False,False,True,False,False,False,False,False,False,False,False,True,False
6.5,7.7,0,42.25,0.7650696682481626,50.050000000000004,0,1,0,0,0,0,0,0,0,0,0,0,0,0,0,1,0,0,1,0,0,0,0,0,0,0,0,0,0,0,0,0,0,0,0,0,0,0,0,0,0,0,0,0,2,1,0,5,0,0,0,0,0,0,False,False,False,False,False,False,False,False,False,True,False,True,False
3.7,29.8,0,13.690000000000001,1.666764241950626,110.26,0,0,0,0,0,0,0,0,1,0,0,1,1,0,0,1,0,0,1,0,0,1,0,0,0,0,0,0,0,0,0,0,0,0,0,0,0,0,0,0,0,0,0,1,3,0,0,5,0,0,0,0,0,0,False,True,False,False,False,False,False,False,False,False,False,True,False
1.1,4.0,0,1.2100000000000002,-1.071997343519137,4.4,0,0,0,0,0,0,0,1,0,0,0,0,0,1,0,0,0,0,1,0,0,1,0,0,0,0,0,0,0,0,0,0,0,0,0,0,0,0,0,0,0,0,1,1,3,0,0,5,0,0,0,0,0,0,False,False,False,False,False,False,False,True,False,False,False,True,False
7.5,3.9,1,56.25,-1.1234721058290866,29.25,0,0,1,0,0,0,0,0,0,0,0,0,0,0,0,0,0,0,0,0,0,0,0,0,1,0,1,0,0,0,0,1,0,0,0,0,0,0,0,0,0,0,0,0,0,0,1,5,0,0,0,0,0,0,False,False,False,False,False,False,False,True,False,False,False,False,True
15.0,30.4,0,225.0,-0.874771880483573,456.0,0,0,0,0,0,0,0,1,0,0,0,0,0,0,0,0,1,1,0,1,0,0,0,0,0,0,0,0,0,0,0,0,0,0,0,0,0,0,0,0,0,0,1,1,3,0,0,5,0,0,0,0,0,0,False,False,False,False,False,True,False,False,False,False,False,False,True
5.1,11.4,0,26.009999999999998,-0.9823100376965935,58.14,0,0,0,0,1,0,0,0,0,0,0,1,0,0,0,0,0,0,1,0,0,0,0,1,0,0,0,0,0,0,0,0,0,0,0,0,0,0,0,0,0,0,0,0,2,0,0,5,0,0,0,0,0,0,False,False,False,False,False,False,True,False,False,False,False,True,False
10.0,18.8,0,100.0,-0.8587203192526828,188.0,0,0,0,0,0,0,1,0,0,0,0,1,0,0,0,0,0,1,1,0,0,1,0,0,0,0,0,0,0,0,0,0,0,0,0,0,0,0,0,0,0,0,0,2,2,0,0,5,0,0,0,0,0,0,True,False,False,False,False,False,False,False,False,False,False,False,True
3.6,35.5,1,12.96,0.11891578933741424,127.8,0,0,0,0,0,0,0,0,0,1,0,0,1,0,0,1,1,1,0,0,0,0,0,0,0,0,0,0,0,0,0,0,0,0,0,0,0,0,0,0,0,0,0,1,3,0,1,5,0,0,0,0,0,0,False,False,False,True,False,False,False,False,False,False,False,True,False
3.5,17.8,0,12.25,-1.0683463587949893,62.300000000000004,0,0,0,0,0,0,1,0,0,0,0,1,1,0,1,0,1,0,0,0,0,0,0,0,0,0,0,0,0,0,0,0,0,0,0,0,0,0,0,0,0,0,0,1,2,0,0,5,0,0,0,0,0,0,True,False,False,False,False,False,False,False,False,False,False,True,False
12.6,28.1,0,158.76,-1.2919189686044905,354.06,0,0,0,0,0,0,0,1,0,0,0,0,0,1,0,0,1,0,1,1,0,1,0,0,0,0,0,0,0,0,0,0,0,0,0,0,0,0,0,0,0,0,2,2,1,0,0,5,0,0,0,0,1,0,False,False,False,False,True,False,False,False,False,False,False,False,True
3.9,9.2,0,15.209999999999999,1.6046902965982492,35.879999999999995,0,0,0,0,0,0,0,0,0,0,1,0,0,0,0,0,0,0,0,0,0,0,1,0,1,0,0,0,1,1,1,0,0,0,0,0,0,0,0,0,0,0,0,0,1,0,0,5,0,0,0,0,0,0,False,False,False,False,False,False,False,True,False,False,False,True,False
15.1,7.5,0,228.01,0.7296193373291041,113.25,0,0,0,0,0,0,0,0,0,0,1,0,1,0,0,0,1,1,0,0,0,0,0,0,0,0,0,0,0,0,0,0,0,0,0,0,0,0,0,0,0,0,0,1,3,0,0,5,0,0,0,0,0,0,False,False,False,False,False,False,False,True,False,False,False,False,True
8.9,37.1,0,79.21000000000001,0.3322685469418769,330.19,0,0,1,0,0,0,0,0,0,0,0,0,1,1,0,0,0,0,0,0,0,0,0,0,0,0,0,0,0,0,0,0,0,0,0,0,0,0,0,0,0,0,1,0,1,0,0,5,1,0,0,0,0,0,False,False,False,False,False,True,False,False,False,False,False,False,True
13.5,23.4,1,182.25,0.2697196566299713,315.9,0,0,0,0,0,1,0,0,0,0,0,1,0,0,1,0,0,0,0,1,0,1,0,0,0,0,0,0,0,0,0,0,0,0,0,0,0,0,0,0,0,0,1,3,1,0,0,5,0,0,0,0,0,0,False,True,False,False,False,False,False,False,False,False,False,False,True
2.2,26.2,0,4.840000000000001,0.6925123733603851,57.64,0,0,0,0,0,0,1,0,0,0,0,1,0,1,1,0,0,0,1,0,1,0,0,0,0,0,0,0,0,0,0,0,0,0,0,0,0,0,0,0,0,0,2,0,2,0,0,5,0,0,1,0,0,1,True,False,False,False,False,False,False,False,False,False,False,True,False
4.1,38.9,0,16.81,0.5963183252862679,159.48999999999998,0,1,0,0,0,0,0,0,0,0,0,0,0,0,0,1,0,0,1,1,0,0,0,0,0,0,0,0,0,0,0,0,0,0,0,0,0,0,0,0,0,0,2,0,3,0,0,5,0,0,0,1,0,0,False,False,False,False,True,False,False,False,False,False,False,True,False
10.5,17.2,0,110.25,-1.0319547481525198,180.6,0,0,0,0,0,0,0,0,0,1,0,0,0,0,1,1,0,0,0,1,0,0,0,0,0,0,0,0,0,0,0,0,0,0,0,0,0,0,0,0,0,0,1,0,3,0,0,5,0,0,0,1,0,0,False,False,True,False,False,False,False,False,False,False,False,False,True
1.8,44.7,0,3.24,1.610371686820195,80.46000000000001,0,0,1,0,0,0,0,0,0,0,0,0,1,0,0,1,0,0,0,0,0,0,0,0,0,0,0,0,0,0,0,1,0,0,0,0,0,0,0,0,0,0,0,0,2,0,0,5,0,0,0,0,0,0,False,False,False,False,True,False,False,False,False,False,False,True,False
3.4,27.9,1,11.559999999999999,1.2428676708455622,94.86,0,0,0,0,1,0,0,0,0,0,0,1,0,1,0,1,0,0,1,0,0,0,0,0,0,0,0,0,0,0,0,0,0,0,0,0,0,0,0,0,0,0,1,0,2,0,1,5,0,0,0,0,0,0,False,False,True,False,False,False,False,False,False,False,False,True,False
9.1,27.8,0,82.80999999999999,-1.1972230875642775,252.98,0,0,0,0,0,0,1,0,0,0,0,1,0,0,0,0,0,0,0,0,0,0,1,0,0,1,0,0,0,0,0,0,0,0,0,0,0,0,0,0,0,0,0,0,1,0,0,5,0,0,0,0,0,0,False,False,False,True,False,False,False,False,False,False,False,False,True
2.2,38.6,0,4.840000000000001,0.5438672893448585,84.92000000000002,0,0,0,0,0,0,1,0,0,0,0,1,0,0,1,0,0,1,1,0,1,1,0,0,0,0,0,0,0,0,0,0,0,0,0,0,0,0,0,0,0,0,1,1,3,0,0,5,0,0,1,0,0,1,False,False,False,False,True,False,False,False,False,False,False,True,False
0.9,45.0,0,0.81,1.6461349756701886,40.5,0,0,0,0,1,0,0,0,0,0,0,1,0,0,1,0,0,0,0,1,1,0,0,0,0,0,0,0,0,0,0,0,0,0,0,0,0,0,0,0,0,0,3,0,1,0,0,5,0,0,1,0,0,0,False,False,False,False,False,False,False,False,True,False,True,False,False
12.1,34.3,0,146.41,-0.20793089248201854,415.03,0,0,0,0,0,0,0,0,1,0,0,1,0,1,0,1,1,0,0,1,0,0,0,0,0,0,0,0,0,0,0,0,0,0,0,0,0,0,0,0,0,0,2,1,1,0,0,5,0,0,0,1,0,0,False,False,False,False,True,False,False,False,False,False,False,False,True
5.1,19.6,0,26.009999999999998,-0.14735183676291003,99.96,0,1,0,0,0,0,0,0,0,0,0,0,0,0,1,1,0,0,0,1,1,0,0,0,0,0,0,0,0,0,0,0,0,0,0,0,0,0,0,0,0,0,3,0,2,0,0,5,0,0,1,1,0,0,False,False,False,False,False,False,True,False,False,False,False,True,False
11.3,41.7,1,127.69000000000001,1.085861327406095,471.21000000000004,0,0,0,0,0,0,0,1,0,0,0,0,0,0,0,1,0,0,1,0,0,1,0,0,0,0,0,0,0,0,0,0,0,0,0,0,0,0,0,0,0,0,0,1,3,0,1,5,0,0,0,0,0,0,False,False,False,False,True,False,False,False,False,False,False,False,True
12.4,40.6,1,153.76000000000002,0.9906441363761974,503.44000000000005,0,0,0,0,0,1,0,0,0,0,0,1,1,0,0,0,0,1,1,1,1,0,0,0,0,0,0,0,0,0,0,0,0,0,0,0,0,0,0,0,0,0,2,0,3,0,0,5,0,1,0,0,0,0,False,False,False,True,False,False,False,False,False,False,False,False,True
8.3,6.0,0,68.89000000000001,-0.042502097320142075,49.800000000000004,0,0,0,0,0,0,0,0,1,0,0,1,1,0,0,0,0,0,0,0,1,1,0,0,0,0,0,0,0,0,0,0,0,0,0,0,0,0,0,0,0,0,1,3,1,0,0,5,0,0,0,0,0,0,False,False,False,False,False,False,False,True,False,False,False,False,True
1.3,20.1,0,1.6900000000000002,-0.45063145767599033,26.130000000000003,0,1,0,0,0,0,0,0,0,0,0,0,1,1,1,0,0,1,0,0,1,0,0,0,0,0,0,0,0,0,0,0,0,0,0,0,0,0,0,0,0,0,2,0,3,0,0,5,1,0,1,0,0,0,False,True,False,False,False,False,False,False,False,False,False,True,False
12.3,20.6,0,151.29000000000002,-0.4813934480765309,253.38000000000002,0,0,0,0,0,0,0,1,0,0,0,0,0,0,0,0,1,0,1,0,0,1,0,0,0,0,0,0,0,0,0,0,0,0,0,0,0,0,0,0,0,0,0,3,1,0,0,5,0,0,0,0,1,0,True,False,False,False,False,False,False,False,False,False,False,False,True
6.1,24.3,0,37.209999999999994,0.3312217662112743,148.23,0,0,0,0,0,0,1,0,0,0,0,1,0,1,0,0,1,0,0,0,0,0,0,0,0,0,0,0,0,0,0,0,0,0,0,0,1,0,0,0,0,0,1,1,0,1,0,5,0,0,0,0,0,0,False,False,False,False,False,False,True,False,False,False,False,True,False
6.0,7.4,1,36.0,0.6781445750191545,44.400000000000006,0,0,0,0,0,0,0,0,1,0,0,1,0,0,0,0,0,0,0,0,0,0,0,0,0,0,0,0,0,0,0,0,0,0,0,0,0,0,0,0,0,0,0,0,0,0,2,5,0,0,0,0,0,0,False,False,False,False,False,False,False,True,False,False,False,True,False
10.4,5.0,0,108.16000000000001,-1.633984731108249,52.0,0,0,0,0,0,0,0,0,0,1,0,0,0,1,1,1,0,0,1,1,0,0,0,0,0,0,0,0,0,0,0,0,0,0,0,0,0,0,0,0,0,0,2,0,3,0,0,5,0,0,0,1,0,1,False,False,False,False,False,False,True,False,False,False,False,False,True
13.0,36.0,0,169.0,0.1340977304988924,468.0,0,0,0,0,0,0,1,0,0,0,0,1,1,0,0,0,0,1,0,0,0,1,0,0,0,0,0,0,0,0,0,0,0,0,0,0,0,0,0,0,0,0,0,1,3,0,0,5,0,0,0,0,0,0,False,False,False,False,False,True,False,False,False,False,False,False,True
12.3,17.9,0,151.29000000000002,-0.8831345899003089,220.17,0,0,0,0,0,0,0,0,0,0,1,0,0,1,0,0,0,0,1,0,0,0,0,0,0,0,0,0,0,0,0,0,0,0,0,0,0,0,0,0,0,0,1,0,1,1,0,5,0,0,0,0,0,0,False,False,True,False,False,False,False,False,False,False,False,False,True
8.7,6.4,0,75.68999999999998,0.09701695812934934,55.68,0,0,0,0,1,0,0,0,0,0,0,1,1,1,1,0,1,0,0,0,1,0,0,0,0,0,0,0,0,0,0,0,0,0,0,0,0,0,0,0,0,0,2,1,2,0,0,5,1,0,1,0,0,0,False,False,False,False,False,False,False,False,False,True,False,False,True
1.2,32.0,0,1.44,-0.3735162952883921,38.4,0,0,0,0,0,0,0,0,0,1,0,0,0,1,0,0,0,0,0,1,0,0,0,0,0,0,0,0,0,0,0,0,0,0,0,0,0,0,0,0,0,0,2,0,1,0,0,5,0,0,0,1,0,0,False,False,False,False,False,False,False,False,True,False,False,True,False
8.5,4.8,0,72.25,-0.7252017620168827,40.8,0,0,0,0,0,0,0,0,0,1,0,0,0,0,1,0,0,0,0,0,0,0,1,0,0,0,0,0,0,0,0,0,0,0,0,0,0,0,0,0,0,0,0,0,2,0,0,5,0,0,0,0,0,0,False,False,False,False,False,False,False,False,False,True,False,False,True
7.8,45.0,0,60.839999999999996,1.6461349756701886,351.0,0,0,0,0,0,0,0,1,0,0,0,0,1,0,1,1,0,0,0,0,0,1,0,0,0,0,0,0,0,0,0,0,0,0,0,0,0,0,0,0,0,0,0,1,4,0,0,5,0,0,0,0,0,0,False,False,False,False,False,False,False,False,True,False,False,False,True
1.4,27.2,0,1.9599999999999997,0.6265118616634305,38.08,0,0,0,1,0,0,0,0,0,0,0,1,0,0,0,0,0,0,0,0,0,0,0,0,0,0,0,0,0,0,0,0,0,0,0,0,0,0,0,0,0,0,0,0,1,0,0,5,0,0,0,0,0,0,False,False,False,False,False,False,True,False,False,False,False,True,False
9.7,20.4,0,94.08999999999999,-0.5233186559849928,197.87999999999997,0,0,0,0,0,0,0,0,0,0,1,0,0,1,1,0,0,0,0,0,0,0,0,0,0,0,0,0,0,0,0,0,0,0,0,0,0,0,0,0,0,0,2,0,2,0,0,5,0,0,0,0,0,0,True,False,False,False,False,False,False,False,False,False,False,False,True
2.8,5.8,0,7.839999999999999,-0.14545162194004166,16.24,0,0,1,0,0,0,0,0,0,0,0,0,0,1,0,1,0,1,0,0,1,0,0,0,0,0,0,0,0,0,0,0,0,0,0,0,0,0,0,0,0,0,3,0,2,0,0,5,0,0,0,0,0,0,False,False,False,False,False,False,False,True,False,False,False,True,False
1.0,10.4,0,1.0,2.152563758494929,10.4,0,0,0,0,0,0,1,0,0,0,0,1,0,0,0,0,0,0,0,0,0,0,0,0,0,0,0,1,0,0,0,0,0,0,0,0,0,1,0,0,0,0,0,0,1,0,0,5,0,0,0,0,0,0,False,False,False,False,False,False,False,False,False,True,True,False,False
14.6,16.3,0,213.16,-0.4833716005532949,237.98000000000002,0,0,0,0,0,0,1,0,0,0,0,1,0,0,0,1,1,0,0,0,0,1,0,0,0,0,0,0,0,0,0,0,0,0,0,0,0,0,0,0,0,0,0,2,2,0,0,5,0,0,0,0,1,0,False,False,False,False,False,False,True,False,False,False,False,False,True
9.0,27.8,0,81.0,1.027914036628076,250.20000000000002,0,0,0,0,0,0,0,0,0,0,1,0,0,0,0,1,1,0,1,1,0,0,0,0,0,0,0,0,0,0,0,0,0,0,0,0,0,0,0,0,0,0,1,1,2,0,0,5,0,0,0,1,0,0,True,False,False,False,False,False,False,False,False,False,False,False,True
6.5,17.0,0,42.25,-1.074474793367437,110.5,0,1,0,0,0,0,0,0,0,0,0,0,1,0,0,0,0,0,0,0,0,0,0,0,0,0,0,0,0,0,0,0,0,0,0,0,0,0,0,0,0,0,0,0,1,0,0,5,0,0,0,0,0,0,False,False,True,False,False,False,False,False,False,False,False,True,False
14.4,28.6,1,207.36,0.7690657008472304,411.84000000000003,0,0,0,0,0,1,0,0,0,0,0,1,1,0,1,1,0,1,0,0,0,0,0,0,0,0,0,0,0,0,0,0,0,0,0,0,0,0,0,0,0,0,0,0,4,0,0,5,0,0,0,0,0,0,False,False,False,False,False,False,True,False,False,False,False,False,True
5.7,45.0,0,32.49,1.7427234946057353,256.5,0,0,1,0,0,0,0,0,0,0,0,0,0,0,0,1,0,0,0,0,0,1,0,0,0,0,0,0,0,0,0,0,0,0,0,0,0,0,0,0,0,0,0,2,1,0,0,5,0,0,0,0,0,0,False,False,False,True,False,False,False,False,False,False,False,True,False
5.8,22.5,0,33.64,-0.08310397294614884,130.5,0,1,0,0,0,0,0,0,0,0,0,0,0,0,0,0,0,1,1,0,1,0,0,0,0,0,0,0,0,0,0,0,0,0,0,0,0,0,0,0,0,0,2,0,2,0,0,5,0,0,0,0,0,0,True,False,False,False,False,False,False,False,False,False,False,True,False
12.2,21.1,0,148.83999999999997,-0.20281386646162958,257.42,0,0,0,1,0,0,0,0,0,0,0,1,0,0,1,0,0,0,1,1,0,0,0,0,0,0,0,0,0,0,0,0,0,0,0,0,0,0,0,0,0,0,1,0,3,0,0,5,0,0,0,0,0,1,False,False,True,False,False,False,False,False,False,False,False,False,True
3.7,20.0,1,13.690000000000001,-0.4366741151436757,74.0,0,0,0,0,0,1,0,0,0,0,0,1,1,0,0,0,0,0,0,0,0,0,0,0,0,0,0,0,0,0,0,0,0,0,0,0,0,0,0,0,0,0,0,0,1,0,0,5,0,0,0,0,0,0,False,False,True,False,False,False,False,False,False,False,False,True,False
2.9,25.3,0,8.41,0.43304593705684546,73.37,0,0,1,0,0,0,0,0,0,0,0,0,0,0,1,1,1,0,0,1,1,0,0,0,0,0,0,0,0,0,0,0,0,0,0,0,0,0,0,0,0,0,2,1,2,0,0,5,0,0,1,1,0,0,False,False,False,False,False,False,True,False,False,False,False,True,False
5.2,39.7,0,27.040000000000003,0.822738688279383,206.44000000000003,0,0,0,0,0,0,1,0,0,0,0,1,0,0,0,0,0,0,0,0,0,0,0,0,0,0,0,0,0,0,0,0,0,0,0,1,0,0,0,0,0,0,0,0,0,0,0,5,0,0,0,0,0,0,False,False,False,False,False,False,False,False,True,False,False,True,False
2.6,36.3,0,6.760000000000001,0.18814431680152396,94.38,0,0,0,1,0,0,0,0,0,0,0,1,0,1,0,0,0,0,1,1,0,0,0,0,0,0,0,0,0,0,0,0,0,0,0,0,0,0,0,0,0,0,2,0,1,0,0,5,0,0,0,0,0,0,False,False,False,False,False,True,False,False,False,False,False,True,False
8.0,28.3,1,64.0,-0.9483401185612188,226.4,0,0,0,0,0,1,0,0,0,0,0,1,1,0,0,1,0,0,0,0,0,0,0,0,0,1,0,0,0,0,0,0,0,0,0,0,0,0,0,0,0,0,0,0,2,0,0,5,0,0,0,0,0,0,False,False,False,False,False,False,False,False,True,False,False,False,True
5.5,24.3,0,30.25,0.47750685697704903,133.65,0,0,0,0,0,0,1,0,0,0,0,1,0,0,0,1,0,0,0,0,0,1,0,0,0,0,0,0,0,0,0,0,0,0,0,0,0,0,0,0,0,0,0,2,1,0,0,5,0,0,0,0,0,0,False,False,True,False,False,False,False,False,False,False,False,True,False
12.2,24.5,0,148.83999999999997,0.5200269021919663,298.9,0,0,0,0,0,0,0,0,1,0,0,1,1,1,0,1,0,0,0,0,1,0,0,0,0,0,0,0,0,0,0,0,0,0,0,0,0,0,0,0,0,0,2,0,2,0,0,5,1,0,0,0,0,0,False,False,True,False,False,False,False,False,False,False,False,False,True
9.2,8.4,0,84.63999999999999,1.192892198118652,77.28,0,0,0,0,0,0,1,0,0,0,0,1,0,0,1,0,0,0,0,1,0,1,0,0,0,0,0,0,0,0,0,0,0,0,0,0,0,0,0,0,0,0,1,2,1,0,0,5,0,0,0,0,0,0,False,False,False,False,False,False,False,True,False,False,False,False,True
10.3,26.0,1,106.09000000000002,0.838927241303847,267.8,0,0,0,0,0,0,1,0,0,0,0,1,0,0,0,0,0,0,0,0,0,0,0,0,0,0,0,0,0,0,0,0,0,0,0,0,0,0,0,0,0,0,0,0,1,0,1,5,0,0,0,0,0,0,False,False,True,False,False,False,False,False,False,False,False,False,True
8.6,31.0,0,73.96,1.9019283716767825,266.59999999999997,0,0,0,0,1,0,0,0,0,0,0,1,0,0,0,0,1,0,0,0,0,0,0,0,0,0,0,0,0,0,0,0,0,0,0,0,0,0,0,0,0,0,0,1,1,0,0,5,0,0,0,0,0,0,False,False,True,False,False,False,False,False,False,False,False,False,True
7.7,35.4,0,59.290000000000006,0.10182307665037904,272.58,0,0,0,0,0,0,0,0,0,0,1,0,0,0,0,0,0,0,0,0,0,0,0,1,0,0,0,0,0,0,0,0,0,0,0,0,0,0,0,0,0,0,0,0,1,0,0,5,0,0,0,0,0,0,False,False,False,True,False,False,False,False,False,False,False,False,True
6.2,43.1,0,38.440000000000005,1.330632828466008,267.22,0,0,0,0,0,0,0,0,0,1,0,0,1,0,0,0,0,1,0,1,0,0,0,0,0,0,0,0,0,0,0,0,0,0,0,0,0,0,0,0,0,0,1,0,2,0,0,5,0,1,0,0,0,0,False,False,False,False,True,False,False,False,False,False,False,True,False
13.1,29.4,0,171.60999999999999,-1.0549271681590133,385.14,0,1,0,0,0,0,0,0,0,0,0,0,0,0,0,0,0,0,0,0,0,0,0,0,0,0,1,1,0,0,0,0,0,0,0,0,0,0,0,0,0,0,0,0,0,0,0,5,0,0,0,0,0,0,False,False,False,False,False,True,False,False,False,False,False,False,True
8.5,39.4,0,72.25,0.7855315841317774,334.9,0,0,0,1,0,0,0,0,0,0,0,1,0,0,1,0,1,0,0,0,0,0,0,0,0,0,0,0,0,0,0,0,0,0,0,0,0,0,0,0,0,0,0,1,1,0,0,5,0,0,0,0,0,0,False,False,False,True,False,False,False,False,False,False,False,False,True
1.5,37.5,0,2.25,0.4043306620120527,56.25,0,0,0,1,0,0,0,0,0,0,0,1,0,0,1,0,0,0,0,0,0,0,0,0,0,0,0,0,0,0,0,0,0,0,0,0,0,0,0,0,0,0,0,0,1,0,0,5,0,0,0,0,0,0,False,False,False,False,False,True,False,False,False,False,False,True,False
4.1,19.7,1,16.81,-0.500454182966052,80.77,0,0,0,0,0,1,0,0,0,0,0,1,0,0,1,0,1,0,1,1,0,0,0,0,0,0,0,0,0,0,0,0,0,0,0,0,0,0,0,0,0,0,1,1,3,0,0,5,0,0,0,0,0,1,False,False,True,False,False,False,False,False,False,False,False,True,False
14.5,34.6,0,210.25,1.380010725920657,501.70000000000005,0,0,0,0,0,0,0,0,0,1,0,0,0,1,0,0,1,0,0,0,0,0,0,0,0,0,0,0,0,0,0,0,0,0,0,0,1,0,0,0,0,0,1,1,0,1,0,5,0,0,0,0,0,0,False,False,False,False,False,False,True,False,False,False,False,False,True
9.4,12.9,0,88.36000000000001,-0.8295737814282368,121.26,0,0,0,0,0,0,0,0,1,0,0,1,0,1,1,1,0,1,0,0,0,0,0,0,0,0,0,0,0,0,0,0,0,0,0,0,0,0,0,0,0,0,1,0,3,0,0,5,0,0,0,0,0,0,False,False,False,False,False,False,True,False,False,False,False,False,True
5.9,39.7,0,34.81,0.8006722948980217,234.23000000000002,0,0,0,0,0,0,0,0,1,0,0,1,0,0,0,0,0,1,0,1,0,0,0,0,0,0,0,0,0,0,0,0,0,0,0,0,0,0,0,0,0,0,1,0,2,0,0,5,0,0,0,1,0,0,False,False,False,False,False,True,False,False,False,False,False,True,False
3.9,29.3,0,15.209999999999999,1.3423530959415355,114.27,0,0,1,0,0,0,0,0,0,0,0,0,0,0,0,0,1,0,0,0,0,1,0,0,0,0,0,0,0,0,0,0,0,0,0,0,0,0,0,0,0,0,0,4,0,0,0,5,0,0,0,0,1,0,True,False,False,False,False,False,False,False,False,False,False,True,False
0.9,39.8,1,0.81,0.853902434879917,35.82,0,0,0,0,0,1,0,0,0,0,0,1,0,0,0,0,0,0,0,0,0,0,0,0,0,0,0,0,0,0,0,0,0,0,0,0,0,0,0,0,0,0,0,0,0,0,0,5,0,0,0,0,0,0,False,False,False,True,False,False,False,False,False,False,True,False,False
5.4,12.0,1,29.160000000000004,-0.9212155351892509,64.80000000000001,0,0,0,0,0,1,0,0,0,0,0,1,0,0,0,0,0,0,1,0,0,0,0,1,0,0,0,0,0,0,0,0,0,0,0,0,0,0,0,0,0,0,0,0,2,0,0,5,0,0,0,0,0,0,False,False,False,False,False,False,True,False,False,False,False,True,False
12.8,31.9,1,163.84000000000003,1.1050854646376147,408.32,0,0,0,0,0,0,1,0,0,0,0,1,0,0,1,0,0,0,0,0,0,0,0,0,0,0,1,0,0,0,0,0,0,0,0,0,0,0,0,0,0,0,0,0,1,0,2,5,0,0,0,0,0,0,False,False,False,False,False,False,True,False,False,False,False,False,True
9.7,5.3,1,94.08999999999999,-0.4682584119711853,51.41,0,0,0,0,0,1,0,0,0,0,0,1,0,0,0,0,0,0,0,0,0,0,1,0,1,0,0,0,1,1,1,0,0,0,0,0,0,0,0,0,0,0,0,0,1,0,0,5,0,0,0,0,0,0,False,False,False,False,False,False,False,False,False,True,False,False,True
11.9,44.9,1,141.61,1.7374797908103101,534.31,0,0,0,0,0,1,0,0,0,0,0,1,0,0,1,1,0,0,1,1,0,0,0,0,0,0,0,0,0,0,0,0,0,0,0,0,0,0,0,0,0,0,1,0,3,0,0,5,0,0,0,1,0,1,False,False,False,False,False,True,False,False,False,False,False,False,True
9.6,40.0,0,92.16,1.9298612484867412,384.0,0,0,0,0,0,0,0,0,1,0,0,1,1,1,0,0,0,0,0,1,0,0,0,0,0,0,0,0,0,0,0,0,0,0,0,0,0,0,0,0,0,0,2,0,2,0,0,5,1,1,0,1,0,0,False,False,False,False,False,False,True,False,False,False,False,False,True
5.8,36.9,0,33.64,0.29623748940678835,214.01999999999998,0,0,0,0,0,0,1,0,0,0,0,1,0,1,0,0,1,1,0,1,0,0,0,0,0,0,0,0,0,0,0,0,0,0,0,0,0,0,0,0,0,0,2,1,1,0,0,5,0,0,0,0,0,0,False,False,False,False,False,True,False,False,False,False,False,True,False
5.6,15.9,0,31.359999999999996,-1.4666358339253718,89.03999999999999,0,1,0,0,0,0,0,0,0,0,0,0,1,0,0,1,0,0,0,0,1,1,0,0,0,0,0,0,0,0,0,0,0,0,0,0,0,0,0,0,0,0,1,1,3,0,0,5,0,0,0,0,0,0,True,False,False,False,False,False,False,False,False,False,False,True,False
10.2,24.9,0,104.03999999999999,0.4199985219553865,253.97999999999996,0,0,0,0,0,0,1,0,0,0,0,1,0,1,0,0,1,0,1,0,0,0,0,0,0,0,0,0,0,0,0,0,0,0,0,0,0,0,0,0,0,0,2,1,1,0,0,5,0,0,0,0,0,0,True,False,False,False,False,False,False,False,False,False,False,False,True
5.9,27.1,0,34.81,-1.316872076373522,159.89000000000001,0,1,0,0,0,0,0,0,0,0,0,0,1,0,1,0,1,0,0,0,0,1,0,0,0,0,0,0,0,0,0,0,0,0,0,0,0,0,0,0,0,0,0,2,2,0,0,5,0,0,0,0,1,0,False,False,False,True,False,False,False,False,False,False,False,True,False
9.4,43.7,0,88.36000000000001,1.5205182296742814,410.78000000000003,0,0,0,0,0,0,0,0,1,0,0,1,0,1,1,0,0,0,0,1,1,0,0,0,0,0,0,0,0,0,0,0,0,0,0,0,0,0,0,0,0,0,4,0,1,0,0,5,0,0,1,0,0,0,False,False,False,True,False,False,False,False,False,False,False,False,True
15.0,24.2,0,225.0,0.44435022979505323,363.0,0,0,0,0,0,0,1,0,0,0,0,1,0,1,0,1,1,0,1,0,0,0,0,0,0,0,0,0,0,0,0,0,0,0,0,0,0,0,0,0,0,0,1,1,2,0,0,5,0,0,0,0,0,0,False,True,False,False,False,False,False,False,False,False,False,False,True
8.6,27.3,0,73.96,-1.431788397781584,234.78,0,0,0,0,1,0,0,0,0,0,0,1,0,0,0,0,0,1,1,1,0,0,0,0,0,0,0,0,0,0,0,0,0,0,0,0,0,0,0,0,0,0,2,0,3,0,0,5,0,0,0,0,0,0,False,False,False,False,True,False,False,False,False,False,False,False,True
6.1,6.7,1,37.209999999999994,0.3178212388495062,40.87,0,0,0,0,0,0,0,0,0,0,1,0,1,0,0,1,0,0,0,0,0,0,0,0,0,0,0,0,0,0,0,0,0,0,0,0,0,0,1,0,0,0,0,0,2,0,2,5,0,0,0,0,0,0,False,False,False,False,False,False,False,True,False,False,False,True,False
10.1,30.0,1,102.00999999999999,1.7104218852418962,303.0,0,0,0,0,0,1,0,0,0,0,0,1,0,1,1,0,0,0,0,0,1,1,0,0,0,0,0,0,0,0,0,0,0,0,0,0,0,0,0,0,0,0,3,1,1,0,0,5,0,0,1,0,0,0,False,True,False,False,False,False,False,False,False,False,False,False,True
10.7,35.6,0,114.48999999999998,0.06203561542871657,380.92,0,0,0,0,0,0,0,0,0,0,1,0,1,0,0,0,1,0,0,0,0,0,0,0,0,0,1,0,0,0,0,0,0,0,0,0,0,0,0,0,0,0,0,1,1,0,0,5,0,0,0,0,0,0,False,False,False,False,False,True,False,False,False,False,False,False,True
5.9,30.4,1,34.81,-0.7528125577013689,179.36,0,0,0,0,0,1,0,0,0,0,0,1,1,1,1,0,0,0,0,1,0,0,0,0,0,0,0,0,0,0,0,0,0,1,0,0,0,0,0,0,0,0,2,0,2,0,0,5,1,1,0,0,0,0,False,False,False,True,False,False,False,False,False,False,False,True,False
0.8,9.0,0,0.6400000000000001,-1.2266880477259643,7.2,0,0,0,0,1,0,0,0,0,0,0,1,1,0,0,0,0,1,0,0,0,0,1,0,1,0,0,0,0,0,0,0,0,0,0,1,0,0,0,0,0,0,0,0,3,0,0,5,0,0,0,0,0,0,False,False,False,False,False,False,True,False,False,False,True,False,False
9.2,29.2,0,84.63999999999999,-1.0995985034859876,268.64,0,1,0,0,0,0,0,0,0,0,0,0,0,0,0,0,0,0,0,0,0,0,1,0,0,0,0,0,0,0,0,0,1,0,0,0,0,0,0,0,0,0,0,0,1,0,0,5,0,0,0,0,0,0,False,False,False,False,True,False,False,False,False,False,False,False,True
2.3,39.4,0,5.289999999999999,0.7466257085953889,90.61999999999999,0,1,0,0,0,0,0,0,0,0,0,0,0,1,1,1,0,0,0,0,0,0,0,0,0,0,0,0,0,0,0,0,0,0,0,0,0,0,0,0,0,0,2,0,2,0,0,5,0,0,0,0,0,0,False,False,False,False,False,True,False,False,False,False,False,True,False
9.6,29.1,0,92.16,-1.1089737544616447,279.36,0,0,0,0,0,0,0,0,0,0,1,0,1,0,0,0,1,0,0,0,0,1,0,0,0,0,0,0,0,0,0,0,0,0,0,0,0,0,0,0,0,0,0,2,3,0,0,5,0,0,0,0,1,0,False,False,False,False,False,True,False,False,False,False,False,False,True
6.5,36.0,0,42.25,0.1340977304988924,234.0,0,0,0,0,0,0,0,0,0,1,0,0,0,0,0,1,1,0,1,1,0,0,0,0,0,0,0,0,0,0,0,0,0,0,0,0,0,0,0,0,0,0,1,1,2,0,0,5,0,0,0,1,0,0,False,False,False,False,False,True,False,False,False,False,False,True,False
0.8,42.4,0,0.6400000000000001,1.2983129647428262,33.92,0,0,0,0,0,0,1,0,0,0,0,1,1,1,0,0,1,0,0,1,0,1,0,0,0,0,0,0,0,0,0,0,0,0,0,0,0,0,0,0,0,0,2,2,1,0,0,5,1,1,0,0,1,0,False,False,False,True,False,False,False,False,False,False,True,False,False
7.7,38.7,1,59.290000000000006,0.6205170072225815,297.99,0,1,0,0,0,0,0,0,0,0,0,0,0,0,0,1,0,1,0,0,1,0,0,0,0,0,0,0,0,0,0,0,0,0,0,0,0,0,0,0,0,0,1,0,2,0,0,5,0,0,0,0,0,0,False,False,False,False,False,True,False,False,False,False,False,False,True
2.6,6.0,0,6.760000000000001,-0.10853772190720878,15.600000000000001,0,0,0,1,0,0,0,0,0,0,0,1,0,0,0,1,0,0,0,1,0,0,0,0,0,0,0,0,0,0,0,0,0,0,0,0,0,0,0,0,0,0,1,0,2,0,0,5,0,0,0,1,0,0,False,False,False,False,False,False,False,False,False,True,False,True,False
2.1,21.9,0,4.41,-1.9426299750331357,45.99,0,0,0,0,1,0,0,0,0,0,0,1,1,0,0,0,1,1,0,0,0,1,0,0,0,0,0,0,0,0,0,0,0,0,0,0,0,0,0,1,0,0,0,2,2,0,0,5,0,0,0,0,1,0,False,False,False,False,False,False,False,False,True,False,False,True,False
7.8,15.0,1,60.839999999999996,-1.5639013616033868,117.0,0,1,0,0,0,0,0,0,0,0,0,0,1,0,0,1,0,1,0,0,0,1,0,0,0,0,0,0,0,0,0,0,0,0,0,0,0,0,0,0,0,0,0,1,3,0,1,5,0,0,0,0,0,0,False,True,False,False,False,False,False,False,False,False,False,False,True
7.7,5.0,0,59.290000000000006,-1.633984731108249,38.5,0,0,0,0,0,0,0,0,0,1,0,0,1,0,1,1,0,0,0,0,0,0,0,0,0,0,0,0,0,0,0,0,0,0,0,0,0,0,0,0,0,0,1,0,4,0,0,5,0,0,0,0,0,0,False,False,False,False,False,False,True,False,False,False,False,False,True
6.5,6.6,1,42.25,0.2663464765395562,42.9,0,0,0,1,0,0,0,0,0,0,0,1,1,0,0,1,0,0,0,0,0,0,0,0,0,0,0,0,0,0,0,0,0,0,0,0,0,0,1,0,0,0,0,0,2,0,2,5,0,0,0,0,0,0,False,False,False,False,False,False,False,True,False,False,False,True,False
1.8,19.9,0,3.24,-0.4942891009672614,35.82,0,0,1,0,0,0,0,0,0,0,0,0,0,1,1,0,0,1,0,0,1,1,0,0,0,0,0,0,0,0,0,0,0,0,0,0,0,0,0,0,0,0,2,1,2,0,0,5,0,0,1,0,0,0,False,True,False,False,False,False,False,False,False,False,False,True,False
0.5,24.4,0,0.25,0.49876687958450727,12.2,0,1,0,0,0,0,0,0,0,0,0,0,1,0,0,1,0,0,0,0,1,1,0,0,0,0,0,0,0,0,0,0,0,0,0,0,0,0,0,0,0,0,1,1,2,0,0,5,0,0,0,0,0,0,False,False,True,False,False,False,False,False,False,False,True,False,False
5.5,23.7,0,30.25,0.16844727450461883,130.35,0,0,0,0,0,0,1,0,0,0,0,1,0,1,0,0,1,1,0,0,1,0,0,0,0,0,0,0,0,0,0,0,0,0,0,0,0,0,0,0,0,0,2,1,1,0,0,5,0,0,0,0,0,0,True,False,False,False,False,False,False,False,False,False,False,True,False
6.8,6.2,0,46.239999999999995,-0.005760381888929726,42.16,0,0,0,0,0,0,0,0,1,0,0,1,0,0,0,0,0,0,0,0,0,0,0,0,1,0,0,0,0,0,0,0,0,0,0,0,0,0,0,0,0,0,1,0,1,0,0,5,0,0,0,0,0,0,False,False,False,False,False,False,False,False,False,True,False,True,False
2.2,6.9,0,4.840000000000001,0.35396030817504676,15.180000000000001,0,0,0,0,0,0,0,0,1,0,0,1,0,0,0,1,0,0,0,0,1,0,0,0,0,0,0,0,0,0,0,0,0,0,0,0,0,0,0,0,0,0,2,0,3,0,0,5,0,0,0,0,0,0,False,False,False,False,False,False,False,False,False,True,False,True,False
10.3,29.6,0,106.09000000000002,-1.0188961106239247,304.88000000000005,0,0,1,0,0,0,0,0,0,0,0,0,0,1,0,0,0,0,0,0,0,0,0,0,1,0,0,0,0,0,0,0,0,0,0,0,0,0,0,0,0,0,1,0,0,0,0,5,0,0,0,0,0,0,False,False,False,False,False,True,False,False,False,False,False,False,True
6.9,15.3,1,47.61000000000001,-0.585195771398866,105.57000000000001,0,0,0,0,0,1,0,0,0,0,0,1,0,0,0,0,0,0,0,0,0,0,1,0,1,0,0,0,0,0,0,0,0,0,0,0,0,0,0,0,0,0,0,0,1,0,0,5,0,0,0,0,0,0,False,False,False,False,False,False,True,False,False,False,False,True,False
8.2,5.6,0,67.24,-0.24840114655994122,45.919999999999995,0,1,0,0,0,0,0,0,0,0,0,0,0,0,1,1,1,0,0,0,1,1,0,0,0,0,0,0,0,0,0,0,0,0,0,0,0,0,0,0,0,0,1,2,2,0,0,5,0,0,1,0,1,0,False,False,False,False,False,False,False,True,False,False,False,False,True
8.7,30.9,0,75.68999999999998,1.906881280052613,268.83,0,0,0,0,1,0,0,0,0,0,0,1,0,0,0,0,0,0,0,0,0,0,1,0,0,0,0,0,0,0,0,0,0,0,0,0,0,0,0,0,0,0,0,0,1,0,0,5,0,0,0,0,0,0,False,True,False,False,False,False,False,False,False,False,False,False,True
11.1,28.4,0,123.21,1.1536896603534592,315.23999999999995,0,0,1,0,0,0,0,0,0,0,0,0,0,0,0,1,1,0,1,1,0,0,0,0,0,0,0,0,0,0,0,0,0,0,0,0,0,0,0,0,0,0,1,1,2,0,0,5,0,0,0,1,0,0,True,False,False,False,False,False,False,False,False,False,False,False,True
1.2,35.8,0,1.44,0.09806667296380385,42.959999999999994,0,0,0,0,0,0,0,1,0,0,0,0,0,0,0,0,0,0,0,0,0,0,0,0,0,0,0,0,0,0,0,0,0,0,0,0,0,0,0,0,0,0,0,0,1,0,0,5,0,0,0,0,0,0,False,False,False,False,False,True,False,False,False,False,False,True,False
1.9,40.0,0,3.61,1.9298612484867412,76.0,0,0,0,0,0,0,0,0,0,0,1,0,0,1,0,0,1,0,1,1,0,0,0,0,0,0,0,0,0,0,0,0,0,0,0,0,0,0,0,0,0,0,2,1,2,0,0,5,0,0,0,0,0,0,False,False,False,False,False,False,True,False,False,False,False,True,False
7.3,7.8,0,53.29,0.8164583382573019,56.94,0,0,0,0,0,0,0,0,0,1,0,0,0,1,0,1,0,0,0,0,0,0,0,0,0,0,0,0,0,0,0,0,0,0,0,0,0,0,0,0,0,0,2,0,1,0,0,5,0,0,0,0,0,0,False,False,False,False,False,False,False,False,False,True,False,False,True
3.4,5.6,0,11.559999999999999,-0.24840114655994122,19.04,0,1,0,0,0,0,0,0,0,0,0,0,0,0,0,0,0,1,1,0,1,1,0,0,0,0,0,0,0,0,0,0,0,0,0,0,0,0,0,0,0,0,1,1,2,0,0,5,0,0,0,0,0,0,False,False,False,False,False,False,False,True,False,False,False,True,False
2.3,20.2,0,5.289999999999999,-0.5652438638934539,46.459999999999994,0,0,0,0,0,0,0,0,0,1,0,0,0,1,1,0,0,0,0,0,0,0,0,0,0,0,0,0,0,0,0,0,0,1,0,0,0,0,0,0,0,0,1,0,1,1,0,5,0,0,0,0,0,0,True,False,False,False,False,False,False,False,False,False,False,True,False
9.7,7.5,0,94.08999999999999,0.7296193373291041,72.75,0,0,0,0,1,0,0,0,0,0,0,1,0,0,0,1,0,1,0,1,0,0,0,0,0,0,0,0,0,0,0,0,0,0,0,0,0,0,0,0,0,0,1,0,2,0,0,5,0,0,0,1,0,0,False,False,False,False,False,False,False,True,False,False,False,False,True
5.8,40.0,0,33.64,1.9298612484867412,232.0,0,0,0,0,0,0,0,0,0,1,0,0,0,0,0,0,0,1,1,1,1,0,0,0,0,0,0,0,0,0,0,0,0,0,0,0,0,0,0,0,0,0,2,0,3,0,0,5,0,0,0,0,0,0,False,False,False,False,False,False,True,False,False,False,False,True,False
7.1,17.5,0,50.41,-0.9681746803301435,124.25,0,0,0,0,0,0,1,0,0,0,0,1,1,0,0,0,0,0,0,0,0,0,0,1,0,0,0,0,0,0,0,0,0,0,0,0,0,0,0,0,0,0,0,0,2,0,0,5,0,0,0,0,0,0,False,False,True,False,False,False,False,False,False,False,False,False,True
4.8,22.4,1,23.04,-0.10406657690037978,107.52,0,0,0,0,0,1,0,0,0,0,0,1,0,0,0,0,0,0,1,1,0,1,0,0,0,0,0,0,0,0,0,0,0,0,0,0,0,0,0,0,0,0,1,1,1,0,0,5,0,0,0,0,0,0,True,False,False,False,False,False,False,False,False,False,False,True,False
6.7,26.8,0,44.89,-1.3681502144346271,179.56,0,1,0,0,0,0,0,0,0,0,0,0,1,0,1,1,0,0,0,0,1,0,0,0,0,0,0,0,0,0,0,0,0,0,0,0,0,0,0,0,0,0,1,0,3,0,0,5,0,0,1,0,0,0,False,False,False,True,False,False,False,False,False,False,False,True,False
11.1,31.2,0,123.21,-0.4978025273473818,346.32,0,1,0,0,0,0,0,0,0,0,0,0,0,0,1,1,0,1,0,1,0,0,0,0,0,0,0,0,0,0,0,0,0,0,0,0,0,0,0,0,0,0,1,0,4,0,0,5,0,0,0,1,0,0,False,False,False,False,False,False,False,False,True,False,False,False,True
6.3,17.2,1,39.69,-0.391729846792281,108.36,0,0,0,0,0,1,0,0,0,0,0,1,0,0,0,0,0,0,0,0,0,0,1,0,1,0,0,0,0,0,0,0,0,0,0,0,0,0,0,0,0,0,0,0,1,0,0,5,0,0,0,0,0,0,False,False,False,False,False,False,True,False,False,False,False,True,False
1.6,40.4,0,2.5600000000000005,0.9314891413309982,64.64,0,0,0,1,0,0,0,0,0,0,0,1,0,0,0,1,0,0,0,0,1,1,0,0,0,0,0,0,0,0,0,0,0,1,0,0,0,0,0,0,0,1,1,1,1,0,0,5,0,0,0,0,0,0,False,False,False,False,False,False,False,False,True,False,False,True,False
2.8,28.9,1,7.839999999999999,-1.0092032480068933,80.91999999999999,0,0,0,1,0,0,0,0,0,0,0,1,1,0,0,0,0,0,0,0,0,0,0,0,0,0,0,0,0,0,0,0,0,0,0,0,0,1,0,1,0,0,0,0,1,0,1,5,0,0,0,0,0,0,False,False,False,True,False,False,False,False,False,False,False,True,False
10.4,20.3,0,108.16000000000001,-0.37289404732129944,211.12,0,0,0,0,0,0,0,0,0,0,1,0,0,1,0,0,0,0,1,0,0,0,0,0,0,0,0,0,0,0,0,0,0,0,0,0,0,0,0,0,0,0,1,0,1,1,0,5,0,0,0,0,0,0,False,False,True,False,False,False,False,False,False,False,False,False,True
9.6,30.1,1,92.16,-0.8040906957624733,288.96,0,0,0,0,0,1,0,0,0,0,0,1,1,0,0,1,0,0,0,0,0,0,0,0,0,0,0,1,0,0,0,0,0,0,0,0,0,0,0,0,0,0,0,0,2,0,1,5,0,0,0,0,0,0,False,False,False,True,False,False,False,False,False,False,False,False,True
7.5,5.5,0,56.25,-0.2998759088698908,41.25,0,0,0,1,0,0,0,0,0,0,0,1,1,0,0,0,1,0,0,0,0,0,1,0,0,1,0,0,0,0,0,0,0,0,0,0,0,0,0,0,0,0,0,1,2,0,0,5,0,0,0,0,0,0,False,False,False,False,False,False,False,True,False,False,False,False,True
3.4,38.3,1,11.559999999999999,0.4914162534034478,130.22,0,1,0,0,0,0,0,0,0,0,0,0,1,1,0,0,0,0,0,0,1,0,0,0,0,0,0,0,0,0,0,0,0,0,0,0,0,0,0,0,0,0,2,0,1,0,2,5,1,0,0,0,0,0,False,False,False,False,True,False,False,False,False,False,False,True,False
10.6,31.9,0,112.36,-0.49642186739584454,338.14,0,0,0,0,0,0,0,0,0,0,1,0,0,1,1,0,0,0,0,1,0,0,0,0,0,0,0,0,0,0,0,0,0,0,0,0,0,0,0,0,0,0,2,0,1,0,0,5,0,0,0,0,0,0,False,False,False,True,False,False,False,False,False,False,False,False,True
9.7,26.5,0,94.08999999999999,-1.2279841406939456,257.04999999999995,0,0,0,0,0,0,1,0,0,0,0,1,1,0,0,0,0,0,0,0,0,0,0,0,0,0,1,0,0,0,0,0,0,0,0,0,0,0,0,0,0,0,0,0,2,0,0,5,0,0,0,0,0,0,False,False,False,False,False,False,False,False,True,False,False,False,True
7.3,4.5,0,53.29,-0.879367772044301,32.85,0,0,1,0,0,0,0,0,0,0,0,0,1,0,0,1,0,0,0,1,0,1,0,0,0,0,0,0,0,0,0,0,0,0,0,0,0,0,0,0,0,0,1,1,2,0,0,5,0,1,0,1,0,0,False,False,False,False,False,False,False,False,False,True,False,False,True
6.0,15.3,0,36.0,-0.585195771398866,91.80000000000001,0,0,0,0,0,0,0,0,0,1,0,0,1,0,0,0,0,1,1,1,0,0,0,0,0,0,0,0,0,0,0,0,0,0,0,0,0,0,0,0,0,0,1,0,4,0,0,5,0,1,0,0,0,0,False,False,False,False,False,False,True,False,False,False,False,True,False
1.3,41.6,1,1.6900000000000002,1.161571263246547,54.080000000000005,0,0,0,0,0,0,0,0,0,1,0,0,0,1,0,0,0,0,0,0,0,0,0,0,0,0,0,0,0,0,0,0,0,0,0,0,0,1,0,0,0,0,1,0,0,0,0,5,0,0,0,0,0,0,False,False,False,True,False,False,False,False,False,False,False,True,False
9.0,26.0,0,81.0,0.650587165451924,234.0,0,0,0,1,0,0,0,0,0,0,0,1,0,1,0,0,0,0,0,0,0,0,0,0,0,0,0,0,0,0,0,0,0,0,0,0,0,0,0,0,0,1,1,0,0,0,0,5,0,0,0,0,0,0,True,False,False,False,False,False,False,False,False,False,False,False,True
6.6,18.4,0,43.559999999999995,-0.2695408417775957,121.43999999999998,0,0,0,0,0,0,0,0,0,0,1,0,0,1,1,0,0,0,0,1,0,0,0,0,0,0,0,0,0,0,0,0,0,0,0,0,0,0,0,0,0,0,2,0,1,0,0,5,0,0,0,0,0,0,False,False,False,False,False,False,True,False,False,False,False,True,False
12.1,26.1,0,146.41,-1.29012725672344,315.81,0,0,0,1,0,0,0,0,0,0,0,1,1,0,0,0,0,0,0,0,0,0,0,0,0,0,0,0,0,0,0,0,0,0,0,0,0,0,0,0,0,0,0,0,1,0,0,5,0,0,0,0,0,0,False,False,False,False,False,False,False,False,True,False,False,False,True
4.6,22.8,1,21.159999999999997,-0.02021616108345673,104.88,0,0,0,0,0,1,0,0,0,0,0,1,0,0,0,0,0,0,0,0,0,0,0,0,0,0,0,0,0,0,0,0,1,0,0,0,0,0,0,0,0,0,0,0,0,0,0,5,0,0,0,0,0,0,True,False,False,False,False,False,False,False,False,False,False,True,False
10.3,25.0,1,106.09000000000002,-1.461020825804551,257.5,0,0,0,0,0,1,0,0,0,0,0,1,0,0,1,1,0,0,0,1,0,0,0,0,0,0,0,0,0,0,0,0,0,0,0,0,0,0,0,0,0,0,1,0,2,0,0,5,0,0,0,1,0,0,False,False,False,False,False,False,False,False,True,False,False,False,True
0.9,22.9,0,0.81,0.16057554840179522,20.61,0,0,0,0,0,0,0,0,0,0,1,0,1,0,0,0,0,0,0,0,0,0,0,0,0,1,0,1,0,0,0,0,0,0,0,0,0,0,0,0,0,0,0,0,1,0,0,5,0,0,0,0,0,0,False,True,False,False,False,False,False,False,False,False,True,False,False
8.8,15.6,0,77.44000000000001,-1.5295236457880639,137.28,0,0,0,0,0,0,0,0,1,0,0,1,1,0,0,0,0,0,0,0,0,0,0,0,0,0,0,0,0,0,0,0,0,0,0,0,0,0,0,0,0,0,0,0,1,1,0,5,0,0,0,0,0,0,True,False,False,False,False,False,False,False,False,False,False,False,True
9.7,3.0,1,94.08999999999999,-1.5867449666186344,29.099999999999998,0,0,0,1,0,0,0,0,0,0,0,1,1,0,1,0,0,0,0,1,0,0,0,0,0,0,0,0,0,0,0,0,0,0,0,0,0,0,0,0,0,0,1,0,3,0,0,5,0,1,0,0,0,0,False,False,False,False,False,False,False,True,False,False,False,False,True
4.8,38.0,0,23.04,0.4944083058497728,182.4,0,0,0,0,0,0,1,0,0,0,0,1,0,0,1,0,0,0,0,1,0,0,0,0,0,0,0,0,0,0,0,0,0,0,0,0,0,0,0,0,0,0,2,0,2,0,0,5,0,0,0,0,0,0,False,False,False,False,False,True,False,False,False,False,False,True,False
7.1,44.3,0,50.41,1.5373845226185723,314.53,0,0,0,0,0,0,0,0,1,0,0,1,0,1,0,0,0,0,1,0,1,0,0,0,0,0,0,0,0,0,0,0,0,0,0,0,0,0,0,0,0,0,2,0,2,0,0,5,0,0,0,0,0,0,False,False,False,False,False,False,False,False,True,False,False,False,True
3.9,37.3,0,15.209999999999999,0.4498799921024134,145.47,0,0,0,0,0,0,0,0,0,1,0,0,1,0,0,0,1,1,0,0,1,0,0,0,0,0,0,0,0,0,0,0,0,0,1,0,0,0,0,0,0,0,1,1,2,0,0,5,0,0,0,0,0,0,False,False,False,False,False,False,False,False,True,False,False,True,False
5.0,6.8,0,25.0,0.302571638165907,34.0,0,0,1,0,0,0,0,0,0,0,0,0,0,0,1,1,1,0,1,1,0,0,0,0,0,0,0,0,0,0,0,0,0,0,0,0,0,0,0,0,0,0,1,1,3,0,0,5,0,0,0,1,0,1,False,False,False,False,False,False,False,False,False,True,False,True,False
11.5,20.9,0,132.25,-0.014980414663667828,240.35,0,1,0,0,0,0,0,0,0,0,0,0,0,0,1,1,0,0,1,0,0,0,0,0,0,0,0,0,0,0,0,0,0,0,0,0,0,0,0,0,0,0,0,0,4,0,0,5,0,0,0,0,0,1,False,False,False,False,False,False,True,False,False,False,False,False,True
7.9,7.6,0,62.410000000000004,0.7810940996390536,60.04,0,1,0,0,0,0,0,0,0,0,0,0,0,1,0,0,0,1,0,1,1,0,0,0,0,0,0,0,0,0,0,0,0,0,0,0,0,0,0,0,0,0,4,0,1,0,0,5,0,0,0,0,0,0,False,False,False,False,False,False,False,True,False,False,False,False,True
9.5,41.0,1,90.25,1.0247038153752406,389.5,0,0,0,0,0,0,0,0,0,1,0,0,0,1,0,0,0,0,0,0,0,0,0,0,0,0,0,0,0,0,0,0,0,0,0,0,0,1,0,0,0,0,1,0,0,0,0,5,0,0,0,0,0,0,False,False,False,False,False,False,False,False,True,False,False,False,True
10.1,37.1,0,102.00999999999999,0.3322685469418769,374.71,0,0,0,0,0,0,0,0,0,0,1,0,1,1,0,0,0,0,0,0,1,0,0,0,0,0,0,0,0,0,0,0,0,0,0,0,0,0,0,0,0,0,2,0,2,0,0,5,1,0,0,0,0,0,False,False,False,False,False,True,False,False,False,False,False,False,True
10.8,27.6,0,116.64000000000001,1.1790876030231867,298.08000000000004,0,0,1,0,0,0,0,0,0,0,0,0,1,1,0,0,0,0,0,0,0,0,0,0,0,0,0,0,0,0,0,0,0,0,0,0,0,0,0,0,0,0,2,0,2,0,0,5,1,0,0,0,0,0,False,False,True,False,False,False,False,False,False,False,False,False,True
11.7,33.2,0,136.89,-0.27421660246438934,388.44,0,1,0,0,0,0,0,0,0,0,0,0,0,1,0,0,0,0,0,0,1,0,0,0,0,0,0,0,0,0,1,0,0,0,0,0,0,0,0,0,0,0,3,0,1,0,0,5,0,0,0,0,0,0,False,False,False,True,False,False,False,False,False,False,False,False,True
2.9,16.9,1,8.41,-1.095734815974896,49.00999999999999,0,1,0,0,0,0,0,0,0,0,0,0,0,0,0,0,0,0,0,0,0,0,0,1,1,0,0,0,0,0,0,0,0,0,0,0,0,0,0,0,0,0,1,0,1,0,0,5,0,0,0,0,0,0,False,False,True,False,False,False,False,False,False,False,False,True,False
1.2,25.4,1,1.44,0.4432283541414023,30.479999999999997,0,0,0,0,0,0,0,0,0,1,0,0,0,0,1,0,1,0,0,0,0,0,0,0,0,0,0,0,0,0,0,0,0,0,0,0,0,0,0,0,0,0,0,1,1,0,0,5,0,0,0,0,0,0,False,False,False,False,False,False,True,False,False,False,False,True,False
8.9,23.3,0,79.21000000000001,-2.1311355436670505,207.37,0,1,0,0,0,0,0,0,0,0,0,0,1,0,0,0,0,0,0,0,0,0,0,0,0,0,0,0,0,0,0,0,0,0,0,0,0,0,0,0,0,0,0,0,1,0,0,5,0,0,0,0,0,0,False,False,False,False,True,False,False,False,False,False,False,False,True
7.5,28.1,0,56.25,1.2853877160604803,210.75,0,1,0,0,0,0,0,0,0,0,0,0,0,1,0,0,1,0,0,0,0,1,0,0,0,0,0,0,0,0,0,0,0,0,0,0,0,0,0,0,0,0,1,2,0,0,0,5,0,0,0,0,1,0,False,False,True,False,False,False,False,False,False,False,False,False,True
