AnimalName,Breed,Age,Weight_kg,MedicalHistory,Symptom_1,Symptom_2,Symptom_3,Symptom_4,Symptom_5,MedicalHistory_norm,Symptom_1_norm,Symptom_2_norm,Symptom_3_norm,Symptom_4_norm,Symptom_5_norm,target_derm
dog,rottweiler,6.0,32.1,chronic illness,anorexia,hydrophobia,drooping ears,diarrhea,shyness or aggression,chronic illness,anorexia,hydrophobia,drooping ears,diarrhea,shyness or aggression,0
dog,bulldog,9.9,18.5,vaccinated,lethargy,weakness,horny growth,fever,coughing,vaccinated,lethargy,weakness,horny growth,fever,coughing,0
dog,beagle,13.9,18.9,parasite history,pain,weight loss,weight loss,sneezing,drop on egg production,parasite history,pain,weight loss,weight loss,sneezing,drop in egg production,0
dog,mixed breed,4.2,13.4,chronic illness,weakness,diarrhea,weight loss,diarrhea,weight loss,chronic illness,weakness,diarrhea,weight loss,diarrhea,weight loss,0
dog,boxer,2.6,27.6,dental issues,indigestion,abdminal pain,constipation,diarrhea,nausea,dental issues,indigestion,abdominal pain,constipation,diarrhea,nausea,0
dog,yorkshire terrier,12.4,3.8,previous heart condition,weakness,weight loss,muscle twiching,shivering,vomiting,previous heart condition,weakness,weight loss,muscle twitching,shivering,vomiting,1
dog,beagle,1.7,16.2,allergies,fever,loss of  appetite,reduce energy,lameness,swelling of joints,allergies,fever,loss of appetite,reduce energy,lameness,swelling of joints,0
dog,golden retriever,11.4,38.4,skin conditions history,weakness,pain,vomiting,pain,shaking head,skin conditions history,weakness,pain,vomiting,pain,shaking head,1
dog,yorkshire terrier,11.0,5.1,parasite history,vomiting,pain,fever,weight loss,anorexia,parasite history,vomiting,pain,fever,weight loss,anorexia,0
dog,beagle,7.6,23.6,vaccinated,abortion on late pregancy,stillbirth,retained placenda,endomeritis,decrease appetite,vaccinated,abortion on late pregancy,stillbirth,retained placenda,endomeritis,decrease appetite,0
dog,boxer,0.9,29.8,chronic illness,swollen,red-colored,hot udder,milk getting out more watery,milk getting out more thick,chronic illness,swollen,red-colored,hot udder,milk getting out more watery,milk getting out more thick,0
dog,golden retriever,9.1,37.2,vaccinated,discharge from eyes,blindness,scartches,redness of eye,pains,vaccinated,discharge from eyes,blindness,scartches,redness of eye,pains,0
dog,poodle,3.3,4.5,recent surgery,excessive blood loss,dizziness and fainting,blurry vision,watery eyes,slow growth,recent surgery,excessive blood loss,dizziness and fainting,blurry vision,watery eyes,slow growth,0
dog,bulldog,5.4,15.0,no previous conditions,weakness,weight loss,lethargy,weakness,lethargy,no previous conditions,weakness,weight loss,lethargy,weakness,lethargy,0
dog,rottweiler,2.8,25.0,dental issues,weight loss,fever,fever,vomiting,fever,dental issues,weight loss,fever,fever,vomiting,fever,0
dog,boxer,9.2,24.1,dental issues,weight loss,fever,pain,poor immune function,inflammed eye,dental issues,weight loss,fever,pain,poor immune function,inflammed eye,0
dog,beagle,12.1,21.0,previous kidney disease,stand with head droping,weight loss,fever,abnormal behaviour,pneumonia,previous kidney disease,stand with head droping,weight loss,fever,abnormal behaviour,pneumonia,0
dog,yorkshire terrier,13.2,7.3,allergies,fever,loss of appetite,depression,loss of appetite,pains,allergies,fever,loss of appetite,depression,loss of appetite,pains,0
dog,bulldog,6.7,15.0,allergies,sneezing,coughing,diarrhea,retarded growth,weakness,allergies,sneezing,coughing,diarrhea,retarded growth,weakness,0
dog,beagle,14.6,29.7,previous heart condition,weakness,anorexia,anorexia,pain,shivering,previous heart condition,weakness,anorexia,anorexia,pain,shivering,0
dog,boxer,2.7,27.9,not vaccinated,restless movement,weakness,decreased stool production,heavy breathing,distended stomach,not vaccinated,restless movement,weakness,decreased stool production,heavy breathing,distended stomach,0
dog,yorkshire terrier,13.5,4.4,previous heart condition,lethargy,loss of appetite,swelling,nasal discharge,blindness,previous heart condition,lethargy,loss of appetite,swelling,nasal discharge,blindness,0
dog,mixed breed,4.5,27.5,skin conditions history,enteritis,weight loss,halitosis,air sacculitis,coughing,skin conditions history,enteritis,weight loss,halitosis,air sacculitis,coughing,1
dog,boxer,14.0,16.8,parasite history,loss of eat,weakness,sneezing,pain,fever,parasite history,loss of eat,weakness,sneezing,pain,fever,0
dog,yorkshire terrier,8.7,8.8,recent surgery,pain,weakness,difficulty breating,coughing,pain,recent surgery,pain,weakness,difficulty breating,coughing,pain,0
dog,rottweiler,4.1,36.3,skin conditions history,sneezing,coughing,fever,weakness,coughing,skin conditions history,sneezing,coughing,fever,weakness,coughing,1
dog,rottweiler,5.3,25.4,allergies,labored breathing,dyspnea,coughing,depression,anorexia,allergies,labored breathing,dyspnea,coughing,depression,anorexia,0
dog,german shepherd,5.3,43.6,not vaccinated,fever,fever,weakness,coughing,nasal,not vaccinated,fever,fever,weakness,coughing,nasal,0
dog,mixed breed,2.4,10.9,recent surgery,barren ewes,abortion,poor conformation,hairy fleeces,weight loss,recent surgery,barren ewes,abortion,poor conformation,hairy fleeces,weight loss,0
dog,beagle,9.2,32.3,recent surgery,redness,pains,trachea,scabs on feet,thickening of skin,recent surgery,redness,pains,trachea,scabs on feet,thickening of skin,1
dog,bulldog,8.7,21.1,allergies,abdominal discomfort,anorexia,milky hard,pain,sneezing,allergies,abdominal discomfort,anorexia,milky hard,pain,sneezing,0
dog,boxer,15.0,20.5,dental issues,diarrhea,weight loss,lethargy,succumb,pain,dental issues,diarrhea,weight loss,lethargy,succumb,pain,0
dog,bulldog,8.5,22.4,skin conditions history,blindness,distinctive bumps,facial swelling,stunted growth,egg production decreases,skin conditions history,blindness,distinctive bumps,facial swelling,stunted growth,egg production decreases,1
dog,yorkshire terrier,15.5,4.3,not vaccinated,discomfort,diarrhea,dry or dull hair,grinding teeth,pain,not vaccinated,discomfort,diarrhea,dry or dull hair,grinding teeth,pain,0
dog,rottweiler,0.5,28.2,vaccinated,anorexia,fever,weight loss,coughing,pain,vaccinated,anorexia,fever,weight loss,coughing,pain,0
dog,yorkshire terrier,4.6,6.4,previous heart condition,thivk skin,excessive eye watering,coughing,aggressiveness,sneezing,previous heart condition,thivk skin,excessive eye watering,coughing,aggressiveness,sneezing,1
dog,mixed breed,13.9,16.4,not vaccinated,difficulty swallowing,cough,difficulty swallowing,gasping for air,extending its neck,not vaccinated,difficulty swallowing,cough,difficulty swallowing,gasping for air,extending its neck,0
dog,poodle,4.3,7.7,no previous conditions,eyeproblem,weight loss,sneezing,weakness,reduce lamp marking,no previous conditions,eyeproblem,weight loss,sneezing,weakness,reduce lamp marking,0
dog,poodle,9.9,3.9,no previous conditions,coughing,pain,deability,eyeproblem,pain,no previous conditions,coughing,pain,deability,eyeproblem,pain,0
dog,rottweiler,1.2,29.5,chronic illness,upset stomach,diarrhea,vomiting,muscle pain,muscle stiffness,chronic illness,upset stomach,diarrhea,vomiting,muscle pain,muscle stiffness,0
dog,yorkshire terrier,7.7,10.0,vaccinated,coughing,diarrhea,sneezing,diarrhea,excession salivation,vaccinated,coughing,diarrhea,sneezing,diarrhea,excession salivation,0
dog,german shepherd,8.0,35.8,vaccinated,fever,sour throat,mortality,muscle aches,abnormalities,vaccinated,fever,sour throat,mortality,muscle aches,abnormalities,0
dog,rottweiler,4.0,37.9,skin conditions history,weight loss,urine retention,fever,sudden death,convulsion,skin conditions history,weight loss,urine retention,fever,sudden death,convulsion,1
dog,boxer,8.2,24.1,previous kidney disease,anorexia,fell unwell,flatulence,anorexia,coughing,previous kidney disease,anorexia,felt unwell,flatulence,anorexia,coughing,0
dog,boxer,10.0,19.9,allergies,diarrhea,limp,pain,anorexia,weight loss,allergies,diarrhea,limp,pain,anorexia,weight loss,0
dog,labrador retriever,8.0,35.2,dental issues,unable to exercise,fever,anorexia,tensemus,pain,dental issues,unable to exercise,fever,anorexia,tensemus,pain,0
dog,german shepherd,9.7,45.0,allergies,coughing,halitosis,enteritis,air sacculitis,weight loss,allergies,coughing,halitosis,enteritis,air sacculitis,weight loss,0
dog,bulldog,10.2,26.3,allergies,cough,gasping for air,weight loss,gasping for breath,extending its neck,allergies,cough,gasping for air,weight loss,gasping for breath,extending its neck,0
dog,boxer,0.5,17.0,chronic illness,sneezing,pain,crusty eye lashes and matting of eyelashes,anorexia,vomiting,chronic illness,sneezing,pain,crusty eye lashes and matting of eyelashes,anorexia,vomiting,1
dog,bulldog,6.8,18.8,not vaccinated,nuerological,loss of appetite,fever,eyeproblem,liver disease,not vaccinated,nuerological,loss of appetite,fever,eyeproblem,liver disease,0
dog,labrador retriever,9.9,24.7,recent surgery,emaciation,loss in weight,loss of appetite,weakness,diarrhoea,recent surgery,emaciation,loss in weight,loss of appetite,weakness,diarrhoea,0
dog,yorkshire terrier,8.0,6.0,recent surgery,haemorrhage,straw colored,abdominal pain,death,carcass decomposes,recent surgery,haemorrhage,straw colored,abdominal pain,death,carcass decomposes,0
dog,yorkshire terrier,8.6,6.0,skin conditions history,diffuse,diarrhea,scartch,pain,vomiting,skin conditions history,diffuse,diarrhea,scartch,pain,vomiting,1
dog,yorkshire terrier,5.3,5.6,parasite history,weight loss,depression,sneezing,anorexia,lethargy,parasite history,weight loss,depression,sneezing,anorexia,lethargy,0
dog,german shepherd,13.6,42.9,no previous conditions,sneezing,eye closed,sneezing,vomiting,lethargy,no previous conditions,sneezing,eye closed,sneezing,vomiting,lethargy,0
dog,poodle,11.3,3.7,not vaccinated,respiratory distress,seizuers,hyperesthesia,fever,sudden death,not vaccinated,respiratory distress,seizuers,hyperesthesia,fever,sudden death,0
dog,labrador retriever,8.0,29.9,previous kidney disease,vomiting,weakness,coughing,sneezing,pain,previous kidney disease,vomiting,weakness,coughing,sneezing,pain,0
dog,mixed breed,8.8,7.1,no previous conditions,strong cough,runny nose,sneezing,lethargy,loss of appettite,no previous conditions,strong cough,runny nose,sneezing,lethargy,loss of appettite,0
dog,beagle,7.0,23.1,no previous conditions,weakness,sneezing,pain,swelling may occur under jaw,yellow or green dropping,no previous conditions,weakness,sneezing,pain,swelling may occur under jaw,yellow or green dropping,0
dog,boxer,5.0,23.7,skin conditions history,anorexia,fever,vomiting,weakness,fever,skin conditions history,anorexia,fever,vomiting,weakness,fever,1
dog,boxer,1.7,26.2,previous heart condition,fever,difficulty breathing,thrist and urination,weight loss,enlarged lymph nodes or swelling,previous heart condition,fever,difficulty breathing,thrist and urination,weight loss,enlarged lymph nodes or swelling,0
dog,beagle,6.9,15.0,chronic illness,coughing,anorexia,coughing,coughing,hot udder,chronic illness,coughing,anorexia,coughing,coughing,hot udder,0
dog,german shepherd,4.6,45.0,previous kidney disease,weakness,distended chest,lethargy,anorexia,coughing,previous kidney disease,weakness,distended chest,lethargy,anorexia,coughing,0
dog,mixed breed,11.3,22.2,no previous conditions,pain,weakness,sneezing,diarrhea,sneezing,no previous conditions,pain,weakness,sneezing,diarrhea,sneezing,0
dog,bulldog,9.4,20.9,skin conditions history,egg production decreases,stunted growth,blindness,distinctive bumps,facial swelling,skin conditions history,egg production decreases,stunted growth,blindness,distinctive bumps,facial swelling,1
dog,rottweiler,15.0,42.8,vaccinated,watery eye,vomiting,vomiting,diarrhea,anorexia,vaccinated,watery eye,vomiting,vomiting,diarrhea,anorexia,0
dog,bulldog,5.6,19.3,allergies,reluctant move,loss of appetite,lameness,death,weakness,allergies,reluctant move,loss of appetite,lameness,death,weakness,0
dog,bulldog,8.1,19.5,allergies,fever,dull,hind quarted soil,animal stop feed,decrease in milk production,allergies,fever,dull,hind quarted soil,animal stop feed,decrease in milk production,0
dog,yorkshire terrier,14.3,8.6,no previous conditions,weight loss,weakness,lethargy,weight loss,sneezing,no previous conditions,weight loss,weakness,lethargy,weight loss,sneezing,0
dog,mixed breed,0.9,9.9,allergies,fever,difficulty in breathing,lethargy,death,pains,allergies,fever,difficulty in breathing,lethargy,death,pains,0
dog,german shepherd,9.4,41.2,recent surgery,swollen lymph nodes,difficulty walking,watery stool,lethargy,vaginal discharge,recent surgery,swollen lymph nodes,difficulty walking,watery stool,lethargy,vaginal discharge,0
dog,bulldog,14.3,21.3,not vaccinated,limping,willnot run to jump,swelling,week legs,pain on leg,not vaccinated,limping,willnot run to jump,swelling,week legs,pain on leg,0
dog,golden retriever,8.6,29.6,dental issues,back pain,pain,diarrhea,vomiting,weight loss,dental issues,back pain,pain,diarrhea,vomiting,weight loss,0
dog,labrador retriever,15.0,33.2,dental issues,abdominal pain,vomiting,weakness,swollen abdomen,swollen teats,dental issues,abdominal pain,vomiting,weakness,swollen abdomen,swollen teats,0
dog,bulldog,5.1,19.6,no previous conditions,weakness,sneezing,weakness,weight loss,anorexia,no previous conditions,weakness,sneezing,weakness,weight loss,anorexia,0
dog,rottweiler,6.3,45.0,no previous conditions,sneezing,weight loss,weakness,fever,sneezing,no previous conditions,sneezing,weight loss,weakness,fever,sneezing,0
dog,rottweiler,5.7,33.3,no previous conditions,coughing,fever,diarrhea,weakness,pain,no previous conditions,coughing,fever,diarrhea,weakness,pain,0
dog,beagle,3.0,17.7,vaccinated,allergic reaction,poor appetite,coughing,weight loss,distended chest,vaccinated,allergic reaction,poor appetite,coughing,weight loss,distended chest,0
dog,rottweiler,5.2,27.5,chronic illness,weakness,fever,weight loss,anorexia,lethargy,chronic illness,weakness,fever,weight loss,anorexia,lethargy,0
dog,rottweiler,1.2,29.2,chronic illness,upset stomach,diarrhea,vomiting,muscle pain,muscle stiffness,chronic illness,upset stomach,diarrhea,vomiting,muscle pain,muscle stiffness,0
dog,beagle,3.7,25.8,recent surgery,vomiting,diarrhea,dehydration,weight loss,poor coat apperence,recent surgery,vomiting,diarrhea,dehydration,weight loss,poor coat apperence,0
dog,rottweiler,5.0,30.3,no previous conditions,immediate death,difficulty in breathing,blue colored lip,bloody discharge,neurologic abnormalities,no previous conditions,immediate death,difficulty in breathing,blue colored lip,bloody discharge,neurologic abnormalities,0
dog,german shepherd,9.1,38.9,allergies,air sacculitis,halitosis,coughing,enteritis,weight loss,allergies,air sacculitis,halitosis,coughing,enteritis,weight loss,0
dog,rottweiler,0.5,45.0,chronic illness,lethargy,ulcer on gum,weight loss,anorexia,sneezing,chronic illness,lethargy,ulcer on gum,weight loss,anorexia,sneezing,1
dog,german shepherd,5.5,32.4,previous kidney disease,lethargy,coughing,weight loss,diarrhea,blood from mouth,previous kidney disease,lethargy,coughing,weight loss,diarrhea,blood from mouth,0
dog,beagle,3.2,31.5,recent surgery,poor coat apperence,diarrhea,vomiting,weight loss,dehydration,recent surgery,poor coat apperence,diarrhea,vomiting,weight loss,dehydration,0
dog,mixed breed,14.2,18.7,recent surgery,lesions in the nasal cavity,lesions on nose,vomiting,noisy breathing,lesions on nose,recent surgery,lesions in the nasal cavity,lesions on nose,vomiting,noisy breathing,lesions on nose,1
dog,rottweiler,6.1,29.6,vaccinated,isolation from flock,stealing,nesting behaviour,pawing at bedding,pains,vaccinated,isolation from flock,stealing,nesting behaviour,pawing at bedding,pains,0
dog,beagle,11.0,23.1,vaccinated,jaundice,loss of appetite,rough hair coat,coughing,death,vaccinated,jaundice,loss of appetite,rough hair coat,coughing,death,0
dog,beagle,6.3,28.9,recent surgery,coughing,gurgling sound,diarrhea,lethargy,vomiting,recent surgery,coughing,gurgling sound,diarrhea,lethargy,vomiting,0
dog,poodle,3.8,5.6,recent surgery,sneezing,pain,weakness,skeleten abnormalities,weakness,recent surgery,sneezing,pain,weakness,skeleten abnormalities,weakness,0
dog,golden retriever,9.5,31.5,vaccinated,anorexia,constipation,fever,weakness,lethargy,vaccinated,anorexia,constipation,fever,weakness,lethargy,0
dog,beagle,5.4,27.4,not vaccinated,anorexia,vomiting,weight loss,anorexia,vomiting,not vaccinated,anorexia,vomiting,weight loss,anorexia,vomiting,0
dog,boxer,6.5,29.8,skin conditions history,bloody diarhhea,depression,dullness,death,weakness,skin conditions history,bloody diarhhea,depression,dullness,death,weakness,1
dog,labrador retriever,12.8,28.9,no previous conditions,loss in weight,emaciation,loss of appetite,weakness,diarrhoea,no previous conditions,loss in weight,emaciation,loss of appetite,weakness,diarrhoea,0
dog,rottweiler,10.1,25.0,no previous conditions,coughing,diarrhea,diarrhea,coughing,vomiting,no previous conditions,coughing,diarrhea,diarrhea,coughing,vomiting,0
dog,rottweiler,5.8,25.0,allergies,anorexia,diarrhea,coughing,diarrhea,weakness,allergies,anorexia,diarrhea,coughing,diarrhea,weakness,0
dog,poodle,1.9,6.0,recent surgery,extension of neck,weakness,coughing,weight loss,lethargy,recent surgery,extension of neck,weakness,coughing,weight loss,lethargy,0
dog,rottweiler,8.7,43.2,not vaccinated,eye redness,frequent eye infections,crusty eye lashes and matting of eyelashes,foul smelling stools,increased passing gas,not vaccinated,eye redness,frequent eye infections,crusty eye lashes and matting of eyelashes,foul smelling stools,increased passing gas,1
dog,labrador retriever,3.5,42.7,chronic illness,vomiting,weight loss,drooling,sneezing,coughing,chronic illness,vomiting,weight loss,drooling,sneezing,coughing,0
dog,mixed breed,2.6,11.4,no previous conditions,weakness,sneezing,hematuria,lethargy,sickness,no previous conditions,weakness,sneezing,hematuria,lethargy,sickness,0
dog,mixed breed,13.2,19.3,dental issues,fetopelvic dispropotion,uteria inertia,malpresentation,death,pains,dental issues,fetopelvic dispropotion,uteria inertia,malpresentation,death,pains,0
dog,german shepherd,10.8,34.9,vaccinated,lethargy,anorexia,weakness,vomiting,weakness,vaccinated,lethargy,anorexia,weakness,vomiting,weakness,0
dog,poodle,6.0,8.0,previous kidney disease,horny growth,red on affected area,red skin,lesions on ear,wart-like growth,previous kidney disease,horny growth,red on affected area,red skin,lesions on ear,wart-like growth,1
dog,golden retriever,13.8,28.7,previous kidney disease,fever,loss of appetite,rapid pulse and heart rates,lameness in affected leg,depression,previous kidney disease,fever,loss of appetite,rapid pulse and heart rates,lameness in affected leg,depression,0
dog,yorkshire terrier,14.8,6.2,dental issues,fever,difficulty in breathing,dribbling of saliva,inability of swalllon feeding,moist and painfull,dental issues,fever,difficulty in breathing,dribbling of saliva,inability of swalllon feeding,moist and painfull,0
dog,mixed breed,1.6,24.0,skin conditions history,decreased eyelid,very cold skin,lethargy,lip,fever,skin conditions history,decreased eyelid,very cold skin,lethargy,lip,fever,1
dog,rottweiler,1.6,34.0,recent surgery,mummification,pain,abortion,weak kids,stillbirth,recent surgery,mummification,pain,abortion,weak kids,stillbirth,0
dog,beagle,15.0,21.1,not vaccinated,pain,pain,weakness,weight loss,anorexia,not vaccinated,pain,pain,weakness,weight loss,anorexia,0
dog,boxer,4.6,23.6,previous kidney disease,difficulty breathing,coughing,unable to exercise,fever,eye and skin change,previous kidney disease,difficulty breathing,coughing,unable to exercise,fever,eye and skin change,1
dog,bulldog,12.5,26.9,previous heart condition,coughing,vomiting,fever,sneezing,coughing,previous heart condition,coughing,vomiting,fever,sneezing,coughing,0
dog,bulldog,5.3,23.1,chronic illness,vomiting,fever,anorexia,poor appetite,weakness,chronic illness,vomiting,fever,anorexia,poor appetite,weakness,0
dog,mixed breed,12.9,13.3,skin conditions history,swollen lymph nodes,difficulty walking,back pain,lethargy,vaginal discharge,skin conditions history,swollen lymph nodes,difficulty walking,back pain,lethargy,vaginal discharge,1
dog,mixed breed,5.5,11.5,recent surgery,decreased growth of bone,pain,sneezing,swelling,diarrhea,recent surgery,decreased growth of bone,pain,sneezing,swelling,diarrhea,0
dog,bulldog,9.2,23.2,parasite history,egg production decreases,stunted growth,blindness,distinctive bumps,facial swelling,parasite history,egg production decreases,stunted growth,blindness,distinctive bumps,facial swelling,0
dog,rottweiler,7.6,24.2,recent surgery,bluish white opacity,blindness,anversion to light,tear production,pains,recent surgery,bluish white opacity,blindness,anversion to light,tear production,pains,0
dog,labrador retriever,8.5,42.2,parasite history,vomiting,sneezing,loss of consciousness,lethargy,vomiting,parasite history,vomiting,sneezing,loss of consciousness,lethargy,vomiting,0
dog,rottweiler,4.4,36.3,previous kidney disease,weakness,moist,weight loss,lethargy,muscular spasms,previous kidney disease,weakness,moist,weight loss,lethargy,muscular spasms,0
dog,rottweiler,5.8,41.0,recent surgery,poor coat condition,fever,fatique,weight loss,infection of the skin,recent surgery,poor coat condition,fever,fatique,weight loss,infection of the skin,1
dog,bulldog,3.9,19.3,no previous conditions,coughing,coughing,weight loss,salivating,bloody diarrhea,no previous conditions,coughing,coughing,weight loss,salivating,bloody diarrhea,0
dog,bulldog,12.2,21.1,chronic illness,swollen eyelids,weight loss,weight loss,weakness,vomiting,chronic illness,swollen eyelids,weight loss,weight loss,weakness,vomiting,0
dog,labrador retriever,1.6,41.7,recent surgery,fever,chronic eye inflamation,poor appetite,lethargy,neurologic abnormalities,recent surgery,fever,chronic eye inflamation,poor appetite,lethargy,neurologic abnormalities,0
dog,bulldog,6.8,31.6,allergies,haemorrhage,straw colored,abdominal pain,death,carcass decomposes,allergies,haemorrhage,straw colored,abdominal pain,death,carcass decomposes,0
dog,bulldog,13.0,25.0,allergies,watering diarrhea,depression,emaciation,ruffled coat,lethargy,allergies,watering diarrhea,depression,emaciation,ruffled coat,lethargy,0
dog,golden retriever,5.5,42.5,no previous conditions,dyspnea,coughing,fever,anorexia,lethargy,no previous conditions,dyspnea,coughing,fever,anorexia,lethargy,0
dog,labrador retriever,8.7,27.8,recent surgery,sneezing,vomiting,weakness,sneezing,weight loss,recent surgery,sneezing,vomiting,weakness,sneezing,weight loss,0
dog,yorkshire terrier,12.2,11.2,skin conditions history,blood from mouth,diarrhea,coughing,lethargy,weight loss,skin conditions history,blood from mouth,diarrhea,coughing,lethargy,weight loss,1
dog,yorkshire terrier,11.5,5.7,dental issues,fever,difficulty in breathing,dribbling of saliva,inability of swalllon feeding,moist and painfull,dental issues,fever,difficulty in breathing,dribbling of saliva,inability of swalllon feeding,moist and painfull,0
dog,yorkshire terrier,5.3,9.2,chronic illness,decreased milk,holding limbs off the ground,weight loss,lameness,wool production,chronic illness,decreased milk,holding limbs off the ground,weight loss,lameness,wool production,0
dog,yorkshire terrier,4.9,6.2,dental issues,weight loss,fever,anorexia,lethargy,anorexia,dental issues,weight loss,fever,anorexia,lethargy,anorexia,0
dog,yorkshire terrier,11.0,5.6,dental issues,fever,difficulty in breathing,dribbling of saliva,inability of swalllon feeding,moist and painfull,dental issues,fever,difficulty in breathing,dribbling of saliva,inability of swalllon feeding,moist and painfull,0
dog,rottweiler,7.1,45.0,vaccinated,nasal discharge,vomiting,sneezing,fever,sneezing,vaccinated,nasal discharge,vomiting,sneezing,fever,sneezing,0
dog,rottweiler,7.2,36.5,previous heart condition,vomiting,weight loss,sneezing,fever,weight loss,previous heart condition,vomiting,weight loss,sneezing,fever,weight loss,0
dog,poodle,3.9,8.9,vaccinated,fetopelvic dispropotion,uteria inertia,malpresentation,death,pains,vaccinated,fetopelvic dispropotion,uteria inertia,malpresentation,death,pains,0
dog,german shepherd,0.8,35.3,not vaccinated,coughing,dyspnea,depression,anorexia,neurologic sign,not vaccinated,coughing,dyspnea,depression,anorexia,neurologic sign,0
dog,golden retriever,7.2,37.0,dental issues,diarrhea,sneezing,diffuse,coughing,obstructed lungs,dental issues,diarrhea,sneezing,diffuse,coughing,obstructed lungs,0
dog,rottweiler,11.8,45.0,previous heart condition,lack of walking,lack of flying,roughened,dehydration,pains,previous heart condition,lack of walking,lack of flying,roughened,dehydration,pains,0
dog,poodle,8.2,7.2,no previous conditions,sneezing,decreased eyelid,weakness,anorexia,pain,no previous conditions,sneezing,decreased eyelid,weakness,anorexia,pain,0
dog,golden retriever,2.4,35.9,parasite history,diarrhea,lethargy,weight loss,coughing,sneezing,parasite history,diarrhea,lethargy,weight loss,coughing,sneezing,0
dog,boxer,10.4,20.3,allergies,weakness,pain,sneezing,sneezing,pain,allergies,weakness,pain,sneezing,sneezing,pain,0
dog,mixed breed,1.8,25.9,parasite history,unable to eat,lossened teeth,bloody drool,foul breath,facial swelling,parasite history,unable to eat,lossened teeth,bloody drool,foul breath,facial swelling,0
dog,bulldog,10.2,21.1,previous heart condition,egg production decreases,stunted growth,blindness,distinctive bumps,facial swelling,previous heart condition,egg production decreases,stunted growth,blindness,distinctive bumps,facial swelling,0
dog,labrador retriever,9.9,32.9,not vaccinated,stripped remiges,less feather growth,ruffled feathers,defienciency in vitamin,diarrhea,not vaccinated,stripped remiges,less feather growth,ruffled feathers,defienciency in vitamin,diarrhea,0
dog,german shepherd,0.8,42.0,skin conditions history,excessive blood loss,dizziness and fainting,blurry vision,watery eyes,slow growth,skin conditions history,excessive blood loss,dizziness and fainting,blurry vision,watery eyes,slow growth,1
dog,mixed breed,9.6,32.6,parasite history,weight loss,weight loss,weakness,fast breathing,animal gets uneasy,parasite history,weight loss,weight loss,weakness,fast breathing,animal gets uneasy,0
dog,beagle,0.5,15.0,previous kidney disease,rectal bleeding,flaky,weight loss,coughing,coughing,previous kidney disease,rectal bleeding,flaky,weight loss,coughing,coughing,0
dog,yorkshire terrier,4.5,9.3,dental issues,heavy breathing,yellow in beak,tail_bobbing,weakness,sleeping excessively,dental issues,heavy breathing,yellow in beak,tail_bobbing,weakness,sleeping excessively,0
dog,golden retriever,6.2,38.4,vaccinated,fever,coughing,weight loss,vomiting,pain,vaccinated,fever,coughing,weight loss,vomiting,pain,0
dog,poodle,13.4,8.2,parasite history,abortion at the end of gestation,fatigue,weak calves,join pains,swelling of internal organs,parasite history,abortion at the end of gestation,fatigue,weak calves,join pains,swelling of internal organs,0
dog,boxer,0.9,22.9,no previous conditions,fever,depression,relunctance to move,salivation,nasal discharge,no previous conditions,fever,depression,relunctance to move,salivation,nasal discharge,0
dog,german shepherd,8.3,33.1,no previous conditions,swollen lymph nodes,lethargy,watery stool,difficulty walking,vaginal discharge,no previous conditions,swollen lymph nodes,lethargy,watery stool,difficulty walking,vaginal discharge,0
dog,bulldog,3.0,16.7,previous heart condition,loss of eat,fever,fever,weakness,fever,previous heart condition,loss of eat,fever,fever,weakness,fever,0
dog,rottweiler,2.2,28.2,allergies,listlessness,lethargy,anorexia,heavy breathing,diarrhea,allergies,listlessness,lethargy,anorexia,heavy breathing,diarrhea,0
dog,labrador retriever,10.6,34.7,parasite history,weakness,weight loss,vomiting,pain,scabs on feet,parasite history,weakness,weight loss,vomiting,pain,scabs on feet,1
dog,boxer,0.9,18.8,no previous conditions,fever,depression,relunctance to move,salivation,nasal discharge,no previous conditions,fever,depression,relunctance to move,salivation,nasal discharge,0
dog,beagle,5.3,29.4,skin conditions history,ulcerated muscle,excession salivation,fever,abnormal conformation,ulcerated ear,skin conditions history,ulcerated muscle,excession salivation,fever,abnormal conformation,ulcerated ear,1
dog,beagle,15.0,15.0,no previous conditions,coughing,blood in faces,pain,ring shaped lesion,anorexia,no previous conditions,coughing,blood in faces,pain,ring shaped lesion,anorexia,1
dog,labrador retriever,8.3,45.0,recent surgery,fever,depression,loss of appetite,loss of appetite,pains,recent surgery,fever,depression,loss of appetite,loss of appetite,pains,0
dog,golden retriever,12.1,34.3,previous kidney disease,coughing,diarrhea,convulsion,pain,vomiting,previous kidney disease,coughing,diarrhea,convulsion,pain,vomiting,0
dog,labrador retriever,3.6,38.7,previous kidney disease,diarrhea,bleeding in eye and skin,vomiting,blood in urine,lethargy,previous kidney disease,diarrhea,bleeding in eye and skin,vomiting,blood in urine,lethargy,1
dog,german shepherd,10.5,32.8,chronic illness,painfull to touch,diarrhea,fever,loss od appetite,weakness,chronic illness,painfull to touch,diarrhea,fever,loss od appetite,weakness,0
dog,labrador retriever,10.0,38.9,skin conditions history,pains,loss of appetite,fever,depression,loss of appetite,skin conditions history,pains,loss of appetite,fever,depression,loss of appetite,1
dog,bulldog,3.1,19.1,no previous conditions,fluffed feather,loss of appetite,coughing,vomiting,snoring,no previous conditions,fluffed feather,loss of appetite,coughing,vomiting,snoring,0
dog,poodle,9.9,3.5,parasite history,upset stomach,diarrhea,coughing,weight loss,anaemia,parasite history,upset stomach,diarrhea,coughing,weight loss,anaemia,0
dog,mixed breed,3.0,26.8,chronic illness,holding limbs off the ground,lameness,decreased milk,wool production,weight loss,chronic illness,holding limbs off the ground,lameness,decreased milk,wool production,weight loss,0
dog,beagle,1.7,27.7,chronic illness,stop eating,stop drinking,change their normal behaviour,weight loss,pains,chronic illness,stop eating,stop drinking,change their normal behaviour,weight loss,pains,0
dog,bulldog,9.7,24.7,parasite history,fever,diarrhea,abdominal pain,stiffness,severe weekness and depression,parasite history,fever,diarrhea,abdominal pain,stiffness,severe weekness and depression,0
dog,yorkshire terrier,5.9,6.8,parasite history,dry skin,coughing,anorexia,diffulty chewing,pain,parasite history,dry skin,coughing,anorexia,diffulty chewing,pain,1
dog,german shepherd,11.7,33.2,not vaccinated,abdominal pain,diarrhea,malpresentation,shock,anorexia,not vaccinated,abdominal pain,diarrhea,malpresentation,shock,anorexia,0
dog,rottweiler,9.7,25.0,vaccinated,pain,coughing,weight loss,vomiting,weakness,vaccinated,pain,coughing,weight loss,vomiting,weakness,0
dog,bulldog,4.3,17.6,skin conditions history,fever,sour throat,mortality,muscle aches,abnormalities,skin conditions history,fever,sour throat,mortality,muscle aches,abnormalities,1
dog,bulldog,12.9,23.0,chronic illness,difficulty breathing,unable to exercise,coughing,eye and skin change,fever,chronic illness,difficulty breathing,unable to exercise,coughing,eye and skin change,fever,1
dog,bulldog,7.5,21.1,chronic illness,stiffness,anaemia,sneezing,fever,diarrhea,chronic illness,stiffness,anaemia,sneezing,fever,diarrhea,0
dog,mixed breed,0.8,8.4,allergies,fever,difficulty in breathing,lethargy,death,pains,allergies,fever,difficulty in breathing,lethargy,death,pains,0
dog,mixed breed,9.6,37.8,parasite history,lethargy,upset stomach,weakness,wool is clumped,diarrhea,parasite history,lethargy,upset stomach,weakness,wool is clumped,diarrhea,0
dog,bulldog,10.1,16.2,dental issues,weight loss,diarrhea,lethargy,weakness,lethargy,dental issues,weight loss,diarrhea,lethargy,weakness,lethargy,0
dog,rottweiler,7.2,45.0,parasite history,loss of tail tone,lethargy,weight loss,lethargy,diarrhea,parasite history,loss of tail tone,lethargy,weight loss,lethargy,diarrhea,0
dog,yorkshire terrier,7.9,9.5,allergies,short term lethargy,loss of  appetite,poor appetite,rapid heart rate,week pulse,allergies,short term lethargy,loss of appetite,poor appetite,rapid heart rate,week pulse,0
dog,german shepherd,6.9,31.7,allergies,vomiting,heavy breathing,fever,anorexia,weakness,allergies,vomiting,heavy breathing,fever,anorexia,weakness,0
dog,labrador retriever,8.9,37.1,parasite history,pruritis,diarrhea,inability to digest,dull,fever,parasite history,pruritis,diarrhea,inability to digest,dull,fever,0
dog,bulldog,13.7,27.5,skin conditions history,weight loss,green dropping,fever,anorexia,excess sleeping,skin conditions history,weight loss,green dropping,fever,anorexia,excess sleeping,1
dog,labrador retriever,2.1,38.5,previous kidney disease,pains,achomotrica,dehydration,poor immune function,death,previous kidney disease,pains,achomotrica,dehydration,poor immune function,death,0
dog,yorkshire terrier,8.5,5.8,previous heart condition,retarded growth,colic,lethargy,diarrhea,poor coat condition,previous heart condition,retarded growth,colic,lethargy,diarrhea,poor coat condition,0
dog,bulldog,3.8,17.3,allergies,fever,sour throat,mortality,muscle aches,abnormalities,allergies,fever,sour throat,mortality,muscle aches,abnormalities,0
dog,beagle,8.6,26.2,allergies,itchiness,watery eye,thick crusting,pain,hair loss,allergies,itchiness,watery eye,thick crusting,pain,hair loss,1
dog,beagle,7.6,18.2,previous kidney disease,diarrhea,coughing,weakness,pain,pain,previous kidney disease,diarrhea,coughing,weakness,pain,pain,0
dog,golden retriever,9.6,36.6,vaccinated,difficulty swallowing,cough,difficulty swallowing,gasping for air,extending its neck,vaccinated,difficulty swallowing,cough,difficulty swallowing,gasping for air,extending its neck,0
dog,bulldog,9.4,25.5,allergies,gasping,coughing,mild weakness,droopy wings,twisted neck,allergies,gasping,coughing,mild weakness,droopy wings,twisted neck,0
dog,beagle,11.5,15.7,recent surgery,fever,diarrhea,enteritis,weight loss,stomach  cramps,recent surgery,fever,diarrhea,enteritis,weight loss,stomach cramps,0
dog,bulldog,3.4,27.9,allergies,weakness,pain,oral lesion,eye redness,diarrhea,allergies,weakness,pain,oral lesion,eye redness,diarrhea,1
dog,poodle,15.0,3.8,previous heart condition,weakness,animal gets uneasy,fever,forthy eye,weakness,previous heart condition,weakness,animal gets uneasy,fever,forthy eye,weakness,0
dog,rottweiler,11.4,36.0,allergies,lethargy,anorexia,diarrhea,sneezing,coughing,allergies,lethargy,anorexia,diarrhea,sneezing,coughing,0
dog,beagle,12.7,23.9,previous heart condition,pain,anorexia,trauma,coughing,coughing,previous heart condition,pain,anorexia,trauma,coughing,coughing,0
dog,labrador retriever,8.9,32.0,previous kidney disease,fever,formation of vesicles,fever,weight loss,weight loss,previous kidney disease,fever,formation of vesicles,fever,weight loss,weight loss,0
dog,beagle,2.2,21.6,vaccinated,fetopelvic dispropotion,uteria inertia,malpresentation,death,pains,vaccinated,fetopelvic dispropotion,uteria inertia,malpresentation,death,pains,0
dog,mixed breed,3.2,26.3,chronic illness,weight loss,wool production,holding limbs off the ground,decreased milk,lameness,chronic illness,weight loss,wool production,holding limbs off the ground,decreased milk,lameness,0
dog,rottweiler,8.9,27.2,parasite history,vomitting,weakness,loss of appetite,fever,weight loss,parasite history,vomitting,weakness,loss of appetite,fever,weight loss,0
dog,beagle,11.3,30.0,dental issues,diarrhea,coughing,diarrhea,pain,coughing,dental issues,diarrhea,coughing,diarrhea,pain,coughing,0
dog,yorkshire terrier,14.5,5.5,recent surgery,forthy eye,torticollis,weakness,swelling,emaciation,recent surgery,forthy eye,torticollis,weakness,swelling,emaciation,0
dog,rottweiler,5.6,45.0,skin conditions history,crusty eye lashes and matting of eyelashes,weight loss,coughing,weight loss,weight loss,skin conditions history,crusty eye lashes and matting of eyelashes,weight loss,coughing,weight loss,weight loss,1
dog,german shepherd,4.5,30.6,no previous conditions,weakness,coughing,diarrhea,drooping wings,coughing,no previous conditions,weakness,coughing,diarrhea,drooping wings,coughing,0
dog,boxer,13.1,18.1,skin conditions history,nosebleed,trauma,mild weakness,nose picking,dry air,skin conditions history,nosebleed,trauma,mild weakness,nose picking,dry air,1
dog,bulldog,5.1,23.3,skin conditions history,vomiting,kick,weakness,raised growth or bump,anorexia,skin conditions history,vomiting,kick,weakness,raised growth or bump,anorexia,1
dog,german shepherd,6.4,29.4,dental issues,forthy eye,torticollis,weakness,swelling,emaciation,dental issues,forthy eye,torticollis,weakness,swelling,emaciation,0
dog,german shepherd,6.4,29.0,not vaccinated,crusting of the skin,ulcerated skin,hair loss,darkened skin,dandruff,not vaccinated,crusting of the skin,ulcerated skin,hair loss,darkened skin,dandruff,1
dog,poodle,7.7,5.5,parasite history,fever,fever,vomiting,lethargy,weakness,parasite history,fever,fever,vomiting,lethargy,weakness,0
dog,yorkshire terrier,5.9,5.9,chronic illness,lethargy,bloody diarhhea,pain,pain,sneezing,chronic illness,lethargy,bloody diarhhea,pain,pain,sneezing,0
dog,bulldog,4.0,22.9,skin conditions history,anorexia,sneezing,distended stomach,coughing,weight loss,skin conditions history,anorexia,sneezing,distended stomach,coughing,weight loss,1
dog,german shepherd,10.4,37.0,allergies,severe kerititis,anorexia,weight loss,sneezing,weight loss,allergies,severe kerititis,anorexia,weight loss,sneezing,weight loss,0
dog,yorkshire terrier,4.9,8.7,chronic illness,pain,weight loss,ruminal stasis,coughing,urine retention,chronic illness,pain,weight loss,ruminal stasis,coughing,urine retention,0
dog,bulldog,3.1,17.7,recent surgery,fever,chronic eye inflamation,poor appetite,lethargy,neurologic abnormalities,recent surgery,fever,chronic eye inflamation,poor appetite,lethargy,neurologic abnormalities,0
dog,yorkshire terrier,10.6,9.2,not vaccinated,fever,diarrhea,swelling,weight loss,pain,not vaccinated,fever,diarrhea,swelling,weight loss,pain,0
dog,mixed breed,2.5,17.1,recent surgery,anorexia,sneezing,fever,heat,loss of appetite,recent surgery,anorexia,sneezing,fever,heat,loss of appetite,0
dog,rottweiler,5.9,25.3,skin conditions history,death,uteria inertia,malpresentation,pains,fetopelvic dispropotion,skin conditions history,death,uteria inertia,malpresentation,pains,fetopelvic dispropotion,1
dog,rottweiler,6.6,40.8,dental issues,sneezing,experiencing changes in weight,weakness,weight loss,anorexia,dental issues,sneezing,experiencing changes in weight,weakness,weight loss,anorexia,0
dog,rottweiler,1.2,32.7,skin conditions history,weight loss,vomiting,coughing,pain,pain,skin conditions history,weight loss,vomiting,coughing,pain,pain,1
dog,rottweiler,1.5,33.2,previous heart condition,loss of appetite,diarrhea,ruffled feathers,weight loss,inability to absorb nutrients,previous heart condition,loss of appetite,diarrhea,ruffled feathers,weight loss,inability to absorb nutrients,0
dog,mixed breed,0.8,14.9,recent surgery,fever,reduce growth,kid moratality,weakness,dullness,recent surgery,fever,reduce growth,kid moratality,weakness,dullness,0
dog,labrador retriever,10.8,33.6,dental issues,sneezing,vomiting,diarrhea,unilateral nasal discharge,weight loss,dental issues,sneezing,vomiting,diarrhea,unilateral nasal discharge,weight loss,0
dog,bulldog,9.8,23.3,parasite history,fever,diarrhea,abdominal pain,stiffness,severe weekness and depression,parasite history,fever,diarrhea,abdominal pain,stiffness,severe weekness and depression,0
dog,beagle,5.7,27.1,recent surgery,strong cough,runny nose,darkened skin,lethargy,loss of appettite,recent surgery,strong cough,runny nose,darkened skin,lethargy,loss of appettite,1
dog,mixed breed,10.6,10.4,chronic illness,rhinitis,pneumonia,abscessess,torticollis,septicemia,chronic illness,rhinitis,pneumonia,abscessess,torticollis,septicemia,0
dog,bulldog,2.8,14.4,allergies,watery diarrhea dispropotion,sick,corneal ulceration,loss of appetite,death,allergies,watery diarrhea dispropotion,sick,corneal ulceration,loss of appetite,death,1
dog,beagle,8.6,24.2,vaccinated,fever,scratches,diarrhea,weight loss,depression,vaccinated,fever,scratches,diarrhea,weight loss,depression,0
dog,mixed breed,7.8,35.8,previous heart condition,vomiting,anorexia,lethargy,fever,coughing,previous heart condition,vomiting,anorexia,lethargy,fever,coughing,0
dog,boxer,9.0,24.0,previous kidney disease,loss of eye,wattles,weakness,vomiting,vomiting,previous kidney disease,loss of eye,wattles,weakness,vomiting,vomiting,0
dog,labrador retriever,13.6,44.4,not vaccinated,gasping,coughing,mild weakness,droopy wings,twisted neck,not vaccinated,gasping,coughing,mild weakness,droopy wings,twisted neck,0
dog,rottweiler,5.9,36.1,recent surgery,sneezing,pain,rapid heartbeats,fever,uncharacteristic hiding,recent surgery,sneezing,pain,rapid heartbeats,fever,uncharacteristic hiding,0
dog,rottweiler,11.7,25.9,parasite history,coughing,vomiting,weakness,discharge,fever,parasite history,coughing,vomiting,weakness,discharge,fever,0
dog,labrador retriever,8.7,34.1,parasite history,sneezing,vomiting,fever,diarrhea,anorexia,parasite history,sneezing,vomiting,fever,diarrhea,anorexia,0
dog,labrador retriever,13.5,30.8,no previous conditions,coughing,sneezing,vomiting,weakness,lethargy,no previous conditions,coughing,sneezing,vomiting,weakness,lethargy,0
dog,labrador retriever,10.1,37.1,no previous conditions,vomitting,fever,anorexia,fever,diarrhea,no previous conditions,vomitting,fever,anorexia,fever,diarrhea,0
dog,golden retriever,7.9,41.3,previous kidney disease,vomiting,sneezing,vomiting,undernutrition,fever,previous kidney disease,vomiting,sneezing,vomiting,undernutrition,fever,0
dog,mixed breed,9.3,38.7,vaccinated,vomiting,pain,excessive eye watering,fever,nostrils,vaccinated,vomiting,pain,excessive eye watering,fever,nostrils,0
dog,poodle,8.1,3.5,parasite history,red skin,loss of appetite,moist,lameness,pains,parasite history,red skin,loss of appetite,moist,lameness,pains,1
dog,mixed breed,13.6,25.2,chronic illness,fever,uncharacteristic hiding,depression,dehydration,stopped eat,chronic illness,fever,uncharacteristic hiding,depression,dehydration,stopped eat,0
dog,german shepherd,5.1,39.1,previous kidney disease,swelling,heat,flank,pain,nasal discharge,previous kidney disease,swelling,heat,flank,pain,nasal discharge,0
dog,poodle,11.1,6.8,not vaccinated,fever,fever,dull,sneezing,vomiting,not vaccinated,fever,fever,dull,sneezing,vomiting,0
dog,german shepherd,14.8,25.7,dental issues,foul smelling,diarrhea,colic,bloody discharge,blood clots,dental issues,foul smelling,diarrhea,colic,bloody discharge,blood clots,0
dog,yorkshire terrier,7.1,5.3,no previous conditions,sneezing,weakness,fever,anorexia,fever,no previous conditions,sneezing,weakness,fever,anorexia,fever,0
dog,rottweiler,9.7,39.7,vaccinated,inability to stand,diarrhea,bottle jaw,pot belly,dry hair coat,vaccinated,inability to stand,diarrhea,bottle jaw,pot belly,dry hair coat,0
dog,yorkshire terrier,10.4,4.9,no previous conditions,fever,weakness,morbidity,anorexia,diarrhea,no previous conditions,fever,weakness,morbidity,anorexia,diarrhea,0
dog,golden retriever,9.7,37.7,chronic illness,restlessness,kick,lethargy,nible at their wool,scratching,chronic illness,restlessness,kick,lethargy,nible at their wool,scratching,0
dog,boxer,11.7,28.5,not vaccinated,immediate death,difficulty in breathing,blue colored lip,bloody discharge,neurologic abnormalities,not vaccinated,immediate death,difficulty in breathing,blue colored lip,bloody discharge,neurologic abnormalities,0
dog,beagle,3.0,15.8,vaccinated,allergic reaction,poor appetite,coughing,weight loss,distended chest,vaccinated,allergic reaction,poor appetite,coughing,weight loss,distended chest,0
dog,mixed breed,12.8,31.9,previous heart condition,swelling on thebody,lllthrift,weight loss,skin lesion,lameness,previous heart condition,swelling on thebody,lllthrift,weight loss,skin lesion,lameness,1
dog,golden retriever,13.1,33.0,skin conditions history,death,uteria inertia,fetopelvic dispropotion,fast breathing,pains,skin conditions history,death,uteria inertia,fetopelvic dispropotion,fast breathing,pains,1
dog,boxer,9.3,15.0,previous kidney disease,coughing,weight loss,weakness,fever,sluggish,previous kidney disease,coughing,weight loss,weakness,fever,sluggish,0
dog,golden retriever,4.6,32.1,skin conditions history,coughing,anorexia,weight loss,deability,diarrhea,skin conditions history,coughing,anorexia,weight loss,deability,diarrhea,1
dog,labrador retriever,14.6,44.1,previous heart condition,gasping,coughing,mild weakness,droopy wings,twisted neck,previous heart condition,gasping,coughing,mild weakness,droopy wings,twisted neck,0
dog,labrador retriever,6.7,40.9,parasite history,pain,fever,anorexia,vomiting,dullness,parasite history,pain,fever,anorexia,vomiting,dullness,0
dog,beagle,7.2,15.0,dental issues,weakness,weakness,weight loss,vomiting,fever,dental issues,weakness,weakness,weight loss,vomiting,fever,0
dog,rottweiler,12.1,26.1,chronic illness,reduce reproductive potential,loss of milk production,sloughing of the tail,fever,agalactia,chronic illness,reduce reproductive potential,loss of milk production,sloughing of the tail,fever,agalactia,0
dog,bulldog,9.2,15.4,vaccinated,fever,difficulty breathing,coughing,lethargy,sneezing,vaccinated,fever,difficulty breathing,coughing,lethargy,sneezing,0
dog,german shepherd,4.9,31.7,not vaccinated,lethargy,weight loss,vomiting,sneezing,diarrhea,not vaccinated,lethargy,weight loss,vomiting,sneezing,diarrhea,0
dog,yorkshire terrier,1.0,10.0,previous heart condition,swelling on leg,painfull,poor appetite,broken bones,nasal discharge,previous heart condition,swelling on leg,painfull,poor appetite,broken bones,nasal discharge,0
dog,bulldog,3.1,18.8,allergies,fever,loss of  appetite,lession on the skin,lethargy,joint pain,allergies,fever,loss of appetite,lession on the skin,lethargy,joint pain,1
dog,mixed breed,0.9,8.9,allergies,fever,difficulty in breathing,lethargy,death,pains,allergies,fever,difficulty in breathing,lethargy,death,pains,0
dog,labrador retriever,1.1,32.8,skin conditions history,swelling of internal organs,fatigue,abortion at the end of gestation,join pains,weak calves,skin conditions history,swelling of internal organs,fatigue,abortion at the end of gestation,join pains,weak calves,1
dog,beagle,4.9,23.1,skin conditions history,anorexia,pain,vomiting,coughing,weakness,skin conditions history,anorexia,pain,vomiting,coughing,weakness,1
dog,beagle,6.7,28.9,recent surgery,runny nose,darkened skin,lethargy,strong cough,loss of appettite,recent surgery,runny nose,darkened skin,lethargy,strong cough,loss of appettite,1
dog,poodle,8.3,4.0,no previous conditions,fever,pain,emaciation,berberi,pain,no previous conditions,fever,pain,emaciation,berberi,pain,0
dog,labrador retriever,1.5,32.5,recent surgery,stand with head droping,pain,weakness,weakness,blooody fluid,recent surgery,stand with head droping,pain,weakness,weakness,blooody fluid,0
dog,mixed breed,9.2,27.7,not vaccinated,most often none,sneezing,nasal discharge,dyspnea,pain,not vaccinated,most often none,sneezing,nasal discharge,dyspnea,pain,0
dog,rottweiler,8.1,28.6,recent surgery,tear production,anversion to light,bluish white opacity,blindness,pains,recent surgery,tear production,anversion to light,bluish white opacity,blindness,pains,0
dog,mixed breed,5.5,38.9,dental issues,scartch,high moratality,coughing,anorexia,sneezing,dental issues,scartch,high moratality,coughing,anorexia,sneezing,0
dog,mixed breed,10.9,22.5,chronic illness,weight loss,coughing,vomiting,vomiting,weakness,chronic illness,weight loss,coughing,vomiting,vomiting,weakness,0
dog,mixed breed,11.8,9.8,recent surgery,fever,diarrhea,poor appetite,weight loss,vomitting,recent surgery,fever,diarrhea,poor appetite,weight loss,vomitting,0
dog,mixed breed,7.9,29.6,previous kidney disease,lethargy,anorexia,weakness,pain,weakness,previous kidney disease,lethargy,anorexia,weakness,pain,weakness,0
dog,german shepherd,15.0,39.1,skin conditions history,coughing,sneezing,weakness,coughing,sick,skin conditions history,coughing,sneezing,weakness,coughing,sick,1
dog,yorkshire terrier,12.2,8.8,skin conditions history,uteria inertia,pains,fetopelvic dispropotion,death,malpresentation,skin conditions history,uteria inertia,pains,fetopelvic dispropotion,death,malpresentation,1
dog,yorkshire terrier,5.5,4.8,no previous conditions,diarrhea,polydipsa,undernutrition,weakness,incoordination,no previous conditions,diarrhea,polydipsa,undernutrition,weakness,incoordination,0
dog,german shepherd,12.9,23.4,parasite history,fever,dyspnea,coughing,weakness,anorexia,parasite history,fever,dyspnea,coughing,weakness,anorexia,0
dog,poodle,9.3,5.8,allergies,weight loss,eye ulcer,anorexia,lethargy,coughing,allergies,weight loss,eye ulcer,anorexia,lethargy,coughing,1
dog,german shepherd,8.1,30.8,no previous conditions,eventually death,coughing,weight loss,vomiting,lethargy,no previous conditions,eventually death,coughing,weight loss,vomiting,lethargy,0
dog,bulldog,9.8,17.8,chronic illness,egg production decreases,stunted growth,blindness,distinctive bumps,facial swelling,chronic illness,egg production decreases,stunted growth,blindness,distinctive bumps,facial swelling,0
dog,mixed breed,15.0,29.5,allergies,lethargy,sneezing,lesions in the nasal cavity,coughing,anorexia,allergies,lethargy,sneezing,lesions in the nasal cavity,coughing,anorexia,1
dog,labrador retriever,4.4,31.9,allergies,pain,pain,weight loss,weakness,anorexia,allergies,pain,pain,weight loss,weakness,anorexia,0
dog,golden retriever,5.5,45.0,not vaccinated,anorexia,coughing,lethargy,fever,dyspnea,not vaccinated,anorexia,coughing,lethargy,fever,dyspnea,0
dog,yorkshire terrier,1.1,9.5,previous heart condition,nasal discharge,poor appetite,swelling on leg,broken bones,painfull,previous heart condition,nasal discharge,poor appetite,swelling on leg,broken bones,painfull,0
dog,bulldog,14.9,29.1,recent surgery,lesion,pain,sores on lower leg and teats,sores on lip,infection,recent surgery,lesion,pain,sores on lower leg and teats,sores on lip,infection,1
dog,yorkshire terrier,2.5,7.6,dental issues,fever,dysentery,swelling,immediate death,pain,dental issues,fever,dysentery,swelling,immediate death,pain,0
dog,mixed breed,10.3,12.3,chronic illness,apathy,depression,dilation of duodenum,cloacal pasting,congestion,chronic illness,apathy,depression,dilation of duodenum,cloacal pasting,congestion,0
dog,bulldog,7.5,19.3,previous kidney disease,scaly patches of skin,sore,scabs,scartch,hair loss,previous kidney disease,scaly patches of skin,sore,scabs,scartch,hair loss,1
dog,yorkshire terrier,13.2,8.0,allergies,loss of appetite,fever,depression,pains,loss of appetite,allergies,loss of appetite,fever,depression,pains,loss of appetite,0
dog,labrador retriever,4.2,38.4,no previous conditions,distended stomach,loss of appetite,firm,vomiting,nausea,no previous conditions,distended stomach,loss of appetite,firm,vomiting,nausea,0
dog,poodle,10.2,7.4,dental issues,diarrhea,pain,pain,fever,diarrhea,dental issues,diarrhea,pain,pain,fever,diarrhea,0
dog,yorkshire terrier,5.9,4.0,allergies,fetopelvic dispropotion,uteria inertia,malpresentation,death,pains,allergies,fetopelvic dispropotion,uteria inertia,malpresentation,death,pains,0
dog,german shepherd,5.8,36.9,parasite history,weakness,swelling of udder,fever,lethargy,coughing,parasite history,weakness,swelling of udder,fever,lethargy,coughing,0
dog,german shepherd,14.2,30.7,skin conditions history,skin infection,secondary infection,coughing,depression,shaking oh head,skin conditions history,skin infection,secondary infection,coughing,depression,shaking oh head,1
dog,rottweiler,1.5,30.1,previous heart condition,loss of appetite,diarrhea,ruffled feathers,weight loss,inability to absorb nutrients,previous heart condition,loss of appetite,diarrhea,ruffled feathers,weight loss,inability to absorb nutrients,0
dog,poodle,2.5,5.5,recent surgery,weakness,diarrhea,fever,dandruff in cat coat,pain,recent surgery,weakness,diarrhea,fever,dandruff in cat coat,pain,0
dog,labrador retriever,9.4,45.0,not vaccinated,abortion on late pregancy,stillbirth,retained placenda,endomeritis,decrease appetite,not vaccinated,abortion on late pregancy,stillbirth,retained placenda,endomeritis,decrease appetite,0
dog,poodle,2.7,3.9,dental issues,scabs,deability,weakness,lethargy,diarrhea,dental issues,scabs,deability,weakness,lethargy,diarrhea,1
dog,bulldog,6.0,23.2,not vaccinated,fever,loss of appetite,lameness,rump,weight loss,not vaccinated,fever,loss of appetite,lameness,rump,weight loss,0
dog,beagle,6.1,26.2,recent surgery,darkened skin,lethargy,runny nose,strong cough,loss of appettite,recent surgery,darkened skin,lethargy,runny nose,strong cough,loss of appettite,1
dog,german shepherd,5.2,30.5,not vaccinated,pain and bloating,coughing,loss of earing,discharge from eye,vomiting,not vaccinated,pain and bloating,coughing,loss of earing,discharge from eye,vomiting,0
dog,mixed breed,1.3,10.1,not vaccinated,stop eating,stop drinking,pains,change their normal behaviour,diarrhea,not vaccinated,stop eating,stop drinking,pains,change their normal behaviour,diarrhea,0
dog,beagle,14.6,30.0,no previous conditions,stop eating,stop drinking,change their normal behaviour,lameness,pains,no previous conditions,stop eating,stop drinking,change their normal behaviour,lameness,pains,0
dog,german shepherd,9.9,33.1,dental issues,fever,sick,abdonormal discomfort,edema,vomiting,dental issues,fever,sick,abdonormal discomfort,edema,vomiting,0
dog,bulldog,3.8,29.1,recent surgery,anorexia,urine dribbling,vomiting,facial swelling,puffed_up feather,recent surgery,anorexia,urine dribbling,vomiting,facial swelling,puffed_up feather,0
dog,golden retriever,4.6,43.5,vaccinated,weakness,stiffness,trembling,white mark on the muscle,loss of vitamin e,vaccinated,weakness,stiffness,trembling,white mark on the muscle,loss of vitamin e,0
dog,yorkshire terrier,13.9,5.8,vaccinated,poor wool,loss of appetite,lameness,small size,poor body condition,vaccinated,poor wool,loss of appetite,lameness,small size,poor body condition,0
dog,german shepherd,15.0,32.2,previous kidney disease,diarrhea,vomiting,anorexia,pain,lethargy,previous kidney disease,diarrhea,vomiting,anorexia,pain,lethargy,0
dog,boxer,3.6,14.3,previous heart condition,facial swelling,bloody drool,abdominal pain,unable to eat,lossened teeth,previous heart condition,facial swelling,bloody drool,abdominal pain,unable to eat,lossened teeth,0
dog,mixed breed,12.4,18.8,recent surgery,black on ear,weakness,salivating,blister,ulcerated ear,recent surgery,black on ear,weakness,salivating,blister,ulcerated ear,1
dog,bulldog,7.4,16.4,previous kidney disease,weight loss,pain,coughing,lethargy,fever,previous kidney disease,weight loss,pain,coughing,lethargy,fever,0
dog,german shepherd,5.1,32.5,allergies,weight loss,coughing,pain,lethargy,coughing,allergies,weight loss,coughing,pain,lethargy,coughing,0
dog,rottweiler,3.5,45.0,previous kidney disease,fever,convulsion,sudden death,urine retention,weight loss,previous kidney disease,fever,convulsion,sudden death,urine retention,weight loss,0
dog,mixed breed,6.3,17.2,skin conditions history,hyperexcitability,muscular spasms,gums,death,pains,skin conditions history,hyperexcitability,muscular spasms,gums,death,pains,1
dog,german shepherd,5.9,30.4,skin conditions history,fever,diarrhea,vomiting,weight loss,dehydration,skin conditions history,fever,diarrhea,vomiting,weight loss,dehydration,1
dog,poodle,4.7,3.9,allergies,vomiting,pain,vomiting,diarrhea,lethargy,allergies,vomiting,pain,vomiting,diarrhea,lethargy,0
dog,german shepherd,1.3,41.6,recent surgery,diarrhea,tarry stool,ulcers,poor appetite,enlarged lymph nodes,recent surgery,diarrhea,tarry stool,ulcers,poor appetite,enlarged lymph nodes,1
dog,yorkshire terrier,2.9,3.9,no previous conditions,uteria inertia,malpresentation,death,pains,fetopelvic dispropotion,no previous conditions,uteria inertia,malpresentation,death,pains,fetopelvic dispropotion,0
dog,german shepherd,13.8,33.3,previous heart condition,radip onset,weight loss,consistency of milk,sneezing,pain,previous heart condition,radip onset,weight loss,consistency of milk,sneezing,pain,0
dog,labrador retriever,10.0,34.1,not vaccinated,decrease in milk production,stomach  cramps,swollen abdomen,short term lethargy,vomiting,not vaccinated,decrease in milk production,stomach cramps,swollen abdomen,short term lethargy,vomiting,0
dog,beagle,2.3,19.3,recent surgery,inappentence,diarrhea,tremors of the head,dehydration,weight loss,recent surgery,inappentence,diarrhea,tremors of the head,dehydration,weight loss,0
dog,mixed breed,3.1,24.7,chronic illness,decreased milk,holding limbs off the ground,weight loss,lameness,wool production,chronic illness,decreased milk,holding limbs off the ground,weight loss,lameness,wool production,0
dog,golden retriever,6.0,38.2,chronic illness,lethargy,pain,facial swelling,vomiting,high body temperature,chronic illness,lethargy,pain,facial swelling,vomiting,high body temperature,0
dog,beagle,10.1,15.0,skin conditions history,weight loss,weight loss,walking problem,lethargy,pain,skin conditions history,weight loss,weight loss,walking problem,lethargy,pain,1
dog,labrador retriever,11.9,34.9,vaccinated,anorexia,anorexia,lethargy,diarrhea,weight loss,vaccinated,anorexia,anorexia,lethargy,diarrhea,weight loss,0
dog,beagle,15.2,26.3,previous kidney disease,stop eating,stop drinking,change their normal behaviour,lameness,pains,previous kidney disease,stop eating,stop drinking,change their normal behaviour,lameness,pains,0
dog,yorkshire terrier,7.7,4.7,skin conditions history,stop eating,stop drinking,change their normal behaviour,weight loss,pains,skin conditions history,stop eating,stop drinking,change their normal behaviour,weight loss,pains,1
dog,labrador retriever,8.4,26.9,previous heart condition,weakness,diarrhea,weakness,sneezing,ruffled feathers,previous heart condition,weakness,diarrhea,weakness,sneezing,ruffled feathers,0
dog,rottweiler,9.1,25.9,allergies,vomiting,weakness,anorexia,diarrhea,lethargy,allergies,vomiting,weakness,anorexia,diarrhea,lethargy,0
dog,bulldog,12.8,30.0,allergies,unable to eat,vomiting,coughing,anorexia,ulcer on gum,allergies,unable to eat,vomiting,coughing,anorexia,ulcer on gum,1
dog,rottweiler,8.0,25.3,not vaccinated,abdominal destention,weight loss,pains,neck paralysis,balance problem,not vaccinated,abdominal destention,weight loss,pains,neck paralysis,balance problem,0
dog,yorkshire terrier,11.8,8.3,no previous conditions,fever,weakened legs,los of the ability to walk,weight loss,lameness,no previous conditions,fever,weakened legs,los of the ability to walk,weight loss,lameness,0
dog,beagle,9.2,22.8,parasite history,weakness,sneezing,fever,fever,anorexia,parasite history,weakness,sneezing,fever,fever,anorexia,0
dog,mixed breed,11.5,29.9,previous heart condition,anorexia,sneezing,anorexia,pain,coughing,previous heart condition,anorexia,sneezing,anorexia,pain,coughing,0
dog,german shepherd,2.4,36.7,chronic illness,difficulty in feeding,abdominal pain,vomiting,watery diarrhea dispropotion,weakness,chronic illness,difficulty in feeding,abdominal pain,vomiting,watery diarrhea dispropotion,weakness,0
dog,boxer,5.2,18.2,recent surgery,diarrhea with muscus,tensemus,watery stool,flatulence,pains,recent surgery,diarrhea with muscus,tensemus,watery stool,flatulence,pains,0
dog,labrador retriever,3.7,34.1,allergies,jaundice,pulmonary congestion,hemoglobinuria,hemolytic anemia,fever,allergies,jaundice,pulmonary congestion,hemoglobinuria,hemolytic anemia,fever,0
dog,rottweiler,7.6,25.8,not vaccinated,fever,difficulty in breathing,rub,coughing,sneezing,not vaccinated,fever,difficulty in breathing,rub,coughing,sneezing,0
dog,bulldog,4.9,25.8,no previous conditions,pain,gasping for air,vomiting,anorexia,vomiting,no previous conditions,pain,gasping for air,vomiting,anorexia,vomiting,0
dog,rottweiler,7.9,25.6,allergies,fever,depression,attack,bite other animals,pain,allergies,fever,depression,attack,bite other animals,pain,0
dog,poodle,9.7,8.3,dental issues,diarrhea,fever,anorexia,diarrhea,overweight,dental issues,diarrhea,fever,anorexia,diarrhea,overweight,0
dog,labrador retriever,6.7,32.3,vaccinated,sneezing,pain,lethargy,weight loss,weight loss,vaccinated,sneezing,pain,lethargy,weight loss,weight loss,0
dog,mixed breed,0.5,40.0,parasite history,anorexia,mild colic,lack of appetite,vomiting,weight loss,parasite history,anorexia,mild colic,lack of appetite,vomiting,weight loss,0
dog,rottweiler,12.6,45.0,recent surgery,fever,pain,lethargy,weight loss,vomiting,recent surgery,fever,pain,lethargy,weight loss,vomiting,0
dog,boxer,0.5,26.9,chronic illness,weakness,sneezing,pain,fever,coughing,chronic illness,weakness,sneezing,pain,fever,coughing,0
dog,rottweiler,5.2,39.7,previous heart condition,difficulty in breathing,neurologic abnormalities,immediate death,bloody discharge,blue colored lip,previous heart condition,difficulty in breathing,neurologic abnormalities,immediate death,bloody discharge,blue colored lip,0
dog,rottweiler,2.9,30.1,recent surgery,weight loss,diarrhea,anorexia,pain,weight loss,recent surgery,weight loss,diarrhea,anorexia,pain,weight loss,0
dog,yorkshire terrier,5.1,8.6,dental issues,decreased milk,holding limbs off the ground,weight loss,lameness,wool production,dental issues,decreased milk,holding limbs off the ground,weight loss,lameness,wool production,0
dog,golden retriever,4.7,37.5,no previous conditions,lethargy,fever,coughing,dyspnea,anorexia,no previous conditions,lethargy,fever,coughing,dyspnea,anorexia,0
dog,rottweiler,5.3,34.5,no previous conditions,stand with head droping,sneezing,vomiting,fever,diarrhea,no previous conditions,stand with head droping,sneezing,vomiting,fever,diarrhea,0
dog,bulldog,13.7,21.8,dental issues,sneezing,folded ears,anorexia,lethargy,weakness,dental issues,sneezing,folded ears,anorexia,lethargy,weakness,0
dog,yorkshire terrier,10.8,5.4,previous kidney disease,fever,pain,anorexia,pain,diarrhea,previous kidney disease,fever,pain,anorexia,pain,diarrhea,0
dog,german shepherd,9.2,29.4,recent surgery,fever,difficulty breathing,thrist and urination,weight loss,enlarged lymph nodes or swelling,recent surgery,fever,difficulty breathing,thrist and urination,weight loss,enlarged lymph nodes or swelling,0
dog,boxer,12.6,22.3,not vaccinated,stunted growth,vomiting,diarrhea,discomfort,fetopelvic dispropotion,not vaccinated,stunted growth,vomiting,diarrhea,discomfort,fetopelvic dispropotion,0
dog,german shepherd,6.1,26.3,skin conditions history,weight loss,diarrhea,fever,vomiting,dehydration,skin conditions history,weight loss,diarrhea,fever,vomiting,dehydration,1
dog,bulldog,8.9,15.0,dental issues,diarrhea,vomiting,pain,severe inflammation,diarrhea,dental issues,diarrhea,vomiting,pain,severe inflammation,diarrhea,0
dog,beagle,7.7,16.3,skin conditions history,swollen left abdomen,lying down,staggering,urination,extension of neck,skin conditions history,swollen left abdomen,lying down,staggering,urination,extension of neck,1
dog,labrador retriever,6.8,29.0,chronic illness,vomiting,bloody diarrhea,lethargy,dehydration,anorexia,chronic illness,vomiting,bloody diarrhea,lethargy,dehydration,anorexia,0
dog,golden retriever,6.2,43.1,recent surgery,lethargy,inability of swalllon feeding,vomiting,fever,drooping ears,recent surgery,lethargy,inability of swalllon feeding,vomiting,fever,drooping ears,0
dog,bulldog,13.4,17.2,chronic illness,difficulty in feeding,preening,weakness,beak overgrowth,anemia,chronic illness,difficulty in feeding,preening,weakness,beak overgrowth,anemia,0
dog,yorkshire terrier,3.9,3.4,parasite history,sneezing,pain,vomiting,weakness,lethargy,parasite history,sneezing,pain,vomiting,weakness,lethargy,0
dog,rottweiler,11.1,31.2,vaccinated,vomiting,pain,lethargy,weight loss,weight loss,vaccinated,vomiting,pain,lethargy,weight loss,weight loss,0
dog,rottweiler,8.7,36.4,no previous conditions,increased passing gas,crusty eye lashes and matting of eyelashes,eye redness,frequent eye infections,foul smelling stools,no previous conditions,increased passing gas,crusty eye lashes and matting of eyelashes,eye redness,frequent eye infections,foul smelling stools,1
dog,poodle,1.9,6.8,no previous conditions,lepatomegaly,swollen,splenomegaly,shaking oh head,vomiting,no previous conditions,lepatomegaly,swollen,splenomegaly,shaking oh head,vomiting,0
dog,german shepherd,1.3,32.5,no previous conditions,diarrhea,coughing,diarrhea,diarrhea,weight loss,no previous conditions,diarrhea,coughing,diarrhea,diarrhea,weight loss,0
dog,rottweiler,7.9,38.5,chronic illness,coughing,sneezing,weakness,enlargement of bones,coughing,chronic illness,coughing,sneezing,weakness,enlargement of bones,coughing,0
dog,bulldog,9.0,19.0,no previous conditions,fever,pneumonia,congestion,lethargy,nasal discharge,no previous conditions,fever,pneumonia,congestion,lethargy,nasal discharge,0
dog,poodle,12.0,6.2,allergies,lethargy,diarrhea,pain,weakness,diarrhea,allergies,lethargy,diarrhea,pain,weakness,diarrhea,0
dog,bulldog,8.8,15.1,not vaccinated,fever,difficulty breathing,coughing,lethargy,sneezing,not vaccinated,fever,difficulty breathing,coughing,lethargy,sneezing,0
dog,beagle,16.0,24.8,not vaccinated,lack of coordination,facial paralysis,salivation,depression,fever,not vaccinated,lack of coordination,facial paralysis,salivation,depression,fever,0
dog,yorkshire terrier,13.4,5.1,previous kidney disease,fever,pox lession on skin,skin reashes,nasal discharge,mortality varies,previous kidney disease,fever,pox lession on skin,skin reashes,nasal discharge,mortality varies,1
dog,yorkshire terrier,5.0,4.5,previous kidney disease,diarrhea,anorexia,coughing,sneezing,diarrhea,previous kidney disease,diarrhea,anorexia,coughing,sneezing,diarrhea,0
dog,bulldog,10.7,30.0,dental issues,muscles ache,pain,anorexia,pain,weight loss,dental issues,muscles ache,pain,anorexia,pain,weight loss,0
dog,german shepherd,5.3,36.3,dental issues,coughing,sneezing,malaise,diarrhea,weakness,dental issues,coughing,sneezing,malaise,diarrhea,weakness,0
dog,bulldog,0.7,18.1,skin conditions history,poor growth,short stature,enlargement of bones,weigth bearing long bones,lameness,skin conditions history,poor growth,short stature,enlargement of bones,weigth bearing long bones,lameness,1
dog,german shepherd,9.0,29.2,chronic illness,fetopelvic dispropotion,malpresentation,uteria inertia,pains,death,chronic illness,fetopelvic dispropotion,malpresentation,uteria inertia,pains,death,0
dog,mixed breed,9.8,30.6,skin conditions history,pain,sneezing,dyspnea,nasal discharge,most often none,skin conditions history,pain,sneezing,dyspnea,nasal discharge,most often none,1
dog,boxer,11.6,28.3,no previous conditions,coughing,inflammed eye,fever,depression,limping,no previous conditions,coughing,inflammed eye,fever,depression,limping,0
dog,german shepherd,13.5,36.1,skin conditions history,fever,lethargy,weakness,lethargy,vomiting,skin conditions history,fever,lethargy,weakness,lethargy,vomiting,1
dog,golden retriever,6.6,32.8,parasite history,anorexia,lethargy,stomach  cramps,pain,diarrhea,parasite history,anorexia,lethargy,stomach cramps,pain,diarrhea,0
dog,bulldog,9.7,15.1,vaccinated,fever,difficulty breathing,coughing,lethargy,sneezing,vaccinated,fever,difficulty breathing,coughing,lethargy,sneezing,0
dog,poodle,10.0,3.4,parasite history,coughing,anaemia,diarrhea,weight loss,upset stomach,parasite history,coughing,anaemia,diarrhea,weight loss,upset stomach,0
dog,boxer,13.9,29.2,not vaccinated,blood in urine,diarrhea,vomiting,lethargy,bleeding in eye and skin,not vaccinated,blood in urine,diarrhea,vomiting,lethargy,bleeding in eye and skin,1
dog,mixed breed,12.8,15.0,parasite history,lesions in the nasal cavity,lesions on nose,vomiting,noisy breathing,lesions on nose,parasite history,lesions in the nasal cavity,lesions on nose,vomiting,noisy breathing,lesions on nose,1
dog,rottweiler,1.2,41.9,allergies,weight loss,weakness,coughing,lethargy,weight loss,allergies,weight loss,weakness,coughing,lethargy,weight loss,0
dog,labrador retriever,2.0,38.3,skin conditions history,death,bottle jaw,oxygen defiency,malpresentation,listless,skin conditions history,death,bottle jaw,oxygen defiency,malpresentation,listless,1
dog,boxer,3.5,16.3,allergies,pain,weakness,coughing,coughing,anorexia,allergies,pain,weakness,coughing,coughing,anorexia,0
dog,yorkshire terrier,5.3,3.3,parasite history,nausea,hair tining,fever,weakness,coughing,parasite history,nausea,hair tining,fever,weakness,coughing,0
dog,german shepherd,13.5,37.4,recent surgery,coughing,fever,pains,tiredness,diarrhea,recent surgery,coughing,fever,pains,tiredness,diarrhea,0
dog,labrador retriever,9.2,26.0,parasite history,hemopytsis,diarrhea,asymptomatic,death,epistaxis,parasite history,hemopytsis,diarrhea,asymptomatic,death,epistaxis,0
dog,boxer,4.7,17.2,recent surgery,flatulence,watery stool,tensemus,pains,diarrhea with muscus,recent surgery,flatulence,watery stool,tensemus,pains,diarrhea with muscus,0
dog,poodle,12.4,5.7,no previous conditions,stiffness,swollen lymph nodes,anorexia,weight loss,dry air,no previous conditions,stiffness,swollen lymph nodes,anorexia,weight loss,dry air,0
dog,golden retriever,4.0,37.2,chronic illness,dyspnea,difficulty in breathing,coughing,lethargy,nasal discharge,chronic illness,dyspnea,difficulty in breathing,coughing,lethargy,nasal discharge,0
dog,golden retriever,2.9,25.0,parasite history,nible at their wool,lethargy,anorexia,weakness,weight loss,parasite history,nible at their wool,lethargy,anorexia,weakness,weight loss,0
dog,boxer,1.8,19.9,parasite history,lethargy,sneezing,weight loss,diarrhea,anorexia,parasite history,lethargy,sneezing,weight loss,diarrhea,anorexia,0
dog,boxer,1.9,20.3,not vaccinated,production of mucus,cough,anorexia,sneezing,sneezing,not vaccinated,production of mucus,cough,anorexia,sneezing,sneezing,0
dog,german shepherd,1.8,29.6,vaccinated,coughing,vomiting,fluffed feathers,lethargy,anorexia,vaccinated,coughing,vomiting,fluffed feathers,lethargy,anorexia,0
dog,golden retriever,1.7,33.7,skin conditions history,pain,diarrhea,pain,weight loss,hardness,skin conditions history,pain,diarrhea,pain,weight loss,hardness,1
dog,boxer,11.3,21.6,chronic illness,coughing,anorexia,weakness,most often none,sneezing,chronic illness,coughing,anorexia,weakness,most often none,sneezing,0
dog,german shepherd,8.6,40.2,previous kidney disease,flabby,lethargy,fever,weight loss,discharge from eyes,previous kidney disease,flabby,lethargy,fever,weight loss,discharge from eyes,0
dog,golden retriever,2.9,39.1,previous kidney disease,tiredness,weight loss,distended stomach,weakness,lethargy,previous kidney disease,tiredness,weight loss,distended stomach,weakness,lethargy,0
dog,labrador retriever,12.0,27.4,dental issues,pain,fever,anorexia,anorexia,pain,dental issues,pain,fever,anorexia,anorexia,pain,0
dog,mixed breed,6.1,5.9,vaccinated,nasal discharge,tiredness,swelling,fever,drooling,vaccinated,nasal discharge,tiredness,swelling,fever,drooling,0
dog,beagle,2.5,21.7,recent surgery,inappentence,diarrhea,tremors of the head,dehydration,weight loss,recent surgery,inappentence,diarrhea,tremors of the head,dehydration,weight loss,0
dog,rottweiler,6.4,28.2,allergies,diarrhea,weakness,anorexia,pain,despression,allergies,diarrhea,weakness,anorexia,pain,despression,0
dog,yorkshire terrier,4.4,9.2,dental issues,yellow in beak,weakness,tail_bobbing,heavy breathing,sleeping excessively,dental issues,yellow in beak,weakness,tail_bobbing,heavy breathing,sleeping excessively,0
dog,beagle,9.2,22.9,skin conditions history,difficult in walking,fever,pain,excess salivary,wound lesion,skin conditions history,difficult in walking,fever,pain,excess salivary,wound lesion,1
dog,yorkshire terrier,11.3,5.6,parasite history,sneezing,oral lesion,pain,los of the ability to walk,diarrhea,parasite history,sneezing,oral lesion,pain,los of the ability to walk,diarrhea,1
dog,german shepherd,9.3,41.0,parasite history,weight loss,lethargy,weight loss,sneezing,fever,parasite history,weight loss,lethargy,weight loss,sneezing,fever,0
dog,golden retriever,8.3,34.8,dental issues,anorexia,weight loss,chest pain,fever,diarrhea,dental issues,anorexia,weight loss,chest pain,fever,diarrhea,0
dog,bulldog,2.7,18.1,previous kidney disease,fever,diarrhea,coughing,lethargy,blue eye,previous kidney disease,fever,diarrhea,coughing,lethargy,blue eye,0
dog,bulldog,5.5,17.6,vaccinated,convulsion,fever,trembling,distress,staggering,vaccinated,convulsion,fever,trembling,distress,staggering,0
dog,rottweiler,2.7,29.6,allergies,coughing,anorexia,vomiting,diarrhea,anorexia,allergies,coughing,anorexia,vomiting,diarrhea,anorexia,0
dog,boxer,9.2,16.9,chronic illness,anorexia,shallow breathing,pain,sneezing,pain,chronic illness,anorexia,shallow breathing,pain,sneezing,pain,0
dog,boxer,12.8,18.3,skin conditions history,nose picking,trauma,mild weakness,nosebleed,dry air,skin conditions history,nose picking,trauma,mild weakness,nosebleed,dry air,1
dog,boxer,3.5,24.5,not vaccinated,fever,difficulty in breathing,rub,coughing,sneezing,not vaccinated,fever,difficulty in breathing,rub,coughing,sneezing,0
dog,rottweiler,1.6,38.5,recent surgery,abortion,mummification,stillbirth,weak kids,pain,recent surgery,abortion,mummification,stillbirth,weak kids,pain,0
dog,boxer,15.0,24.7,dental issues,fever,sneezing,skin irritation,nosebleeds,weight loss,dental issues,fever,sneezing,skin irritation,nosebleeds,weight loss,1
dog,bulldog,1.6,25.9,skin conditions history,legness,paresis,coughing,weight loss,shortness of breath,skin conditions history,legness,paresis,coughing,weight loss,shortness of breath,1
dog,yorkshire terrier,1.5,3.8,recent surgery,fever,difficulty breathing,thrist and urination,lethargy,sneezing,recent surgery,fever,difficulty breathing,thrist and urination,lethargy,sneezing,0
dog,boxer,9.6,22.6,dental issues,pyrexia,oral lesion,swelling,lameness,death,dental issues,pyrexia,oral lesion,swelling,lameness,death,1
dog,boxer,3.3,13.6,not vaccinated,swelling of udder,change in milk,swollen,tender to touch,pain,not vaccinated,swelling of udder,change in milk,swollen,tender to touch,pain,0
dog,mixed breed,7.2,7.4,parasite history,grinding teeth,undigested in their feces,weight loss,anorexia,anorexia,parasite history,grinding teeth,undigested in their feces,weight loss,anorexia,anorexia,0
dog,golden retriever,6.0,31.2,previous kidney disease,lethargy,weight loss,weight loss,vomiting,pain,previous kidney disease,lethargy,weight loss,weight loss,vomiting,pain,0
dog,yorkshire terrier,11.5,3.3,allergies,dullness,fever,dullness,skin rashes,pains,allergies,dullness,fever,dullness,skin rashes,pains,1
dog,poodle,7.9,5.2,not vaccinated,anorexia,vomiting,anorexia,weight loss,pain,not vaccinated,anorexia,vomiting,anorexia,weight loss,pain,0
dog,bulldog,5.8,25.0,previous kidney disease,greenish-yellow nasal discharge,lack of pigmentation,sneezing,lethargy,pain on face,previous kidney disease,greenish-yellow nasal discharge,lack of pigmentation,sneezing,lethargy,pain on face,0
dog,boxer,13.4,22.3,recent surgery,changed gait,vomiting,lethargy,sneezing,diarrhea,recent surgery,changed gait,vomiting,lethargy,sneezing,diarrhea,0
dog,yorkshire terrier,0.5,6.1,chronic illness,fever,pain,diarrhea,discharge,diarrhea,chronic illness,fever,pain,diarrhea,discharge,diarrhea,0
dog,beagle,5.9,27.9,skin conditions history,fever,excession salivation,abnormal conformation,ulcerated muscle,ulcerated ear,skin conditions history,fever,excession salivation,abnormal conformation,ulcerated muscle,ulcerated ear,1
dog,german shepherd,10.6,27.3,previous heart condition,egg production stops,broody behavior,loss of appetite,weight loss,constipation,previous heart condition,egg production stops,broody behavior,loss of appetite,weight loss,constipation,0
dog,golden retriever,2.1,45.0,chronic illness,weakness,sneezing,swollen,lethargy,fell unwell,chronic illness,weakness,sneezing,swollen,lethargy,felt unwell,0
dog,golden retriever,13.5,40.6,vaccinated,weakness,weakness,pain,darkened skin,vomiting,vaccinated,weakness,weakness,pain,darkened skin,vomiting,1
dog,golden retriever,14.2,37.0,dental issues,fetopelvic dispropotion,uteria inertia,fast breathing,death,pains,dental issues,fetopelvic dispropotion,uteria inertia,fast breathing,death,pains,0
dog,poodle,6.5,6.9,parasite history,coughing,anorexia,lack of vocalizations,anorexia,pain,parasite history,coughing,anorexia,lack of vocalizations,anorexia,pain,0
dog,boxer,14.9,14.6,no previous conditions,fever,tachypea,swelling of head and neck,anorexia,nasal discharge,no previous conditions,fever,tachypea,swelling of head and neck,anorexia,nasal discharge,0
dog,boxer,2.2,20.4,skin conditions history,rapid heart rate,lethargy,vomiting,lethargy,anorexia,skin conditions history,rapid heart rate,lethargy,vomiting,lethargy,anorexia,1
dog,rottweiler,13.8,26.8,parasite history,diarrhea,fever,facial defects,pain,sneezing,parasite history,diarrhea,fever,facial defects,pain,sneezing,0
dog,yorkshire terrier,10.9,7.9,previous kidney disease,crusty eye lashes and matting of eyelashes,weakness,lethargy,diarrhea,sneezing,previous kidney disease,crusty eye lashes and matting of eyelashes,weakness,lethargy,diarrhea,sneezing,1
dog,poodle,11.5,6.9,skin conditions history,lethargy,weight loss,anorexia,vomiting,weight loss,skin conditions history,lethargy,weight loss,anorexia,vomiting,weight loss,1
dog,german shepherd,12.2,23.3,dental issues,weakness,dyspnea,fever,coughing,anorexia,dental issues,weakness,dyspnea,fever,coughing,anorexia,0
dog,poodle,6.4,5.5,vaccinated,fever,regurgitation of food,weakness,diarrhea,sneezing,vaccinated,fever,regurgitation of food,weakness,diarrhea,sneezing,0
dog,labrador retriever,15.0,35.3,not vaccinated,infected navels,sneezing,pain,sneezing,distended stomach,not vaccinated,infected navels,sneezing,pain,sneezing,distended stomach,0
dog,rottweiler,9.6,42.4,dental issues,coughing,weakness,weight loss,coughing,fever,dental issues,coughing,weakness,weight loss,coughing,fever,0
dog,beagle,7.1,26.7,allergies,coughing,sneezing,coughing,fever,pain,allergies,coughing,sneezing,coughing,fever,pain,0
dog,golden retriever,4.8,31.7,skin conditions history,diarrhea,occular discharge,watery faeces,coughing,vomiting,skin conditions history,diarrhea,occular discharge,watery faeces,coughing,vomiting,1
dog,bulldog,4.2,26.4,recent surgery,vomiting,eye ulcer,berberi,pain,weakness,recent surgery,vomiting,eye ulcer,berberi,pain,weakness,1
dog,beagle,2.5,27.4,recent surgery,fever,loss of appetite,swollen teats,lameness in affected leg,depression,recent surgery,fever,loss of appetite,swollen teats,lameness in affected leg,depression,0
dog,german shepherd,2.6,32.6,chronic illness,unable to exercise,difficulty breathing,fever,eye and skin change,poor appetite,chronic illness,unable to exercise,difficulty breathing,fever,eye and skin change,poor appetite,1
dog,mixed breed,8.6,12.9,skin conditions history,facial edema,dyspnea,conjuctivtis,weakness,pharyngitis,skin conditions history,facial edema,dyspnea,conjuctivtis,weakness,pharyngitis,1
dog,poodle,5.1,3.6,previous heart condition,fever,fever,anorexia,fever,weakness,previous heart condition,fever,fever,anorexia,fever,weakness,0
dog,golden retriever,10.1,42.0,chronic illness,fatty stool,diarrhea,vomiting,weight loss,pain,chronic illness,fatty stool,diarrhea,vomiting,weight loss,pain,0
dog,beagle,7.7,30.0,skin conditions history,lethargy,coughing,gasping,vomiting,dizziness and fainting,skin conditions history,lethargy,coughing,gasping,vomiting,dizziness and fainting,1
dog,german shepherd,4.2,32.2,allergies,fetopelvic dispropotion,uteria inertia,malpresentation,death,pains,allergies,fetopelvic dispropotion,uteria inertia,malpresentation,death,pains,0
dog,poodle,2.4,5.4,allergies,weakness,lethargy,stopped eat,weight loss,weakness,allergies,weakness,lethargy,stopped eat,weight loss,weakness,0
dog,poodle,9.4,4.3,dental issues,fever,weight loss,blue colored lip,fever,weight loss,dental issues,fever,weight loss,blue colored lip,fever,weight loss,0
dog,yorkshire terrier,2.3,5.4,dental issues,behaviour change,sneezing,discharge from eyes,fever,weight loss,dental issues,behaviour change,sneezing,discharge from eyes,fever,weight loss,0
dog,german shepherd,10.4,36.6,no previous conditions,diarrhea,labored breathing,lethargy,weight loss,weakness,no previous conditions,diarrhea,labored breathing,lethargy,weight loss,weakness,0
dog,german shepherd,1.4,37.7,no previous conditions,vomiting,vomiting,ruffled coat,anorexia,tiredness,no previous conditions,vomiting,vomiting,ruffled coat,anorexia,tiredness,0
dog,bulldog,7.3,28.2,allergies,haemorrhage,straw colored,abdominal pain,death,carcass decomposes,allergies,haemorrhage,straw colored,abdominal pain,death,carcass decomposes,0
dog,rottweiler,5.7,31.3,no previous conditions,anorexia,coughing,labored breathing,depression,dyspnea,no previous conditions,anorexia,coughing,labored breathing,depression,dyspnea,0
dog,boxer,0.9,20.0,no previous conditions,fever,nasal discharge,relunctance to move,salivation,depression,no previous conditions,fever,nasal discharge,relunctance to move,salivation,depression,0
dog,mixed breed,1.8,29.7,chronic illness,eye discharges,lameness,high body temperature,change their normal behaviour,nasal discharge,chronic illness,eye discharges,lameness,high body temperature,change their normal behaviour,nasal discharge,0
dog,labrador retriever,12.4,29.9,parasite history,diarrhoea,emaciation,loss in weight,loss of appetite,weakness,parasite history,diarrhoea,emaciation,loss in weight,loss of appetite,weakness,0
dog,golden retriever,4.9,42.4,previous kidney disease,pain,coughing,fever,weight loss,weight loss,previous kidney disease,pain,coughing,fever,weight loss,weight loss,0
dog,bulldog,0.7,17.1,vaccinated,poor growth,short stature,enlargement of bones,lameness,weigth bearing long bones,vaccinated,poor growth,short stature,enlargement of bones,lameness,weigth bearing long bones,0
dog,german shepherd,1.0,31.7,no previous conditions,poor wool,loss of appetite,lameness,small size,poor body condition,no previous conditions,poor wool,loss of appetite,lameness,small size,poor body condition,0
dog,mixed breed,6.7,7.8,previous kidney disease,flatulence,diarrhea with muscus,tensemus,pains,nose bleeds,previous kidney disease,flatulence,diarrhea with muscus,tensemus,pains,nose bleeds,0
dog,beagle,9.1,23.1,skin conditions history,fever,wound lesion,excess salivary,difficult in walking,pain,skin conditions history,fever,wound lesion,excess salivary,difficult in walking,pain,1
dog,german shepherd,6.7,32.1,previous kidney disease,weight loss,sneezing,weight loss,fever,pain,previous kidney disease,weight loss,sneezing,weight loss,fever,pain,0
dog,golden retriever,6.3,33.2,skin conditions history,vomiting,wheezing,pain,diarrhea,anorexia,skin conditions history,vomiting,wheezing,pain,diarrhea,anorexia,1
dog,bulldog,7.5,22.8,skin conditions history,anorexia,anorexia,vomiting,vomiting,holding limbs off the ground,skin conditions history,anorexia,anorexia,vomiting,vomiting,holding limbs off the ground,1
dog,mixed breed,6.8,30.6,recent surgery,diarrhea,lethargy,weight loss,weight loss,anorexia,recent surgery,diarrhea,lethargy,weight loss,weight loss,anorexia,0
dog,yorkshire terrier,4.6,8.6,parasite history,groosly enlarged,skin may thicken,convulsion,edematous,pains,parasite history,groosly enlarged,skin may thicken,convulsion,edematous,pains,1
dog,german shepherd,4.7,36.8,no previous conditions,vomiting,weakness,coughing,weight loss,weakness,no previous conditions,vomiting,weakness,coughing,weight loss,weakness,0
dog,bulldog,14.1,25.8,vaccinated,fever,anorexia,weakness,fever,diarrhea,vaccinated,fever,anorexia,weakness,fever,diarrhea,0
dog,german shepherd,9.7,36.5,recent surgery,lethargy,difficulty in breathing,coughing,dyspnea,nasal discharge,recent surgery,lethargy,difficulty in breathing,coughing,dyspnea,nasal discharge,0
dog,mixed breed,2.6,15.3,allergies,vomiting,weight loss,anorexia,sneezing,eye and skin change,allergies,vomiting,weight loss,anorexia,sneezing,eye and skin change,1
dog,boxer,9.3,15.0,not vaccinated,labored breathing,lethargy,lethargy,anorexia,vomiting,not vaccinated,labored breathing,lethargy,lethargy,anorexia,vomiting,0
dog,bulldog,0.7,15.7,vaccinated,poor growth,short stature,enlargement of bones,lameness,weigth bearing long bones,vaccinated,poor growth,short stature,enlargement of bones,lameness,weigth bearing long bones,0
dog,bulldog,15.0,16.3,allergies,weakness,ruffled coat,weakness,wool production,fever,allergies,weakness,ruffled coat,weakness,wool production,fever,0
dog,labrador retriever,4.4,33.5,no previous conditions,nausea,loss of appetite,vomiting,firm,distended stomach,no previous conditions,nausea,loss of appetite,vomiting,firm,distended stomach,0
dog,mixed breed,8.1,17.2,skin conditions history,inflammation,diarrhea,fever,diarrhea,diarrhea,skin conditions history,inflammation,diarrhea,fever,diarrhea,diarrhea,1
dog,poodle,8.1,7.0,parasite history,discharge,lethargy,round patches,lethargy,pain,parasite history,discharge,lethargy,round patches,lethargy,pain,0
dog,mixed breed,2.8,21.8,dental issues,lameness,holding limbs off the ground,wool production,decreased milk,weight loss,dental issues,lameness,holding limbs off the ground,wool production,decreased milk,weight loss,0
dog,golden retriever,14.7,34.6,dental issues,fetopelvic dispropotion,uteria inertia,fast breathing,death,pains,dental issues,fetopelvic dispropotion,uteria inertia,fast breathing,death,pains,0
dog,rottweiler,4.8,39.4,allergies,attempt to urinate,vomiting,anorexia,anorexia,sneezing,allergies,attempt to urinate,vomiting,anorexia,anorexia,sneezing,0
dog,labrador retriever,8.3,37.3,chronic illness,weakness,weakness,fever,weakness,pain,chronic illness,weakness,weakness,fever,weakness,pain,0
dog,yorkshire terrier,13.7,6.4,vaccinated,swelling on jaw,larynx,swelling,neck vein swelling,hoarseness,vaccinated,swelling on jaw,larynx,swelling,neck vein swelling,hoarseness,0
dog,bulldog,4.2,32.3,not vaccinated,vomiting,bloody diarrhea,lethargy,dehydration,anorexia,not vaccinated,vomiting,bloody diarrhea,lethargy,dehydration,anorexia,0
dog,rottweiler,11.4,26.6,skin conditions history,lesions in the nasal cavity,lesions on nose,nose bleeds,noisy breathing,lesions on nose,skin conditions history,lesions in the nasal cavity,lesions on nose,nose bleeds,noisy breathing,lesions on nose,1
dog,rottweiler,7.7,27.2,allergies,depression,pain,fever,bite other animals,attack,allergies,depression,pain,fever,bite other animals,attack,0
dog,german shepherd,5.6,27.5,dental issues,neck paralysis,pains,abdominal destention,weight loss,balance problem,dental issues,neck paralysis,pains,abdominal destention,weight loss,balance problem,0
dog,german shepherd,10.8,37.0,parasite history,sneezing,sneezing,weight loss,fever,diarrhea,parasite history,sneezing,sneezing,weight loss,fever,diarrhea,0
dog,yorkshire terrier,7.6,7.2,chronic illness,weakness,watery eyes,coughing,diarrhea,weight loss,chronic illness,weakness,watery eyes,coughing,diarrhea,weight loss,0
dog,poodle,4.1,9.4,dental issues,facial paralysis,diarrhea,anorexia,blood in stool,coughing,dental issues,facial paralysis,diarrhea,anorexia,blood in stool,coughing,0
dog,german shepherd,15.0,38.6,skin conditions history,stamping and pedding of hind eye,weight loss,pain,vomiting,coughing,skin conditions history,stamping and pedding of hind eye,weight loss,pain,vomiting,coughing,1
dog,yorkshire terrier,11.8,4.9,previous heart condition,fever,pox lession on skin,nasal discharge,skin reashes,mortality varies,previous heart condition,fever,pox lession on skin,nasal discharge,skin reashes,mortality varies,1
dog,poodle,13.1,4.2,no previous conditions,weight loss,weight loss,weakness,liver disease,short term lethargy,no previous conditions,weight loss,weight loss,weakness,liver disease,short term lethargy,0
dog,labrador retriever,0.5,33.2,skin conditions history,pain,weakness,scratching,coughing,vomiting,skin conditions history,pain,weakness,scratching,coughing,vomiting,1
dog,poodle,12.8,3.2,previous heart condition,eye redness,frequent eye infections,crusty eye lashes and matting of eyelashes,foul smelling stools,increased passing gas,previous heart condition,eye redness,frequent eye infections,crusty eye lashes and matting of eyelashes,foul smelling stools,increased passing gas,1
dog,german shepherd,5.6,38.5,no previous conditions,pain,loss of wariness,diarrhea,sneezing,weight loss,no previous conditions,pain,loss of wariness,diarrhea,sneezing,weight loss,0
dog,bulldog,0.5,30.0,not vaccinated,jaw is dropped,weakness,weakness,weight loss,anorexia,not vaccinated,jaw is dropped,weakness,weakness,weight loss,anorexia,0
dog,poodle,7.8,8.3,previous kidney disease,weakness,weight loss,weight loss,fever,vomiting,previous kidney disease,weakness,weight loss,weight loss,fever,vomiting,0
dog,bulldog,8.1,27.7,parasite history,fever,inflamed nostrils,diarrhea,pain,enlarged skulls,parasite history,fever,inflamed nostrils,diarrhea,pain,enlarged skulls,0
dog,beagle,2.2,26.9,parasite history,normal appetite,diarrhea,swelling may occur under jaw,weight loss,drop in milk production,parasite history,normal appetite,diarrhea,swelling may occur under jaw,weight loss,drop in milk production,0
dog,mixed breed,1.5,28.8,no previous conditions,nosebleed,trauma,mild weakness,nose picking,dry air,no previous conditions,nosebleed,trauma,mild weakness,nose picking,dry air,0
dog,yorkshire terrier,5.6,5.9,dental issues,fever,anorexia,anorexia,anorexia,swelling  in the bite area,dental issues,fever,anorexia,anorexia,anorexia,swelling in the bite area,0
dog,boxer,4.4,30.0,parasite history,sneezing,weakness,fever,diarrhea,anorexia,parasite history,sneezing,weakness,fever,diarrhea,anorexia,0
dog,yorkshire terrier,14.7,5.8,recent surgery,forthy eye,swelling,weakness,torticollis,emaciation,recent surgery,forthy eye,swelling,weakness,torticollis,emaciation,0
dog,labrador retriever,7.9,31.4,chronic illness,coughing,anorexia,lethargy,sneezing,anorexia,chronic illness,coughing,anorexia,lethargy,sneezing,anorexia,0
dog,mixed breed,0.5,30.7,recent surgery,upset stomach,lethargy,sneezing,lethargy,fever,recent surgery,upset stomach,lethargy,sneezing,lethargy,fever,0
dog,boxer,0.5,27.2,no previous conditions,pain,weakness,lethargy,anorexia,fever,no previous conditions,pain,weakness,lethargy,anorexia,fever,0
dog,labrador retriever,11.6,40.6,recent surgery,limping,raw,flabby,sensitive to touch,skin colour change,recent surgery,limping,raw,flabby,sensitive to touch,skin colour change,1
dog,german shepherd,11.6,29.1,vaccinated,egg production stops,constipation,loss of appetite,broody behavior,weight loss,vaccinated,egg production stops,constipation,loss of appetite,broody behavior,weight loss,0
dog,beagle,8.2,28.5,not vaccinated,fever,weight loss,coughing,rectal bleeding,vomiting,not vaccinated,fever,weight loss,coughing,rectal bleeding,vomiting,0
dog,mixed breed,11.7,14.0,parasite history,dullness,stained wool,dirty,tail shaking,foul smelling,parasite history,dullness,stained wool,dirty,tail shaking,foul smelling,0
dog,boxer,9.4,26.0,dental issues,swelling on leg,anorexia,testical pain,coughing,fever,dental issues,swelling on leg,anorexia,testical pain,coughing,fever,0
dog,beagle,9.4,24.5,parasite history,pain,stop eating,lethargy,"bumps(black,grey or red)",coughing,parasite history,pain,stop eating,lethargy,"bumps(black,grey or red)",coughing,0
dog,poodle,5.7,7.1,parasite history,rapid pulse and heart rates,lethargy,thrist and urination,pain,vomiting,parasite history,rapid pulse and heart rates,lethargy,thrist and urination,pain,vomiting,0
dog,boxer,5.2,21.5,parasite history,anorexia,weakness,fever,diarrhea,diarrhea,parasite history,anorexia,weakness,fever,diarrhea,diarrhea,0
dog,golden retriever,10.1,41.8,no previous conditions,fetopelvic dispropotion,uteria inertia,malpresentation,death,pains,no previous conditions,fetopelvic dispropotion,uteria inertia,malpresentation,death,pains,0
dog,golden retriever,12.4,30.0,vaccinated,fever,respiratory distress,mucous discharge,reduce feed,weight gain,vaccinated,fever,respiratory distress,mucous discharge,reduce feed,weight gain,0
dog,bulldog,9.1,21.4,skin conditions history,fever,diarrhea,depression,scratches,weight loss,skin conditions history,fever,diarrhea,depression,scratches,weight loss,1
dog,bulldog,13.9,24.4,not vaccinated,swelling,week legs,willnot run to jump,pain on leg,limping,not vaccinated,swelling,week legs,willnot run to jump,pain on leg,limping,0
dog,yorkshire terrier,13.1,7.6,no previous conditions,fever,weakened legs,los of the ability to walk,weight loss,lameness,no previous conditions,fever,weakened legs,los of the ability to walk,weight loss,lameness,0
dog,poodle,9.2,8.4,previous heart condition,vomiting,weight loss,sneezing,yellow eye,sneezing,previous heart condition,vomiting,weight loss,sneezing,yellow eye,sneezing,0
dog,yorkshire terrier,0.5,4.9,parasite history,diarrhea,weight loss,lethargy,pain,abortion,parasite history,diarrhea,weight loss,lethargy,pain,abortion,0
dog,yorkshire terrier,4.6,7.0,no previous conditions,weight loss,weakness,coughing,anorexia,lesions,no previous conditions,weight loss,weakness,coughing,anorexia,lesions,1
dog,bulldog,14.0,18.9,recent surgery,lethargy,anorexia,anorexia,diarrhea,coughing,recent surgery,lethargy,anorexia,anorexia,diarrhea,coughing,0
dog,boxer,0.9,16.1,previous kidney disease,partial paralysis,staggering as drunk,self mutilation,acting aggressive,acting unnaturally tame,previous kidney disease,partial paralysis,staggering as drunk,self mutilation,acting aggressive,acting unnaturally tame,0
dog,bulldog,7.0,23.4,chronic illness,lethargy,painfull to touch,sneezing,weight loss,pain,chronic illness,lethargy,painfull to touch,sneezing,weight loss,pain,0
dog,yorkshire terrier,10.4,6.6,vaccinated,sneezing,lethargy,lethargy,diarrhea,fever,vaccinated,sneezing,lethargy,lethargy,diarrhea,fever,0
dog,golden retriever,9.2,30.2,parasite history,fluif faeces on blood and muscle,sudden death,blooody fluid,red diarrhea,faeces are streake with blood,parasite history,fluif faeces on blood and muscle,sudden death,blooody fluid,red diarrhea,faeces are streake with blood,0
dog,beagle,1.3,17.1,dental issues,tremor,viability,coughing,anorexia,weight loss,dental issues,tremor,viability,coughing,anorexia,weight loss,0
dog,poodle,9.4,7.4,no previous conditions,weight loss,diarrhea,pain,diarrhea,weight loss,no previous conditions,weight loss,diarrhea,pain,diarrhea,weight loss,0
dog,labrador retriever,7.8,37.1,no previous conditions,fever,inflammed eye,sneezing,depression,limping,no previous conditions,fever,inflammed eye,sneezing,depression,limping,0
dog,beagle,11.1,24.1,allergies,bloody discharge,fever,diarrhea,recumbency,diarrhea,allergies,bloody discharge,fever,diarrhea,recumbency,diarrhea,0
dog,boxer,0.5,16.3,vaccinated,milk reduce,vomiting,sneezing,scartching ear,lesions on nose,vaccinated,milk reduce,vomiting,sneezing,scartching ear,lesions on nose,1
dog,poodle,5.4,4.0,chronic illness,lethargy,weakness,tremor,uncharacteristic hiding,fever,chronic illness,lethargy,weakness,tremor,uncharacteristic hiding,fever,0
dog,labrador retriever,3.4,44.8,previous kidney disease,fever,fever,aggressiveness,weakness,poor appetite,previous kidney disease,fever,fever,aggressiveness,weakness,poor appetite,0
dog,golden retriever,12.7,44.7,skin conditions history,fever,anorexia,excess sleeping,anorexia,weakness,skin conditions history,fever,anorexia,excess sleeping,anorexia,weakness,1
dog,german shepherd,11.8,30.5,recent surgery,weakness,weight loss,weight loss,anorexia,fever,recent surgery,weakness,weight loss,weight loss,anorexia,fever,0
dog,golden retriever,12.0,32.3,dental issues,vomiting,lethargy,weakness,fever,vomiting,dental issues,vomiting,lethargy,weakness,fever,vomiting,0
dog,rottweiler,3.8,25.0,no previous conditions,lethargy,scartching ear,anorexia,weakness,weight loss,no previous conditions,lethargy,scartching ear,anorexia,weakness,weight loss,0
dog,beagle,7.2,26.4,not vaccinated,diarrhea,weight loss,pain,anorexia,anorexia,not vaccinated,diarrhea,weight loss,pain,anorexia,anorexia,0
dog,boxer,0.5,23.3,parasite history,facial muscle twitching,coughing,coughing,pain,vomiting,parasite history,facial muscle twitching,coughing,coughing,pain,vomiting,1
dog,beagle,5.6,15.0,parasite history,pain,diarrhea,pain,sneezing,anemia,parasite history,pain,diarrhea,pain,sneezing,anemia,0
dog,beagle,5.5,27.7,dental issues,weight loss,vomiting,joint pain,diarrhea,diarrhea,dental issues,weight loss,vomiting,joint pain,diarrhea,diarrhea,0
dog,labrador retriever,5.3,34.4,no previous conditions,weight loss,weakness,anorexia,lethargy,fever,no previous conditions,weight loss,weakness,anorexia,lethargy,fever,0
dog,boxer,14.9,15.4,no previous conditions,fever,tachypea,swelling of head and neck,anorexia,nasal discharge,no previous conditions,fever,tachypea,swelling of head and neck,anorexia,nasal discharge,0
dog,golden retriever,6.8,37.4,not vaccinated,pain,vomiting,coughing,pain,diarrhea,not vaccinated,pain,vomiting,coughing,pain,diarrhea,0
dog,golden retriever,5.2,40.1,allergies,lethargy,weakness,vomiting,pain,weakness,allergies,lethargy,weakness,vomiting,pain,weakness,0
dog,labrador retriever,2.6,41.3,skin conditions history,oedema,swelling of neck,swelling of face or leg,pain,weight loss,skin conditions history,oedema,swelling of neck,swelling of face or leg,pain,weight loss,1
dog,boxer,4.1,16.0,previous heart condition,vomiting,vomiting,diarrhea,vomiting,weight loss,previous heart condition,vomiting,vomiting,diarrhea,vomiting,weight loss,0
dog,labrador retriever,1.7,42.9,recent surgery,fever,chronic eye inflamation,poor appetite,lethargy,neurologic abnormalities,recent surgery,fever,chronic eye inflamation,poor appetite,lethargy,neurologic abnormalities,0
dog,rottweiler,0.8,38.4,previous kidney disease,short term lethargy,loss of  appetite,weekness in the back legs,rapid heart rate,week pulse,previous kidney disease,short term lethargy,loss of appetite,weekness in the back legs,rapid heart rate,week pulse,0
dog,poodle,8.6,9.7,previous kidney disease,weight loss,weight loss,fever,diarrhea,lethargy,previous kidney disease,weight loss,weight loss,fever,diarrhea,lethargy,0
dog,golden retriever,8.6,30.8,parasite history,fluif faeces on blood and muscle,sudden death,blooody fluid,red diarrhea,faeces are streake with blood,parasite history,fluif faeces on blood and muscle,sudden death,blooody fluid,red diarrhea,faeces are streake with blood,0
dog,golden retriever,8.4,35.3,no previous conditions,stop eating,stop drinking,change their normal behaviour,depression,pains,no previous conditions,stop eating,stop drinking,change their normal behaviour,depression,pains,0
dog,poodle,12.5,6.2,skin conditions history,fever,coughing,disharge from affected eye,diarrhea,anorexia,skin conditions history,fever,coughing,disharge from affected eye,diarrhea,anorexia,1
dog,mixed breed,8.2,15.7,no previous conditions,coughing,sores on lip,hoarseness,weakness,vomiting,no previous conditions,coughing,sores on lip,hoarseness,weakness,vomiting,0
dog,rottweiler,12.4,39.9,not vaccinated,poor immune function,achomotrica,dehydration,death,pains,not vaccinated,poor immune function,achomotrica,dehydration,death,pains,0
dog,beagle,9.1,15.9,no previous conditions,malpresentation,death,uteria inertia,fetopelvic dispropotion,pains,no previous conditions,malpresentation,death,uteria inertia,fetopelvic dispropotion,pains,0
dog,poodle,7.6,3.9,parasite history,eye discharges,diarrhea,lethargy,bleeding from other parts of the body,coughing,parasite history,eye discharges,diarrhea,lethargy,bleeding from other parts of the body,coughing,0
dog,mixed breed,11.3,24.8,dental issues,fever,fever,weight loss,diarrhea,swollen,dental issues,fever,fever,weight loss,diarrhea,swollen,0
dog,german shepherd,1.0,27.2,no previous conditions,lameness,loss of appetite,poor wool,poor body condition,small size,no previous conditions,lameness,loss of appetite,poor wool,poor body condition,small size,0
dog,boxer,4.5,22.0,recent surgery,sneezing,undigested seeds,pain,pain,hyperesthesia,recent surgery,sneezing,undigested seeds,pain,pain,hyperesthesia,0
dog,yorkshire terrier,2.5,3.0,dental issues,acting aggressive,endomeritis,weight loss,pain,weight loss,dental issues,acting aggressive,endomeritis,weight loss,pain,weight loss,0
dog,poodle,2.0,7.0,no previous conditions,lepatomegaly,splenomegaly,vomiting,swollen,shaking oh head,no previous conditions,lepatomegaly,splenomegaly,vomiting,swollen,shaking oh head,0
dog,mixed breed,6.1,27.9,previous heart condition,lacrimation,diarrhea,dullness,coughing,seizures,previous heart condition,lacrimation,diarrhea,dullness,coughing,seizures,0
dog,boxer,7.2,21.7,recent surgery,weakness,sneezing,watering of eyes,fever,diarrhea,recent surgery,weakness,sneezing,watering of eyes,fever,diarrhea,0
dog,golden retriever,3.0,25.0,allergies,weight loss,lethargy,sores on lip,sleeping excessively,pain,allergies,weight loss,lethargy,sores on lip,sleeping excessively,pain,0
dog,golden retriever,1.6,34.3,not vaccinated,weight loss,lethargy,vomiting,vomiting,weight loss,not vaccinated,weight loss,lethargy,vomiting,vomiting,weight loss,0
dog,boxer,3.2,17.1,not vaccinated,anorexia,anorexia,weight loss,anorexia,regurgitation of food,not vaccinated,anorexia,anorexia,weight loss,anorexia,regurgitation of food,0
dog,rottweiler,5.3,29.9,no previous conditions,lethargy,sneezing,fever,hot udder,weight loss,no previous conditions,lethargy,sneezing,fever,hot udder,weight loss,0
dog,beagle,9.0,27.8,no previous conditions,pain,weakness,vomiting,edematous,coughing,no previous conditions,pain,weakness,vomiting,edematous,coughing,0
dog,beagle,4.7,21.1,recent surgery,anorexia,vomiting,fever,weight loss,weakness,recent surgery,anorexia,vomiting,fever,weight loss,weakness,0
dog,golden retriever,2.2,39.4,previous heart condition,vomiting,weakness,weakness,pain,vomiting,previous heart condition,vomiting,weakness,weakness,pain,vomiting,0
dog,bulldog,12.1,27.4,skin conditions history,vomiting,coughing,fever,sneezing,coughing,skin conditions history,vomiting,coughing,fever,sneezing,coughing,1
dog,boxer,8.6,18.7,no previous conditions,forthy eye,coughing,sneezing,diarrhea,coughing,no previous conditions,forthy eye,coughing,sneezing,diarrhea,coughing,0
dog,mixed breed,6.9,22.5,parasite history,weight loss,weakness,fever,lethargy,vomiting,parasite history,weight loss,weakness,fever,lethargy,vomiting,0
dog,yorkshire terrier,6.3,4.1,skin conditions history,fetopelvic dispropotion,uteria inertia,malpresentation,death,pains,skin conditions history,fetopelvic dispropotion,uteria inertia,malpresentation,death,pains,1
dog,yorkshire terrier,8.1,8.0,previous kidney disease,anorexia,thirst,fever,fever,weakness,previous kidney disease,anorexia,thirst,fever,fever,weakness,0
dog,rottweiler,1.5,37.2,parasite history,fever,weakness,diarrhea,stealing,weakness,parasite history,fever,weakness,diarrhea,stealing,weakness,0
dog,labrador retriever,11.5,42.4,skin conditions history,fetopelvic dispropotion,uteria inertia,malpresentation,death,pains,skin conditions history,fetopelvic dispropotion,uteria inertia,malpresentation,death,pains,1
dog,beagle,8.2,17.5,skin conditions history,swollen left abdomen,lying down,staggering,urination,extension of neck,skin conditions history,swollen left abdomen,lying down,staggering,urination,extension of neck,1
dog,german shepherd,11.6,40.2,chronic illness,coughing,diarrhea,coughing,anorexia,fever,chronic illness,coughing,diarrhea,coughing,anorexia,fever,0
dog,labrador retriever,1.2,25.0,parasite history,weight loss,pain,sneezing,weakness,weight loss,parasite history,weight loss,pain,sneezing,weakness,weight loss,0
dog,boxer,2.1,27.9,parasite history,bleeding from other parts of the body,confusion,nasal discharge,loss of alertness,dizziness and fainting,parasite history,bleeding from other parts of the body,confusion,nasal discharge,loss of alertness,dizziness and fainting,0
dog,labrador retriever,12.9,34.7,previous kidney disease,weight loss,diarrhea,vomiting,pain,decrease appetite,previous kidney disease,weight loss,diarrhea,vomiting,pain,decrease appetite,0
dog,golden retriever,3.5,43.9,previous heart condition,lethargy,fever,sluggish,sneezing,pain,previous heart condition,lethargy,fever,sluggish,sneezing,pain,0
dog,yorkshire terrier,6.8,4.1,no previous conditions,anorexia,pain,weight loss,anorexia,weakness,no previous conditions,anorexia,pain,weight loss,anorexia,weakness,0
dog,yorkshire terrier,12.6,5.5,recent surgery,forthy eye,torticollis,weakness,swelling,emaciation,recent surgery,forthy eye,torticollis,weakness,swelling,emaciation,0
dog,mixed breed,7.0,26.9,chronic illness,anorexia,weakness,anorexia,fever,sneezing,chronic illness,anorexia,weakness,anorexia,fever,sneezing,0
dog,bulldog,3.6,20.3,not vaccinated,anorexia,fever,loss in weight,pain,sneezing,not vaccinated,anorexia,fever,loss in weight,pain,sneezing,0
dog,labrador retriever,13.1,34.4,recent surgery,restlessness,weakness,blue straws,death,pain,recent surgery,restlessness,weakness,blue straws,death,pain,0
dog,german shepherd,14.5,36.4,parasite history,loss of appetite,diarrhea,swollen purple wattle,swollen comb,lameness,parasite history,loss of appetite,diarrhea,swollen purple wattle,swollen comb,lameness,0
dog,boxer,8.7,23.9,chronic illness,vomiting,weight loss,diarrhea,weakness,weight loss,chronic illness,vomiting,weight loss,diarrhea,weakness,weight loss,0
dog,golden retriever,1.8,38.8,not vaccinated,fever,dysentery,swelling,immediate death,pain,not vaccinated,fever,dysentery,swelling,immediate death,pain,0
dog,yorkshire terrier,2.9,3.9,no previous conditions,fetopelvic dispropotion,uteria inertia,malpresentation,death,pains,no previous conditions,fetopelvic dispropotion,uteria inertia,malpresentation,death,pains,0
dog,beagle,10.4,27.0,not vaccinated,mortality varies,weight loss,coughing,animal become lame,weakness,not vaccinated,mortality varies,weight loss,coughing,animal become lame,weakness,0
dog,golden retriever,7.7,39.4,not vaccinated,fever,slightly swollen,lession on the skin,milky hard,papules appear on teats anad udder,not vaccinated,fever,slightly swollen,lession on the skin,milky hard,papules appear on teats anad udder,1
dog,german shepherd,15.0,26.8,no previous conditions,anorexia,sensitive to touch,sneezing,coughing,pain,no previous conditions,anorexia,sensitive to touch,sneezing,coughing,pain,0
dog,mixed breed,0.6,16.5,allergies,fever,reduce growth,kid moratality,weakness,dullness,allergies,fever,reduce growth,kid moratality,weakness,dullness,0
dog,yorkshire terrier,12.8,3.0,chronic illness,lethargy,anorexia,vomiting,diarrhea,dizziness,chronic illness,lethargy,anorexia,vomiting,diarrhea,dizziness,0
dog,boxer,12.8,25.0,recent surgery,fever,inflammed eye,coughing,depression,limping,recent surgery,fever,inflammed eye,coughing,depression,limping,0
dog,rottweiler,7.3,30.6,chronic illness,tear production,anversion to light,bluish white opacity,blindness,pains,chronic illness,tear production,anversion to light,bluish white opacity,blindness,pains,0
dog,mixed breed,1.9,40.0,no previous conditions,weakness,coughing,weakness,vomiting,diarrhea,no previous conditions,weakness,coughing,weakness,vomiting,diarrhea,0
dog,boxer,4.7,15.1,dental issues,lethargy,sloughing of the tail,fever,coughing,weight loss,dental issues,lethargy,sloughing of the tail,fever,coughing,weight loss,0
dog,boxer,13.8,16.1,no previous conditions,anorexia,nasal discharge,tachypea,fever,swelling of head and neck,no previous conditions,anorexia,nasal discharge,tachypea,fever,swelling of head and neck,0
dog,golden retriever,8.4,34.0,parasite history,fever,hyperesthesia,lethargy,lying down,fever,parasite history,fever,hyperesthesia,lethargy,lying down,fever,0
dog,german shepherd,14.9,37.9,dental issues,vomiting,weakness,anorexia,diarrhea,pain,dental issues,vomiting,weakness,anorexia,diarrhea,pain,0
dog,rottweiler,0.9,45.0,allergies,weight loss,anorexia,anorexia,vomiting,tachypea,allergies,weight loss,anorexia,anorexia,vomiting,tachypea,0
dog,boxer,11.7,24.6,previous kidney disease,pain,lethargy,weakness,diarrhea,stained wool,previous kidney disease,pain,lethargy,weakness,diarrhea,stained wool,0
dog,labrador retriever,6.3,43.0,vaccinated,diarrhea with muscus,tensemus,watery stool,flatulence,pains,vaccinated,diarrhea with muscus,tensemus,watery stool,flatulence,pains,0
dog,labrador retriever,5.7,31.3,chronic illness,anorexia,animal stop feed,lethargy,pain,vomiting,chronic illness,anorexia,animal stop feed,lethargy,pain,vomiting,0
dog,boxer,4.7,25.8,no previous conditions,fever,difficulty breathing,coughing,eye and skin change,unable to exercise,no previous conditions,fever,difficulty breathing,coughing,eye and skin change,unable to exercise,1
dog,german shepherd,15.0,45.0,no previous conditions,anorexia,weakness,anorexia,coughing,weight loss,no previous conditions,anorexia,weakness,anorexia,coughing,weight loss,0
dog,poodle,15.8,8.9,chronic illness,fever,loss of  appetite,coughing,lethargy,joint pain,chronic illness,fever,loss of appetite,coughing,lethargy,joint pain,0
dog,labrador retriever,15.1,36.1,allergies,fever,diarrhea,coughing,tiredness,pains,allergies,fever,diarrhea,coughing,tiredness,pains,0
dog,german shepherd,0.9,45.0,allergies,fever,diarrhea,muscus,weight loss,death,allergies,fever,diarrhea,muscus,weight loss,death,0
dog,boxer,14.6,19.6,previous kidney disease,fever,weakened legs,los of the ability to walk,mammary glads,fluif filled blisters,previous kidney disease,fever,weakened legs,los of the ability to walk,mammary glads,fluif filled blisters,0
dog,mixed breed,7.4,16.0,skin conditions history,facial edema,dyspnea,conjuctivtis,weakness,pharyngitis,skin conditions history,facial edema,dyspnea,conjuctivtis,weakness,pharyngitis,1
dog,boxer,8.8,22.9,allergies,anorexia,fever,fever,coughing,anorexia,allergies,anorexia,fever,fever,coughing,anorexia,0
dog,german shepherd,8.4,37.9,parasite history,fever,diarrhea,bloody droping,abdominal discomfort,lethargy,parasite history,fever,diarrhea,bloody droping,abdominal discomfort,lethargy,0
dog,mixed breed,6.8,14.3,allergies,coughing,sneezing,anorexia,coughing,muscle pain,allergies,coughing,sneezing,anorexia,coughing,muscle pain,0
dog,mixed breed,3.8,16.4,vaccinated,weight loss,eye become dull,diarrhea,fever,outstretched neck,vaccinated,weight loss,eye become dull,diarrhea,fever,outstretched neck,0
dog,boxer,12.9,17.5,skin conditions history,foul breath,bloody drool,facial swelling,lossened teeth,unable to eat,skin conditions history,foul breath,bloody drool,facial swelling,lossened teeth,unable to eat,1
dog,yorkshire terrier,8.9,9.4,not vaccinated,fever,diarrhea,swelling,weight loss,pain,not vaccinated,fever,diarrhea,swelling,weight loss,pain,0
dog,poodle,9.0,7.2,parasite history,anorexia,loss of earing,weakness,fever,sneezing,parasite history,anorexia,loss of earing,weakness,fever,sneezing,0
dog,bulldog,10.1,21.4,no previous conditions,lethargy,headache,inability to fly,diarrhea,pain,no previous conditions,lethargy,headache,inability to fly,diarrhea,pain,0
dog,bulldog,6.3,15.0,vaccinated,frequent eye infections,discharge from ear,weight loss,sneezing,fever,vaccinated,frequent eye infections,discharge from ear,weight loss,sneezing,fever,0
dog,poodle,1.9,6.6,no previous conditions,lepatomegaly,splenomegaly,vomiting,swollen,shaking oh head,no previous conditions,lepatomegaly,splenomegaly,vomiting,swollen,shaking oh head,0
dog,boxer,15.0,26.1,skin conditions history,diarrhea,join pains,foul breath,coughing,anorexia,skin conditions history,diarrhea,join pains,foul breath,coughing,anorexia,1
dog,bulldog,10.9,22.4,previous heart condition,weakness,flabby,sneezing,bloody diarhhea,anorexia,previous heart condition,weakness,flabby,sneezing,bloody diarhhea,anorexia,0
dog,rottweiler,5.4,35.9,parasite history,vomiting,weakness,coughing,sneezing,ulcers,parasite history,vomiting,weakness,coughing,sneezing,ulcers,1
dog,golden retriever,6.6,42.2,previous heart condition,cough,sneeze,droopy wings,twisted neck,droopy wings,previous heart condition,cough,sneeze,droopy wings,twisted neck,droopy wings,0
dog,labrador retriever,2.9,33.4,chronic illness,radip onset,stiff,muscle trembling,weakness,death,chronic illness,radip onset,stiff,muscle trembling,weakness,death,0
dog,boxer,15.4,18.7,allergies,loss of appetite,depression,overweight,diarrhea,ruffled feathers,allergies,loss of appetite,depression,overweight,diarrhea,ruffled feathers,0
dog,mixed breed,5.9,26.1,previous kidney disease,dullness,lacrimation,coughing,diarrhea,seizures,previous kidney disease,dullness,lacrimation,coughing,diarrhea,seizures,0
dog,labrador retriever,3.1,41.3,allergies,tail wagging,straining,lethargy,weakness,diarrhea,allergies,tail wagging,straining,lethargy,weakness,diarrhea,0
dog,yorkshire terrier,9.9,7.2,dental issues,deability,coughing,weight loss,weight loss,weight loss,dental issues,deability,coughing,weight loss,weight loss,weight loss,0
dog,german shepherd,11.4,26.8,previous heart condition,weight loss,constipation,loss of appetite,broody behavior,egg production stops,previous heart condition,weight loss,constipation,loss of appetite,broody behavior,egg production stops,0
dog,golden retriever,5.4,41.0,recent surgery,mortality,weight loss,dull ness,vomiting,sneezing,recent surgery,mortality,weight loss,dull ness,vomiting,sneezing,0
dog,rottweiler,0.7,31.4,skin conditions history,coughing,lethargy,sneezing,diarrhea,lethargy,skin conditions history,coughing,lethargy,sneezing,diarrhea,lethargy,1
dog,bulldog,5.5,29.1,previous kidney disease,mucus discharge from the eye,lethargy,fever,anorexia,sneezing,previous kidney disease,mucus discharge from the eye,lethargy,fever,anorexia,sneezing,0
dog,yorkshire terrier,7.8,4.0,previous kidney disease,fever,vomiting,vomiting,pain,weakness,previous kidney disease,fever,vomiting,vomiting,pain,weakness,0
dog,golden retriever,6.6,33.6,recent surgery,anorexia,anorexia,swollen abdomen,pain,diarrhea,recent surgery,anorexia,anorexia,swollen abdomen,pain,diarrhea,0
dog,yorkshire terrier,2.0,4.7,allergies,anorexia,weakness,coughing,coughing,pain,allergies,anorexia,weakness,coughing,coughing,pain,0
dog,yorkshire terrier,7.3,9.5,previous kidney disease,lethargy,weight loss,weakness,pain,progressive weakness,previous kidney disease,lethargy,weight loss,weakness,pain,progressive weakness,0
dog,boxer,2.0,23.3,parasite history,bleeding from other parts of the body,confusion,nasal discharge,loss of alertness,dizziness and fainting,parasite history,bleeding from other parts of the body,confusion,nasal discharge,loss of alertness,dizziness and fainting,0
dog,mixed breed,1.2,5.3,skin conditions history,constant pacing,facial muscle twitching,abnormalalities,blindness,muscle pain,skin conditions history,constant pacing,facial muscle twitching,abnormalalities,blindness,muscle pain,1
dog,rottweiler,13.9,32.3,not vaccinated,anorexia,diarrhea,vomiting,diarrhea,pain,not vaccinated,anorexia,diarrhea,vomiting,diarrhea,pain,0
dog,yorkshire terrier,11.3,9.9,skin conditions history,blood from mouth,diarrhea,coughing,lethargy,weight loss,skin conditions history,blood from mouth,diarrhea,coughing,lethargy,weight loss,1
dog,german shepherd,8.8,42.7,parasite history,lethargy,fever,diarrhea,abdominal discomfort,bloody droping,parasite history,lethargy,fever,diarrhea,abdominal discomfort,bloody droping,0
dog,beagle,6.4,19.6,vaccinated,coughing,pain,coughing,vomiting,sneezing,vaccinated,coughing,pain,coughing,vomiting,sneezing,0
dog,labrador retriever,13.6,27.9,vaccinated,dejection,loss of appetite,stress,coughing,pains,vaccinated,dejection,loss of appetite,stress,coughing,pains,0
dog,mixed breed,14.3,20.6,previous kidney disease,weakness,anorexia,fever,anorexia,trauma,previous kidney disease,weakness,anorexia,fever,anorexia,trauma,0
dog,bulldog,0.5,30.0,recent surgery,dark colored bloody,weight loss,pain,coughing,pain,recent surgery,dark colored bloody,weight loss,pain,coughing,pain,0
dog,rottweiler,0.8,34.6,previous kidney disease,short term lethargy,loss of  appetite,weekness in the back legs,rapid heart rate,week pulse,previous kidney disease,short term lethargy,loss of appetite,weekness in the back legs,rapid heart rate,week pulse,0
dog,golden retriever,8.0,33.8,not vaccinated,poor body condition,weight loss,sneezing,diarrhea,vomiting,not vaccinated,poor body condition,weight loss,sneezing,diarrhea,vomiting,0
dog,boxer,1.3,15.7,dental issues,sneezing,fever,bloody discharge,vomiting,weight loss,dental issues,sneezing,fever,bloody discharge,vomiting,weight loss,0
dog,beagle,2.2,15.0,recent surgery,coughing,pain,weight loss,pain,vomiting,recent surgery,coughing,pain,weight loss,pain,vomiting,0
dog,beagle,6.9,19.2,recent surgery,sneezing,weight loss,anorexia,lethargy,cough,recent surgery,sneezing,weight loss,anorexia,lethargy,cough,0
dog,german shepherd,4.4,31.0,dental issues,lethargy,weight loss,weakness,greenish-yellow nasal discharge,fever,dental issues,lethargy,weight loss,weakness,greenish-yellow nasal discharge,fever,0
dog,rottweiler,15.0,35.1,dental issues,fever,diarrhea,diarrhea,unilateral nasal discharge,anorexia,dental issues,fever,diarrhea,diarrhea,unilateral nasal discharge,anorexia,0
dog,labrador retriever,6.6,29.9,not vaccinated,pain,pyrexia,weight loss,lethargy,vomiting,not vaccinated,pain,pyrexia,weight loss,lethargy,vomiting,0
dog,rottweiler,3.5,27.0,allergies,fever,respiratory distress,weekness in the back legs,hyperesthesia,sudden death,allergies,fever,respiratory distress,weekness in the back legs,hyperesthesia,sudden death,0
dog,labrador retriever,1.4,43.1,chronic illness,cough,gasping for air,weight loss,gasping for breath,extending its neck,chronic illness,cough,gasping for air,weight loss,gasping for breath,extending its neck,0
dog,mixed breed,2.3,25.5,no previous conditions,death,despression,uteria inertia,pains,fetopelvic dispropotion,no previous conditions,death,despression,uteria inertia,pains,fetopelvic dispropotion,0
dog,boxer,8.4,17.0,recent surgery,fever,dark colored bloody,incoordination,difficulty in breathing,terminal convulsion,recent surgery,fever,dark colored bloody,incoordination,difficulty in breathing,terminal convulsion,0
dog,yorkshire terrier,11.5,6.5,not vaccinated,upset stomach,loss of appetite,nause,weight loss,abdonormal pain,not vaccinated,upset stomach,loss of appetite,nause,weight loss,abdonormal pain,0
dog,mixed breed,5.7,27.1,parasite history,deability,lethargy,vomiting,fever,sneezing,parasite history,deability,lethargy,vomiting,fever,sneezing,0
dog,poodle,10.8,7.6,dental issues,pain,difficult in respiration,good appetite,fever,fever,dental issues,pain,difficult in respiration,good appetite,fever,fever,0
dog,rottweiler,8.1,23.9,allergies,fever,depression,attack,bite other animals,pain,allergies,fever,depression,attack,bite other animals,pain,0
dog,rottweiler,8.5,35.5,recent surgery,weakness,testical pain,weight loss,pain,coughing,recent surgery,weakness,testical pain,weight loss,pain,coughing,0
dog,poodle,8.7,10.0,recent surgery,vomiting,diarrhea,sneezing,anorexia,bloody discharge,recent surgery,vomiting,diarrhea,sneezing,anorexia,bloody discharge,0
dog,yorkshire terrier,2.6,6.0,chronic illness,difficultty in breathing,jaundice,pain,pain,vomiting,chronic illness,difficultty in breathing,jaundice,pain,pain,vomiting,0
dog,golden retriever,12.2,25.0,skin conditions history,fever,anorexia,fever,weight loss,pain,skin conditions history,fever,anorexia,fever,weight loss,pain,1
dog,beagle,9.1,17.3,not vaccinated,fever,diffulty swallowing,excessive drooling,staggering,seizures,not vaccinated,fever,diffulty swallowing,excessive drooling,staggering,seizures,0
dog,mixed breed,4.6,25.6,vaccinated,air sacculitis,halitosis,coughing,enteritis,weight loss,vaccinated,air sacculitis,halitosis,coughing,enteritis,weight loss,0
dog,bulldog,0.6,23.7,previous kidney disease,coughing,weight loss,weight loss,facial defects,vomiting,previous kidney disease,coughing,weight loss,weight loss,facial defects,vomiting,0
dog,bulldog,4.2,23.2,previous kidney disease,fever,loss of appetite,lameness,rump,weight loss,previous kidney disease,fever,loss of appetite,lameness,rump,weight loss,0
dog,rottweiler,11.0,28.3,no previous conditions,loss of appetite,diarrhea,ruffled feathers,weight loss,inability to absorb nutrients,no previous conditions,loss of appetite,diarrhea,ruffled feathers,weight loss,inability to absorb nutrients,0
dog,golden retriever,12.4,35.8,vaccinated,diarrhea,pain,nible at their wool,diarrhea,weakness,vaccinated,diarrhea,pain,nible at their wool,diarrhea,weakness,0
dog,boxer,1.0,17.8,previous heart condition,staggering as drunk,partial paralysis,acting unnaturally tame,self mutilation,acting aggressive,previous heart condition,staggering as drunk,partial paralysis,acting unnaturally tame,self mutilation,acting aggressive,0
dog,poodle,5.8,4.2,dental issues,vomiting,sneezing,drooping wings,weight loss,twisted neck,dental issues,vomiting,sneezing,drooping wings,weight loss,twisted neck,0
dog,golden retriever,0.8,37.7,skin conditions history,bad breath,pawing at the face or nose,cough,sneezing,bleeding from the nose,skin conditions history,bad breath,pawing at the face or nose,cough,sneezing,bleeding from the nose,1
dog,labrador retriever,1.1,35.0,allergies,fever,abscessess,weight loss,inflamed nostrils,pain,allergies,fever,abscessess,weight loss,inflamed nostrils,pain,0
dog,rottweiler,9.1,36.9,recent surgery,fever,depression,small intestines,death,flock moratality,recent surgery,fever,depression,small intestines,death,flock moratality,0
dog,mixed breed,1.5,24.5,dental issues,decreased eyelid,very cold skin,lethargy,lip,fever,dental issues,decreased eyelid,very cold skin,lethargy,lip,fever,1
dog,yorkshire terrier,14.1,5.5,recent surgery,abdminal pain,indigestion,nausea,diarrhea,constipation,recent surgery,abdominal pain,indigestion,nausea,diarrhea,constipation,0
dog,yorkshire terrier,7.3,6.5,recent surgery,haemorrhage,straw colored,abdominal pain,death,carcass decomposes,recent surgery,haemorrhage,straw colored,abdominal pain,death,carcass decomposes,0
dog,rottweiler,5.6,45.0,recent surgery,poor coat condition,fever,fatique,infection of the skin,weight loss,recent surgery,poor coat condition,fever,fatique,infection of the skin,weight loss,1
dog,rottweiler,8.2,24.7,recent surgery,balance problem,abdominal destention,neck paralysis,weight loss,pains,recent surgery,balance problem,abdominal destention,neck paralysis,weight loss,pains,0
dog,mixed breed,8.7,19.0,vaccinated,rub,diarrhea,vomiting,weakness,lethargy,vaccinated,rub,diarrhea,vomiting,weakness,lethargy,0
dog,yorkshire terrier,14.0,7.9,allergies,fever,depression,loss of appetite,loss of appetite,pains,allergies,fever,depression,loss of appetite,loss of appetite,pains,0
dog,mixed breed,3.3,13.5,vaccinated,pain,pain,weight loss,anorexia,pain,vaccinated,pain,pain,weight loss,anorexia,pain,0
dog,mixed breed,1.7,40.0,dental issues,dry skin,pawing at the face or nose,pain,weakness,lethargy,dental issues,dry skin,pawing at the face or nose,pain,weakness,lethargy,1
dog,beagle,9.1,25.0,skin conditions history,fever,wound lesion,excess salivary,difficult in walking,pain,skin conditions history,fever,wound lesion,excess salivary,difficult in walking,pain,1
dog,bulldog,13.1,22.9,allergies,watering diarrhea,depression,emaciation,ruffled coat,lethargy,allergies,watering diarrhea,depression,emaciation,ruffled coat,lethargy,0
dog,german shepherd,10.0,42.6,allergies,air sacculitis,halitosis,coughing,enteritis,weight loss,allergies,air sacculitis,halitosis,coughing,enteritis,weight loss,0
dog,labrador retriever,10.7,35.6,no previous conditions,fever,loss of  appetite,coughing,lameness,swelling of joints,no previous conditions,fever,loss of appetite,coughing,lameness,swelling of joints,0
dog,german shepherd,1.7,33.7,no previous conditions,pain,fever,vomiting,decreased stool production,weight loss,no previous conditions,pain,fever,vomiting,decreased stool production,weight loss,0
dog,poodle,9.5,5.5,previous kidney disease,vomiting,fever,distended chest,weight loss,urination,previous kidney disease,vomiting,fever,distended chest,weight loss,urination,0
dog,rottweiler,4.8,38.5,dental issues,muscle stiffness,weakness,small red bumps,lethargy,short stature,dental issues,muscle stiffness,weakness,small red bumps,lethargy,short stature,0
dog,yorkshire terrier,5.7,6.1,chronic illness,diarrhea,sneezing,diarrhea,lethargy,weakness,chronic illness,diarrhea,sneezing,diarrhea,lethargy,weakness,0
dog,yorkshire terrier,7.6,10.0,not vaccinated,enlarged thymus,obstructed lungs,lethargy,skin rashes,weight loss,not vaccinated,enlarged thymus,obstructed lungs,lethargy,skin rashes,weight loss,1
dog,boxer,12.8,24.8,parasite history,loss of appetite,vomiting,pain and bloating,experiencing changes in weight,burning ache or pain,parasite history,loss of appetite,vomiting,pain and bloating,experiencing changes in weight,burning ache or pain,0
dog,boxer,13.2,26.4,previous heart condition,pain,lethargy,lethargy,weakness,smell of ammonia,previous heart condition,pain,lethargy,lethargy,weakness,smell of ammonia,0
dog,german shepherd,5.7,45.0,parasite history,pain,sneezing,weak pulse,sneezing,irritation,parasite history,pain,sneezing,weak pulse,sneezing,irritation,0
dog,golden retriever,10.1,35.4,allergies,diarrhea,swollen lymph nodes,diarrhea,distended stomach,coughing,allergies,diarrhea,swollen lymph nodes,diarrhea,distended stomach,coughing,0
dog,bulldog,11.3,22.7,previous kidney disease,fever,loss of appetite,ear infection,depression,nasal discharge,previous kidney disease,fever,loss of appetite,ear infection,depression,nasal discharge,0
dog,labrador retriever,11.2,34.5,skin conditions history,pain,weight loss,anorexia,weakness,vomiting,skin conditions history,pain,weight loss,anorexia,weakness,vomiting,1
dog,boxer,0.8,15.0,not vaccinated,weakness,coughing,pain,coughing,coughing,not vaccinated,weakness,coughing,pain,coughing,coughing,0
dog,golden retriever,9.7,42.2,chronic illness,restlessness,kick,lethargy,nible at their wool,scratching,chronic illness,restlessness,kick,lethargy,nible at their wool,scratching,0
dog,yorkshire terrier,12.1,8.3,skin conditions history,fetopelvic dispropotion,uteria inertia,malpresentation,death,pains,skin conditions history,fetopelvic dispropotion,uteria inertia,malpresentation,death,pains,1
dog,labrador retriever,5.7,34.0,no previous conditions,fetopelvic dispropotion,uteria inertia,death,pains,malpresentation,no previous conditions,fetopelvic dispropotion,uteria inertia,death,pains,malpresentation,0
dog,labrador retriever,2.8,36.9,skin conditions history,coughing,weight loss,anorexia,pain,weight loss,skin conditions history,coughing,weight loss,anorexia,pain,weight loss,1
dog,poodle,11.1,6.3,no previous conditions,sudden death,loss of appetite,rapid heartbeats,fluffed feathers,lack of vocalizations,no previous conditions,sudden death,loss of appetite,rapid heartbeats,fluffed feathers,lack of vocalizations,0
dog,poodle,9.4,3.8,not vaccinated,skin rashes,stripped remiges,coughing,weakness,fever,not vaccinated,skin rashes,stripped remiges,coughing,weakness,fever,1
dog,beagle,9.7,23.1,previous kidney disease,vomiting,weakness,vomiting,gasc,weight loss,previous kidney disease,vomiting,weakness,vomiting,gasc,weight loss,0
dog,rottweiler,5.8,30.4,allergies,fetopelvic dispropotion,uteria inertia,malpresentation,death,pains,allergies,fetopelvic dispropotion,uteria inertia,malpresentation,death,pains,0
dog,labrador retriever,8.9,37.7,recent surgery,sneezing,pain,anorexia,pain,loss of appettite,recent surgery,sneezing,pain,anorexia,pain,loss of appettite,0
dog,poodle,4.4,4.4,allergies,vomiting,anorexia,stomach cramps,lightheadedness,weight loss,allergies,vomiting,anorexia,stomach cramps,lightheadedness,weight loss,0
dog,poodle,1.1,4.0,dental issues,sneezing,diarrhea,weakness,weakness,weakness,dental issues,sneezing,diarrhea,weakness,weakness,weakness,0
dog,mixed breed,14.5,29.9,no previous conditions,anorexia,weight loss,poor body condition,sneezing,vomiting,no previous conditions,anorexia,weight loss,poor body condition,sneezing,vomiting,0
dog,rottweiler,5.8,24.6,skin conditions history,weakness,stomach cramps,paresis,paralysis,diarrhea,skin conditions history,weakness,stomach cramps,paresis,paralysis,diarrhea,1
dog,yorkshire terrier,1.0,10.3,previous heart condition,swelling on leg,painfull,poor appetite,broken bones,nasal discharge,previous heart condition,swelling on leg,painfull,poor appetite,broken bones,nasal discharge,0
dog,german shepherd,12.1,45.0,recent surgery,weakness,pain,weakness,diarrhea,pain,recent surgery,weakness,pain,weakness,diarrhea,pain,0
dog,german shepherd,1.3,38.1,parasite history,poor appetite,diarrhea,ulcers,enlarged lymph nodes,tarry stool,parasite history,poor appetite,diarrhea,ulcers,enlarged lymph nodes,tarry stool,1
dog,bulldog,11.1,18.7,previous heart condition,consistency of milk,drooling,anorexia,sneezing,listlessness,previous heart condition,consistency of milk,drooling,anorexia,sneezing,listlessness,0
dog,mixed breed,9.6,40.0,previous kidney disease,thrist and urination,muscle pain,vomiting,diarrhea,fever,previous kidney disease,thrist and urination,muscle pain,vomiting,diarrhea,fever,0
dog,boxer,7.3,23.4,allergies,anorexia,lethargy,fever,abnormal conformation,weight loss,allergies,anorexia,lethargy,fever,abnormal conformation,weight loss,0
dog,labrador retriever,0.5,36.2,parasite history,coughing,stealing,pain,lethargy,anorexia,parasite history,coughing,stealing,pain,lethargy,anorexia,0
dog,mixed breed,10.2,11.4,chronic illness,rhinitis,pneumonia,abscessess,torticollis,septicemia,chronic illness,rhinitis,pneumonia,abscessess,torticollis,septicemia,0
dog,poodle,0.5,4.2,recent surgery,sneezing,pain,coughing,weight loss,anorexia,recent surgery,sneezing,pain,coughing,weight loss,anorexia,0
dog,bulldog,2.7,27.1,previous heart condition,lethargy,anorexia,pain,distended chest,pain,previous heart condition,lethargy,anorexia,pain,distended chest,pain,0
dog,labrador retriever,15.0,37.4,parasite history,swelling,gas,coughing,broken bones,fever,parasite history,swelling,gas,coughing,broken bones,fever,0
dog,labrador retriever,3.0,32.5,chronic illness,death,weakness,stiff,radip onset,muscle trembling,chronic illness,death,weakness,stiff,radip onset,muscle trembling,0
dog,bulldog,11.5,20.9,not vaccinated,fever,diarrhea,bloody droping,abdominal discomfort,lethargy,not vaccinated,fever,diarrhea,bloody droping,abdominal discomfort,lethargy,0
dog,bulldog,4.6,26.9,not vaccinated,unable to urinate,lightheadedness,droopiness,rectal bleeding,swollen abdomen,not vaccinated,unable to urinate,lightheadedness,droopiness,rectal bleeding,swollen abdomen,0
dog,labrador retriever,3.1,35.6,chronic illness,loss of appetite,rapid pulse and heart rates,fever,lameness in affected leg,depression,chronic illness,loss of appetite,rapid pulse and heart rates,fever,lameness in affected leg,depression,0
dog,rottweiler,15.0,32.1,not vaccinated,nesting behaviour,diarrhea,diarrhea,coughing,pain,not vaccinated,nesting behaviour,diarrhea,diarrhea,coughing,pain,0
dog,labrador retriever,5.9,45.0,not vaccinated,diarrhea,sneezing,weakness,coughing,weakness,not vaccinated,diarrhea,sneezing,weakness,coughing,weakness,0
dog,bulldog,1.7,18.4,skin conditions history,diarrhea,periodic vommiting,vomiting,redness of white of the eye,coughing,skin conditions history,diarrhea,periodic vommiting,vomiting,redness of white of the eye,coughing,1
dog,bulldog,9.9,16.5,skin conditions history,weight loss,fever,diarrhea,depression,scratches,skin conditions history,weight loss,fever,diarrhea,depression,scratches,1
dog,bulldog,12.5,27.2,no previous conditions,anorexia,anorexia,sneezing,vomiting,pain,no previous conditions,anorexia,anorexia,sneezing,vomiting,pain,0
dog,mixed breed,9.6,12.2,dental issues,apathy,depression,dilation of duodenum,cloacal pasting,congestion,dental issues,apathy,depression,dilation of duodenum,cloacal pasting,congestion,0
dog,boxer,0.5,20.2,no previous conditions,white mark on the muscle,diarrhea,pain,sneezing,diarrhea,no previous conditions,white mark on the muscle,diarrhea,pain,sneezing,diarrhea,0
dog,poodle,2.0,8.9,vaccinated,sneezing,diarrhea,fever,vomiting,fluif filled blisters,vaccinated,sneezing,diarrhea,fever,vomiting,fluif filled blisters,0
dog,mixed breed,7.0,14.3,chronic illness,death,hyperexcitability,muscular spasms,gums,pains,chronic illness,death,hyperexcitability,muscular spasms,gums,pains,0
dog,rottweiler,11.0,38.9,allergies,lepatomegaly,splenomegaly,vomiting,swollen,shaking oh head,allergies,lepatomegaly,splenomegaly,vomiting,swollen,shaking oh head,0
dog,bulldog,5.9,17.0,skin conditions history,fever,fever,fever,sneezing,weight loss,skin conditions history,fever,fever,fever,sneezing,weight loss,1
dog,yorkshire terrier,8.0,3.5,no previous conditions,trembling,stiffness,white mark on the muscle,loss of vitamin e,weakness,no previous conditions,trembling,stiffness,white mark on the muscle,loss of vitamin e,weakness,0
dog,labrador retriever,7.0,32.3,no previous conditions,weight loss,vomiting,anorexia,sneezing,vomiting,no previous conditions,weight loss,vomiting,anorexia,sneezing,vomiting,0
dog,german shepherd,13.4,37.7,recent surgery,fever,diarrhea,coughing,tiredness,pains,recent surgery,fever,diarrhea,coughing,tiredness,pains,0
dog,bulldog,11.3,22.3,previous kidney disease,fever,loss of appetite,ear infection,depression,nasal discharge,previous kidney disease,fever,loss of appetite,ear infection,depression,nasal discharge,0
dog,bulldog,4.3,24.8,skin conditions history,sores on lip,infection,sores on lower leg and teats,lesion,pain,skin conditions history,sores on lip,infection,sores on lower leg and teats,lesion,pain,1
dog,german shepherd,5.5,33.2,recent surgery,thirst,loss of appetite,ruffled feathers,diarrhea,closed eyes,recent surgery,thirst,loss of appetite,ruffled feathers,diarrhea,closed eyes,0
dog,mixed breed,2.9,22.7,vaccinated,pain,weight loss,weakness,signs in rams,dry skin,vaccinated,pain,weight loss,weakness,signs in rams,dry skin,1
dog,boxer,7.4,20.4,no previous conditions,vomiting,foul smelling,weight loss,pain,pain,no previous conditions,vomiting,foul smelling,weight loss,pain,pain,0
dog,german shepherd,0.8,35.9,skin conditions history,blurry vision,watery eyes,dizziness and fainting,excessive blood loss,slow growth,skin conditions history,blurry vision,watery eyes,dizziness and fainting,excessive blood loss,slow growth,1
dog,beagle,8.2,21.8,no previous conditions,weakness,diarrhea,tremors,weight loss,vomiting,no previous conditions,weakness,diarrhea,tremors,weight loss,vomiting,0
dog,bulldog,0.5,18.5,previous heart condition,fever,weakness,anorexia,flat ribs,flatulence,previous heart condition,fever,weakness,anorexia,flat ribs,flatulence,0
dog,poodle,5.0,5.3,not vaccinated,extreme thirst,pain,hydrophobia,pain,weight loss,not vaccinated,extreme thirst,pain,hydrophobia,pain,weight loss,0
dog,beagle,13.0,26.5,recent surgery,ulcers,back pain,tarry stool,enlarged lymph nodes,diarrhea,recent surgery,ulcers,back pain,tarry stool,enlarged lymph nodes,diarrhea,1
dog,poodle,2.8,5.5,not vaccinated,jaundice,loss of appetite,rough hair coat,coughing,death,not vaccinated,jaundice,loss of appetite,rough hair coat,coughing,death,0
dog,beagle,11.1,28.4,parasite history,coughing,dry or tacky gums,weakness,pain,vomiting,parasite history,coughing,dry or tacky gums,weakness,pain,vomiting,0
dog,yorkshire terrier,7.4,6.5,dental issues,pain,swollen lymph nodes,swelling,weight loss,fever,dental issues,pain,swollen lymph nodes,swelling,weight loss,fever,0
dog,golden retriever,6.6,44.4,not vaccinated,loss of appetite,thirst,ruffled feathers,closed eyes,diarrhea,not vaccinated,loss of appetite,thirst,ruffled feathers,closed eyes,diarrhea,0
dog,bulldog,6.0,21.6,chronic illness,weight loss,carcass decomposes,inability to stand,weakness,pain,chronic illness,weight loss,carcass decomposes,inability to stand,weakness,pain,0
dog,golden retriever,6.5,45.0,chronic illness,coughing,excess sleeping,lethargy,anorexia,diarrhea,chronic illness,coughing,excess sleeping,lethargy,anorexia,diarrhea,0
dog,mixed breed,3.2,23.1,dental issues,sneezing,lethargy,anversion to light,torticollis,lethargy,dental issues,sneezing,lethargy,anversion to light,torticollis,lethargy,0
dog,labrador retriever,9.6,28.5,vaccinated,loss in weight,emaciation,loss of appetite,weakness,diarrhoea,vaccinated,loss in weight,emaciation,loss of appetite,weakness,diarrhoea,0
dog,boxer,1.7,30.3,previous heart condition,fever,difficulty breathing,enlarged lymph nodes or swelling,thrist and urination,weight loss,previous heart condition,fever,difficulty breathing,enlarged lymph nodes or swelling,thrist and urination,weight loss,0
dog,labrador retriever,15.0,42.1,allergies,fever,red and inflammation ear,weight loss,lethargy,diarrhea,allergies,fever,red and inflammation ear,weight loss,lethargy,diarrhea,0
dog,german shepherd,6.1,33.6,allergies,fever,sneezing,green dropping,fever,weakness,allergies,fever,sneezing,green dropping,fever,weakness,0
dog,rottweiler,2.3,25.0,parasite history,difficulty breathing,fever,sneezing,coughing,lethargy,parasite history,difficulty breathing,fever,sneezing,coughing,lethargy,0
dog,yorkshire terrier,3.2,7.0,vaccinated,firm,coughing,fever,lethargy,excessive eye watering,vaccinated,firm,coughing,fever,lethargy,excessive eye watering,0
dog,german shepherd,5.6,35.4,chronic illness,stillbirth,pain,abortion,weak kids,mummification,chronic illness,stillbirth,pain,abortion,weak kids,mummification,0
dog,beagle,7.2,26.8,recent surgery,difficulty moving and eating,sneezing,vomiting,anorexia,head tilt,recent surgery,difficulty moving and eating,sneezing,vomiting,anorexia,head tilt,0
dog,poodle,2.9,6.0,not vaccinated,coughing,rough hair coat,death,loss of appetite,jaundice,not vaccinated,coughing,rough hair coat,death,loss of appetite,jaundice,0
dog,labrador retriever,11.6,25.0,recent surgery,diarrhea,pain,sneezing,lethargy,vomiting,recent surgery,diarrhea,pain,sneezing,lethargy,vomiting,0
dog,beagle,2.3,21.7,no previous conditions,normal appetite,diarrhea,swelling may occur under jaw,weight loss,drop in milk production,no previous conditions,normal appetite,diarrhea,swelling may occur under jaw,weight loss,drop in milk production,0
dog,german shepherd,4.6,31.0,previous kidney disease,vomiting,pain,coughing,weakness,signs in ewe,previous kidney disease,vomiting,pain,coughing,weakness,signs in ewe,0
dog,boxer,10.3,26.1,previous heart condition,diarrhea,anorexia,tender to touch,weight loss,anorexia,previous heart condition,diarrhea,anorexia,tender to touch,weight loss,anorexia,0
dog,labrador retriever,4.3,35.1,previous heart condition,epistaxis,pain,pain,lethargy,septic arthritis,previous heart condition,epistaxis,pain,pain,lethargy,septic arthritis,0
dog,german shepherd,12.5,31.4,dental issues,fetopelvic dispropotion,uteria inertia,malpresentation,death,pains,dental issues,fetopelvic dispropotion,uteria inertia,malpresentation,death,pains,0
dog,bulldog,7.9,28.3,not vaccinated,fever,diarrhea,enteritis,weight loss,stomach  cramps,not vaccinated,fever,diarrhea,enteritis,weight loss,stomach cramps,0
dog,german shepherd,2.7,27.1,chronic illness,fever,difficulty breathing,poor appetite,eye and skin change,unable to exercise,chronic illness,fever,difficulty breathing,poor appetite,eye and skin change,unable to exercise,1
dog,labrador retriever,12.2,34.4,previous kidney disease,sneezing,diarrhea,lethargy,lack of coordination,weight loss,previous kidney disease,sneezing,diarrhea,lethargy,lack of coordination,weight loss,0
dog,poodle,13.5,3.0,skin conditions history,lethargy,pain,blue eye,coughing,fever,skin conditions history,lethargy,pain,blue eye,coughing,fever,1
dog,bulldog,10.3,17.4,previous heart condition,fever,weakened legs,los of the ability to walk,mammary glads,fluif filled blisters,previous heart condition,fever,weakened legs,los of the ability to walk,mammary glads,fluif filled blisters,0
dog,rottweiler,5.8,31.1,chronic illness,weakness,coughing,pain,fever,pain,chronic illness,weakness,coughing,pain,fever,pain,0
dog,poodle,8.7,4.0,recent surgery,weakness,abdominal destention,weight loss,gums,nesting behaviour,recent surgery,weakness,abdominal destention,weight loss,gums,nesting behaviour,0
dog,german shepherd,2.7,37.1,allergies,vaginal discharge,sneezing,pain,coughing,vomiting,allergies,vaginal discharge,sneezing,pain,coughing,vomiting,0
dog,rottweiler,5.9,38.3,allergies,coughing,lethargy,anorexia,vomiting,diarrhea,allergies,coughing,lethargy,anorexia,vomiting,diarrhea,0
dog,golden retriever,5.2,28.5,recent surgery,pain,coughing,pain,lethargy,weight loss,recent surgery,pain,coughing,pain,lethargy,weight loss,0
dog,yorkshire terrier,5.3,7.5,dental issues,decreased milk,holding limbs off the ground,weight loss,lameness,wool production,dental issues,decreased milk,holding limbs off the ground,weight loss,lameness,wool production,0
dog,mixed breed,2.1,11.7,vaccinated,sneezing,undigested seeds,lethargy,lethargy,vomiting,vaccinated,sneezing,undigested seeds,lethargy,lethargy,vomiting,0
dog,german shepherd,9.4,41.4,previous heart condition,vomiting,pain,pain,coughing,lethargy,previous heart condition,vomiting,pain,pain,coughing,lethargy,0
dog,labrador retriever,5.3,27.4,recent surgery,diphtherictic,lethargy,raised growth or bump,weakness,sneezing,recent surgery,diphtherictic,lethargy,raised growth or bump,weakness,sneezing,0
dog,bulldog,11.6,26.6,previous heart condition,diarrhea,weight loss,fever,coughing,lethargy,previous heart condition,diarrhea,weight loss,fever,coughing,lethargy,0
dog,labrador retriever,13.0,39.4,parasite history,diarrhea,sneezing,anorexia,anorexia,weakness,parasite history,diarrhea,sneezing,anorexia,anorexia,weakness,0
dog,rottweiler,1.8,38.7,no previous conditions,coughing,fever,weight loss,vomiting,willnot run to jump,no previous conditions,coughing,fever,weight loss,vomiting,willnot run to jump,0
dog,boxer,12.5,25.3,parasite history,pain,lethargy,fever,join pains,lethargy,parasite history,pain,lethargy,fever,join pains,lethargy,0
dog,german shepherd,4.9,37.7,recent surgery,loss of appetite,thirst,ruffled feathers,closed eyes,diarrhea,recent surgery,loss of appetite,thirst,ruffled feathers,closed eyes,diarrhea,0
dog,rottweiler,4.2,28.2,allergies,anorexia,feline infections,fever,vomiting,fever,allergies,anorexia,feline infections,fever,vomiting,fever,0
dog,beagle,8.8,30.0,previous kidney disease,sleeping excessively,diarrhea,anorexia,appetite,diarrhea,previous kidney disease,sleeping excessively,diarrhea,anorexia,appetite,diarrhea,0
dog,german shepherd,2.8,28.9,chronic illness,fever,difficulty breathing,poor appetite,eye and skin change,unable to exercise,chronic illness,fever,difficulty breathing,poor appetite,eye and skin change,unable to exercise,1
dog,labrador retriever,0.5,25.0,previous heart condition,eye disharge,vomiting,erythema,lethargy,weight loss,previous heart condition,eye disharge,vomiting,erythema,lethargy,weight loss,1
dog,rottweiler,13.5,34.7,previous kidney disease,diarrhea,clouded cornea,sneezing,blue colored lip,fever,previous kidney disease,diarrhea,clouded cornea,sneezing,blue colored lip,fever,0
dog,mixed breed,8.5,5.3,parasite history,anorexia,vomiting,decreased growth of bone,seizuers,diarrhea,parasite history,anorexia,vomiting,decreased growth of bone,seizuers,diarrhea,0
dog,mixed breed,10.3,5.0,previous kidney disease,pain,distress,weakness,lethargy,lethargy,previous kidney disease,pain,distress,weakness,lethargy,lethargy,0
dog,boxer,0.9,26.5,chronic illness,swollen,milk getting out more watery,hot udder,red-colored,milk getting out more thick,chronic illness,swollen,milk getting out more watery,hot udder,red-colored,milk getting out more thick,0
dog,german shepherd,12.6,31.4,recent surgery,pains,stop eating,stop drinking,change their normal behaviour,lameness,recent surgery,pains,stop eating,stop drinking,change their normal behaviour,lameness,0
dog,poodle,0.5,8.2,parasite history,lethargy,pain,weakness,lethargy,pain,parasite history,lethargy,pain,weakness,lethargy,pain,0
dog,beagle,0.9,19.2,not vaccinated,fever,loss of appetite,scartches,death,pains,not vaccinated,fever,loss of appetite,scartches,death,pains,0
dog,rottweiler,8.0,41.4,allergies,weakness,weight loss,sneezing,mouth lesion,sneezing,allergies,weakness,weight loss,sneezing,mouth lesion,sneezing,1
dog,poodle,14.1,5.9,chronic illness,weakness,weight loss,stealing,weight loss,fever,chronic illness,weakness,weight loss,stealing,weight loss,fever,0
dog,yorkshire terrier,8.0,11.3,not vaccinated,enlarged thymus,obstructed lungs,lethargy,skin rashes,weight loss,not vaccinated,enlarged thymus,obstructed lungs,lethargy,skin rashes,weight loss,1
dog,rottweiler,3.0,32.9,skin conditions history,pain,weakness,itchiness,pain,pain,skin conditions history,pain,weakness,itchiness,pain,pain,1
dog,german shepherd,13.9,26.4,parasite history,weight loss,lesions on ear,diarrhea,sneezing,pain,parasite history,weight loss,lesions on ear,diarrhea,sneezing,pain,1
dog,rottweiler,14.6,38.9,chronic illness,confusion,nasal discharge,dizziness and fainting,loss of alertness,bleeding from other parts of the body,chronic illness,confusion,nasal discharge,dizziness and fainting,loss of alertness,bleeding from other parts of the body,0
dog,mixed breed,11.5,15.9,skin conditions history,weight loss,scartching ear,weight loss,lethargy,vomiting,skin conditions history,weight loss,scartching ear,weight loss,lethargy,vomiting,1
dog,bulldog,11.7,20.5,vaccinated,lethargy,anorexia,lossened teeth,sneezing,fever,vaccinated,lethargy,anorexia,lossened teeth,sneezing,fever,0
dog,mixed breed,3.9,34.7,allergies,anorexia,rubbing eye,paresis,fever,diarrhea,allergies,anorexia,rubbing eye,paresis,fever,diarrhea,0
dog,rottweiler,11.7,45.0,previous kidney disease,lepatomegaly,swollen,vomiting,splenomegaly,shaking oh head,previous kidney disease,lepatomegaly,swollen,vomiting,splenomegaly,shaking oh head,0
dog,poodle,8.9,9.9,not vaccinated,anorexia,diarrhea,anorexia,fever,weakness,not vaccinated,anorexia,diarrhea,anorexia,fever,weakness,0
dog,poodle,13.6,3.0,chronic illness,diarrhea,sneezing,anorexia,pox lesion,weight loss,chronic illness,diarrhea,sneezing,anorexia,pox lesion,weight loss,1
dog,poodle,10.7,4.5,vaccinated,fever,willnot run to jump,weight loss,weakness,pain,vaccinated,fever,willnot run to jump,weight loss,weakness,pain,0
dog,bulldog,13.3,20.0,vaccinated,vomiting,shallow breathing,pain,shivering,weight loss,vaccinated,vomiting,shallow breathing,pain,shivering,weight loss,0
dog,german shepherd,9.9,43.5,vaccinated,diarrhea,fever,lethargy,coughing,weakness,vaccinated,diarrhea,fever,lethargy,coughing,weakness,0
dog,labrador retriever,11.9,32.3,previous heart condition,vomiting,weight loss,morbidity,fever,beak overgrowth,previous heart condition,vomiting,weight loss,morbidity,fever,beak overgrowth,0
dog,german shepherd,1.9,37.3,previous kidney disease,diarrhea,fever,weight loss,weight loss,pain,previous kidney disease,diarrhea,fever,weight loss,weight loss,pain,0
dog,bulldog,4.2,20.8,no previous conditions,weakness,pain,sneezing,sneezing,lack of vocalizations,no previous conditions,weakness,pain,sneezing,sneezing,lack of vocalizations,0
dog,yorkshire terrier,9.9,6.9,parasite history,fever,weightloss,dyspnea,coughing,lethargy,parasite history,fever,weightloss,dyspnea,coughing,lethargy,0
dog,rottweiler,3.1,45.0,recent surgery,diarrhea,acting unnaturally tame,sore,anorexia,weakness,recent surgery,diarrhea,acting unnaturally tame,sore,anorexia,weakness,0
dog,rottweiler,3.0,37.8,vaccinated,coughing,pain,anorexia,fever,weight loss,vaccinated,coughing,pain,anorexia,fever,weight loss,0
dog,boxer,0.9,26.5,chronic illness,puffed_up feather,seizures,headache,half-closed eye,less eat,chronic illness,puffed_up feather,seizures,headache,half-closed eye,less eat,0
dog,rottweiler,9.5,42.4,recent surgery,apathy,depression,dilation of duodenum,cloacal pasting,congestion,recent surgery,apathy,depression,dilation of duodenum,cloacal pasting,congestion,0
dog,poodle,9.1,7.7,no previous conditions,fever,fever,coughing,skin colour change,discharge from ear,no previous conditions,fever,fever,coughing,skin colour change,discharge from ear,1
dog,german shepherd,3.9,41.8,skin conditions history,fever,loss of  appetite,reduce energy,lameness,swelling of joints,skin conditions history,fever,loss of appetite,reduce energy,lameness,swelling of joints,1
dog,labrador retriever,10.6,44.5,not vaccinated,abortion on late pregancy,stillbirth,retained placenda,endomeritis,decrease appetite,not vaccinated,abortion on late pregancy,stillbirth,retained placenda,endomeritis,decrease appetite,0
dog,mixed breed,11.9,25.5,recent surgery,nible at their wool,sneezing,weight loss,anorexia,diarrhea,recent surgery,nible at their wool,sneezing,weight loss,anorexia,diarrhea,0
dog,bulldog,9.4,27.8,no previous conditions,fever,loss of  appetite,coughing,lethargy,joint pain,no previous conditions,fever,loss of appetite,coughing,lethargy,joint pain,0
dog,boxer,14.8,18.2,dental issues,overweight,depression,loss of appetite,ruffled feathers,diarrhea,dental issues,overweight,depression,loss of appetite,ruffled feathers,diarrhea,0
dog,german shepherd,1.3,32.0,previous kidney disease,vomiting,anorexia,sneezing,weight loss,sneezing,previous kidney disease,vomiting,anorexia,sneezing,weight loss,sneezing,0
dog,mixed breed,5.6,26.1,no previous conditions,vomiting,weight loss,pain,inflammation,weakness,no previous conditions,vomiting,weight loss,pain,inflammation,weakness,0
dog,beagle,7.7,27.6,skin conditions history,puffed_up feather,weight loss,diarrhea,fever,diarrhea,skin conditions history,puffed_up feather,weight loss,diarrhea,fever,diarrhea,1
dog,golden retriever,9.8,27.1,recent surgery,fever,respiratory distress,mucous discharge,reduce feed,weight gain,recent surgery,fever,respiratory distress,mucous discharge,reduce feed,weight gain,0
dog,yorkshire terrier,4.1,7.3,chronic illness,nosebleed,fever,fever,coughing,inability to stand,chronic illness,nosebleed,fever,fever,coughing,inability to stand,0
dog,rottweiler,8.7,37.2,recent surgery,apathy,depression,dilation of duodenum,cloacal pasting,congestion,recent surgery,apathy,depression,dilation of duodenum,cloacal pasting,congestion,0
dog,mixed breed,9.9,22.3,skin conditions history,fever,anorexia,fever,fever,sneezing,skin conditions history,fever,anorexia,fever,fever,sneezing,1
dog,german shepherd,8.7,37.3,recent surgery,swollen lymph nodes,difficulty walking,watery stool,lethargy,vaginal discharge,recent surgery,swollen lymph nodes,difficulty walking,watery stool,lethargy,vaginal discharge,0
dog,golden retriever,0.8,37.2,skin conditions history,bad breath,pawing at the face or nose,cough,sneezing,bleeding from the nose,skin conditions history,bad breath,pawing at the face or nose,cough,sneezing,bleeding from the nose,1
dog,yorkshire terrier,11.9,5.5,dental issues,dribbling of saliva,fever,moist and painfull,inability of swalllon feeding,difficulty in breathing,dental issues,dribbling of saliva,fever,moist and painfull,inability of swalllon feeding,difficulty in breathing,0
dog,yorkshire terrier,11.5,8.3,previous kidney disease,vomiting,vomiting,anorexia,coughing,weakness,previous kidney disease,vomiting,vomiting,anorexia,coughing,weakness,0
dog,golden retriever,2.9,42.3,parasite history,sudden death,seizuers,hyperesthesia,respiratory distress,fever,parasite history,sudden death,seizuers,hyperesthesia,respiratory distress,fever,0
dog,bulldog,4.4,24.7,previous kidney disease,fever,diarrhea,vomiting,stomach cramps,nausea,previous kidney disease,fever,diarrhea,vomiting,stomach cramps,nausea,0
dog,poodle,2.9,5.3,not vaccinated,jaundice,loss of appetite,rough hair coat,coughing,death,not vaccinated,jaundice,loss of appetite,rough hair coat,coughing,death,0
dog,rottweiler,6.5,29.4,vaccinated,pains,pawing at bedding,stealing,isolation from flock,nesting behaviour,vaccinated,pains,pawing at bedding,stealing,isolation from flock,nesting behaviour,0
dog,bulldog,6.3,24.7,vaccinated,fever,loss of appetite,lameness,rump,weight loss,vaccinated,fever,loss of appetite,lameness,rump,weight loss,0
dog,boxer,10.0,26.7,dental issues,weight loss,fever,production of mucus,coughing,paresis,dental issues,weight loss,fever,production of mucus,coughing,paresis,0
dog,rottweiler,8.1,30.8,not vaccinated,sneezing,lethargy,diarrhea,vomiting,oedema,not vaccinated,sneezing,lethargy,diarrhea,vomiting,oedema,0
dog,poodle,3.2,4.8,previous kidney disease,lethargy,anorexia,half-closed eye,dirty,lethargy,previous kidney disease,lethargy,anorexia,half-closed eye,dirty,lethargy,0
dog,poodle,3.6,4.4,vaccinated,coughing,fever,vomiting,depression,vomiting,vaccinated,coughing,fever,vomiting,depression,vomiting,0
dog,bulldog,11.5,19.8,no previous conditions,paresis,paralysis,weakness,stomach cramps,diarrhea,no previous conditions,paresis,paralysis,weakness,stomach cramps,diarrhea,0
dog,yorkshire terrier,11.9,4.1,previous kidney disease,pox lession on skin,fever,skin reashes,mortality varies,nasal discharge,previous kidney disease,pox lession on skin,fever,skin reashes,mortality varies,nasal discharge,1
dog,labrador retriever,11.4,34.9,parasite history,weight loss,weakness,lethargy,coughing,anorexia,parasite history,weight loss,weakness,lethargy,coughing,anorexia,0
dog,golden retriever,8.8,30.0,chronic illness,continuous loss of weight,sneezing,fever,pain,pain,chronic illness,continuous loss of weight,sneezing,fever,pain,pain,0
dog,yorkshire terrier,8.7,5.8,previous heart condition,diarrhea,pain,vomiting,occular discharge,fever,previous heart condition,diarrhea,pain,vomiting,occular discharge,fever,0
dog,beagle,7.6,22.7,dental issues,coughing,weakness,lethargy,fever,anorexia,dental issues,coughing,weakness,lethargy,fever,anorexia,0
dog,boxer,3.8,18.1,no previous conditions,unable to eat,lossened teeth,bloody drool,facial swelling,abdominal pain,no previous conditions,unable to eat,lossened teeth,bloody drool,facial swelling,abdominal pain,0
dog,german shepherd,13.8,28.7,recent surgery,production of mucus,"facial swelling,",coughing,fatigue,panting,recent surgery,production of mucus,"facial swelling,",coughing,fatigue,panting,0
dog,golden retriever,2.4,31.3,skin conditions history,fluif faeces on blood and muscle,sudden death,blooody fluid,red diarrhea,faeces are streake with blood,skin conditions history,fluif faeces on blood and muscle,sudden death,blooody fluid,red diarrhea,faeces are streake with blood,1
dog,german shepherd,5.8,26.2,not vaccinated,hair loss,dandruff,darkened skin,crusting of the skin,ulcerated skin,not vaccinated,hair loss,dandruff,darkened skin,crusting of the skin,ulcerated skin,1
dog,boxer,2.3,15.0,chronic illness,sneezing,diarrhea,coughing,vomiting,diarrhea,chronic illness,sneezing,diarrhea,coughing,vomiting,diarrhea,0
dog,bulldog,7.0,22.8,previous heart condition,diarrhea,vomiting,pain,weight loss,vomiting,previous heart condition,diarrhea,vomiting,pain,weight loss,vomiting,0
dog,rottweiler,8.7,26.4,vaccinated,coughing,difficulty in breathing,fever,sneezing,rub,vaccinated,coughing,difficulty in breathing,fever,sneezing,rub,0
dog,golden retriever,9.6,45.0,no previous conditions,weight loss,coughing,facial edema,eye discharges,fever,no previous conditions,weight loss,coughing,facial edema,eye discharges,fever,0
dog,labrador retriever,7.2,25.3,previous heart condition,bluish white opacity,aversion to light,tear produce,blindness,weakness,previous heart condition,bluish white opacity,aversion to light,tear produce,blindness,weakness,0
dog,boxer,2.7,24.2,skin conditions history,lesions in the nasal cavity,lesions on nose,nose bleeds,noisy breathing,lesions on nose,skin conditions history,lesions in the nasal cavity,lesions on nose,nose bleeds,noisy breathing,lesions on nose,1
dog,mixed breed,6.5,13.2,skin conditions history,death,muscular spasms,hyperexcitability,gums,pains,skin conditions history,death,muscular spasms,hyperexcitability,gums,pains,1
dog,poodle,2.7,5.5,previous kidney disease,fever,anorexia,production of mucus,weakness,anorexia,previous kidney disease,fever,anorexia,production of mucus,weakness,anorexia,0
dog,golden retriever,2.8,33.7,no previous conditions,pain,appetite,ruffled coat,pain,viability,no previous conditions,pain,appetite,ruffled coat,pain,viability,0
dog,boxer,10.2,23.3,skin conditions history,diarrhea,vomiting,vomiting,lethargy,pain,skin conditions history,diarrhea,vomiting,vomiting,lethargy,pain,1
dog,bulldog,2.5,18.4,dental issues,rhinitis,pain,anorexia,changes in outer layer skin,weight loss,dental issues,rhinitis,pain,anorexia,changes in outer layer skin,weight loss,1
dog,labrador retriever,6.4,31.0,skin conditions history,diarrhea,facial defects,fever,vomiting,anorexia,skin conditions history,diarrhea,facial defects,fever,vomiting,anorexia,1
dog,german shepherd,8.7,43.1,recent surgery,lethargy,weakness,diarrhea,pain,lack of pigmentation,recent surgery,lethargy,weakness,diarrhea,pain,lack of pigmentation,0
dog,beagle,2.3,20.2,recent surgery,inappentence,tremors of the head,weight loss,diarrhea,dehydration,recent surgery,inappentence,tremors of the head,weight loss,diarrhea,dehydration,0
dog,golden retriever,2.2,39.1,no previous conditions,anorexia,lethargy,coughing,anorexia,anorexia,no previous conditions,anorexia,lethargy,coughing,anorexia,anorexia,0
dog,yorkshire terrier,5.4,8.2,not vaccinated,anorexia,lethargy,weakness,diarrhea,anorexia,not vaccinated,anorexia,lethargy,weakness,diarrhea,anorexia,0
dog,rottweiler,0.5,31.1,not vaccinated,papules appear on teats anad udder,weight loss,air sacculitis,weakness,anorexia,not vaccinated,papules appear on teats anad udder,weight loss,air sacculitis,weakness,anorexia,1
dog,golden retriever,6.6,40.2,previous heart condition,droopy wings,droopy wings,cough,twisted neck,sneeze,previous heart condition,droopy wings,droopy wings,cough,twisted neck,sneeze,0
dog,boxer,1.0,18.3,not vaccinated,diarrhea,diarrhea,weakness,diarrhea,weight loss,not vaccinated,diarrhea,diarrhea,weakness,diarrhea,weight loss,0
dog,german shepherd,15.0,42.2,no previous conditions,fever,lethargy,fatigue,lame,sneezing,no previous conditions,fever,lethargy,fatigue,lame,sneezing,0
dog,labrador retriever,7.9,32.3,vaccinated,anorexia,weakness,weight loss,vomiting,weakness,vaccinated,anorexia,weakness,weight loss,vomiting,weakness,0
dog,rottweiler,6.9,34.8,previous heart condition,thick crusting,anorexia,weight loss,lying on the side,weight loss,previous heart condition,thick crusting,anorexia,weight loss,lying on the side,weight loss,1
dog,german shepherd,10.5,33.4,recent surgery,dyspnea,difficulty in breathing,coughing,lethargy,nasal discharge,recent surgery,dyspnea,difficulty in breathing,coughing,lethargy,nasal discharge,0
dog,rottweiler,1.6,38.6,parasite history,beak overgrowth,sweating,diarrhea,half-closed eye,weakness,parasite history,beak overgrowth,sweating,diarrhea,half-closed eye,weakness,0
dog,german shepherd,8.7,45.0,no previous conditions,bubbles in the mouth,sneezing,lethargy,pain,pain,no previous conditions,bubbles in the mouth,sneezing,lethargy,pain,pain,0
dog,mixed breed,5.0,6.4,previous kidney disease,reluctant move,loss of appetite,lameness,death,weakness,previous kidney disease,reluctant move,loss of appetite,lameness,death,weakness,0
dog,poodle,11.3,4.4,dental issues,lethargy,anorexia,lethargy,sour throat,anorexia,dental issues,lethargy,anorexia,lethargy,sour throat,anorexia,0
dog,poodle,9.3,5.9,allergies,anorexia,diarrhea,pain,warm,weight loss,allergies,anorexia,diarrhea,pain,warm,weight loss,0
dog,poodle,15.0,4.8,skin conditions history,weakness,weight loss,vomiting,vomiting,lethargy,skin conditions history,weakness,weight loss,vomiting,vomiting,lethargy,1
dog,yorkshire terrier,5.8,3.4,skin conditions history,fetopelvic dispropotion,uteria inertia,malpresentation,death,pains,skin conditions history,fetopelvic dispropotion,uteria inertia,malpresentation,death,pains,1
dog,german shepherd,13.6,43.5,previous kidney disease,restlessness,weakness,blue straws,death,pain,previous kidney disease,restlessness,weakness,blue straws,death,pain,0
dog,bulldog,9.7,25.9,no previous conditions,fever,loss of  appetite,coughing,lethargy,joint pain,no previous conditions,fever,loss of appetite,coughing,lethargy,joint pain,0
dog,labrador retriever,10.0,28.5,parasite history,hemopytsis,diarrhea,asymptomatic,death,epistaxis,parasite history,hemopytsis,diarrhea,asymptomatic,death,epistaxis,0
dog,poodle,4.6,6.6,vaccinated,coughing,anorexia,loss of eat,weakness,pain,vaccinated,coughing,anorexia,loss of eat,weakness,pain,0
dog,german shepherd,15.0,42.5,previous kidney disease,fever,milk getting out more watery,coughing,lethargy,anorexia,previous kidney disease,fever,milk getting out more watery,coughing,lethargy,anorexia,0
dog,mixed breed,2.0,26.9,parasite history,facial swelling,bloody drool,foul breath,unable to eat,lossened teeth,parasite history,facial swelling,bloody drool,foul breath,unable to eat,lossened teeth,0
dog,mixed breed,12.3,33.2,not vaccinated,diarrhea,weakness,coughing,skin colour change,anorexia,not vaccinated,diarrhea,weakness,coughing,skin colour change,anorexia,1
dog,labrador retriever,12.6,27.1,chronic illness,fever,diarrhea,abdominal pain,stiffness,severe weekness and depression,chronic illness,fever,diarrhea,abdominal pain,stiffness,severe weekness and depression,0
dog,poodle,8.9,6.8,vaccinated,fever,death,coughing,dyspnea,anorexia,vaccinated,fever,death,coughing,dyspnea,anorexia,0
dog,boxer,3.5,14.5,chronic illness,facial swelling,bloody drool,abdominal pain,unable to eat,lossened teeth,chronic illness,facial swelling,bloody drool,abdominal pain,unable to eat,lossened teeth,0
dog,beagle,13.6,29.6,no previous conditions,watering,no appp,vomiting,lethargy,dehydration,no previous conditions,watering,no appp,vomiting,lethargy,dehydration,0
dog,rottweiler,13.6,35.0,skin conditions history,lethargy,weight loss,coughing,lethargy,pain,skin conditions history,lethargy,weight loss,coughing,lethargy,pain,1
dog,golden retriever,12.9,29.8,recent surgery,gastritis,discharge,respiratory noise,sneezing,pain,recent surgery,gastritis,discharge,respiratory noise,sneezing,pain,0
dog,beagle,2.3,19.8,recent surgery,diarrhea,weight loss,dehydration,tremors of the head,inappentence,recent surgery,diarrhea,weight loss,dehydration,tremors of the head,inappentence,0
dog,yorkshire terrier,13.3,7.9,no previous conditions,fever,weakened legs,los of the ability to walk,weight loss,lameness,no previous conditions,fever,weakened legs,los of the ability to walk,weight loss,lameness,0
dog,golden retriever,1.8,44.7,parasite history,fever,dysentery,swelling,immediate death,pain,parasite history,fever,dysentery,swelling,immediate death,pain,0
dog,poodle,4.5,6.9,skin conditions history,sneezing,sneezing,diarrhea,throat and ear pain,weakness,skin conditions history,sneezing,sneezing,diarrhea,throat and ear pain,weakness,1
dog,boxer,12.9,22.1,previous heart condition,lethargy,sneezing,diarrhea,lethargy,lethargy,previous heart condition,lethargy,sneezing,diarrhea,lethargy,lethargy,0
dog,yorkshire terrier,2.9,6.7,chronic illness,watering of eyes,diarrhea,lethargy,gas,anorexia,chronic illness,watering of eyes,diarrhea,lethargy,gas,anorexia,0
dog,poodle,8.4,4.6,previous kidney disease,weight loss,red tinge,pain,pain,sneezing,previous kidney disease,weight loss,red tinge,pain,pain,sneezing,0
dog,golden retriever,3.7,35.9,chronic illness,dyspnea,difficulty in breathing,coughing,lethargy,nasal discharge,chronic illness,dyspnea,difficulty in breathing,coughing,lethargy,nasal discharge,0
dog,poodle,2.7,10.0,skin conditions history,coughing,anorexia,fever,fever,pink eye,skin conditions history,coughing,anorexia,fever,fever,pink eye,1
dog,poodle,4.1,9.6,not vaccinated,sneezing,pain,pain,weight loss,diarrhea,not vaccinated,sneezing,pain,pain,weight loss,diarrhea,0
dog,mixed breed,5.9,11.4,skin conditions history,diarrhea,fever,lethargy,coughing,lethargy,skin conditions history,diarrhea,fever,lethargy,coughing,lethargy,1
dog,german shepherd,6.0,27.0,not vaccinated,slim over the shell,prostrat,weight loss,anorexia,anorexia,not vaccinated,slim over the shell,prostrat,weight loss,anorexia,anorexia,0
dog,german shepherd,8.0,25.0,previous kidney disease,yellowish discharge,vomiting,weight loss,lethargy,weakness,previous kidney disease,yellowish discharge,vomiting,weight loss,lethargy,weakness,0
dog,golden retriever,12.4,45.0,vaccinated,vomiting,weight loss,lethargy,weight loss,weakness,vaccinated,vomiting,weight loss,lethargy,weight loss,weakness,0
dog,mixed breed,8.3,7.2,no previous conditions,sneezing,lethargy,strong cough,runny nose,loss of appettite,no previous conditions,sneezing,lethargy,strong cough,runny nose,loss of appettite,0
dog,rottweiler,8.4,29.2,dental issues,heavy breathing,yellow in beak,tail_bobbing,weakness,sleeping excessively,dental issues,heavy breathing,yellow in beak,tail_bobbing,weakness,sleeping excessively,0
dog,rottweiler,9.7,25.0,previous kidney disease,pain,dull ness,fever,weight loss,weakness,previous kidney disease,pain,dull ness,fever,weight loss,weakness,0
dog,mixed breed,6.6,18.4,no previous conditions,diarrhea,pot belly,weight loss,tarry stool,vomiting,no previous conditions,diarrhea,pot belly,weight loss,tarry stool,vomiting,0
dog,german shepherd,9.6,30.1,skin conditions history,fever,nasal discharge,respiratory distress,pox lesion,pain,skin conditions history,fever,nasal discharge,respiratory distress,pox lesion,pain,1
dog,boxer,4.0,19.0,previous heart condition,lethargy,diarrhea,vomiting,throat and ear pain,walking problem,previous heart condition,lethargy,diarrhea,vomiting,throat and ear pain,walking problem,0
dog,rottweiler,5.8,43.1,chronic illness,sneezing,diarrhea,anorexia,weight loss,vomiting,chronic illness,sneezing,diarrhea,anorexia,weight loss,vomiting,0
dog,german shepherd,14.0,36.2,skin conditions history,pain,coughing,vomiting,iris prolapse,moist,skin conditions history,pain,coughing,vomiting,iris prolapse,moist,1
dog,golden retriever,10.2,35.6,allergies,fatty stool,diarrhea,vomiting,weight loss,pain,allergies,fatty stool,diarrhea,vomiting,weight loss,pain,0
dog,beagle,5.3,23.4,recent surgery,facial swelling,egg production decreases,stunted growth,blindness,distinctive bumps,recent surgery,facial swelling,egg production decreases,stunted growth,blindness,distinctive bumps,0
dog,yorkshire terrier,12.6,8.8,skin conditions history,fetopelvic dispropotion,uteria inertia,malpresentation,death,pains,skin conditions history,fetopelvic dispropotion,uteria inertia,malpresentation,death,pains,1
dog,poodle,1.2,8.8,dental issues,cessation of eructation,difficulty in breathing,depression,anorexia,colic,dental issues,cessation of eructation,difficulty in breathing,depression,anorexia,colic,0
dog,mixed breed,9.6,8.8,no previous conditions,fever,weakened legs,los of the ability to walk,weight loss,lameness,no previous conditions,fever,weakened legs,los of the ability to walk,weight loss,lameness,0
dog,labrador retriever,9.0,34.5,not vaccinated,enlarged thymus,obstructed lungs,lethargy,skin rashes,weight loss,not vaccinated,enlarged thymus,obstructed lungs,lethargy,skin rashes,weight loss,1
dog,bulldog,8.7,24.0,chronic illness,lethargy,pain,anorexia,diarrhea,diarrhea,chronic illness,lethargy,pain,anorexia,diarrhea,diarrhea,0
dog,bulldog,5.7,30.0,parasite history,pain,weight loss,lethargy,diarrhea,weight loss,parasite history,pain,weight loss,lethargy,diarrhea,weight loss,0
dog,labrador retriever,10.8,34.7,recent surgery,limping,skin colour change,flabby,raw,sensitive to touch,recent surgery,limping,skin colour change,flabby,raw,sensitive to touch,1
dog,golden retriever,3.8,33.9,chronic illness,dyspnea,difficulty in breathing,coughing,lethargy,nasal discharge,chronic illness,dyspnea,difficulty in breathing,coughing,lethargy,nasal discharge,0
dog,boxer,3.2,15.4,skin conditions history,swelling of udder,change in milk,swollen,tender to touch,pain,skin conditions history,swelling of udder,change in milk,swollen,tender to touch,pain,1
dog,yorkshire terrier,8.6,4.9,previous heart condition,diarrhea,weakness,weakness,pox lession on skin,pain,previous heart condition,diarrhea,weakness,weakness,pox lession on skin,pain,1
dog,labrador retriever,2.7,37.5,chronic illness,radip onset,stiff,muscle trembling,weakness,death,chronic illness,radip onset,stiff,muscle trembling,weakness,death,0
dog,labrador retriever,9.3,30.2,allergies,hyperaestesia,coughing,pain,weight loss,sneezing,allergies,hyperaestesia,coughing,pain,weight loss,sneezing,0
dog,yorkshire terrier,8.7,6.4,allergies,anorexia,diarrhea,coughing,weight loss,fever,allergies,anorexia,diarrhea,coughing,weight loss,fever,0
dog,rottweiler,6.9,25.0,vaccinated,weight loss,anorexia,fever,wool is clumped,pains to walk,vaccinated,weight loss,anorexia,fever,wool is clumped,pains to walk,0
dog,poodle,4.3,5.1,previous kidney disease,weight loss,lethargy,weakness,vomiting,joint pain,previous kidney disease,weight loss,lethargy,weakness,vomiting,joint pain,0
dog,boxer,13.4,13.4,vaccinated,bloody drool,lossened teeth,foul breath,facial swelling,unable to eat,vaccinated,bloody drool,lossened teeth,foul breath,facial swelling,unable to eat,0
dog,german shepherd,7.9,37.8,parasite history,oedema,diarrhea,weakness,sneezing,sneezing,parasite history,oedema,diarrhea,weakness,sneezing,sneezing,0
dog,labrador retriever,6.2,36.4,no previous conditions,fetopelvic dispropotion,uteria inertia,malpresentation,death,pains,no previous conditions,fetopelvic dispropotion,uteria inertia,malpresentation,death,pains,0
dog,mixed breed,4.8,23.3,recent surgery,diarrhea,diarrhea,anorexia,diarrhea,diarrhea,recent surgery,diarrhea,diarrhea,anorexia,diarrhea,diarrhea,0
dog,rottweiler,9.3,43.1,no previous conditions,eye redness,frequent eye infections,crusty eye lashes and matting of eyelashes,foul smelling stools,increased passing gas,no previous conditions,eye redness,frequent eye infections,crusty eye lashes and matting of eyelashes,foul smelling stools,increased passing gas,1
dog,labrador retriever,8.7,36.6,skin conditions history,fever,inflammed eye,sneezing,depression,limping,skin conditions history,fever,inflammed eye,sneezing,depression,limping,1
dog,bulldog,3.4,19.4,allergies,watery diarrhea dispropotion,sick,corneal ulceration,loss of appetite,death,allergies,watery diarrhea dispropotion,sick,corneal ulceration,loss of appetite,death,1
dog,boxer,3.2,16.2,previous kidney disease,swelling of udder,change in milk,swollen,tender to touch,pain,previous kidney disease,swelling of udder,change in milk,swollen,tender to touch,pain,0
dog,mixed breed,11.8,22.1,recent surgery,fever,diarrhea,weight loss,coughing,lethargy,recent surgery,fever,diarrhea,weight loss,coughing,lethargy,0
dog,bulldog,10.9,17.4,vaccinated,fever,coughing,anorexia,pain,coughing,vaccinated,fever,coughing,anorexia,pain,coughing,0
dog,bulldog,8.0,17.0,skin conditions history,pain,pain,pain,vomiting,weakness,skin conditions history,pain,pain,pain,vomiting,weakness,1
dog,bulldog,2.0,21.0,skin conditions history,extreme thirst,bloody discharge,loss of appetite,inability to fly,loss of wariness,skin conditions history,extreme thirst,bloody discharge,loss of appetite,inability to fly,loss of wariness,1
dog,boxer,7.3,27.7,previous kidney disease,watery diarrhea dispropotion,sick,corneal ulceration,loss of appetite,death,previous kidney disease,watery diarrhea dispropotion,sick,corneal ulceration,loss of appetite,death,1
dog,german shepherd,0.5,41.9,allergies,sneezing,anorexia,lethargy,mortality,blood in urine,allergies,sneezing,anorexia,lethargy,mortality,blood in urine,0
dog,golden retriever,4.9,29.7,vaccinated,anorexia,anorexia,sneezing,vomiting,anorexia,vaccinated,anorexia,anorexia,sneezing,vomiting,anorexia,0
dog,bulldog,13.5,22.9,not vaccinated,limping,willnot run to jump,swelling,week legs,pain on leg,not vaccinated,limping,willnot run to jump,swelling,week legs,pain on leg,0
dog,poodle,10.1,9.6,allergies,anorexia,respiratory noise,fever,ruffled feathers,coughing,allergies,anorexia,respiratory noise,fever,ruffled feathers,coughing,0
dog,boxer,7.3,29.7,not vaccinated,anorexia,skin infection,weight loss,weakness,weakness,not vaccinated,anorexia,skin infection,weight loss,weakness,weakness,1
dog,yorkshire terrier,4.8,7.9,parasite history,decreased milk,holding limbs off the ground,weight loss,lameness,wool production,parasite history,decreased milk,holding limbs off the ground,weight loss,lameness,wool production,0
dog,yorkshire terrier,10.2,9.8,vaccinated,mortality varies,lethargy,egg production decreases,lethargy,lethargy,vaccinated,mortality varies,lethargy,egg production decreases,lethargy,lethargy,0
dog,labrador retriever,9.2,31.5,allergies,coughing,yellowish discharge,chronic eye inflamation,pain,sneezing,allergies,coughing,yellowish discharge,chronic eye inflamation,pain,sneezing,0
dog,poodle,3.1,4.8,skin conditions history,excessive blood loss,dizziness and fainting,blurry vision,watery eyes,slow growth,skin conditions history,excessive blood loss,dizziness and fainting,blurry vision,watery eyes,slow growth,1
dog,poodle,12.0,6.6,previous heart condition,coughing,diarrhea,pain,vomiting,diarrhea,previous heart condition,coughing,diarrhea,pain,vomiting,diarrhea,0
dog,beagle,15.0,29.7,chronic illness,rubbing eye,weakness,diarrhea,joint pain,lethargy,chronic illness,rubbing eye,weakness,diarrhea,joint pain,lethargy,0
dog,mixed breed,9.0,32.3,not vaccinated,most often none,sneezing,nasal discharge,dyspnea,pain,not vaccinated,most often none,sneezing,nasal discharge,dyspnea,pain,0
dog,german shepherd,13.1,44.9,previous kidney disease,restlessness,weakness,blue straws,death,pain,previous kidney disease,restlessness,weakness,blue straws,death,pain,0
dog,yorkshire terrier,8.3,6.8,skin conditions history,weight loss,weakness,swollen comb,vomiting,most often none,skin conditions history,weight loss,weakness,swollen comb,vomiting,most often none,1
dog,labrador retriever,10.1,41.2,chronic illness,fever,pain,anorexia,high moratality,diarrhea,chronic illness,fever,pain,anorexia,high moratality,diarrhea,0
dog,yorkshire terrier,8.0,7.0,not vaccinated,vomiting,neck paralysis,diarrhea,anorexia,coughing,not vaccinated,vomiting,neck paralysis,diarrhea,anorexia,coughing,0
dog,boxer,13.4,15.5,allergies,heat,anorexia,wheezing,diarrhea,anorexia,allergies,heat,anorexia,wheezing,diarrhea,anorexia,0
dog,poodle,10.5,6.5,vaccinated,depression,anorexia,coughing,dyspnea,neurologic sign,vaccinated,depression,anorexia,coughing,dyspnea,neurologic sign,0
dog,beagle,4.7,15.7,allergies,weakness,decreased stool production,distended stomach,heavy breathing,restless movement,allergies,weakness,decreased stool production,distended stomach,heavy breathing,restless movement,0
dog,mixed breed,9.6,9.3,recent surgery,fever,weakened legs,los of the ability to walk,weight loss,lameness,recent surgery,fever,weakened legs,los of the ability to walk,weight loss,lameness,0
dog,beagle,12.1,19.3,previous kidney disease,agalactia,tear production,teeth griding,anorexia,muscle pain,previous kidney disease,agalactia,tear production,teeth griding,anorexia,muscle pain,0
dog,yorkshire terrier,9.7,4.4,no previous conditions,lethargy,diarrhea,lethargy,sinuses,coughing,no previous conditions,lethargy,diarrhea,lethargy,sinuses,coughing,0
dog,poodle,8.0,3.4,parasite history,pyrexia,oral lesion,swelling,lameness,death,parasite history,pyrexia,oral lesion,swelling,lameness,death,1
dog,beagle,3.3,15.5,skin conditions history,swollen,testical pain,itches,bloody discharge,tenderness,skin conditions history,swollen,testical pain,itches,bloody discharge,tenderness,1
dog,beagle,8.8,23.7,vaccinated,fever,diarrhea,depression,scratches,weight loss,vaccinated,fever,diarrhea,depression,scratches,weight loss,0
dog,labrador retriever,11.2,34.5,not vaccinated,pains,malpresentation,uteria inertia,fetopelvic dispropotion,death,not vaccinated,pains,malpresentation,uteria inertia,fetopelvic dispropotion,death,0
dog,rottweiler,4.1,25.0,skin conditions history,lethargy,pain,pain,sneezing,weakness,skin conditions history,lethargy,pain,pain,sneezing,weakness,1
dog,mixed breed,0.5,40.0,allergies,anorexia,vomiting,weight loss,coughing,gagging,allergies,anorexia,vomiting,weight loss,coughing,gagging,0
dog,german shepherd,10.4,42.7,previous heart condition,pnemonia,coughing,fever,lethargy,vomiting,previous heart condition,pnemonia,coughing,fever,lethargy,vomiting,0
dog,boxer,14.0,26.8,dental issues,anorexia,weight loss,speech delay,pain,coughing,dental issues,anorexia,weight loss,speech delay,pain,coughing,0
dog,bulldog,6.9,18.8,skin conditions history,scartch,scabs,hair loss,scaly patches of skin,sore,skin conditions history,scartch,scabs,hair loss,scaly patches of skin,sore,1
dog,poodle,4.5,7.9,not vaccinated,loss od appetite,wheezing,seizuers,skin rashes,fatique,not vaccinated,loss od appetite,wheezing,seizuers,skin rashes,fatique,1
dog,beagle,9.3,16.2,chronic illness,fetopelvic dispropotion,uteria inertia,malpresentation,death,pains,chronic illness,fetopelvic dispropotion,uteria inertia,malpresentation,death,pains,0
dog,boxer,4.4,23.8,previous heart condition,pain,anorexia,lethargy,weight loss,lethargy,previous heart condition,pain,anorexia,lethargy,weight loss,lethargy,0
dog,boxer,9.8,24.0,chronic illness,fever,tiredness,headache,skin rashes,pain,chronic illness,fever,tiredness,headache,skin rashes,pain,1
dog,german shepherd,10.1,40.6,previous kidney disease,fever,loss of appetite,rapid pulse and heart rates,lameness in affected leg,depression,previous kidney disease,fever,loss of appetite,rapid pulse and heart rates,lameness in affected leg,depression,0
dog,labrador retriever,15.3,36.1,allergies,tiredness,coughing,fever,pains,diarrhea,allergies,tiredness,coughing,fever,pains,diarrhea,0
dog,labrador retriever,4.3,33.2,no previous conditions,nausea,loss of appetite,firm,distended stomach,vomiting,no previous conditions,nausea,loss of appetite,firm,distended stomach,vomiting,0
dog,boxer,6.8,26.4,no previous conditions,weight loss,weakness,diarrhea,vomiting,coughing,no previous conditions,weight loss,weakness,diarrhea,vomiting,coughing,0
dog,boxer,6.3,15.0,chronic illness,lethargy,weight loss,weight loss,feels stiff,weight loss,chronic illness,lethargy,weight loss,weight loss,feels stiff,weight loss,0
dog,bulldog,11.6,28.2,recent surgery,swollen,testical pain,itches,bloody discharge,tenderness,recent surgery,swollen,testical pain,itches,bloody discharge,tenderness,1
dog,beagle,9.0,26.0,chronic illness,stripped remiges,less feather growth,ruffled feathers,defienciency in vitamin,diarrhea,chronic illness,stripped remiges,less feather growth,ruffled feathers,defienciency in vitamin,diarrhea,0
dog,golden retriever,0.8,41.4,parasite history,bad breath,pawing at the face or nose,cough,sneezing,bleeding from the nose,parasite history,bad breath,pawing at the face or nose,cough,sneezing,bleeding from the nose,0
dog,mixed breed,0.9,8.1,allergies,pains,difficulty in breathing,lethargy,fever,death,allergies,pains,difficulty in breathing,lethargy,fever,death,0
dog,beagle,5.1,30.0,allergies,weight loss,coughing,sneezing,vomiting,muscle trembling,allergies,weight loss,coughing,sneezing,vomiting,muscle trembling,0
dog,beagle,11.8,23.4,previous heart condition,pain,hydrophobia,diarrhea,pain,fever,previous heart condition,pain,hydrophobia,diarrhea,pain,fever,0
dog,golden retriever,5.9,41.8,previous kidney disease,diarrhea,anorexia,weakness,sneezing,lethargy,previous kidney disease,diarrhea,anorexia,weakness,sneezing,lethargy,0
dog,mixed breed,8.1,8.0,no previous conditions,strong cough,runny nose,sneezing,lethargy,loss of appettite,no previous conditions,strong cough,runny nose,sneezing,lethargy,loss of appettite,0
dog,golden retriever,2.9,30.0,previous heart condition,weight loss,exercise in tolerance,sneezing,bad smell,sneezing,previous heart condition,weight loss,exercise in tolerance,sneezing,bad smell,sneezing,0
dog,labrador retriever,11.5,35.3,parasite history,barren ewes,sneezing,pain,vomiting,sneezing,parasite history,barren ewes,sneezing,pain,vomiting,sneezing,0
dog,yorkshire terrier,12.4,6.7,no previous conditions,weakened legs,fever,lameness,los of the ability to walk,weight loss,no previous conditions,weakened legs,fever,lameness,los of the ability to walk,weight loss,0
dog,labrador retriever,2.8,34.6,previous heart condition,lethargy,diarrhea,lameness,diarrhea,sneezing,previous heart condition,lethargy,diarrhea,lameness,diarrhea,sneezing,0
dog,poodle,6.5,6.6,chronic illness,pain,skin rashes,fever,headache,tiredness,chronic illness,pain,skin rashes,fever,headache,tiredness,1
dog,mixed breed,1.4,9.5,not vaccinated,change their normal behaviour,diarrhea,stop eating,pains,stop drinking,not vaccinated,change their normal behaviour,diarrhea,stop eating,pains,stop drinking,0
dog,labrador retriever,14.9,37.4,dental issues,coughing,unilateral nasal discharge,pain,anorexia,weight loss,dental issues,coughing,unilateral nasal discharge,pain,anorexia,weight loss,0
dog,beagle,6.7,25.6,recent surgery,strong cough,lethargy,darkened skin,loss of appettite,runny nose,recent surgery,strong cough,lethargy,darkened skin,loss of appettite,runny nose,1
dog,golden retriever,13.7,38.5,dental issues,watering diarrhea,depression,emaciation,ruffled coat,lethargy,dental issues,watering diarrhea,depression,emaciation,ruffled coat,lethargy,0
dog,yorkshire terrier,6.9,6.8,previous heart condition,fever,depression,facial paralysis,lack of coordination,salivation,previous heart condition,fever,depression,facial paralysis,lack of coordination,salivation,0
dog,mixed breed,8.2,40.0,parasite history,sneezing,pain,pain,lethargy,anorexia,parasite history,sneezing,pain,pain,lethargy,anorexia,0
dog,boxer,4.4,17.6,parasite history,diarrhea with muscus,tensemus,watery stool,flatulence,pains,parasite history,diarrhea with muscus,tensemus,watery stool,flatulence,pains,0
dog,golden retriever,2.2,38.6,previous heart condition,lethargy,weight loss,weakness,anorexia,sneezing,previous heart condition,lethargy,weight loss,weakness,anorexia,sneezing,0
dog,german shepherd,12.2,33.8,previous heart condition,vomiting,fever,anorexia,coughing,lethargy,previous heart condition,vomiting,fever,anorexia,coughing,lethargy,0
dog,yorkshire terrier,11.1,5.2,vaccinated,malpresentation,fetopelvic dispropotion,uteria inertia,death,pains,vaccinated,malpresentation,fetopelvic dispropotion,uteria inertia,death,pains,0
dog,poodle,16.2,7.1,chronic illness,fever,loss of  appetite,coughing,lethargy,joint pain,chronic illness,fever,loss of appetite,coughing,lethargy,joint pain,0
dog,poodle,12.6,5.2,chronic illness,coughing,anorexia,pain,diarrhea,anorexia,chronic illness,coughing,anorexia,pain,diarrhea,anorexia,0
dog,golden retriever,1.1,31.3,previous heart condition,fever,respiratory distress,occular discharge,mouth lesion,nasal discharge,previous heart condition,fever,respiratory distress,occular discharge,mouth lesion,nasal discharge,1
dog,yorkshire terrier,15.0,3.0,skin conditions history,sneezing,coughing,anorexia,fever,lethargy,skin conditions history,sneezing,coughing,anorexia,fever,lethargy,1
dog,golden retriever,14.8,36.0,dental issues,fast breathing,death,pains,fetopelvic dispropotion,uteria inertia,dental issues,fast breathing,death,pains,fetopelvic dispropotion,uteria inertia,0
dog,bulldog,1.7,28.0,skin conditions history,fever,pox lession on skin,skin reashes,nasal discharge,mortality varies,skin conditions history,fever,pox lession on skin,skin reashes,nasal discharge,mortality varies,1
dog,labrador retriever,1.0,27.4,no previous conditions,cessation of eructation,abnormal behaviour,sharp feather,fever,broody behavior,no previous conditions,cessation of eructation,abnormal behaviour,sharp feather,fever,broody behavior,0
dog,rottweiler,8.0,26.5,dental issues,fever,difficulty in breathing,sneezing,coughing,rub,dental issues,fever,difficulty in breathing,sneezing,coughing,rub,0
dog,rottweiler,2.1,21.9,allergies,fever,difficulty breathing,coughing,lethargy,sneezing,allergies,fever,difficulty breathing,coughing,lethargy,sneezing,0
dog,mixed breed,13.8,33.4,previous heart condition,lllthrift,skin lesion,lameness,swelling on thebody,weight loss,previous heart condition,lllthrift,skin lesion,lameness,swelling on thebody,weight loss,1
dog,beagle,4.6,22.8,skin conditions history,egg production decreases,blindness,distinctive bumps,stunted growth,facial swelling,skin conditions history,egg production decreases,blindness,distinctive bumps,stunted growth,facial swelling,1
dog,beagle,2.3,18.2,recent surgery,inappentence,diarrhea,tremors of the head,dehydration,weight loss,recent surgery,inappentence,diarrhea,tremors of the head,dehydration,weight loss,0
dog,golden retriever,8.3,22.3,parasite history,fever,uncharacteristic hiding,depression,dehydration,stopped eat,parasite history,fever,uncharacteristic hiding,depression,dehydration,stopped eat,0
dog,rottweiler,10.8,44.6,previous kidney disease,lepatomegaly,splenomegaly,vomiting,swollen,shaking oh head,previous kidney disease,lepatomegaly,splenomegaly,vomiting,swollen,shaking oh head,0
dog,bulldog,8.5,16.3,allergies,fever,death,coughing,dyspnea,anorexia,allergies,fever,death,coughing,dyspnea,anorexia,0
dog,labrador retriever,2.3,39.4,no previous conditions,poor immune function,achomotrica,dehydration,death,pains,no previous conditions,poor immune function,achomotrica,dehydration,death,pains,0
dog,bulldog,12.3,17.9,no previous conditions,paresis,paralysis,weakness,stomach cramps,diarrhea,no previous conditions,paresis,paralysis,weakness,stomach cramps,diarrhea,0
dog,yorkshire terrier,2.6,4.1,no previous conditions,uteria inertia,death,fetopelvic dispropotion,pains,malpresentation,no previous conditions,uteria inertia,death,fetopelvic dispropotion,pains,malpresentation,0
dog,labrador retriever,2.6,36.3,chronic illness,diarrhea,vomiting,weakness,cramps,retarded growth,chronic illness,diarrhea,vomiting,weakness,cramps,retarded growth,0
dog,german shepherd,6.0,34.6,skin conditions history,fever,diarrhea,vomiting,weight loss,dehydration,skin conditions history,fever,diarrhea,vomiting,weight loss,dehydration,1
dog,poodle,5.8,7.6,dental issues,weight loss,anorexia,weakness,lethargy,watering,dental issues,weight loss,anorexia,weakness,lethargy,watering,0
dog,labrador retriever,11.9,38.4,previous kidney disease,weight loss,pain,coughing,weakness,diarrhea,previous kidney disease,weight loss,pain,coughing,weakness,diarrhea,0
dog,labrador retriever,10.5,36.0,not vaccinated,abortion on late pregancy,stillbirth,retained placenda,endomeritis,decrease appetite,not vaccinated,abortion on late pregancy,stillbirth,retained placenda,endomeritis,decrease appetite,0
dog,german shepherd,10.0,29.5,dental issues,fever,diarrhea,swollen abdomen,vomiting,difficulty in breathing,dental issues,fever,diarrhea,swollen abdomen,vomiting,difficulty in breathing,0
dog,poodle,2.4,4.2,dental issues,runny nose,difficulty in breathing,coughing,weakness,loss of appettite,dental issues,runny nose,difficulty in breathing,coughing,weakness,loss of appettite,0
dog,yorkshire terrier,1.4,3.6,recent surgery,fever,difficulty breathing,thrist and urination,lethargy,sneezing,recent surgery,fever,difficulty breathing,thrist and urination,lethargy,sneezing,0
dog,boxer,11.1,15.0,vaccinated,diarrhea,vomiting,retching,anorexia,lethargy,vaccinated,diarrhea,vomiting,retching,anorexia,lethargy,0
dog,yorkshire terrier,10.8,7.1,parasite history,lethargy,weightloss,coughing,dyspnea,fever,parasite history,lethargy,weightloss,coughing,dyspnea,fever,0
dog,bulldog,12.7,28.0,allergies,watering diarrhea,depression,emaciation,ruffled coat,lethargy,allergies,watering diarrhea,depression,emaciation,ruffled coat,lethargy,0
dog,poodle,1.7,4.7,recent surgery,greenish-yellow nasal discharge,lack of pigmentation,sneezing,lethargy,pain on face,recent surgery,greenish-yellow nasal discharge,lack of pigmentation,sneezing,lethargy,pain on face,0
dog,rottweiler,1.5,31.9,dental issues,stealing,gasping,sneezing,loss of powder down,diarrhea,dental issues,stealing,gasping,sneezing,loss of powder down,diarrhea,0
dog,yorkshire terrier,4.5,7.5,not vaccinated,anorexia,pain,diarrhea,coughing,fever,not vaccinated,anorexia,pain,diarrhea,coughing,fever,0
dog,labrador retriever,5.7,37.4,previous kidney disease,sneezing,diarrhea,weakness,pain,weakness,previous kidney disease,sneezing,diarrhea,weakness,pain,weakness,0
dog,mixed breed,1.5,27.3,skin conditions history,lip,lethargy,very cold skin,fever,decreased eyelid,skin conditions history,lip,lethargy,very cold skin,fever,decreased eyelid,1
dog,beagle,8.7,21.1,allergies,weight loss,sneezing,weight loss,weakness,lethargy,allergies,weight loss,sneezing,weight loss,weakness,lethargy,0
dog,german shepherd,14.4,34.8,previous heart condition,loss of appetite,diarrhea,swollen purple wattle,swollen comb,lameness,previous heart condition,loss of appetite,diarrhea,swollen purple wattle,swollen comb,lameness,0
dog,beagle,14.5,28.7,parasite history,ulcers,diarrhea,back pain,tarry stool,enlarged lymph nodes,parasite history,ulcers,diarrhea,back pain,tarry stool,enlarged lymph nodes,1
dog,golden retriever,3.6,36.5,recent surgery,weakness,vomiting,weight loss,coughing,coughing,recent surgery,weakness,vomiting,weight loss,coughing,coughing,0
dog,golden retriever,2.6,25.0,recent surgery,diarrhea,diarrhea,tiredness,diarrhea,weight loss,recent surgery,diarrhea,diarrhea,tiredness,diarrhea,weight loss,0
dog,golden retriever,1.0,41.9,skin conditions history,lethargy,sneezing,blue straws,sneezing,sneezing,skin conditions history,lethargy,sneezing,blue straws,sneezing,sneezing,1
dog,golden retriever,10.3,30.4,recent surgery,weight gain,mucous discharge,fever,reduce feed,respiratory distress,recent surgery,weight gain,mucous discharge,fever,reduce feed,respiratory distress,0
dog,german shepherd,3.2,37.0,allergies,vomiting,anorexia,heavy breathing,vomiting,pain,allergies,vomiting,anorexia,heavy breathing,vomiting,pain,0
dog,boxer,5.8,25.0,vaccinated,strong cough,runny nose,sneezing,lethargy,loss of appettite,vaccinated,strong cough,runny nose,sneezing,lethargy,loss of appettite,0
dog,german shepherd,4.4,31.1,no previous conditions,fetopelvic dispropotion,uteria inertia,malpresentation,death,pains,no previous conditions,fetopelvic dispropotion,uteria inertia,malpresentation,death,pains,0
dog,labrador retriever,8.4,23.8,allergies,no appp,dehydration,lethargy,vomiting,watering,allergies,no appp,dehydration,lethargy,vomiting,watering,0
dog,poodle,9.3,3.2,parasite history,upset stomach,diarrhea,coughing,weight loss,anaemia,parasite history,upset stomach,diarrhea,coughing,weight loss,anaemia,0
dog,boxer,1.0,28.9,no previous conditions,puffed_up feather,less eat,headache,half-closed eye,seizures,no previous conditions,puffed_up feather,less eat,headache,half-closed eye,seizures,0
dog,poodle,15.0,3.9,previous kidney disease,pain,sneezing,reduce reproductive potential,diarrhea,weight loss,previous kidney disease,pain,sneezing,reduce reproductive potential,diarrhea,weight loss,0
dog,poodle,5.9,6.4,dental issues,anorexia,fever,inability to jump,weakness,fever,dental issues,anorexia,fever,inability to jump,weakness,fever,0
dog,golden retriever,3.8,35.6,no previous conditions,rapid pulse and heart rates,constant pacing,fever,urination,weight loss,no previous conditions,rapid pulse and heart rates,constant pacing,fever,urination,weight loss,0
dog,rottweiler,2.2,25.6,parasite history,fever,difficulty breathing,coughing,lethargy,sneezing,parasite history,fever,difficulty breathing,coughing,lethargy,sneezing,0
dog,yorkshire terrier,8.6,3.6,skin conditions history,anorexia,vomiting,coughing,diarrhea,vomiting,skin conditions history,anorexia,vomiting,coughing,diarrhea,vomiting,1
dog,beagle,3.7,15.4,dental issues,lethargy,pain,vomiting,pain,fever,dental issues,lethargy,pain,vomiting,pain,fever,0
dog,bulldog,3.2,21.7,recent surgery,fever,diarrhea,vomiting,blood from mouth,shock,recent surgery,fever,diarrhea,vomiting,blood from mouth,shock,0
dog,rottweiler,2.0,44.9,allergies,extending its neck,gasping for air,gasping for breath,difficulty swallowing,gasping for breath,allergies,extending its neck,gasping for air,gasping for breath,difficulty swallowing,gasping for breath,0
dog,yorkshire terrier,15.0,8.0,previous kidney disease,vomiting,coughing,diarrhea,weakness,sneezing,previous kidney disease,vomiting,coughing,diarrhea,weakness,sneezing,0
dog,golden retriever,5.7,35.2,recent surgery,sneezing,weakness,fever,weight loss,loss of appettite,recent surgery,sneezing,weakness,fever,weight loss,loss of appettite,0
dog,bulldog,7.7,25.5,previous kidney disease,vomiting,week pulse,pain,diarrhea,anorexia,previous kidney disease,vomiting,week pulse,pain,diarrhea,anorexia,0
dog,beagle,3.0,15.0,parasite history,sensitivity to bright light,depression,lethargy,production of mucus,anorexia,parasite history,sensitivity to bright light,depression,lethargy,production of mucus,anorexia,0
dog,yorkshire terrier,10.4,7.9,previous kidney disease,fever,anorexia,diarrhea,lethargy,sneezing,previous kidney disease,fever,anorexia,diarrhea,lethargy,sneezing,0
dog,yorkshire terrier,12.8,5.6,parasite history,swelling,emaciation,forthy eye,torticollis,weakness,parasite history,swelling,emaciation,forthy eye,torticollis,weakness,0
dog,golden retriever,0.5,25.1,vaccinated,joint pain,coughing,staggering as drunk,lethargy,hot joints,vaccinated,joint pain,coughing,staggering as drunk,lethargy,hot joints,0
dog,labrador retriever,5.8,37.5,allergies,weakness,weakness,skin ulcer,nostrils,sensitive to touch,allergies,weakness,weakness,skin ulcer,nostrils,sensitive to touch,1
dog,yorkshire terrier,9.8,7.4,previous kidney disease,weakness,eye redness,excessive eye watering,mucus discharge from the eye,frequent eye infections,previous kidney disease,weakness,eye redness,excessive eye watering,mucus discharge from the eye,frequent eye infections,0
dog,boxer,10.1,30.0,skin conditions history,anorexia,weight loss,diarrhea,sneezing,anorexia,skin conditions history,anorexia,weight loss,diarrhea,sneezing,anorexia,1
dog,rottweiler,11.2,43.8,allergies,foul smelling stools,coughing,diarrhea,pain,diarrhea,allergies,foul smelling stools,coughing,diarrhea,pain,diarrhea,0
dog,rottweiler,2.5,37.0,previous heart condition,tail shaking,pain,difficulty walking,coughing,weight loss,previous heart condition,tail shaking,pain,difficulty walking,coughing,weight loss,0
dog,golden retriever,2.6,35.9,allergies,fever,respiratory distress,seizuers,hyperesthesia,sudden death,allergies,fever,respiratory distress,seizuers,hyperesthesia,sudden death,0
dog,labrador retriever,5.1,32.6,recent surgery,weakness,apathy,lethargy,weakness,pain,recent surgery,weakness,apathy,lethargy,weakness,pain,0
dog,beagle,5.2,19.2,parasite history,liquid dropping,vomiting,oedema,pain,anorexia,parasite history,liquid dropping,vomiting,oedema,pain,anorexia,0
dog,golden retriever,4.7,28.5,dental issues,lethargy,sneezing,coughing,pain,tenderness,dental issues,lethargy,sneezing,coughing,pain,tenderness,0
dog,beagle,2.1,25.0,parasite history,normal appetite,diarrhea,swelling may occur under jaw,weight loss,drop in milk production,parasite history,normal appetite,diarrhea,swelling may occur under jaw,weight loss,drop in milk production,0
dog,boxer,4.7,20.8,allergies,diarrhea with muscus,tensemus,watery stool,flatulence,pains,allergies,diarrhea with muscus,tensemus,watery stool,flatulence,pains,0
dog,golden retriever,4.1,38.9,not vaccinated,weakness,pain,vomiting,pain,vomiting,not vaccinated,weakness,pain,vomiting,pain,vomiting,0
dog,bulldog,13.6,30.0,vaccinated,lethargy,sneezing,fever,weight loss,fever,vaccinated,lethargy,sneezing,fever,weight loss,fever,0
dog,rottweiler,7.4,34.9,allergies,anorexia,pain,anorexia,easily damage shell,weakness,allergies,anorexia,pain,anorexia,easily damage shell,weakness,0
dog,german shepherd,8.7,36.3,parasite history,swollen lymph nodes,difficulty walking,watery stool,lethargy,vaginal discharge,parasite history,swollen lymph nodes,difficulty walking,watery stool,lethargy,vaginal discharge,0
dog,rottweiler,14.9,45.0,not vaccinated,loss of appetite,swelling,nasal discharge,blindness,lethargy,not vaccinated,loss of appetite,swelling,nasal discharge,blindness,lethargy,0
dog,poodle,5.1,6.4,dental issues,sneezing,exercise in tolerance,drooping ears,fever,coughing,dental issues,sneezing,exercise in tolerance,drooping ears,fever,coughing,0
dog,beagle,4.8,25.5,chronic illness,fever,sneezing,diarrhea,vomiting,oedema,chronic illness,fever,sneezing,diarrhea,vomiting,oedema,0
dog,beagle,5.6,20.0,previous kidney disease,sneezing,weakness,stopped eat,swollen abdomen,coughing,previous kidney disease,sneezing,weakness,stopped eat,swollen abdomen,coughing,0
dog,golden retriever,12.4,33.9,allergies,fever,pain,vomiting,diarrhea,anorexia,allergies,fever,pain,vomiting,diarrhea,anorexia,0
dog,mixed breed,7.8,35.7,parasite history,diarrhea,dizziness and fainting,scartching ear,weakness,coughing,parasite history,diarrhea,dizziness and fainting,scartching ear,weakness,coughing,0
dog,rottweiler,8.8,30.0,vaccinated,sneezing,anorexia,coughing,diarrhea,anorexia,vaccinated,sneezing,anorexia,coughing,diarrhea,anorexia,0
dog,german shepherd,13.8,45.0,previous kidney disease,restlessness,weakness,blue straws,death,pain,previous kidney disease,restlessness,weakness,blue straws,death,pain,0
dog,rottweiler,7.4,30.4,skin conditions history,fever,coughing,chronic eye inflamation,lethargy,neurologic abnormalities,skin conditions history,fever,coughing,chronic eye inflamation,lethargy,neurologic abnormalities,1
dog,boxer,14.8,18.6,allergies,loss of appetite,ruffled feathers,overweight,diarrhea,depression,allergies,loss of appetite,ruffled feathers,overweight,diarrhea,depression,0
dog,german shepherd,14.9,39.0,dental issues,pains,death,malpresentation,uteria inertia,fetopelvic dispropotion,dental issues,pains,death,malpresentation,uteria inertia,fetopelvic dispropotion,0
dog,beagle,8.6,23.3,no previous conditions,fever,dullness,dullness,skin rashes,pains,no previous conditions,fever,dullness,dullness,skin rashes,pains,1
dog,golden retriever,7.0,33.7,vaccinated,weakness,lethargy,vomiting,sneezing,pain,vaccinated,weakness,lethargy,vomiting,sneezing,pain,0
dog,mixed breed,12.8,5.0,previous heart condition,weight loss,fever,vomiting,pain,fever,previous heart condition,weight loss,fever,vomiting,pain,fever,0
dog,yorkshire terrier,5.9,7.4,dental issues,coughing,vomiting,pain,dry or tacky gums,anorexia,dental issues,coughing,vomiting,pain,dry or tacky gums,anorexia,0
dog,yorkshire terrier,5.6,4.8,recent surgery,intellectual disability,fever,skin infection,abortion on late pregancy,weakness,recent surgery,intellectual disability,fever,skin infection,abortion on late pregancy,weakness,1
dog,bulldog,0.5,22.6,not vaccinated,sneezing,milk getting out more watery,fever,sneezing,weakness,not vaccinated,sneezing,milk getting out more watery,fever,sneezing,weakness,0
dog,beagle,11.3,24.0,skin conditions history,foot hot,weight loss,anorexia,vomiting,headache,skin conditions history,foot hot,weight loss,anorexia,vomiting,headache,1
dog,bulldog,0.7,19.0,vaccinated,poor growth,short stature,enlargement of bones,lameness,weigth bearing long bones,vaccinated,poor growth,short stature,enlargement of bones,lameness,weigth bearing long bones,0
dog,mixed breed,13.8,5.0,chronic illness,fever,sneezing,enlarged lymph nodes or swelling,coughing,vomiting,chronic illness,fever,sneezing,enlarged lymph nodes or swelling,coughing,vomiting,0
dog,rottweiler,1.2,38.7,parasite history,sneezing,weakness,coughing,lethargy,dejection,parasite history,sneezing,weakness,coughing,lethargy,dejection,0
dog,boxer,7.8,23.3,previous heart condition,reduce growth,ocular discharge,gas,lethargy,pain,previous heart condition,reduce growth,ocular discharge,gas,lethargy,pain,0
dog,beagle,0.5,21.3,skin conditions history,pain,diarrhea,sneezing,fever,coughing,skin conditions history,pain,diarrhea,sneezing,fever,coughing,1
dog,mixed breed,4.8,21.0,vaccinated,weight loss,weight loss,fever,gas or bloating,berberi,vaccinated,weight loss,weight loss,fever,gas or bloating,berberi,0
dog,labrador retriever,10.0,33.1,skin conditions history,fever,diffuse,vomiting,anorexia,pain,skin conditions history,fever,diffuse,vomiting,anorexia,pain,1
dog,poodle,5.3,4.5,vaccinated,weakness,coughing,painfull swalling,lethargy,diarrhea,vaccinated,weakness,coughing,painfull swalling,lethargy,diarrhea,0
dog,rottweiler,6.0,25.1,no previous conditions,weight loss,weakness,sneezing,diarrhea,weakness,no previous conditions,weight loss,weakness,sneezing,diarrhea,weakness,0
dog,golden retriever,3.9,37.0,previous kidney disease,vomiting,sneezing,reduce lamp marking,anorexia,pale gums,previous kidney disease,vomiting,sneezing,reduce lamp marking,anorexia,pale gums,0
dog,german shepherd,7.6,30.7,allergies,weight loss,anorexia,coughing,vomiting,vomiting,allergies,weight loss,anorexia,coughing,vomiting,vomiting,0
dog,bulldog,10.5,26.5,parasite history,weight loss,fever,weight loss,fever,weakness,parasite history,weight loss,fever,weight loss,fever,weakness,0
dog,bulldog,2.2,16.7,skin conditions history,anversion to light,fever,sneezing,ulcerated muscle,severe,skin conditions history,anversion to light,fever,sneezing,ulcerated muscle,severe,1
dog,rottweiler,7.2,34.1,dental issues,weakness,weight loss,sneezing,muscular stiffness,red skin,dental issues,weakness,weight loss,sneezing,muscular stiffness,red skin,1
dog,german shepherd,7.1,36.4,dental issues,fever,pain,swollen lymph nodes,weakness,vomiting,dental issues,fever,pain,swollen lymph nodes,weakness,vomiting,0
dog,golden retriever,0.5,32.9,vaccinated,sneezing,anorexia,pain,weakness,fast breathing,vaccinated,sneezing,anorexia,pain,weakness,fast breathing,0
dog,poodle,9.7,3.0,chronic illness,scabs,weight loss,fever,vomiting,fever,chronic illness,scabs,weight loss,fever,vomiting,fever,1
dog,poodle,0.5,3.5,previous kidney disease,diarrhea,fever,lethargy,weakness,bloody droping,previous kidney disease,diarrhea,fever,lethargy,weakness,bloody droping,0
dog,labrador retriever,7.9,30.8,skin conditions history,limping,depression,inflammed eye,sneezing,fever,skin conditions history,limping,depression,inflammed eye,sneezing,fever,1
dog,german shepherd,10.3,43.8,parasite history,abdominal pain,diarrhea,malpresentation,shock,anorexia,parasite history,abdominal pain,diarrhea,malpresentation,shock,anorexia,0
dog,yorkshire terrier,8.0,3.4,no previous conditions,weakness,stiffness,trembling,white mark on the muscle,loss of vitamin e,no previous conditions,weakness,stiffness,trembling,white mark on the muscle,loss of vitamin e,0
dog,golden retriever,3.0,37.3,not vaccinated,anorexia,sneezing,crusty,diarrhea,aneamia,not vaccinated,anorexia,sneezing,crusty,diarrhea,aneamia,1
dog,bulldog,6.7,15.8,dental issues,pain,pain,vomiting,milky hard,coughing,dental issues,pain,pain,vomiting,milky hard,coughing,0
dog,bulldog,0.5,30.0,previous heart condition,coughing,vomiting,diarrhea,cell damage,drooping ears,previous heart condition,coughing,vomiting,diarrhea,cell damage,drooping ears,0
dog,german shepherd,8.5,39.4,chronic illness,weight loss,coughing,nesting behaviour,swelling of udder,swelling of internal organs,chronic illness,weight loss,coughing,nesting behaviour,swelling of udder,swelling of internal organs,0
dog,golden retriever,7.7,25.8,vaccinated,fever,uncharacteristic hiding,depression,dehydration,stopped eat,vaccinated,fever,uncharacteristic hiding,depression,dehydration,stopped eat,0
dog,yorkshire terrier,2.5,7.7,chronic illness,gums,swelling,fever,weight loss,coughing,chronic illness,gums,swelling,fever,weight loss,coughing,0
dog,poodle,7.0,9.1,not vaccinated,vomiting,fever,nausea,diarrhea,stomach cramps,not vaccinated,vomiting,fever,nausea,diarrhea,stomach cramps,0
dog,golden retriever,7.1,45.0,not vaccinated,loss of appetite,thirst,ruffled feathers,closed eyes,diarrhea,not vaccinated,loss of appetite,thirst,ruffled feathers,closed eyes,diarrhea,0
dog,boxer,12.5,29.7,not vaccinated,immediate death,difficulty in breathing,blue colored lip,bloody discharge,neurologic abnormalities,not vaccinated,immediate death,difficulty in breathing,blue colored lip,bloody discharge,neurologic abnormalities,0
dog,german shepherd,9.1,40.7,previous kidney disease,depression,lameness in affected leg,loss of appetite,rapid pulse and heart rates,fever,previous kidney disease,depression,lameness in affected leg,loss of appetite,rapid pulse and heart rates,fever,0
dog,rottweiler,8.9,30.4,parasite history,weight loss,fever,loss of appetite,vomitting,weakness,parasite history,weight loss,fever,loss of appetite,vomitting,weakness,0
dog,poodle,14.6,9.7,skin conditions history,sneezing,weight loss,immediate death,fever,weakness,skin conditions history,sneezing,weight loss,immediate death,fever,weakness,1
dog,german shepherd,15.0,29.8,chronic illness,weight loss,fever,diarrhea,vomiting,bloody,chronic illness,weight loss,fever,diarrhea,vomiting,bloody,0
dog,yorkshire terrier,4.6,5.0,chronic illness,anorexia,anorexia,diarrhea,lethargy,fever,chronic illness,anorexia,anorexia,diarrhea,lethargy,fever,0
dog,boxer,13.7,16.4,chronic illness,fever,weakened legs,los of the ability to walk,mammary glads,fluif filled blisters,chronic illness,fever,weakened legs,los of the ability to walk,mammary glads,fluif filled blisters,0
dog,german shepherd,8.7,28.3,recent surgery,fever,difficulty breathing,thrist and urination,weight loss,enlarged lymph nodes or swelling,recent surgery,fever,difficulty breathing,thrist and urination,weight loss,enlarged lymph nodes or swelling,0
dog,rottweiler,10.5,25.0,vaccinated,weakness,swaying,weakness,weight loss,sweat,vaccinated,weakness,swaying,weakness,weight loss,sweat,0
dog,mixed breed,3.0,36.4,previous heart condition,pain,diarrhea,anorexia,diarrhea,fever,previous heart condition,pain,diarrhea,anorexia,diarrhea,fever,0
dog,mixed breed,5.4,12.0,skin conditions history,loss of appetite,hyper sensitivity,excitability,nervousness,weakness,skin conditions history,loss of appetite,hyper sensitivity,excitability,nervousness,weakness,1
dog,bulldog,7.1,15.0,chronic illness,anorexia,difficult in walking,sneezing,easily damage shell,diarrhea,chronic illness,anorexia,difficult in walking,sneezing,easily damage shell,diarrhea,0
dog,labrador retriever,3.8,39.2,allergies,lethargy,bleeding in eye and skin,vomiting,blood in urine,diarrhea,allergies,lethargy,bleeding in eye and skin,vomiting,blood in urine,diarrhea,1
dog,rottweiler,7.5,33.7,parasite history,diarrhea,anorexia,diarrhea,coughing,increased in breathing,parasite history,diarrhea,anorexia,diarrhea,coughing,increased in breathing,0
dog,beagle,10.4,20.0,dental issues,sneezing,weakness,weight loss,sneezing,tremors,dental issues,sneezing,weakness,weight loss,sneezing,tremors,0
dog,poodle,1.0,6.8,dental issues,diarrhea,anorexia,weakness,vomiting,lethargy,dental issues,diarrhea,anorexia,weakness,vomiting,lethargy,0
dog,bulldog,0.5,17.4,not vaccinated,sneezing,sneezing,cessation of eructation,fever,vomiting,not vaccinated,sneezing,sneezing,cessation of eructation,fever,vomiting,0
dog,bulldog,1.8,25.1,chronic illness,legness,paresis,weight loss,shortness of breath,coughing,chronic illness,legness,paresis,weight loss,shortness of breath,coughing,0
dog,golden retriever,0.5,38.7,parasite history,pain,pain,stealing,coughing,stillbirth,parasite history,pain,pain,stealing,coughing,stillbirth,0
dog,beagle,7.6,23.2,previous kidney disease,weight loss,nasal discharge,seizuers,convulsion,sneezing,previous kidney disease,weight loss,nasal discharge,seizuers,convulsion,sneezing,0
dog,golden retriever,7.4,42.9,recent surgery,weakness,fever,milk getting out more thick,fever,weight loss,recent surgery,weakness,fever,milk getting out more thick,fever,weight loss,0
dog,golden retriever,3.9,35.1,chronic illness,dyspnea,difficulty in breathing,coughing,lethargy,nasal discharge,chronic illness,dyspnea,difficulty in breathing,coughing,lethargy,nasal discharge,0
dog,labrador retriever,14.9,45.0,no previous conditions,gasping,coughing,twisted neck,mild weakness,droopy wings,no previous conditions,gasping,coughing,twisted neck,mild weakness,droopy wings,0
dog,poodle,6.3,5.6,no previous conditions,fever,tiredness,skin rashes,pain,headache,no previous conditions,fever,tiredness,skin rashes,pain,headache,1
dog,labrador retriever,7.4,44.5,no previous conditions,vomiting,fever,weakness,sneezing,diarrhea,no previous conditions,vomiting,fever,weakness,sneezing,diarrhea,0
dog,labrador retriever,8.1,24.9,recent surgery,watering,no appp,vomiting,lethargy,dehydration,recent surgery,watering,no appp,vomiting,lethargy,dehydration,0
dog,boxer,9.1,21.0,chronic illness,coughing,coughing,anorexia,coughing,anorexia,chronic illness,coughing,coughing,anorexia,coughing,anorexia,0
dog,beagle,7.8,15.0,previous heart condition,weakness,pot belly,anorexia,vomiting,discharge from eye,previous heart condition,weakness,pot belly,anorexia,vomiting,discharge from eye,0
dog,poodle,8.1,6.0,dental issues,fever,swelling of face or leg,coughing,depression,pains,dental issues,fever,swelling of face or leg,coughing,depression,pains,0
dog,rottweiler,4.9,38.0,not vaccinated,vomiting,vomiting,vomiting,loss of activity,weight loss,not vaccinated,vomiting,vomiting,vomiting,loss of activity,weight loss,0
dog,bulldog,8.3,15.0,parasite history,stained wool,anorexia,coughing,fever,coughing,parasite history,stained wool,anorexia,coughing,fever,coughing,0
dog,poodle,0.5,5.3,recent surgery,lethargy,coughing,chest pain,weakness,weight loss,recent surgery,lethargy,coughing,chest pain,weakness,weight loss,0
dog,labrador retriever,7.2,34.5,dental issues,weight loss,pain,lethargy,weight loss,lethargy,dental issues,weight loss,pain,lethargy,weight loss,lethargy,0
dog,rottweiler,3.8,42.4,previous kidney disease,fever,dyspnea,coughing,lethargy,anorexia,previous kidney disease,fever,dyspnea,coughing,lethargy,anorexia,0
dog,boxer,7.8,26.9,skin conditions history,pain,coughing,weight loss,fever,weight loss,skin conditions history,pain,coughing,weight loss,fever,weight loss,1
dog,beagle,5.8,24.5,allergies,vomiting,pain,poor coat condition,coughing,sneezing,allergies,vomiting,pain,poor coat condition,coughing,sneezing,0
dog,poodle,4.0,3.0,dental issues,listlessness,watering diarrhea,diarrhea,sheep often bites,fever,dental issues,listlessness,watering diarrhea,diarrhea,sheep often bites,fever,0
dog,german shepherd,6.0,35.2,allergies,lethargy,sneezing,diarrhea,enlarged thymus,lethargy,allergies,lethargy,sneezing,diarrhea,enlarged thymus,lethargy,0
dog,golden retriever,9.7,26.2,allergies,inappentence,diarrhea,tremors of the head,dehydration,weight loss,allergies,inappentence,diarrhea,tremors of the head,dehydration,weight loss,0
dog,boxer,4.2,21.8,vaccinated,fever,diarrhea,no appp,fever,vomiting,vaccinated,fever,diarrhea,no appp,fever,vomiting,0
dog,german shepherd,11.1,30.8,chronic illness,fever,difficultty in breathing,yellow eye,sneezing,diphtherictic,chronic illness,fever,difficultty in breathing,yellow eye,sneezing,diphtherictic,0
dog,mixed breed,9.3,9.5,no previous conditions,bad breath,pawing at the face or nose,cough,sneezing,bleeding from the nose,no previous conditions,bad breath,pawing at the face or nose,cough,sneezing,bleeding from the nose,0
dog,german shepherd,7.8,33.1,recent surgery,head tossing,wool loss,fast breathing,bleeding wounds,skin issue,recent surgery,head tossing,wool loss,fast breathing,bleeding wounds,skin issue,1
dog,beagle,5.8,15.0,not vaccinated,lethargy,coughing,overweight,fever,sneezing,not vaccinated,lethargy,coughing,overweight,fever,sneezing,0
dog,bulldog,5.7,23.3,parasite history,pain,coughing,coughing,coughing,chills,parasite history,pain,coughing,coughing,coughing,chills,0
dog,mixed breed,3.5,32.3,no previous conditions,coughing,vomiting,diarrhea,weight loss,weakness,no previous conditions,coughing,vomiting,diarrhea,weight loss,weakness,0
dog,german shepherd,13.0,34.8,previous kidney disease,stop eating,stop drinking,change their normal behaviour,lameness,pains,previous kidney disease,stop eating,stop drinking,change their normal behaviour,lameness,pains,0
dog,golden retriever,4.9,26.9,previous heart condition,anorexia,diarrhea,fever,skin issue,anorexia,previous heart condition,anorexia,diarrhea,fever,skin issue,anorexia,1
dog,german shepherd,12.9,30.3,chronic illness,frequent yawning,diarrhea,weakness,fever,diarrhea,chronic illness,frequent yawning,diarrhea,weakness,fever,diarrhea,0
dog,boxer,13.0,27.6,dental issues,weakness,muscular stiffness,weakness,fever,anorexia,dental issues,weakness,muscular stiffness,weakness,fever,anorexia,0
dog,golden retriever,10.2,37.8,not vaccinated,discharge from eyes,redness of eye,blindness,scartches,pains,not vaccinated,discharge from eyes,redness of eye,blindness,scartches,pains,0
dog,boxer,10.2,16.6,previous kidney disease,weight loss,fever,anorexia,diarrhea,pain,previous kidney disease,weight loss,fever,anorexia,diarrhea,pain,0
dog,beagle,6.7,15.0,recent surgery,weakness,fever,sneezing,sneezing,pain,recent surgery,weakness,fever,sneezing,sneezing,pain,0
dog,rottweiler,7.8,28.0,chronic illness,tear production,anversion to light,bluish white opacity,blindness,pains,chronic illness,tear production,anversion to light,bluish white opacity,blindness,pains,0
dog,yorkshire terrier,10.7,4.4,recent surgery,weight loss,diarrhea,vomiting,weight loss,sneezing,recent surgery,weight loss,diarrhea,vomiting,weight loss,sneezing,0
dog,mixed breed,13.2,25.5,chronic illness,hair loss,dandruff,vomiting,crusting of the skin,ulcerated skin,chronic illness,hair loss,dandruff,vomiting,crusting of the skin,ulcerated skin,1
dog,rottweiler,5.6,25.6,not vaccinated,fever,chills,sweat,head ache,fatique,not vaccinated,fever,chills,sweat,head ache,fatique,0
dog,beagle,0.8,23.7,dental issues,flabby,vomiting,fever,vomiting,anorexia,dental issues,flabby,vomiting,fever,vomiting,anorexia,0
dog,bulldog,1.3,33.6,allergies,pains,loss of wool,death,sheep often bites,fleece become thin,allergies,pains,loss of wool,death,sheep often bites,fleece become thin,0
dog,yorkshire terrier,5.1,4.9,chronic illness,anorexia,vomiting,fever,coughing,grinding of teeth,chronic illness,anorexia,vomiting,fever,coughing,grinding of teeth,0
dog,boxer,11.5,20.5,recent surgery,fever,lethargy,uteria inertia,sneezing,anorexia,recent surgery,fever,lethargy,uteria inertia,sneezing,anorexia,0
dog,golden retriever,3.9,45.0,parasite history,hepatic failure,difficulty in walking,weakness,lethargy,roughened,parasite history,hepatic failure,difficulty in walking,weakness,lethargy,roughened,0
dog,golden retriever,0.5,34.0,no previous conditions,coughing,vomiting,fever,ruffled coat,high body temperaure,no previous conditions,coughing,vomiting,fever,ruffled coat,high body temperaure,0
dog,labrador retriever,9.5,28.5,parasite history,loss in weight,emaciation,loss of appetite,weakness,diarrhoea,parasite history,loss in weight,emaciation,loss of appetite,weakness,diarrhoea,0
dog,bulldog,2.8,18.4,not vaccinated,anorexia,weight loss,pain,sneezing,pain,not vaccinated,anorexia,weight loss,pain,sneezing,pain,0
dog,yorkshire terrier,5.8,8.4,recent surgery,fever,mild sneezing,coughing,nasal,ocular discharge,recent surgery,fever,mild sneezing,coughing,nasal,ocular discharge,0
dog,yorkshire terrier,1.8,4.4,recent surgery,skin reashes,weakness,weight loss,weakness,vomiting,recent surgery,skin reashes,weakness,weight loss,weakness,vomiting,1
dog,bulldog,5.8,15.0,no previous conditions,diarrhea,sneezing,anorexia,red patches,sneezing,no previous conditions,diarrhea,sneezing,anorexia,red patches,sneezing,0
dog,boxer,6.4,27.4,allergies,loss of appetite,fever,nasal discharge,ear infection,depression,allergies,loss of appetite,fever,nasal discharge,ear infection,depression,0
dog,bulldog,9.1,16.1,previous kidney disease,vomiting,anorexia,diarrhea,weight loss,sneezing,previous kidney disease,vomiting,anorexia,diarrhea,weight loss,sneezing,0
dog,poodle,3.8,6.3,chronic illness,puffed_up feather,less eat,headache,half-closed eye,seizures,chronic illness,puffed_up feather,less eat,headache,half-closed eye,seizures,0
dog,boxer,7.8,15.0,not vaccinated,sneezing,fever,lethargy,skin reashes,pain,not vaccinated,sneezing,fever,lethargy,skin reashes,pain,1
dog,rottweiler,7.4,29.0,recent surgery,fever,weight loss,vomiting,anorexia,rapid heartbeats,recent surgery,fever,weight loss,vomiting,anorexia,rapid heartbeats,0
dog,mixed breed,11.0,28.9,no previous conditions,extending its neck,gasping for breath,gasping for air,gasping for breath,difficulty swallowing,no previous conditions,extending its neck,gasping for breath,gasping for air,gasping for breath,difficulty swallowing,0
dog,yorkshire terrier,12.3,6.3,recent surgery,fever,difficulty in breathing,dribbling of saliva,inability of swalllon feeding,moist and painfull,recent surgery,fever,difficulty in breathing,dribbling of saliva,inability of swalllon feeding,moist and painfull,0
dog,yorkshire terrier,11.4,4.5,previous kidney disease,fever,pox lession on skin,skin reashes,nasal discharge,mortality varies,previous kidney disease,fever,pox lession on skin,skin reashes,nasal discharge,mortality varies,1
dog,mixed breed,14.4,26.0,skin conditions history,lameness,skin lesion,lllthrift,weight loss,swelling on thebody,skin conditions history,lameness,skin lesion,lllthrift,weight loss,swelling on thebody,1
dog,mixed breed,15.0,32.8,recent surgery,weight loss,anorexia,pain,sneezing,diarrhea,recent surgery,weight loss,anorexia,pain,sneezing,diarrhea,0
dog,rottweiler,8.3,33.6,recent surgery,apathy,depression,dilation of duodenum,cloacal pasting,congestion,recent surgery,apathy,depression,dilation of duodenum,cloacal pasting,congestion,0
dog,rottweiler,11.3,33.2,no previous conditions,anorexia,anaemia,lethargy,sneezing,weight loss,no previous conditions,anorexia,anaemia,lethargy,sneezing,weight loss,0
dog,poodle,5.4,7.7,previous kidney disease,red on affected area,horny growth,wart-like growth,red skin,lesions on ear,previous kidney disease,red on affected area,horny growth,wart-like growth,red skin,lesions on ear,1
dog,poodle,5.3,10.2,allergies,loss of appetite,diarrhea,swollen purple wattle,swollen comb,lameness,allergies,loss of appetite,diarrhea,swollen purple wattle,swollen comb,lameness,0
dog,golden retriever,5.3,31.4,not vaccinated,weight loss,fever,diarrhea,coughing,lethargy,not vaccinated,weight loss,fever,diarrhea,coughing,lethargy,0
dog,rottweiler,7.9,37.5,previous heart condition,fever,reduce growth,edema in lower jaw,weight loss,anemia,previous heart condition,fever,reduce growth,edema in lower jaw,weight loss,anemia,0
dog,poodle,1.2,8.0,dental issues,cessation of eructation,difficulty in breathing,depression,anorexia,colic,dental issues,cessation of eructation,difficulty in breathing,depression,anorexia,colic,0
dog,beagle,3.9,25.4,parasite history,coughing,pox lesion,weakness,sneezing,fever,parasite history,coughing,pox lesion,weakness,sneezing,fever,1
dog,mixed breed,3.5,25.8,allergies,lightheadedness,coughing,coughing,weight loss,runny nose,allergies,lightheadedness,coughing,coughing,weight loss,runny nose,0
dog,mixed breed,4.8,28.6,vaccinated,air sacculitis,halitosis,coughing,enteritis,weight loss,vaccinated,air sacculitis,halitosis,coughing,enteritis,weight loss,0
dog,german shepherd,3.1,36.4,previous kidney disease,ring shaped lesion,coughing,lethargy,coughing,epistaxis,previous kidney disease,ring shaped lesion,coughing,lethargy,coughing,epistaxis,1
dog,german shepherd,13.2,41.1,recent surgery,swollen purple wattle,lameness,diarrhea,loss of appetite,swollen comb,recent surgery,swollen purple wattle,lameness,diarrhea,loss of appetite,swollen comb,0
dog,beagle,9.6,25.8,skin conditions history,fever,wound lesion,excess salivary,difficult in walking,pain,skin conditions history,fever,wound lesion,excess salivary,difficult in walking,pain,1
dog,bulldog,10.5,17.1,recent surgery,weight loss,weight loss,lethargy,chills,sneezing,recent surgery,weight loss,weight loss,lethargy,chills,sneezing,0
dog,golden retriever,4.7,45.0,previous kidney disease,weakness,stiffness,trembling,white mark on the muscle,loss of vitamin e,previous kidney disease,weakness,stiffness,trembling,white mark on the muscle,loss of vitamin e,0
dog,bulldog,4.2,23.4,previous kidney disease,weakness,lethargy,swollen belly,vomiting,fever,previous kidney disease,weakness,lethargy,swollen belly,vomiting,fever,0
dog,poodle,1.5,7.5,skin conditions history,head shking,discharge from ear,scartching ear,odor to ear,redness on ear,skin conditions history,head shking,discharge from ear,scartching ear,odor to ear,redness on ear,1
dog,bulldog,6.6,18.4,skin conditions history,fever,loss of appetite,eyeproblem,liver disease,nuerological,skin conditions history,fever,loss of appetite,eyeproblem,liver disease,nuerological,1
dog,bulldog,12.1,20.5,vaccinated,coughing,weakness,weakness,anorexia,weight loss,vaccinated,coughing,weakness,weakness,anorexia,weight loss,0
dog,boxer,14.5,16.2,allergies,loss of appetite,ruffled feathers,diarrhea,overweight,depression,allergies,loss of appetite,ruffled feathers,diarrhea,overweight,depression,0
dog,yorkshire terrier,7.8,8.1,vaccinated,lethargy,sneezing,fever,pain,vomiting,vaccinated,lethargy,sneezing,fever,pain,vomiting,0
dog,rottweiler,2.6,29.7,chronic illness,anorexia,diarrhea,vomiting,pain,weight loss,chronic illness,anorexia,diarrhea,vomiting,pain,weight loss,0
dog,mixed breed,2.4,28.4,recent surgery,fetopelvic dispropotion,uteria inertia,despression,death,pains,recent surgery,fetopelvic dispropotion,uteria inertia,despression,death,pains,0
dog,yorkshire terrier,5.6,3.0,not vaccinated,diarrhea,anorexia,milk reduce,weight loss,vomiting,not vaccinated,diarrhea,anorexia,milk reduce,weight loss,vomiting,0
dog,mixed breed,13.0,17.4,parasite history,lesions in the nasal cavity,lesions on nose,vomiting,noisy breathing,lesions on nose,parasite history,lesions in the nasal cavity,lesions on nose,vomiting,noisy breathing,lesions on nose,1
dog,rottweiler,12.7,42.1,recent surgery,lack of walking,lack of flying,roughened,dehydration,pains,recent surgery,lack of walking,lack of flying,roughened,dehydration,pains,0
dog,boxer,9.0,21.8,parasite history,weight loss,anorexia,fever,weakness,lethargy,parasite history,weight loss,anorexia,fever,weakness,lethargy,0
dog,mixed breed,2.1,35.1,allergies,vomiting,diarrhea,coughing,anorexia,coughing,allergies,vomiting,diarrhea,coughing,anorexia,coughing,0
dog,poodle,0.5,4.9,dental issues,diarrhea,stained wool,feels stiff,coughing,weakness,dental issues,diarrhea,stained wool,feels stiff,coughing,weakness,0
dog,beagle,3.5,23.3,no previous conditions,vomiting,vomiting,fever,vomiting,diarrhea,no previous conditions,vomiting,vomiting,fever,vomiting,diarrhea,0
dog,bulldog,0.7,18.4,vaccinated,poor growth,short stature,enlargement of bones,lameness,weigth bearing long bones,vaccinated,poor growth,short stature,enlargement of bones,lameness,weigth bearing long bones,0
dog,german shepherd,10.8,26.7,previous heart condition,broody behavior,weight loss,egg production stops,loss of appetite,constipation,previous heart condition,broody behavior,weight loss,egg production stops,loss of appetite,constipation,0
dog,yorkshire terrier,4.5,9.3,dental issues,heavy breathing,weakness,yellow in beak,sleeping excessively,tail_bobbing,dental issues,heavy breathing,weakness,yellow in beak,sleeping excessively,tail_bobbing,0
dog,poodle,9.2,4.4,previous kidney disease,lethargy,anorexia,weight loss,coughing,diarrhea,previous kidney disease,lethargy,anorexia,weight loss,coughing,diarrhea,0
dog,beagle,2.6,33.3,dental issues,fever,loss of appetite,swollen teats,lameness in affected leg,depression,dental issues,fever,loss of appetite,swollen teats,lameness in affected leg,depression,0
dog,yorkshire terrier,12.3,4.4,previous heart condition,loss of appetite,swelling,nasal discharge,blindness,lethargy,previous heart condition,loss of appetite,swelling,nasal discharge,blindness,lethargy,0
dog,bulldog,8.7,21.8,parasite history,coughing,eye ulcer,vomiting,weight loss,pain,parasite history,coughing,eye ulcer,vomiting,weight loss,pain,1
dog,golden retriever,10.3,31.9,previous heart condition,discharge,mummification,anorexia,sneezing,anorexia,previous heart condition,discharge,mummification,anorexia,sneezing,anorexia,0
dog,yorkshire terrier,11.8,5.1,recent surgery,swelling,lethargy,nasal discharge,loss of appetite,blindness,recent surgery,swelling,lethargy,nasal discharge,loss of appetite,blindness,0
dog,boxer,5.3,28.1,allergies,pain,swollen,swelling of udder,tender to touch,change in milk,allergies,pain,swollen,swelling of udder,tender to touch,change in milk,0
dog,mixed breed,11.1,34.4,allergies,lethargy,diarrhea,vomiting,pharyngitis,wasting,allergies,lethargy,diarrhea,vomiting,pharyngitis,wasting,0
dog,yorkshire terrier,3.4,4.6,dental issues,weight loss,sneezing,diarrhea,sneezing,coughing,dental issues,weight loss,sneezing,diarrhea,sneezing,coughing,0
dog,rottweiler,7.4,27.1,not vaccinated,pain,fever,depression,attack,bite other animals,not vaccinated,pain,fever,depression,attack,bite other animals,0
dog,mixed breed,2.9,40.0,parasite history,fever,weakness,lesions on ear,attempt to urinate,sharp feather,parasite history,fever,weakness,lesions on ear,attempt to urinate,sharp feather,1
dog,mixed breed,8.9,20.9,previous heart condition,weakness,pain,coughing,lethargy,sneezing,previous heart condition,weakness,pain,coughing,lethargy,sneezing,0
dog,yorkshire terrier,10.4,5.0,allergies,fetopelvic dispropotion,malpresentation,death,uteria inertia,pains,allergies,fetopelvic dispropotion,malpresentation,death,uteria inertia,pains,0
dog,labrador retriever,3.2,32.3,chronic illness,radip onset,stiff,muscle trembling,weakness,death,chronic illness,radip onset,stiff,muscle trembling,weakness,death,0
dog,mixed breed,5.8,27.2,previous kidney disease,diarrhea,fever,diarrhea,diarrhea,coughing,previous kidney disease,diarrhea,fever,diarrhea,diarrhea,coughing,0
dog,german shepherd,7.2,31.6,not vaccinated,milk getting out more watery,anorexia,coughing,pain,diarrhea,not vaccinated,milk getting out more watery,anorexia,coughing,pain,diarrhea,0
dog,beagle,11.2,15.0,parasite history,weight loss,pain,vomiting,anorexia,jerky limb movements,parasite history,weight loss,pain,vomiting,anorexia,jerky limb movements,0
dog,yorkshire terrier,5.6,3.8,vaccinated,fever,pain,coughing,half-closed eye,fever,vaccinated,fever,pain,coughing,half-closed eye,fever,0
dog,yorkshire terrier,13.1,5.5,vaccinated,loss of appetite,small size,poor body condition,poor wool,lameness,vaccinated,loss of appetite,small size,poor body condition,poor wool,lameness,0
dog,german shepherd,0.5,31.7,vaccinated,vomiting,lethargy,lethargy,shallow breathing,pain,vaccinated,vomiting,lethargy,lethargy,shallow breathing,pain,0
dog,rottweiler,8.8,44.9,parasite history,anorexia,diarrhea,lethargy,weight loss,anorexia,parasite history,anorexia,diarrhea,lethargy,weight loss,anorexia,0
dog,mixed breed,9.7,10.0,recent surgery,fever,weakened legs,los of the ability to walk,weight loss,lameness,recent surgery,fever,weakened legs,los of the ability to walk,weight loss,lameness,0
dog,yorkshire terrier,7.2,5.0,recent surgery,diarrhea,vomitting,fever,poor appetite,weight loss,recent surgery,diarrhea,vomitting,fever,poor appetite,weight loss,0
dog,mixed breed,1.9,25.8,parasite history,facial swelling,bloody drool,foul breath,unable to eat,lossened teeth,parasite history,facial swelling,bloody drool,foul breath,unable to eat,lossened teeth,0
dog,labrador retriever,13.0,36.0,previous heart condition,lethargy,lethargy,sneezing,infection,fever,previous heart condition,lethargy,lethargy,sneezing,infection,fever,0
dog,bulldog,5.5,15.1,allergies,reluctant move,loss of appetite,lameness,death,weakness,allergies,reluctant move,loss of appetite,lameness,death,weakness,0
dog,german shepherd,3.9,34.2,previous kidney disease,weakness,diarrhea,coughing,nausea,sneezing,previous kidney disease,weakness,diarrhea,coughing,nausea,sneezing,0
dog,poodle,9.0,7.1,vaccinated,lethargy,diarrhea,lethargy,pain,vomiting,vaccinated,lethargy,diarrhea,lethargy,pain,vomiting,0
dog,mixed breed,13.1,18.0,dental issues,fetopelvic dispropotion,death,uteria inertia,malpresentation,pains,dental issues,fetopelvic dispropotion,death,uteria inertia,malpresentation,pains,0
dog,mixed breed,6.7,26.9,recent surgery,pain,diarrhea,sneezing,weight loss,coughing,recent surgery,pain,diarrhea,sneezing,weight loss,coughing,0
dog,bulldog,0.5,25.6,recent surgery,sneezing,diarrhea,anorexia,lethargy,pain,recent surgery,sneezing,diarrhea,anorexia,lethargy,pain,0
dog,bulldog,7.2,28.1,chronic illness,weight loss,weight loss,coughing,vomiting,sneezing,chronic illness,weight loss,weight loss,coughing,vomiting,sneezing,0
dog,mixed breed,0.5,32.4,recent surgery,bloody drool,pain,anorexia,lethargy,anorexia,recent surgery,bloody drool,pain,anorexia,lethargy,anorexia,0
dog,golden retriever,8.6,27.3,allergies,lethargy,vomiting,weakness,weakness,vomiting,allergies,lethargy,vomiting,weakness,weakness,vomiting,0
dog,bulldog,8.7,17.7,allergies,anorexia,coughing,dyspnea,fever,death,allergies,anorexia,coughing,dyspnea,fever,death,0
dog,bulldog,7.3,19.5,skin conditions history,loss of appetite,nuerological,liver disease,fever,eyeproblem,skin conditions history,loss of appetite,nuerological,liver disease,fever,eyeproblem,1
dog,yorkshire terrier,11.1,6.5,dental issues,fever,dyspnea,coughing,lethargy,weightloss,dental issues,fever,dyspnea,coughing,lethargy,weightloss,0
dog,rottweiler,13.0,31.7,allergies,nervous,diarrhea,weakness,difficulty breating,lethargy,allergies,nervous,diarrhea,weakness,difficulty breating,lethargy,0
dog,mixed breed,7.9,8.1,previous kidney disease,bad breath,pawing at the face or nose,cough,sneezing,bleeding from the nose,previous kidney disease,bad breath,pawing at the face or nose,cough,sneezing,bleeding from the nose,0
dog,mixed breed,5.1,11.4,allergies,excitability,nervousness,loss of appetite,hyper sensitivity,weakness,allergies,excitability,nervousness,loss of appetite,hyper sensitivity,weakness,0
dog,beagle,14.1,22.6,dental issues,sneezing,dizziness,weakness,secondary infection,vomiting,dental issues,sneezing,dizziness,weakness,secondary infection,vomiting,0
dog,german shepherd,5.7,30.8,not vaccinated,fever,diarrhea,vomiting,weight loss,dehydration,not vaccinated,fever,diarrhea,vomiting,weight loss,dehydration,0
dog,german shepherd,8.7,39.0,vaccinated,head tossing,wool loss,fast breathing,bleeding wounds,skin issue,vaccinated,head tossing,wool loss,fast breathing,bleeding wounds,skin issue,1
dog,mixed breed,7.5,38.8,vaccinated,abdominal pain,fever,diarrhea,anorexia,blue straws,vaccinated,abdominal pain,fever,diarrhea,anorexia,blue straws,0
dog,poodle,8.8,4.9,parasite history,anorexia,sneezing,lethargy,yellow or green dropping,lethargy,parasite history,anorexia,sneezing,lethargy,yellow or green dropping,lethargy,0
dog,labrador retriever,6.5,31.7,chronic illness,vomiting,bloody diarrhea,lethargy,dehydration,anorexia,chronic illness,vomiting,bloody diarrhea,lethargy,dehydration,anorexia,0
dog,poodle,8.9,5.9,vaccinated,coughing,diarrhea,coughing,diarrhea,diarrhea,vaccinated,coughing,diarrhea,coughing,diarrhea,diarrhea,0
dog,mixed breed,4.5,26.8,recent surgery,air sacculitis,halitosis,coughing,enteritis,weight loss,recent surgery,air sacculitis,halitosis,coughing,enteritis,weight loss,0
dog,poodle,12.5,3.1,not vaccinated,fever,respiratory distress,sudden death,hyperesthesia,seizuers,not vaccinated,fever,respiratory distress,sudden death,hyperesthesia,seizuers,0
dog,rottweiler,11.0,36.9,recent surgery,coughing,coughing,lethargy,ruffled appearance,coughing,recent surgery,coughing,coughing,lethargy,ruffled appearance,coughing,0
dog,mixed breed,8.0,20.9,parasite history,vomiting,weight loss,hemopytsis,dark colored bloody,vomiting,parasite history,vomiting,weight loss,hemopytsis,dark colored bloody,vomiting,0
dog,bulldog,11.2,16.1,previous heart condition,fever,weakened legs,los of the ability to walk,mammary glads,fluif filled blisters,previous heart condition,fever,weakened legs,los of the ability to walk,mammary glads,fluif filled blisters,0
dog,bulldog,12.6,27.5,vaccinated,reluctant move,weight loss,weight loss,straw colored,fever,vaccinated,reluctant move,weight loss,weight loss,straw colored,fever,0
dog,beagle,9.5,32.6,previous kidney disease,cough,sneeze,droopy wings,twisted neck,droopy wings,previous kidney disease,cough,sneeze,droopy wings,twisted neck,droopy wings,0
dog,german shepherd,3.8,35.2,dental issues,anorexia,coughing,eyeproblem,pain,fever,dental issues,anorexia,coughing,eyeproblem,pain,fever,0
dog,beagle,9.8,15.5,parasite history,fetopelvic dispropotion,uteria inertia,malpresentation,death,pains,parasite history,fetopelvic dispropotion,uteria inertia,malpresentation,death,pains,0
dog,poodle,5.7,8.0,recent surgery,anorexia,anorexia,coughing,sneezing,pain,recent surgery,anorexia,anorexia,coughing,sneezing,pain,0
dog,yorkshire terrier,8.3,3.4,allergies,fever,anorexia,vomiting,lethargy,diarrhea,allergies,fever,anorexia,vomiting,lethargy,diarrhea,0
dog,rottweiler,1.7,38.3,recent surgery,abortion,mummification,stillbirth,weak kids,pain,recent surgery,abortion,mummification,stillbirth,weak kids,pain,0
dog,labrador retriever,14.2,32.1,vaccinated,loss of appetite,stress,pains,dejection,coughing,vaccinated,loss of appetite,stress,pains,dejection,coughing,0
dog,boxer,14.3,16.0,not vaccinated,lethargy,fever,weight loss,lying down,kid moratality,not vaccinated,lethargy,fever,weight loss,lying down,kid moratality,0
dog,german shepherd,10.3,26.7,recent surgery,fever,swelling,loss of appetite,anorexia,weight loss,recent surgery,fever,swelling,loss of appetite,anorexia,weight loss,0
dog,labrador retriever,7.2,32.3,skin conditions history,weakness,fever,puffed_up feather,sneezing,weight loss,skin conditions history,weakness,fever,puffed_up feather,sneezing,weight loss,1
dog,beagle,8.9,28.4,previous kidney disease,jaundice,purplish combs,bloody droping,diarrhea,abortion on late pregancy,previous kidney disease,jaundice,purplish combs,bloody droping,diarrhea,abortion on late pregancy,0
dog,bulldog,9.2,15.0,skin conditions history,weight loss,weakness,weight loss,diarrhea,weight loss,skin conditions history,weight loss,weakness,weight loss,diarrhea,weight loss,1
dog,rottweiler,15.0,35.2,skin conditions history,anorexia,lethargy,muscle weakness,lethargy,poor condition,skin conditions history,anorexia,lethargy,muscle weakness,lethargy,poor condition,1
dog,golden retriever,9.6,36.1,chronic illness,restlessness,kick,lethargy,nible at their wool,scratching,chronic illness,restlessness,kick,lethargy,nible at their wool,scratching,0
dog,boxer,11.6,23.6,no previous conditions,flank,swelling,pain,nasal discharge,heat,no previous conditions,flank,swelling,pain,nasal discharge,heat,0
dog,poodle,9.4,7.6,no previous conditions,weakness,swelling problem,weight loss,weakness,sneezing,no previous conditions,weakness,swelling problem,weight loss,weakness,sneezing,0
dog,rottweiler,10.1,31.9,no previous conditions,loss of appetite,diarrhea,ruffled feathers,weight loss,inability to absorb nutrients,no previous conditions,loss of appetite,diarrhea,ruffled feathers,weight loss,inability to absorb nutrients,0
dog,yorkshire terrier,12.3,4.7,previous kidney disease,fever,pox lession on skin,skin reashes,nasal discharge,mortality varies,previous kidney disease,fever,pox lession on skin,skin reashes,nasal discharge,mortality varies,1
dog,labrador retriever,10.0,31.5,parasite history,hemopytsis,diarrhea,asymptomatic,death,epistaxis,parasite history,hemopytsis,diarrhea,asymptomatic,death,epistaxis,0
dog,yorkshire terrier,3.1,8.6,parasite history,anorexia,diarrhea,pain,diarrhea,sudden death,parasite history,anorexia,diarrhea,pain,diarrhea,sudden death,0
dog,german shepherd,8.3,41.2,parasite history,fever,diarrhea,bloody droping,abdominal discomfort,lethargy,parasite history,fever,diarrhea,bloody droping,abdominal discomfort,lethargy,0
dog,golden retriever,5.8,36.6,recent surgery,weight loss,hemoglobinuria,weight loss,weight loss,difficulty in walk,recent surgery,weight loss,hemoglobinuria,weight loss,weight loss,difficulty in walk,0
dog,rottweiler,1.9,41.9,no previous conditions,extending its neck,gasping for air,gasping for breath,difficulty swallowing,gasping for breath,no previous conditions,extending its neck,gasping for air,gasping for breath,difficulty swallowing,gasping for breath,0
dog,golden retriever,4.9,44.8,vaccinated,stiffness,white mark on the muscle,weakness,trembling,loss of vitamin e,vaccinated,stiffness,white mark on the muscle,weakness,trembling,loss of vitamin e,0
dog,golden retriever,13.1,36.9,vaccinated,tender to touch,pain,nosebleed,scabs on feet,lethargy,vaccinated,tender to touch,pain,nosebleed,scabs on feet,lethargy,1
dog,rottweiler,5.1,27.4,not vaccinated,fever,chills,sweat,head ache,fatique,not vaccinated,fever,chills,sweat,head ache,fatique,0
dog,rottweiler,12.7,43.3,chronic illness,anorexia,closed eyes,nervous,dullness,diarrhea,chronic illness,anorexia,closed eyes,nervous,dullness,diarrhea,0
dog,german shepherd,4.8,44.2,previous heart condition,pain,weight loss,anorexia,weakness,foot hot,previous heart condition,pain,weight loss,anorexia,weakness,foot hot,0
dog,beagle,9.8,26.4,recent surgery,diarrhea,behaviour change,abortion at the end of gestation,diarrhea,weight loss,recent surgery,diarrhea,behaviour change,abortion at the end of gestation,diarrhea,weight loss,0
dog,labrador retriever,3.4,38.1,previous heart condition,kidney failure,weakness,weight loss,fever,coughing,previous heart condition,kidney failure,weakness,weight loss,fever,coughing,0
dog,german shepherd,6.5,31.1,no previous conditions,anorexia,eventually death,watery eyes,vomiting,pain,no previous conditions,anorexia,eventually death,watery eyes,vomiting,pain,0
dog,mixed breed,8.7,8.4,no previous conditions,weakness,anemia,preening,beak overgrowth,difficulty in feeding,no previous conditions,weakness,anemia,preening,beak overgrowth,difficulty in feeding,0
dog,rottweiler,2.0,37.3,chronic illness,fever,swelling,weight loss,anorexia,loss of appetite,chronic illness,fever,swelling,weight loss,anorexia,loss of appetite,0
dog,labrador retriever,2.3,42.1,recent surgery,exhaustion,fever,skin ulcer,swollen and painfull,chills,recent surgery,exhaustion,fever,skin ulcer,swollen and painfull,chills,1
dog,beagle,8.4,30.0,chronic illness,lethargy,diarrhea,weight loss,lethargy,despression,chronic illness,lethargy,diarrhea,weight loss,lethargy,despression,0
dog,bulldog,5.7,17.1,dental issues,fever,staggering,distress,convulsion,trembling,dental issues,fever,staggering,distress,convulsion,trembling,0
dog,german shepherd,10.5,31.7,parasite history,coughing,vomiting,lethargy,weakness,sneezing,parasite history,coughing,vomiting,lethargy,weakness,sneezing,0
dog,labrador retriever,6.3,41.2,previous heart condition,diarrhea,anorexia,anorexia,weakness,lethargy,previous heart condition,diarrhea,anorexia,anorexia,weakness,lethargy,0
dog,labrador retriever,2.2,37.0,recent surgery,fever,chills,skin ulcer,exhaustion,swollen and painfull,recent surgery,fever,chills,skin ulcer,exhaustion,swollen and painfull,1
dog,rottweiler,4.6,35.2,allergies,weakness,sneezing,ruffled coat,sneezing,lethargy,allergies,weakness,sneezing,ruffled coat,sneezing,lethargy,0
dog,german shepherd,8.8,26.6,no previous conditions,stop eating,stop drinking,change their normal behaviour,depression,pains,no previous conditions,stop eating,stop drinking,change their normal behaviour,depression,pains,0
dog,german shepherd,10.8,28.3,skin conditions history,diarrhea,lethargy,pain,lethargy,vomiting,skin conditions history,diarrhea,lethargy,pain,lethargy,vomiting,1
dog,bulldog,10.5,17.2,recent surgery,vomiting,pain,weight loss,weight loss,restless movement,recent surgery,vomiting,pain,weight loss,weight loss,restless movement,0
dog,boxer,2.3,24.3,skin conditions history,lesions in the nasal cavity,lesions on nose,nose bleeds,noisy breathing,lesions on nose,skin conditions history,lesions in the nasal cavity,lesions on nose,nose bleeds,noisy breathing,lesions on nose,1
dog,bulldog,15.0,30.0,previous kidney disease,vomiting,paresis,weakness,nostrils,sneezing,previous kidney disease,vomiting,paresis,weakness,nostrils,sneezing,0
dog,bulldog,14.2,22.9,chronic illness,fever,difficulty breathing,coughing,eye and skin change,unable to exercise,chronic illness,fever,difficulty breathing,coughing,eye and skin change,unable to exercise,1
dog,rottweiler,9.8,25.0,not vaccinated,sneezing,diarrhea,sneezing,diarrhea,coughing,not vaccinated,sneezing,diarrhea,sneezing,diarrhea,coughing,0
dog,boxer,8.4,26.6,allergies,weight loss,diarrhea,coughing,pain,vomiting,allergies,weight loss,diarrhea,coughing,pain,vomiting,0
dog,golden retriever,3.2,33.0,previous kidney disease,poor condition,lethargy,coughing,weakness,vomiting,previous kidney disease,poor condition,lethargy,coughing,weakness,vomiting,0
dog,mixed breed,4.9,40.0,no previous conditions,pain,weakness,anorexia,swelling of neck,weight loss,no previous conditions,pain,weakness,anorexia,swelling of neck,weight loss,0
dog,bulldog,15.0,28.0,not vaccinated,pain,coughing,weakness,weight loss,weight loss,not vaccinated,pain,coughing,weakness,weight loss,weight loss,0
dog,labrador retriever,8.7,39.6,recent surgery,grunting,pain,pain,vomiting,sneezing,recent surgery,grunting,pain,pain,vomiting,sneezing,0
dog,yorkshire terrier,7.6,3.8,parasite history,diarrhea,anorexia,weight loss,diarrhea,lethargy,parasite history,diarrhea,anorexia,weight loss,diarrhea,lethargy,0
dog,german shepherd,6.2,43.0,not vaccinated,skin rashes,small and yellow bumps,swelling,dry scabs,lameness,not vaccinated,skin rashes,small and yellow bumps,swelling,dry scabs,lameness,1
dog,rottweiler,12.0,44.4,previous heart condition,lack of walking,lack of flying,roughened,dehydration,pains,previous heart condition,lack of walking,lack of flying,roughened,dehydration,pains,0
dog,german shepherd,4.1,44.8,previous kidney disease,lethargy,diarrhea,coughing,pain,kick,previous kidney disease,lethargy,diarrhea,coughing,pain,kick,0
dog,golden retriever,11.0,40.6,no previous conditions,fetopelvic dispropotion,uteria inertia,malpresentation,death,pains,no previous conditions,fetopelvic dispropotion,uteria inertia,malpresentation,death,pains,0
dog,rottweiler,12.4,27.9,no previous conditions,blindness,abnormalalities,muscle pain,facial muscle twitching,constant pacing,no previous conditions,blindness,abnormalalities,muscle pain,facial muscle twitching,constant pacing,1
dog,boxer,5.3,15.0,not vaccinated,diarrhea,hyperaestesia,poor appetite,blue colored lip,diarrhea,not vaccinated,diarrhea,hyperaestesia,poor appetite,blue colored lip,diarrhea,0
dog,bulldog,7.5,24.9,parasite history,coughing,weakness,lethargy,coughing,fever,parasite history,coughing,weakness,lethargy,coughing,fever,0
dog,bulldog,4.2,22.5,previous kidney disease,fever,diarrhea,vomiting,stomach cramps,nausea,previous kidney disease,fever,diarrhea,vomiting,stomach cramps,nausea,0
dog,rottweiler,10.6,24.3,not vaccinated,rhinitis,pneumonia,abscessess,torticollis,septicemia,not vaccinated,rhinitis,pneumonia,abscessess,torticollis,septicemia,0
dog,poodle,10.2,3.7,skin conditions history,nausea,vomiting,loss of appetite,experiencing changes in weight,pain and bloating,skin conditions history,nausea,vomiting,loss of appetite,experiencing changes in weight,pain and bloating,1
dog,mixed breed,12.8,28.7,chronic illness,dehydration,fever,uncharacteristic hiding,depression,stopped eat,chronic illness,dehydration,fever,uncharacteristic hiding,depression,stopped eat,0
dog,rottweiler,12.5,27.9,dental issues,fever,reduce reproductive potential,agalactia,loss of milk production,sloughing of the tail,dental issues,fever,reduce reproductive potential,agalactia,loss of milk production,sloughing of the tail,0
dog,labrador retriever,13.0,40.8,vaccinated,coughing,fever,vomiting,weakness,sneezing,vaccinated,coughing,fever,vomiting,weakness,sneezing,0
dog,golden retriever,1.8,38.9,parasite history,fever,dysentery,swelling,immediate death,pain,parasite history,fever,dysentery,swelling,immediate death,pain,0
dog,yorkshire terrier,6.1,4.1,not vaccinated,vomiting,dandruff,vomiting,egg production decreases,heat,not vaccinated,vomiting,dandruff,vomiting,egg production decreases,heat,0
dog,bulldog,10.5,17.2,not vaccinated,fever,weakened legs,los of the ability to walk,mammary glads,fluif filled blisters,not vaccinated,fever,weakened legs,los of the ability to walk,mammary glads,fluif filled blisters,0
dog,mixed breed,7.5,31.2,allergies,fever,periodic vommiting,chest pain,weakness,vomiting,allergies,fever,periodic vommiting,chest pain,weakness,vomiting,0
dog,german shepherd,15.0,37.8,dental issues,shaking oh head,depression,secondary infection,skin infection,coughing,dental issues,shaking oh head,depression,secondary infection,skin infection,coughing,1
dog,poodle,12.6,6.3,not vaccinated,coughing,infection,anorexia,reduce milk,difficulty swallowing,not vaccinated,coughing,infection,anorexia,reduce milk,difficulty swallowing,0
dog,boxer,6.6,15.8,no previous conditions,animal gets uneasy,pain on leg,lethargy,trauma,vomiting,no previous conditions,animal gets uneasy,pain on leg,lethargy,trauma,vomiting,0
dog,mixed breed,4.8,40.0,no previous conditions,fever,lethargy,lethargy,fever,speech delay,no previous conditions,fever,lethargy,lethargy,fever,speech delay,0
dog,labrador retriever,5.2,37.8,skin conditions history,lllthrift,skin lesion,lameness,swelling on thebody,weight loss,skin conditions history,lllthrift,skin lesion,lameness,swelling on thebody,weight loss,1
dog,labrador retriever,10.7,40.6,no previous conditions,fever,loss of  appetite,coughing,lameness,swelling of joints,no previous conditions,fever,loss of appetite,coughing,lameness,swelling of joints,0
dog,yorkshire terrier,7.4,9.9,previous heart condition,enlarged thymus,obstructed lungs,lethargy,skin rashes,weight loss,previous heart condition,enlarged thymus,obstructed lungs,lethargy,skin rashes,weight loss,1
dog,mixed breed,0.9,8.0,skin conditions history,fever,difficulty in breathing,lethargy,death,pains,skin conditions history,fever,difficulty in breathing,lethargy,death,pains,1
dog,labrador retriever,5.5,45.0,recent surgery,vomiting,weight loss,anorexia,pain,sneezing,recent surgery,vomiting,weight loss,anorexia,pain,sneezing,0
dog,poodle,10.7,7.0,vaccinated,dyspnea,neurologic sign,coughing,depression,anorexia,vaccinated,dyspnea,neurologic sign,coughing,depression,anorexia,0
dog,golden retriever,13.1,31.1,skin conditions history,coughing,weight loss,coughing,weight loss,abortion,skin conditions history,coughing,weight loss,coughing,weight loss,abortion,1
dog,yorkshire terrier,10.8,6.1,not vaccinated,upset stomach,loss of appetite,nause,weight loss,abdonormal pain,not vaccinated,upset stomach,loss of appetite,nause,weight loss,abdonormal pain,0
dog,beagle,12.8,23.3,parasite history,fever,swelling,lameness,heat,pains,parasite history,fever,swelling,lameness,heat,pains,0
dog,mixed breed,1.3,40.0,no previous conditions,weakness,diarrhea,pain,tender to touch,pain,no previous conditions,weakness,diarrhea,pain,tender to touch,pain,0
dog,poodle,9.6,6.3,previous heart condition,lethargy,anorexia,bleeding in eye and skin,lethargy,diarrhea,previous heart condition,lethargy,anorexia,bleeding in eye and skin,lethargy,diarrhea,1
dog,boxer,15.3,18.3,chronic illness,depression,loss of appetite,overweight,ruffled feathers,diarrhea,chronic illness,depression,loss of appetite,overweight,ruffled feathers,diarrhea,0
dog,boxer,5.8,21.4,vaccinated,pain,weight loss,vomiting,diarrhea,pain,vaccinated,pain,weight loss,vomiting,diarrhea,pain,0
dog,bulldog,2.9,16.9,vaccinated,watery diarrhea dispropotion,loss of appetite,death,sick,corneal ulceration,vaccinated,watery diarrhea dispropotion,loss of appetite,death,sick,corneal ulceration,1
dog,yorkshire terrier,4.5,8.6,no previous conditions,tail_bobbing,yellow in beak,heavy breathing,weakness,sleeping excessively,no previous conditions,tail_bobbing,yellow in beak,heavy breathing,weakness,sleeping excessively,0
dog,rottweiler,9.5,35.8,recent surgery,ulcers,diarrhea,poor appetite,tarry stool,enlarged lymph nodes,recent surgery,ulcers,diarrhea,poor appetite,tarry stool,enlarged lymph nodes,1
dog,golden retriever,7.4,34.7,not vaccinated,kidney failure,fever,weakness,coughing,uncharacteristic hiding,not vaccinated,kidney failure,fever,weakness,coughing,uncharacteristic hiding,0
dog,mixed breed,11.4,9.2,recent surgery,fever,diarrhea,poor appetite,weight loss,vomitting,recent surgery,fever,diarrhea,poor appetite,weight loss,vomitting,0
dog,rottweiler,2.5,27.6,not vaccinated,pain,pain,weight loss,weight loss,weakness,not vaccinated,pain,pain,weight loss,weight loss,weakness,0
dog,poodle,0.5,4.7,recent surgery,weight loss,diarrhea,sneezing,blurry vision,coughing,recent surgery,weight loss,diarrhea,sneezing,blurry vision,coughing,0
dog,poodle,0.5,6.6,parasite history,weakness,fever,lethargy,diarrhea,anorexia,parasite history,weakness,fever,lethargy,diarrhea,anorexia,0
dog,mixed breed,2.0,26.3,parasite history,facial swelling,bloody drool,foul breath,unable to eat,lossened teeth,parasite history,facial swelling,bloody drool,foul breath,unable to eat,lossened teeth,0
dog,boxer,12.5,21.3,recent surgery,vomiting,fever,lethargy,anorexia,anorexia,recent surgery,vomiting,fever,lethargy,anorexia,anorexia,0
dog,golden retriever,3.7,42.4,chronic illness,lethargy,dyspnea,difficulty in breathing,nasal discharge,coughing,chronic illness,lethargy,dyspnea,difficulty in breathing,nasal discharge,coughing,0
dog,rottweiler,9.9,39.3,vaccinated,inability to stand,diarrhea,bottle jaw,pot belly,dry hair coat,vaccinated,inability to stand,diarrhea,bottle jaw,pot belly,dry hair coat,0
dog,mixed breed,15.0,23.1,vaccinated,sneezing,blood in stool,diarrhea,sneezing,drooling,vaccinated,sneezing,blood in stool,diarrhea,sneezing,drooling,0
dog,labrador retriever,15.0,35.0,parasite history,abdominal discomfort,lethargy,loss of appetite,vomiting,weight loss,parasite history,abdominal discomfort,lethargy,loss of appetite,vomiting,weight loss,0
dog,golden retriever,3.7,33.2,vaccinated,fever,fleece become thin,pain and bloating,diarrhea,abnormal behaviour,vaccinated,fever,fleece become thin,pain and bloating,diarrhea,abnormal behaviour,0
dog,poodle,10.8,6.3,vaccinated,dyspnea,neurologic sign,coughing,depression,anorexia,vaccinated,dyspnea,neurologic sign,coughing,depression,anorexia,0
dog,mixed breed,9.7,21.1,vaccinated,vomiting,coughing,lethargy,vomiting,anorexia,vaccinated,vomiting,coughing,lethargy,vomiting,anorexia,0
dog,poodle,2.7,6.2,previous heart condition,sneezing,pain,lethargy,diarrhea,diarrhea,previous heart condition,sneezing,pain,lethargy,diarrhea,diarrhea,0
dog,mixed breed,1.9,23.0,parasite history,bloody drool,facial swelling,foul breath,unable to eat,lossened teeth,parasite history,bloody drool,facial swelling,foul breath,unable to eat,lossened teeth,0
dog,golden retriever,2.8,27.6,allergies,fluif faeces on blood and muscle,sudden death,blooody fluid,red diarrhea,faeces are streake with blood,allergies,fluif faeces on blood and muscle,sudden death,blooody fluid,red diarrhea,faeces are streake with blood,0
dog,yorkshire terrier,2.1,5.6,chronic illness,weakness,lethargy,diarrhea,lethargy,anorexia,chronic illness,weakness,lethargy,diarrhea,lethargy,anorexia,0
dog,boxer,12.9,20.1,previous heart condition,sneezing,lethargy,weakness,diarrhea,tear production,previous heart condition,sneezing,lethargy,weakness,diarrhea,tear production,0
dog,german shepherd,6.1,25.4,not vaccinated,dehydration,diarrhea,poor coat apperence,vomiting,weight loss,not vaccinated,dehydration,diarrhea,poor coat apperence,vomiting,weight loss,0
dog,rottweiler,12.0,26.2,no previous conditions,blindness,muscle pain,abnormalalities,constant pacing,facial muscle twitching,no previous conditions,blindness,muscle pain,abnormalalities,constant pacing,facial muscle twitching,1
dog,boxer,11.7,23.3,parasite history,most often none,sneezing,nasal discharge,dyspnea,pain,parasite history,most often none,sneezing,nasal discharge,dyspnea,pain,0
dog,beagle,8.5,29.9,allergies,weakness,pain,weakness,diarrhea,fever,allergies,weakness,pain,weakness,diarrhea,fever,0
dog,beagle,10.5,24.2,dental issues,weight loss,pain,lethargy,fever,fever,dental issues,weight loss,pain,lethargy,fever,fever,0
dog,mixed breed,4.0,27.7,not vaccinated,weight loss,pain,diarrhea,swelling,fever,not vaccinated,weight loss,pain,diarrhea,swelling,fever,0
dog,bulldog,5.9,15.0,not vaccinated,diarrhea,weakness,sneezing,diarrhea,vomiting,not vaccinated,diarrhea,weakness,sneezing,diarrhea,vomiting,0
dog,golden retriever,4.8,38.6,previous heart condition,coughing,fever,fever,heavy breathing,coughing,previous heart condition,coughing,fever,fever,heavy breathing,coughing,0
dog,rottweiler,10.8,22.5,not vaccinated,rhinitis,pneumonia,abscessess,torticollis,septicemia,not vaccinated,rhinitis,pneumonia,abscessess,torticollis,septicemia,0
dog,labrador retriever,3.8,40.0,allergies,vomiting,bleeding in eye and skin,diarrhea,blood in urine,lethargy,allergies,vomiting,bleeding in eye and skin,diarrhea,blood in urine,lethargy,1
dog,poodle,2.6,4.0,no previous conditions,sheep often bites,fleece become thin,loss of wool,death,pains,no previous conditions,sheep often bites,fleece become thin,loss of wool,death,pains,0
dog,poodle,0.5,10.0,recent surgery,diarrhea,pain,fever,diarrhea,weakness,recent surgery,diarrhea,pain,fever,diarrhea,weakness,0
dog,boxer,9.3,27.9,parasite history,lethargy,berberi,diarrhea,anorexia,coughing,parasite history,lethargy,berberi,diarrhea,anorexia,coughing,0
dog,boxer,4.6,18.3,not vaccinated,vomiting,vomiting,weakness,weight loss,blood in stool,not vaccinated,vomiting,vomiting,weakness,weight loss,blood in stool,0
dog,labrador retriever,6.6,40.0,chronic illness,pain,edema,carcass decomposes,wattles,red tinge,chronic illness,pain,edema,carcass decomposes,wattles,red tinge,0
dog,poodle,8.1,6.2,not vaccinated,weight loss,coughing,weakness,lethargy,changes in outer layer skin,not vaccinated,weight loss,coughing,weakness,lethargy,changes in outer layer skin,1
dog,rottweiler,11.5,27.9,not vaccinated,pneumonia,torticollis,abscessess,septicemia,rhinitis,not vaccinated,pneumonia,torticollis,abscessess,septicemia,rhinitis,0
dog,mixed breed,1.0,32.2,allergies,pain,swelling on leg,redness,heat,hardness,allergies,pain,swelling on leg,redness,heat,hardness,0
dog,beagle,2.5,28.0,vaccinated,diarrhea,vomiting,weight loss,constant pacing,fever,vaccinated,diarrhea,vomiting,weight loss,constant pacing,fever,0
dog,boxer,9.6,15.8,recent surgery,diffulty swallowing,coughing,anorexia,vomiting,pain,recent surgery,diffulty swallowing,coughing,anorexia,vomiting,pain,0
dog,yorkshire terrier,13.5,5.7,chronic illness,swelling,larynx,swelling on jaw,hoarseness,neck vein swelling,chronic illness,swelling,larynx,swelling on jaw,hoarseness,neck vein swelling,0
dog,labrador retriever,9.9,29.6,parasite history,hemopytsis,diarrhea,asymptomatic,death,epistaxis,parasite history,hemopytsis,diarrhea,asymptomatic,death,epistaxis,0
dog,yorkshire terrier,6.6,9.4,allergies,rapid heart rate,loss of  appetite,week pulse,poor appetite,short term lethargy,allergies,rapid heart rate,loss of appetite,week pulse,poor appetite,short term lethargy,0
dog,mixed breed,4.4,33.4,no previous conditions,diarrhea,foul breath,diarrhea,preening,pain,no previous conditions,diarrhea,foul breath,diarrhea,preening,pain,0
dog,yorkshire terrier,3.0,5.9,no previous conditions,hydrophobia,pain,lethargy,lethargy,jaw is dropped,no previous conditions,hydrophobia,pain,lethargy,lethargy,jaw is dropped,0
dog,labrador retriever,12.0,27.7,vaccinated,eye discharges,nasal discharge,change their normal behaviour,high body temperature,lameness,vaccinated,eye discharges,nasal discharge,change their normal behaviour,high body temperature,lameness,0
dog,rottweiler,5.7,22.0,previous kidney disease,chills,fever,sweat,fatique,head ache,previous kidney disease,chills,fever,sweat,fatique,head ache,0
dog,beagle,13.0,17.3,skin conditions history,sneezing,bloody in feather,weight loss,burning ache or pain,swelling of eyelid,skin conditions history,sneezing,bloody in feather,weight loss,burning ache or pain,swelling of eyelid,1
dog,labrador retriever,13.6,36.2,previous heart condition,diarrhea,pain,weakness,weakness,coughing,previous heart condition,diarrhea,pain,weakness,weakness,coughing,0
dog,mixed breed,4.3,12.1,previous heart condition,lack of walking,lack of flying,roughened,dehydration,pains,previous heart condition,lack of walking,lack of flying,roughened,dehydration,pains,0
dog,beagle,1.8,28.7,previous heart condition,pain,animal gets uneasy,coughing,coughing,swollen left abdomen,previous heart condition,pain,animal gets uneasy,coughing,coughing,swollen left abdomen,0
dog,german shepherd,6.8,30.1,dental issues,forthy eye,torticollis,weakness,swelling,emaciation,dental issues,forthy eye,torticollis,weakness,swelling,emaciation,0
dog,labrador retriever,10.9,26.1,no previous conditions,diarrhea,occular discharge,weight loss,flat ribs,vomiting,no previous conditions,diarrhea,occular discharge,weight loss,flat ribs,vomiting,0
dog,boxer,14.9,25.4,not vaccinated,pain,fever,pain,lethargy,weight loss,not vaccinated,pain,fever,pain,lethargy,weight loss,0
dog,yorkshire terrier,12.9,5.7,dental issues,pain,pain,sneezing,coughing,pain,dental issues,pain,pain,sneezing,coughing,pain,0
dog,mixed breed,8.8,7.9,dental issues,vomiting,sneezing,weakness,weight loss,diarrhea,dental issues,vomiting,sneezing,weakness,weight loss,diarrhea,0
dog,bulldog,8.5,19.6,previous heart condition,fever,tiredness,indigestion,weight loss,anorexia,previous heart condition,fever,tiredness,indigestion,weight loss,anorexia,0
dog,boxer,11.6,20.8,chronic illness,lethargy,diarrhea,fever,fever,weakness,chronic illness,lethargy,diarrhea,fever,fever,weakness,0
dog,poodle,5.2,6.3,vaccinated,pain,anorexia,abortion on late pregancy,diarrhea,diarrhea,vaccinated,pain,anorexia,abortion on late pregancy,diarrhea,diarrhea,0
dog,yorkshire terrier,5.5,3.0,chronic illness,vomiting,vomiting,fever,fever,weight loss,chronic illness,vomiting,vomiting,fever,fever,weight loss,0
dog,rottweiler,8.0,28.3,skin conditions history,bite other animals,fever,depression,pain,attack,skin conditions history,bite other animals,fever,depression,pain,attack,1
dog,rottweiler,8.3,37.7,previous heart condition,lethargy,lethargy,vomiting,pain,sneezing,previous heart condition,lethargy,lethargy,vomiting,pain,sneezing,0
dog,beagle,6.3,22.0,allergies,diarrhea,diarrhea,fell unwell,oxygen defiency,anorexia,allergies,diarrhea,diarrhea,felt unwell,oxygen defiency,anorexia,0
dog,german shepherd,8.1,33.2,dental issues,overweight,pain,anorexia,diarrhea,pain,dental issues,overweight,pain,anorexia,diarrhea,pain,0
dog,german shepherd,4.7,25.7,chronic illness,blood from mouth,diarrhea,coughing,lethargy,weight loss,chronic illness,blood from mouth,diarrhea,coughing,lethargy,weight loss,0
dog,yorkshire terrier,15.0,6.6,previous kidney disease,weakness,weakness,lethargy,sneezing,anorexia,previous kidney disease,weakness,weakness,lethargy,sneezing,anorexia,0
dog,german shepherd,3.6,44.9,skin conditions history,fever,loss of  appetite,reduce energy,lameness,swelling of joints,skin conditions history,fever,loss of appetite,reduce energy,lameness,swelling of joints,1
dog,beagle,9.0,20.9,not vaccinated,diarrhea,kid moratality,less feather growth,coughing,lethargy,not vaccinated,diarrhea,kid moratality,less feather growth,coughing,lethargy,0
dog,golden retriever,12.5,25.0,vaccinated,blue colored lip,fever,straining,weight loss,coughing,vaccinated,blue colored lip,fever,straining,weight loss,coughing,0
dog,mixed breed,4.9,12.7,allergies,nervousness,hyper sensitivity,excitability,loss of appetite,weakness,allergies,nervousness,hyper sensitivity,excitability,loss of appetite,weakness,0
dog,labrador retriever,11.5,27.9,chronic illness,fever,diarrhea,abdominal pain,stiffness,severe weekness and depression,chronic illness,fever,diarrhea,abdominal pain,stiffness,severe weekness and depression,0
dog,golden retriever,12.5,44.2,previous heart condition,weight loss,anorexia,fever,vomiting,exhaustion,previous heart condition,weight loss,anorexia,fever,vomiting,exhaustion,0
dog,german shepherd,7.6,33.5,previous heart condition,coughing,discharge,diarrhea,weakness,fever,previous heart condition,coughing,discharge,diarrhea,weakness,fever,0
dog,german shepherd,3.9,44.1,skin conditions history,fever,loss of  appetite,reduce energy,lameness,swelling of joints,skin conditions history,fever,loss of appetite,reduce energy,lameness,swelling of joints,1
dog,beagle,5.1,15.9,skin conditions history,weight loss,sudden abortion,coughing,anorexia,pain,skin conditions history,weight loss,sudden abortion,coughing,anorexia,pain,1
dog,labrador retriever,3.4,25.0,previous kidney disease,bluish white opacity,black on ear,anorexia,pain,red-colored,previous kidney disease,bluish white opacity,black on ear,anorexia,pain,red-colored,0
dog,rottweiler,1.8,43.4,not vaccinated,extending its neck,gasping for air,gasping for breath,difficulty swallowing,gasping for breath,not vaccinated,extending its neck,gasping for air,gasping for breath,difficulty swallowing,gasping for breath,0
dog,rottweiler,7.5,29.6,chronic illness,bluish white opacity,blindness,anversion to light,pains,tear production,chronic illness,bluish white opacity,blindness,anversion to light,pains,tear production,0
dog,german shepherd,10.7,39.3,dental issues,swelling on leg,painfull,nasal discharge,broken bones,nasal discharge,dental issues,swelling on leg,painfull,nasal discharge,broken bones,nasal discharge,0
dog,golden retriever,7.6,36.6,parasite history,vomiting,vomiting,weakness,coughing,coughing,parasite history,vomiting,vomiting,weakness,coughing,coughing,0
dog,labrador retriever,12.0,35.8,recent surgery,limping,skin colour change,flabby,raw,sensitive to touch,recent surgery,limping,skin colour change,flabby,raw,sensitive to touch,1
dog,rottweiler,2.1,29.8,allergies,muscle loss,diarrhea,diarrhea,anorexia,distended chest,allergies,muscle loss,diarrhea,diarrhea,anorexia,distended chest,0
dog,bulldog,3.2,15.0,vaccinated,los of the ability to walk,fever,anorexia,sneezing,lethargy,vaccinated,los of the ability to walk,fever,anorexia,sneezing,lethargy,0
dog,german shepherd,15.0,42.2,parasite history,unilateral nasal discharge,sneezing,periodic vommiting,bloody diarrhea,weight loss,parasite history,unilateral nasal discharge,sneezing,periodic vommiting,bloody diarrhea,weight loss,0
dog,poodle,11.0,3.9,previous heart condition,weakness,lethargy,coughing,weakness,cough,previous heart condition,weakness,lethargy,coughing,weakness,cough,0
dog,yorkshire terrier,5.2,6.0,previous kidney disease,lethargy,pain,fever,pale comb,anorexia,previous kidney disease,lethargy,pain,fever,pale comb,anorexia,0
dog,poodle,12.3,3.9,allergies,anorexia,coughing,diarrhea,vomiting,polyuria,allergies,anorexia,coughing,diarrhea,vomiting,polyuria,0
dog,beagle,0.8,22.4,previous kidney disease,swelling of eyelid,sneezing,diarrhea,weight loss,weight loss,previous kidney disease,swelling of eyelid,sneezing,diarrhea,weight loss,weight loss,0
dog,yorkshire terrier,9.9,5.5,parasite history,coughing,dyspnea,fever,weightloss,lethargy,parasite history,coughing,dyspnea,fever,weightloss,lethargy,0
dog,bulldog,10.2,15.0,chronic illness,fever,pain,coughing,diarrhea,vomiting,chronic illness,fever,pain,coughing,diarrhea,vomiting,0
dog,mixed breed,4.7,5.9,allergies,reluctant move,loss of appetite,lameness,death,weakness,allergies,reluctant move,loss of appetite,lameness,death,weakness,0
dog,beagle,13.1,25.1,not vaccinated,pain,lethargy,fever,coughing,lethargy,not vaccinated,pain,lethargy,fever,coughing,lethargy,0
dog,rottweiler,10.1,36.5,recent surgery,ulcers,diarrhea,poor appetite,tarry stool,enlarged lymph nodes,recent surgery,ulcers,diarrhea,poor appetite,tarry stool,enlarged lymph nodes,1
dog,mixed breed,12.9,29.2,dental issues,hair loss,dandruff,vomiting,crusting of the skin,ulcerated skin,dental issues,hair loss,dandruff,vomiting,crusting of the skin,ulcerated skin,1
dog,rottweiler,8.2,38.7,not vaccinated,fever,reduce growth,edema in lower jaw,weight loss,anemia,not vaccinated,fever,reduce growth,edema in lower jaw,weight loss,anemia,0
dog,poodle,8.0,7.6,parasite history,anorexia,anorexia,weakness,weight loss,pain,parasite history,anorexia,anorexia,weakness,weight loss,pain,0
dog,labrador retriever,5.8,35.7,previous kidney disease,greenish-yellow nasal discharge,lack of pigmentation,vomiting,lethargy,pain on face,previous kidney disease,greenish-yellow nasal discharge,lack of pigmentation,vomiting,lethargy,pain on face,0
dog,beagle,0.5,19.1,dental issues,vomiting,vomiting,weight loss,pain,pain,dental issues,vomiting,vomiting,weight loss,pain,pain,0
dog,golden retriever,4.2,38.9,allergies,forthy eye,pain,sneezing,weakness,diarrhea,allergies,forthy eye,pain,sneezing,weakness,diarrhea,0
dog,yorkshire terrier,2.0,7.8,chronic illness,fever,distress,trembling,staggering,convulsion,chronic illness,fever,distress,trembling,staggering,convulsion,0
dog,german shepherd,10.7,40.0,previous heart condition,weakness,pain,diarrhea,ear infection,lethargy,previous heart condition,weakness,pain,diarrhea,ear infection,lethargy,0
dog,yorkshire terrier,3.1,3.6,skin conditions history,vomiting,weight loss,fever,weight loss,diarrhea,skin conditions history,vomiting,weight loss,fever,weight loss,diarrhea,1
dog,german shepherd,6.7,36.0,skin conditions history,fever,liver disease,pain,diarrhea,diarrhea,skin conditions history,fever,liver disease,pain,diarrhea,diarrhea,1
dog,yorkshire terrier,4.6,8.0,recent surgery,weakness,lethargy,weight loss,anorexia,anorexia,recent surgery,weakness,lethargy,weight loss,anorexia,anorexia,0
dog,boxer,7.5,26.8,previous kidney disease,watery diarrhea dispropotion,sick,corneal ulceration,loss of appetite,death,previous kidney disease,watery diarrhea dispropotion,sick,corneal ulceration,loss of appetite,death,1
dog,boxer,8.3,28.1,vaccinated,anorexia,coughing,vomiting,pain,sneezing,vaccinated,anorexia,coughing,vomiting,pain,sneezing,0
dog,beagle,9.8,30.0,previous heart condition,gasc,pain,excitability,skin infection,fever,previous heart condition,gasc,pain,excitability,skin infection,fever,1
dog,bulldog,10.8,28.2,allergies,cough,gasping for air,weight loss,gasping for breath,extending its neck,allergies,cough,gasping for air,weight loss,gasping for breath,extending its neck,0
dog,bulldog,8.6,29.3,dental issues,fever,sneezing,pain,anorexia,weakness,dental issues,fever,sneezing,pain,anorexia,weakness,0
dog,labrador retriever,10.4,39.9,previous kidney disease,blister,skin color change,scaly skin,crusty,irritation,previous kidney disease,blister,skin color change,scaly skin,crusty,irritation,1
dog,bulldog,11.9,18.8,not vaccinated,fever,diarrhea,bloody droping,abdominal discomfort,lethargy,not vaccinated,fever,diarrhea,bloody droping,abdominal discomfort,lethargy,0
dog,mixed breed,3.4,29.7,chronic illness,fever,vomiting,mild sneezing,fever,nasal discharge,chronic illness,fever,vomiting,mild sneezing,fever,nasal discharge,0
dog,bulldog,3.5,27.8,no previous conditions,anorexia,anorexia,vomiting,diarrhea,fever,no previous conditions,anorexia,anorexia,vomiting,diarrhea,fever,0
dog,bulldog,11.1,25.0,dental issues,lethargy,coughing,pain,vomiting,pawing at the face or nose,dental issues,lethargy,coughing,pain,vomiting,pawing at the face or nose,0
dog,mixed breed,15.0,20.3,vaccinated,pain,anorexia,vomiting,coughing,loss of eat,vaccinated,pain,anorexia,vomiting,coughing,loss of eat,0
dog,yorkshire terrier,6.6,6.3,no previous conditions,shaking oh head,weakness,weight loss,pain,weakness,no previous conditions,shaking oh head,weakness,weight loss,pain,weakness,0
dog,boxer,7.9,18.6,allergies,pain,pain,weight loss,reduce reproductive potential,intellectual disability,allergies,pain,pain,weight loss,reduce reproductive potential,intellectual disability,0
dog,bulldog,5.7,18.0,previous kidney disease,nasal bleeding,sneezing,vomiting,lethargy,lethargy,previous kidney disease,nasal bleeding,sneezing,vomiting,lethargy,lethargy,0
dog,rottweiler,5.3,45.0,recent surgery,fever,poor coat condition,infection of the skin,weight loss,fatique,recent surgery,fever,poor coat condition,infection of the skin,weight loss,fatique,1
dog,boxer,1.8,24.4,previous heart condition,fever,difficulty breathing,thrist and urination,weight loss,enlarged lymph nodes or swelling,previous heart condition,fever,difficulty breathing,thrist and urination,weight loss,enlarged lymph nodes or swelling,0
dog,german shepherd,0.9,45.0,previous kidney disease,sneezing,sneezing,diarrhea,weight loss,diarrhea,previous kidney disease,sneezing,sneezing,diarrhea,weight loss,diarrhea,0
dog,bulldog,1.9,26.1,no previous conditions,legness,paresis,coughing,weight loss,shortness of breath,no previous conditions,legness,paresis,coughing,weight loss,shortness of breath,0
dog,german shepherd,0.5,37.4,dental issues,lethargy,sneezing,lethargy,fever,coughing,dental issues,lethargy,sneezing,lethargy,fever,coughing,0
dog,boxer,10.1,15.8,vaccinated,anorexia,coughing,lesions in the nasal cavity,coughing,fever,vaccinated,anorexia,coughing,lesions in the nasal cavity,coughing,fever,1
dog,labrador retriever,6.4,25.0,recent surgery,thivk skin,wool is clumped,weakness,diarrhea,sneezing,recent surgery,thivk skin,wool is clumped,weakness,diarrhea,sneezing,1
dog,yorkshire terrier,6.3,3.6,skin conditions history,fetopelvic dispropotion,uteria inertia,malpresentation,death,pains,skin conditions history,fetopelvic dispropotion,uteria inertia,malpresentation,death,pains,1
dog,boxer,13.1,23.8,no previous conditions,swollen abdomen,loss of appetite,fatigue,chirping,shortness of breath.,no previous conditions,swollen abdomen,loss of appetite,fatigue,chirping,shortness of breath.,0
dog,poodle,10.8,3.0,dental issues,fluffed feather,vomiting,lethargy,vomiting,vomiting,dental issues,fluffed feather,vomiting,lethargy,vomiting,vomiting,0
dog,golden retriever,5.2,44.1,no previous conditions,fever,dyspnea,coughing,lethargy,anorexia,no previous conditions,fever,dyspnea,coughing,lethargy,anorexia,0
dog,boxer,2.7,27.2,vaccinated,weakness,decreased stool production,distended stomach,heavy breathing,restless movement,vaccinated,weakness,decreased stool production,distended stomach,heavy breathing,restless movement,0
dog,poodle,15.0,8.3,chronic illness,weight loss,vomiting,lethargy,fever,weakness,chronic illness,weight loss,vomiting,lethargy,fever,weakness,0
dog,poodle,3.7,3.0,allergies,weakness,fever,dejection,sneezing,sneezing,allergies,weakness,fever,dejection,sneezing,sneezing,0
dog,boxer,8.2,25.9,recent surgery,sick,death,watery diarrhea dispropotion,loss of appetite,corneal ulceration,recent surgery,sick,death,watery diarrhea dispropotion,loss of appetite,corneal ulceration,1
dog,rottweiler,6.6,25.0,chronic illness,aggressiveness,sneezing,pain,weight loss,vomiting,chronic illness,aggressiveness,sneezing,pain,weight loss,vomiting,0
dog,boxer,13.9,22.8,chronic illness,fever,difficultty in breathing,yellow eye,sneezing,diphtherictic,chronic illness,fever,difficultty in breathing,yellow eye,sneezing,diphtherictic,0
dog,rottweiler,6.1,44.2,chronic illness,sneezing,vomiting,weight loss,weakness,sneezing,chronic illness,sneezing,vomiting,weight loss,weakness,sneezing,0
dog,beagle,5.7,25.4,recent surgery,edema,sneezing,vomiting,weight loss,pain,recent surgery,edema,sneezing,vomiting,weight loss,pain,0
dog,poodle,7.9,10.6,dental issues,fever,diarrhea,vomiting,stomach cramps,nausea,dental issues,fever,diarrhea,vomiting,stomach cramps,nausea,0
dog,bulldog,8.2,20.7,no previous conditions,fever,pneumonia,congestion,lethargy,nasal discharge,no previous conditions,fever,pneumonia,congestion,lethargy,nasal discharge,0
dog,yorkshire terrier,15.0,6.0,previous heart condition,weight loss,diarrhea,weakened legs,throat and ear pain,weight loss,previous heart condition,weight loss,diarrhea,weakened legs,throat and ear pain,weight loss,0
dog,boxer,13.1,27.4,no previous conditions,swelling,heat,flank,pain,nasal discharge,no previous conditions,swelling,heat,flank,pain,nasal discharge,0
dog,boxer,9.2,23.8,previous heart condition,green dropping,exhaustion,anorexia,wasting,coughing,previous heart condition,green dropping,exhaustion,anorexia,wasting,coughing,0
dog,labrador retriever,8.4,27.2,parasite history,lession on the skin,diarrhea,pain,vomiting,weakness,parasite history,lession on the skin,diarrhea,pain,vomiting,weakness,1
dog,rottweiler,3.5,31.6,parasite history,fever,skeleten pain,weight loss,wasting,muscle loss,parasite history,fever,skeleten pain,weight loss,wasting,muscle loss,0
dog,bulldog,8.9,30.0,no previous conditions,vomiting,weight loss,weight loss,diarrhea,occular discharge,no previous conditions,vomiting,weight loss,weight loss,diarrhea,occular discharge,0
dog,boxer,4.5,26.9,previous kidney disease,pain,weight loss,anaemia,pain,anorexia,previous kidney disease,pain,weight loss,anaemia,pain,anorexia,0
dog,poodle,3.9,5.6,chronic illness,faeces are streake with blood,pain,weakness,sneezing,fever,chronic illness,faeces are streake with blood,pain,weakness,sneezing,fever,0
dog,poodle,1.8,7.4,no previous conditions,vomiting,lepatomegaly,shaking oh head,splenomegaly,swollen,no previous conditions,vomiting,lepatomegaly,shaking oh head,splenomegaly,swollen,0
dog,beagle,3.8,23.7,recent surgery,weight loss,sneezing,diarrhea,lethargy,weakness,recent surgery,weight loss,sneezing,diarrhea,lethargy,weakness,0
dog,german shepherd,7.6,40.4,parasite history,lethargy,vomiting,coughing,weight loss,undigested in their feces,parasite history,lethargy,vomiting,coughing,weight loss,undigested in their feces,0
dog,poodle,9.6,6.0,no previous conditions,weight loss,weakness,gasc,lethargy,sneezing,no previous conditions,weight loss,weakness,gasc,lethargy,sneezing,0
dog,poodle,7.8,6.2,chronic illness,gas,bloody diarrhea,lethargy,lethargy,weight loss,chronic illness,gas,bloody diarrhea,lethargy,lethargy,weight loss,0
dog,poodle,10.1,5.1,previous kidney disease,diarrhea,weight loss,diarrhea,weakness,bloody diarrhea,previous kidney disease,diarrhea,weight loss,diarrhea,weakness,bloody diarrhea,0
dog,boxer,15.3,21.9,dental issues,fever,dull,hind quarted soil,animal stop feed,decrease in milk production,dental issues,fever,dull,hind quarted soil,animal stop feed,decrease in milk production,0
dog,rottweiler,7.1,37.0,skin conditions history,fever,coughing,lethargy,neurologic abnormalities,chronic eye inflamation,skin conditions history,fever,coughing,lethargy,neurologic abnormalities,chronic eye inflamation,1
dog,german shepherd,7.1,29.7,vaccinated,sneezing,diarrhea,sneezing,fever,coughing,vaccinated,sneezing,diarrhea,sneezing,fever,coughing,0
dog,mixed breed,1.0,5.0,vaccinated,fever,animal gets uneasy,vomiting,anorexia,coughing,vaccinated,fever,animal gets uneasy,vomiting,anorexia,coughing,0
dog,german shepherd,12.0,28.5,previous heart condition,splenomegaly,weight loss,weight loss,sneezing,weakness,previous heart condition,splenomegaly,weight loss,weight loss,sneezing,weakness,0
dog,mixed breed,10.0,12.1,chronic illness,apathy,depression,dilation of duodenum,cloacal pasting,congestion,chronic illness,apathy,depression,dilation of duodenum,cloacal pasting,congestion,0
dog,labrador retriever,7.3,24.7,previous heart condition,bluish white opacity,aversion to light,tear produce,blindness,weakness,previous heart condition,bluish white opacity,aversion to light,tear produce,blindness,weakness,0
dog,beagle,15.1,27.8,not vaccinated,fetopelvic dispropotion,uteria inertia,despression,death,pains,not vaccinated,fetopelvic dispropotion,uteria inertia,despression,death,pains,0
dog,beagle,14.4,19.1,chronic illness,fever,lack of coordination,depression,salivation,facial paralysis,chronic illness,fever,lack of coordination,depression,salivation,facial paralysis,0
dog,rottweiler,10.9,25.3,allergies,rhinitis,pneumonia,abscessess,torticollis,septicemia,allergies,rhinitis,pneumonia,abscessess,torticollis,septicemia,0
dog,rottweiler,8.6,28.4,dental issues,heavy breathing,yellow in beak,tail_bobbing,weakness,sleeping excessively,dental issues,heavy breathing,yellow in beak,tail_bobbing,weakness,sleeping excessively,0
dog,german shepherd,6.1,33.1,skin conditions history,vomiting,weight loss,fever,dehydration,diarrhea,skin conditions history,vomiting,weight loss,fever,dehydration,diarrhea,1
dog,boxer,9.6,21.2,skin conditions history,anorexia,diarrhea,erythema,weight loss,weakness,skin conditions history,anorexia,diarrhea,erythema,weight loss,weakness,1
dog,mixed breed,10.3,22.1,recent surgery,sneezing,diarrhea,fever,vomiting,vomiting,recent surgery,sneezing,diarrhea,fever,vomiting,vomiting,0
dog,beagle,10.8,29.3,vaccinated,weakness,jaundice,animal gets uneasy,weakness,lethargy,vaccinated,weakness,jaundice,animal gets uneasy,weakness,lethargy,0
dog,golden retriever,7.1,38.0,not vaccinated,papules appear on teats anad udder,slightly swollen,milky hard,lession on the skin,fever,not vaccinated,papules appear on teats anad udder,slightly swollen,milky hard,lession on the skin,fever,1
dog,mixed breed,1.8,26.6,chronic illness,eye discharges,nasal discharge,change their normal behaviour,high body temperature,lameness,chronic illness,eye discharges,nasal discharge,change their normal behaviour,high body temperature,lameness,0
dog,mixed breed,11.0,30.8,vaccinated,weight loss,sneezing,lethargy,sneezing,grinding teeth,vaccinated,weight loss,sneezing,lethargy,sneezing,grinding teeth,0
dog,boxer,1.0,15.0,previous kidney disease,lethargy,dark colored bloody,lameness in affected leg,coughing,weight loss,previous kidney disease,lethargy,dark colored bloody,lameness in affected leg,coughing,weight loss,0
dog,beagle,9.3,27.2,parasite history,scabs on feet,redness,trachea,thickening of skin,pains,parasite history,scabs on feet,redness,trachea,thickening of skin,pains,1
dog,mixed breed,9.3,11.9,chronic illness,cloacal pasting,dilation of duodenum,congestion,depression,apathy,chronic illness,cloacal pasting,dilation of duodenum,congestion,depression,apathy,0
dog,german shepherd,6.6,28.6,not vaccinated,poor coat apperence,diarrhea,vomiting,weight loss,dehydration,not vaccinated,poor coat apperence,diarrhea,vomiting,weight loss,dehydration,0
dog,beagle,8.1,30.0,allergies,weight loss,bloody discharge,pain,sneezing,diarrhea,allergies,weight loss,bloody discharge,pain,sneezing,diarrhea,0
dog,boxer,1.0,15.0,recent surgery,tiredness,weakness,diarrhea,vomiting,sneezing,recent surgery,tiredness,weakness,diarrhea,vomiting,sneezing,0
dog,rottweiler,12.7,39.4,parasite history,limping,swelling of head and neck,inability to digest,sneezing,redness,parasite history,limping,swelling of head and neck,inability to digest,sneezing,redness,0
dog,beagle,1.5,24.5,skin conditions history,coughing,swallowing,anorexia,vomiting,weight loss,skin conditions history,coughing,swallowing,anorexia,vomiting,weight loss,1
dog,beagle,10.2,24.9,previous heart condition,hyperaestesia,weakness,diarrhea,coughing,diarrhea,previous heart condition,hyperaestesia,weakness,diarrhea,coughing,diarrhea,0
dog,beagle,4.7,16.0,allergies,weakness,heavy breathing,distended stomach,decreased stool production,restless movement,allergies,weakness,heavy breathing,distended stomach,decreased stool production,restless movement,0
dog,beagle,11.6,15.0,recent surgery,weakness,eye redness,diarrhea,diarrhea,anorexia,recent surgery,weakness,eye redness,diarrhea,diarrhea,anorexia,0
dog,bulldog,13.3,30.1,dental issues,sores on lip,infection,sores on lower leg and teats,lesion,pain,dental issues,sores on lip,infection,sores on lower leg and teats,lesion,pain,1
dog,boxer,0.7,18.2,not vaccinated,weakness,sneezing,sneezing,coughing,coughing,not vaccinated,weakness,sneezing,sneezing,coughing,coughing,0
dog,bulldog,14.3,19.2,not vaccinated,limping,willnot run to jump,swelling,week legs,pain on leg,not vaccinated,limping,willnot run to jump,swelling,week legs,pain on leg,0
dog,bulldog,1.2,29.7,parasite history,sheep often bites,fleece become thin,loss of wool,death,pains,parasite history,sheep often bites,fleece become thin,loss of wool,death,pains,0
dog,mixed breed,12.2,24.5,not vaccinated,vomiting,diarrhea,pain,vomiting,fever,not vaccinated,vomiting,diarrhea,pain,vomiting,fever,0
dog,mixed breed,15.0,33.3,previous heart condition,vomiting,inflammation,pain,lethargy,"bumps(black,grey or red)",previous heart condition,vomiting,inflammation,pain,lethargy,"bumps(black,grey or red)",0
dog,yorkshire terrier,9.6,10.0,previous kidney disease,lethargy,fever,lethargy,lethargy,diarrhea,previous kidney disease,lethargy,fever,lethargy,lethargy,diarrhea,0
dog,golden retriever,6.4,29.8,previous heart condition,coughing,fever,swollen abdomen,fever,anorexia,previous heart condition,coughing,fever,swollen abdomen,fever,anorexia,0
dog,yorkshire terrier,12.2,6.4,vaccinated,fever,difficulty in breathing,lethargy,death,pains,vaccinated,fever,difficulty in breathing,lethargy,death,pains,0
dog,yorkshire terrier,2.6,3.4,no previous conditions,fetopelvic dispropotion,pains,uteria inertia,malpresentation,death,no previous conditions,fetopelvic dispropotion,pains,uteria inertia,malpresentation,death,0
dog,labrador retriever,13.9,28.9,not vaccinated,swollen lymph nodes,difficulty walking,back pain,lethargy,vaginal discharge,not vaccinated,swollen lymph nodes,difficulty walking,back pain,lethargy,vaginal discharge,0
dog,mixed breed,4.5,32.0,allergies,air sacculitis,halitosis,coughing,enteritis,weight loss,allergies,air sacculitis,halitosis,coughing,enteritis,weight loss,0
dog,mixed breed,0.5,40.0,recent surgery,lethargy,diarrhea,coughing,heavy infection,weight loss,recent surgery,lethargy,diarrhea,coughing,heavy infection,weight loss,0
dog,mixed breed,5.4,9.0,recent surgery,abdominal pain,diarrhea,malpresentation,shock,anorexia,recent surgery,abdominal pain,diarrhea,malpresentation,shock,anorexia,0
dog,beagle,6.8,27.6,dental issues,coughing,vomiting,anorexia,diarrhea,fever,dental issues,coughing,vomiting,anorexia,diarrhea,fever,0
dog,boxer,6.9,29.0,allergies,death,bloody diarhhea,weakness,depression,dullness,allergies,death,bloody diarhhea,weakness,depression,dullness,0
dog,golden retriever,7.4,36.0,recent surgery,vomiting,lethargy,small intestines,sneezing,lethargy,recent surgery,vomiting,lethargy,small intestines,sneezing,lethargy,0
dog,rottweiler,6.2,31.2,vaccinated,pawing at bedding,isolation from flock,pains,stealing,nesting behaviour,vaccinated,pawing at bedding,isolation from flock,pains,stealing,nesting behaviour,0
dog,poodle,6.1,6.7,no previous conditions,fever,tiredness,headache,skin rashes,pain,no previous conditions,fever,tiredness,headache,skin rashes,pain,1
dog,beagle,3.1,20.6,skin conditions history,coughing,vomiting,weight loss,diarrhea,lethargy,skin conditions history,coughing,vomiting,weight loss,diarrhea,lethargy,1
dog,yorkshire terrier,8.5,8.9,skin conditions history,mucus discharge from the eye,weakness,excessive eye watering,eye redness,frequent eye infections,skin conditions history,mucus discharge from the eye,weakness,excessive eye watering,eye redness,frequent eye infections,1
dog,beagle,3.6,15.3,dental issues,labored breathing,dyspnea,coughing,depression,anorexia,dental issues,labored breathing,dyspnea,coughing,depression,anorexia,0
dog,poodle,2.5,3.6,skin conditions history,pains,death,sheep often bites,loss of wool,fleece become thin,skin conditions history,pains,death,sheep often bites,loss of wool,fleece become thin,1
dog,mixed breed,9.0,14.2,previous kidney disease,fetopelvic dispropotion,uteria inertia,malpresentation,death,pains,previous kidney disease,fetopelvic dispropotion,uteria inertia,malpresentation,death,pains,0
dog,golden retriever,4.2,41.5,chronic illness,difficulty in breathing,coughing,lethargy,dyspnea,nasal discharge,chronic illness,difficulty in breathing,coughing,lethargy,dyspnea,nasal discharge,0
dog,boxer,11.4,20.2,skin conditions history,sneezing,nosebleeds,coughing,lethargy,coughing,skin conditions history,sneezing,nosebleeds,coughing,lethargy,coughing,1
dog,bulldog,10.3,25.6,parasite history,fever,stiffness,abdominal pain,severe weekness and depression,diarrhea,parasite history,fever,stiffness,abdominal pain,severe weekness and depression,diarrhea,0
dog,rottweiler,10.8,29.9,previous heart condition,fever,animal become lame,prostrat,painfull swalling,lameness,previous heart condition,fever,animal become lame,prostrat,painfull swalling,lameness,0
dog,rottweiler,5.4,31.4,parasite history,diarrhea,diarrhea,decreased growth of bone,vomiting,weight loss,parasite history,diarrhea,diarrhea,decreased growth of bone,vomiting,weight loss,0
dog,boxer,12.5,28.9,not vaccinated,bleeding in eye and skin,blood in urine,diarrhea,lethargy,vomiting,not vaccinated,bleeding in eye and skin,blood in urine,diarrhea,lethargy,vomiting,1
dog,yorkshire terrier,13.3,5.1,skin conditions history,lethargy,diarrhea,fluif faeces on blood and muscle,lethargy,fever,skin conditions history,lethargy,diarrhea,fluif faeces on blood and muscle,lethargy,fever,1
dog,bulldog,6.0,22.1,allergies,diarrhea,excession salivation,weakness,diarrhea,diarrhea,allergies,diarrhea,excession salivation,weakness,diarrhea,diarrhea,0
dog,mixed breed,8.5,18.5,parasite history,sneezing,lethargy,weight loss,pain,sneezing,parasite history,sneezing,lethargy,weight loss,pain,sneezing,0
dog,mixed breed,14.4,28.6,skin conditions history,tail shaking,lethargy,pain,fever,weight loss,skin conditions history,tail shaking,lethargy,pain,fever,weight loss,1
dog,rottweiler,1.5,28.0,previous heart condition,weight loss,lethargy,vomiting,vomiting,sneezing,previous heart condition,weight loss,lethargy,vomiting,vomiting,sneezing,0
dog,beagle,1.8,21.6,chronic illness,weight loss,pains,stop eating,change their normal behaviour,stop drinking,chronic illness,weight loss,pains,stop eating,change their normal behaviour,stop drinking,0
dog,rottweiler,0.5,40.0,allergies,hepatic failure,sneezing,sneezing,eye disharge,anorexia,allergies,hepatic failure,sneezing,sneezing,eye disharge,anorexia,0
dog,labrador retriever,4.4,45.0,allergies,bleeding in eye and skin,lethargy,diarrhea,vomiting,blood in urine,allergies,bleeding in eye and skin,lethargy,diarrhea,vomiting,blood in urine,1
dog,boxer,15.0,17.3,vaccinated,weakness,dullness,anorexia,fever,pain,vaccinated,weakness,dullness,anorexia,fever,pain,0
dog,bulldog,13.5,28.3,dental issues,infection,pain,sores on lip,lesion,sores on lower leg and teats,dental issues,infection,pain,sores on lip,lesion,sores on lower leg and teats,1
dog,mixed breed,0.9,10.0,parasite history,flock moratality,depression,small intestines,death,fever,parasite history,flock moratality,depression,small intestines,death,fever,0
dog,yorkshire terrier,5.6,8.0,recent surgery,fever,mild sneezing,coughing,nasal,ocular discharge,recent surgery,fever,mild sneezing,coughing,nasal,ocular discharge,0
dog,german shepherd,10.1,31.2,vaccinated,weight loss,anorexia,lethargy,papules appear on teats anad udder,pain,vaccinated,weight loss,anorexia,lethargy,papules appear on teats anad udder,pain,1
dog,golden retriever,8.4,33.0,not vaccinated,sneezing,weakness,anorexia,anorexia,sneezing,not vaccinated,sneezing,weakness,anorexia,anorexia,sneezing,0
dog,labrador retriever,4.0,43.5,allergies,blood in urine,diarrhea,vomiting,lethargy,bleeding in eye and skin,allergies,blood in urine,diarrhea,vomiting,lethargy,bleeding in eye and skin,1
dog,bulldog,3.9,18.6,chronic illness,flabby,weight loss,anorexia,septicemia,weakness,chronic illness,flabby,weight loss,anorexia,septicemia,weakness,0
dog,yorkshire terrier,5.1,9.3,allergies,anorexia,pain,sneezing,fever,sneezing,allergies,anorexia,pain,sneezing,fever,sneezing,0
dog,german shepherd,10.9,28.1,previous kidney disease,coughing,fever,weight loss,experiencing changes in weight,weakness,previous kidney disease,coughing,fever,weight loss,experiencing changes in weight,weakness,0
dog,golden retriever,13.2,45.0,not vaccinated,pain,sneezing,faeces are streake with blood,lethargy,weakness,not vaccinated,pain,sneezing,faeces are streake with blood,lethargy,weakness,0
dog,boxer,3.2,16.0,not vaccinated,swelling of udder,change in milk,swollen,tender to touch,pain,not vaccinated,swelling of udder,change in milk,swollen,tender to touch,pain,0
dog,german shepherd,14.6,25.0,not vaccinated,fever,anorexia,vomiting,pharyngitis,pain,not vaccinated,fever,anorexia,vomiting,pharyngitis,pain,0
dog,boxer,5.0,22.0,dental issues,pox lesion,anorexia,weakness,coughing,coughing,dental issues,pox lesion,anorexia,weakness,coughing,coughing,1
dog,german shepherd,7.0,33.3,previous kidney disease,lethargy,weakness,pain,anorexia,anorexia,previous kidney disease,lethargy,weakness,pain,anorexia,anorexia,0
dog,golden retriever,11.9,35.9,previous heart condition,fever,respiratory distress,mucous discharge,reduce feed,weight gain,previous heart condition,fever,respiratory distress,mucous discharge,reduce feed,weight gain,0
dog,mixed breed,14.1,18.6,skin conditions history,malpresentation,death,uteria inertia,pains,fetopelvic dispropotion,skin conditions history,malpresentation,death,uteria inertia,pains,fetopelvic dispropotion,1
dog,beagle,10.7,14.7,parasite history,diarrhea,weight loss,stomach  cramps,enteritis,fever,parasite history,diarrhea,weight loss,stomach cramps,enteritis,fever,0
dog,poodle,11.9,3.5,previous heart condition,eye redness,frequent eye infections,crusty eye lashes and matting of eyelashes,foul smelling stools,increased passing gas,previous heart condition,eye redness,frequent eye infections,crusty eye lashes and matting of eyelashes,foul smelling stools,increased passing gas,1
dog,mixed breed,5.6,26.2,no previous conditions,fever,diarrhea,coughing,vomiting,anorexia,no previous conditions,fever,diarrhea,coughing,vomiting,anorexia,0
dog,poodle,7.8,3.9,parasite history,pyrexia,oral lesion,swelling,lameness,death,parasite history,pyrexia,oral lesion,swelling,lameness,death,1
dog,labrador retriever,6.9,27.1,recent surgery,fever,diarrhea,vomiting,weight loss,dehydration,recent surgery,fever,diarrhea,vomiting,weight loss,dehydration,0
dog,mixed breed,1.0,33.1,allergies,swelling on leg,heat,hardness,redness,pain,allergies,swelling on leg,heat,hardness,redness,pain,0
dog,boxer,1.1,15.3,previous kidney disease,self mutilation,staggering as drunk,acting aggressive,partial paralysis,acting unnaturally tame,previous kidney disease,self mutilation,staggering as drunk,acting aggressive,partial paralysis,acting unnaturally tame,0
dog,beagle,5.7,18.3,dental issues,papules appear on teats anad udder,teeth griding,pain,confusion,weight loss,dental issues,papules appear on teats anad udder,teeth griding,pain,confusion,weight loss,1
dog,boxer,8.8,15.4,chronic illness,listlessness,pain,fever,fever,weight loss,chronic illness,listlessness,pain,fever,fever,weight loss,0
dog,poodle,7.7,8.9,chronic illness,sneezing,coughing,diarrhea,weakness,vomiting,chronic illness,sneezing,coughing,diarrhea,weakness,vomiting,0
dog,mixed breed,9.4,17.9,skin conditions history,bleeding from the nose,dull ness,hairy fleeces,nosebleed,vomiting,skin conditions history,bleeding from the nose,dull ness,hairy fleeces,nosebleed,vomiting,1
dog,beagle,9.9,21.7,previous kidney disease,weight loss,weakness,vomiting,vomiting,lethargy,previous kidney disease,weight loss,weakness,vomiting,vomiting,lethargy,0
dog,poodle,9.2,4.7,allergies,vomiting,droopy wings,vomiting,darkened skin,diarrhea,allergies,vomiting,droopy wings,vomiting,darkened skin,diarrhea,1
dog,rottweiler,5.3,39.9,recent surgery,skinallergy,fever,fever,pain,coughing,recent surgery,skinallergy,fever,fever,pain,coughing,1
dog,german shepherd,14.6,35.8,recent surgery,fever,diarrhea,coughing,tiredness,pains,recent surgery,fever,diarrhea,coughing,tiredness,pains,0
dog,poodle,5.8,4.5,vaccinated,lethargy,vomiting,weight loss,lethargy,fever,vaccinated,lethargy,vomiting,weight loss,lethargy,fever,0
dog,boxer,13.5,23.4,skin conditions history,weight loss,vomiting,sneezing,sneezing,sneezing,skin conditions history,weight loss,vomiting,sneezing,sneezing,sneezing,1
dog,golden retriever,0.5,35.7,vaccinated,pain,fever,coughing,fever,pain,vaccinated,pain,fever,coughing,fever,pain,0
dog,german shepherd,8.2,30.3,no previous conditions,shortness of breath.,fatigue,chirping,loss of appetite,swollen abdomen,no previous conditions,shortness of breath.,fatigue,chirping,loss of appetite,swollen abdomen,0
dog,rottweiler,12.0,34.8,not vaccinated,coughing,weakness,watery eyes,anorexia,vomiting,not vaccinated,coughing,weakness,watery eyes,anorexia,vomiting,0
dog,boxer,11.0,24.2,parasite history,dyspnea,most often none,sneezing,nasal discharge,pain,parasite history,dyspnea,most often none,sneezing,nasal discharge,pain,0
dog,bulldog,0.7,18.3,vaccinated,lameness,poor growth,weigth bearing long bones,enlargement of bones,short stature,vaccinated,lameness,poor growth,weigth bearing long bones,enlargement of bones,short stature,0
dog,labrador retriever,12.9,30.8,chronic illness,diarrhea,lethargy,coughing,lethargy,lethargy,chronic illness,diarrhea,lethargy,coughing,lethargy,lethargy,0
dog,golden retriever,10.1,34.4,previous heart condition,sneezing,fever,weakness,diarrhea,drop on egg production,previous heart condition,sneezing,fever,weakness,diarrhea,drop in egg production,0
dog,yorkshire terrier,7.3,3.7,no previous conditions,weakness,stiffness,trembling,white mark on the muscle,loss of vitamin e,no previous conditions,weakness,stiffness,trembling,white mark on the muscle,loss of vitamin e,0
dog,labrador retriever,5.4,25.0,not vaccinated,vomiting,pain,paresis,weight loss,weakness,not vaccinated,vomiting,pain,paresis,weight loss,weakness,0
dog,beagle,8.1,21.1,skin conditions history,sneezing,weight loss,lethargy,vomiting,weight loss,skin conditions history,sneezing,weight loss,lethargy,vomiting,weight loss,1
dog,rottweiler,13.3,26.9,skin conditions history,weakness,coughing,diarrhea,weakness,lethargy,skin conditions history,weakness,coughing,diarrhea,weakness,lethargy,1
dog,golden retriever,14.3,33.3,dental issues,watering diarrhea,depression,emaciation,ruffled coat,lethargy,dental issues,watering diarrhea,depression,emaciation,ruffled coat,lethargy,0
dog,mixed breed,8.0,40.0,parasite history,weight loss,coughing,anorexia,fever,weakness,parasite history,weight loss,coughing,anorexia,fever,weakness,0
dog,golden retriever,0.5,39.3,no previous conditions,pain,sneezing,anorexia,vomiting,lethargy,no previous conditions,pain,sneezing,anorexia,vomiting,lethargy,0
dog,golden retriever,7.7,33.3,vaccinated,diarrhea,pain,urination problem,lethargy,diarrhea,vaccinated,diarrhea,pain,urination problem,lethargy,diarrhea,0
dog,german shepherd,11.7,43.2,allergies,anorexia,lethargy,loss of tail tone,sneezing,weight loss,allergies,anorexia,lethargy,loss of tail tone,sneezing,weight loss,0
dog,bulldog,3.3,22.6,dental issues,weakness,weight loss,pain,weight loss,anorexia,dental issues,weakness,weight loss,pain,weight loss,anorexia,0
dog,rottweiler,10.6,27.1,vaccinated,weakness,hot joints,weakness,diarrhea,sneezing,vaccinated,weakness,hot joints,weakness,diarrhea,sneezing,0
dog,labrador retriever,7.5,32.0,skin conditions history,itches,coughing,lethargy,loss of wool,pain,skin conditions history,itches,coughing,lethargy,loss of wool,pain,1
dog,german shepherd,13.0,32.4,parasite history,pain,septic arthritis,weight loss,pain,retching,parasite history,pain,septic arthritis,weight loss,pain,retching,0
dog,rottweiler,4.7,32.1,chronic illness,vomiting,weight loss,sneezing,vomiting,carcass decomposes,chronic illness,vomiting,weight loss,sneezing,vomiting,carcass decomposes,0
dog,labrador retriever,0.6,33.9,skin conditions history,coughing,diarrhea,diarrhea,anorexia,coughing,skin conditions history,coughing,diarrhea,diarrhea,anorexia,coughing,1
dog,beagle,3.4,28.4,recent surgery,poor coat apperence,diarrhea,vomiting,weight loss,dehydration,recent surgery,poor coat apperence,diarrhea,vomiting,weight loss,dehydration,0
dog,labrador retriever,11.3,39.7,allergies,weight loss,weakness,coughing,fever,anorexia,allergies,weight loss,weakness,coughing,fever,anorexia,0
dog,bulldog,5.2,23.5,not vaccinated,watering diarrhea,anorexia,fever,change their normal behaviour,pain,not vaccinated,watering diarrhea,anorexia,fever,change their normal behaviour,pain,0
dog,yorkshire terrier,8.2,8.8,allergies,coughing,anorexia,lethargy,poor conformation,fever,allergies,coughing,anorexia,lethargy,poor conformation,fever,0
dog,rottweiler,8.7,31.9,chronic illness,weight loss,severe colic,vomiting,diarrhea,vomiting,chronic illness,weight loss,severe colic,vomiting,diarrhea,vomiting,0
dog,labrador retriever,9.0,37.2,dental issues,sneezing,lethargy,coughing,fever,diarrhea,dental issues,sneezing,lethargy,coughing,fever,diarrhea,0
dog,boxer,8.5,18.0,recent surgery,sneezing,vomiting,fever,pain,coughing,recent surgery,sneezing,vomiting,fever,pain,coughing,0
dog,mixed breed,12.4,15.2,skin conditions history,swollen lymph nodes,difficulty walking,back pain,lethargy,vaginal discharge,skin conditions history,swollen lymph nodes,difficulty walking,back pain,lethargy,vaginal discharge,1
dog,poodle,14.0,7.2,previous kidney disease,lethargy,weight loss,weakness,sneezing,weakness,previous kidney disease,lethargy,weight loss,weakness,sneezing,weakness,0
dog,boxer,3.2,16.7,parasite history,weakness,weakness,vomiting,sneezing,pain,parasite history,weakness,weakness,vomiting,sneezing,pain,0
dog,rottweiler,9.5,34.2,vaccinated,inability to stand,diarrhea,bottle jaw,pot belly,dry hair coat,vaccinated,inability to stand,diarrhea,bottle jaw,pot belly,dry hair coat,0
dog,poodle,0.5,6.4,vaccinated,weakness,stop eating,lethargy,fever,sneezing,vaccinated,weakness,stop eating,lethargy,fever,sneezing,0
dog,labrador retriever,12.2,34.6,parasite history,loss in weight,emaciation,loss of appetite,weakness,diarrhoea,parasite history,loss in weight,emaciation,loss of appetite,weakness,diarrhoea,0
dog,rottweiler,8.0,25.7,not vaccinated,balance problem,abdominal destention,neck paralysis,weight loss,pains,not vaccinated,balance problem,abdominal destention,neck paralysis,weight loss,pains,0
dog,yorkshire terrier,6.0,8.0,vaccinated,coughing,diarrhea,changes in outer layer skin,pustulses,pain,vaccinated,coughing,diarrhea,changes in outer layer skin,pustulses,pain,1
dog,boxer,11.6,24.4,not vaccinated,immediate death,difficulty in breathing,blue colored lip,bloody discharge,neurologic abnormalities,not vaccinated,immediate death,difficulty in breathing,blue colored lip,bloody discharge,neurologic abnormalities,0
dog,labrador retriever,4.2,35.4,vaccinated,anorexia,pain,coughing,sneezing,fever,vaccinated,anorexia,pain,coughing,sneezing,fever,0
dog,mixed breed,4.6,40.0,dental issues,anorexia,fever,lethargy,diarrhea,diarrhea,dental issues,anorexia,fever,lethargy,diarrhea,diarrhea,0
dog,poodle,3.7,6.6,previous kidney disease,diarrhea,pain,vomiting,fever,anorexia,previous kidney disease,diarrhea,pain,vomiting,fever,anorexia,0
dog,bulldog,12.3,21.7,vaccinated,pain,pain,sneezing,enlarged lymph nodes or swelling,attempt to urinate,vaccinated,pain,pain,sneezing,enlarged lymph nodes or swelling,attempt to urinate,0
dog,labrador retriever,10.4,32.6,previous kidney disease,diarrhea,anorexia,pain,coughing,tear production,previous kidney disease,diarrhea,anorexia,pain,coughing,tear production,0
dog,boxer,0.5,15.8,recent surgery,weakness,anorexia,hemoglobinuria,vomiting,faeces are streake with blood,recent surgery,weakness,anorexia,hemoglobinuria,vomiting,faeces are streake with blood,0
dog,mixed breed,5.5,26.5,previous heart condition,pain,weakness,diarrhea,sneezing,dandruff,previous heart condition,pain,weakness,diarrhea,sneezing,dandruff,0
dog,golden retriever,0.8,38.8,vaccinated,vomiting,lethargy,pain,ulcer on gum,coughing,vaccinated,vomiting,lethargy,pain,ulcer on gum,coughing,1
dog,beagle,14.0,24.2,recent surgery,ulcers,diarrhea,back pain,tarry stool,enlarged lymph nodes,recent surgery,ulcers,diarrhea,back pain,tarry stool,enlarged lymph nodes,1
dog,german shepherd,2.7,45.0,no previous conditions,fever,malaise,weakness,weight loss,pain,no previous conditions,fever,malaise,weakness,weight loss,pain,0
dog,rottweiler,11.7,26.1,previous heart condition,loss of appetite,diarrhea,ruffled feathers,weight loss,inability to absorb nutrients,previous heart condition,loss of appetite,diarrhea,ruffled feathers,weight loss,inability to absorb nutrients,0
dog,beagle,3.9,15.6,skin conditions history,swollen,testical pain,itches,bloody discharge,tenderness,skin conditions history,swollen,testical pain,itches,bloody discharge,tenderness,1
dog,labrador retriever,4.0,38.8,allergies,fever,hemolytic anemia,hemoglobinuria,pulmonary congestion,jaundice,allergies,fever,hemolytic anemia,hemoglobinuria,pulmonary congestion,jaundice,0
dog,german shepherd,4.4,35.9,parasite history,fever,pain,thick crusting,weight loss,vomiting,parasite history,fever,pain,thick crusting,weight loss,vomiting,1
dog,bulldog,10.4,20.8,chronic illness,diarrhea,pain,redness of white of the eye,sneezing,swelling of udder,chronic illness,diarrhea,pain,redness of white of the eye,sneezing,swelling of udder,0
dog,beagle,11.6,26.0,skin conditions history,lethargy,weakness,sneezing,diarrhea,weakness,skin conditions history,lethargy,weakness,sneezing,diarrhea,weakness,1
dog,mixed breed,6.7,16.0,parasite history,diarrhea,lethargy,difficulty breating,fever,lethargy,parasite history,diarrhea,lethargy,difficulty breating,fever,lethargy,0
dog,german shepherd,10.6,25.0,recent surgery,fever,lethargy,vomiting,diarrhea,tachypea,recent surgery,fever,lethargy,vomiting,diarrhea,tachypea,0
dog,golden retriever,9.5,37.5,allergies,fatty stool,diarrhea,vomiting,weight loss,pain,allergies,fatty stool,diarrhea,vomiting,weight loss,pain,0
dog,golden retriever,8.7,36.5,chronic illness,diarrhea,vomiting,indigestion,ring shaped lesion,vomiting,chronic illness,diarrhea,vomiting,indigestion,ring shaped lesion,vomiting,1
dog,poodle,2.8,3.0,no previous conditions,anorexia,exercise in tolerance,anorexia,fever,anorexia,no previous conditions,anorexia,exercise in tolerance,anorexia,fever,anorexia,0
dog,labrador retriever,12.1,40.6,dental issues,limping,skin colour change,flabby,raw,sensitive to touch,dental issues,limping,skin colour change,flabby,raw,sensitive to touch,1
dog,rottweiler,1.5,24.1,recent surgery,severe kerititis,conjunctive,discharge,iris prolapse,loss of eye,recent surgery,severe kerititis,conjunctive,discharge,iris prolapse,loss of eye,0
dog,rottweiler,1.6,38.2,allergies,short term lethargy,loss of  appetite,weekness in the back legs,rapid heart rate,week pulse,allergies,short term lethargy,loss of appetite,weekness in the back legs,rapid heart rate,week pulse,0
dog,labrador retriever,13.6,40.6,dental issues,swelling of eye,fever,swelling problem,weakness,dejection,dental issues,swelling of eye,fever,swelling problem,weakness,dejection,0
dog,poodle,7.9,8.6,previous heart condition,diarrhea,anorexia,irritation,sneezing,abdminal pain,previous heart condition,diarrhea,anorexia,irritation,sneezing,abdominal pain,0
dog,yorkshire terrier,6.6,4.6,allergies,fever,diarrhea,poor appetite,weight loss,vomitting,allergies,fever,diarrhea,poor appetite,weight loss,vomitting,0
dog,yorkshire terrier,5.9,7.5,not vaccinated,congestion,fever,fever,sneezing,facial swelling,not vaccinated,congestion,fever,fever,sneezing,facial swelling,0
dog,boxer,13.7,19.7,no previous conditions,shortness of breath.,fatigue,chirping,loss of appetite,swollen abdomen,no previous conditions,shortness of breath.,fatigue,chirping,loss of appetite,swollen abdomen,0
dog,german shepherd,10.9,31.5,skin conditions history,septicemia,agalactia,vomiting,fever,sneezing,skin conditions history,septicemia,agalactia,vomiting,fever,sneezing,1
dog,poodle,12.6,9.2,vaccinated,vomiting,pain,coughing,lethargy,diarrhea,vaccinated,vomiting,pain,coughing,lethargy,diarrhea,0
dog,german shepherd,9.2,32.8,chronic illness,pains,malpresentation,uteria inertia,death,fetopelvic dispropotion,chronic illness,pains,malpresentation,uteria inertia,death,fetopelvic dispropotion,0
dog,boxer,7.4,26.9,recent surgery,weakness,weight loss,sneezing,runny nose,weight loss,recent surgery,weakness,weight loss,sneezing,runny nose,weight loss,0
dog,beagle,8.4,17.2,not vaccinated,fever,diffulty swallowing,excessive drooling,staggering,seizures,not vaccinated,fever,diffulty swallowing,excessive drooling,staggering,seizures,0
dog,rottweiler,9.5,43.3,skin conditions history,pain,bloody discharge,pain,fever,lethargy,skin conditions history,pain,bloody discharge,pain,fever,lethargy,1
dog,yorkshire terrier,5.5,6.4,no previous conditions,lethargy,severe swellimg,fever,rapid pulse and heart rates,coughing,no previous conditions,lethargy,severe swellimg,fever,rapid pulse and heart rates,coughing,0
dog,beagle,1.4,17.6,recent surgery,tremor,viability,coughing,anorexia,weight loss,recent surgery,tremor,viability,coughing,anorexia,weight loss,0
dog,beagle,9.5,28.0,allergies,thick crusting,itchiness,hair loss,watery eye,pain,allergies,thick crusting,itchiness,hair loss,watery eye,pain,1
dog,boxer,8.0,16.2,parasite history,dark colored bloody,terminal convulsion,difficulty in breathing,incoordination,fever,parasite history,dark colored bloody,terminal convulsion,difficulty in breathing,incoordination,fever,0
dog,poodle,9.8,4.6,vaccinated,stained wool,sneezing,anorexia,vomiting,vomiting,vaccinated,stained wool,sneezing,anorexia,vomiting,vomiting,0
dog,labrador retriever,4.1,43.4,previous kidney disease,jaundice,hemoglobinuria,fever,hemolytic anemia,pulmonary congestion,previous kidney disease,jaundice,hemoglobinuria,fever,hemolytic anemia,pulmonary congestion,0
dog,mixed breed,2.1,12.8,previous heart condition,coughing,folded ears,diarrhea,lethargy,sneezing,previous heart condition,coughing,folded ears,diarrhea,lethargy,sneezing,0
dog,beagle,3.2,23.5,chronic illness,weakness,fever,weight loss,coughing,legness,chronic illness,weakness,fever,weight loss,coughing,legness,0
dog,poodle,2.3,3.4,no previous conditions,pains,fleece become thin,death,loss of wool,sheep often bites,no previous conditions,pains,fleece become thin,death,loss of wool,sheep often bites,0
dog,poodle,5.1,6.8,previous kidney disease,diarrhea,sneezing,diarrhea,lethargy,pain,previous kidney disease,diarrhea,sneezing,diarrhea,lethargy,pain,0
dog,yorkshire terrier,13.0,7.2,not vaccinated,fever,depression,loss of appetite,loss of appetite,pains,not vaccinated,fever,depression,loss of appetite,loss of appetite,pains,0
dog,bulldog,10.7,22.9,previous kidney disease,diarrhea,pain,diarrhea,coughing,coughing,previous kidney disease,diarrhea,pain,diarrhea,coughing,coughing,0
dog,labrador retriever,0.5,32.2,parasite history,anorexia,weakness,diarrhea,wheezing,diarrhea,parasite history,anorexia,weakness,diarrhea,wheezing,diarrhea,0
dog,german shepherd,4.7,30.2,dental issues,lethargy,pain,diarrhea,diarrhea,coughing,dental issues,lethargy,pain,diarrhea,diarrhea,coughing,0
dog,boxer,6.0,21.1,vaccinated,smell,diarrhea,pain,fever,weakness,vaccinated,smell,diarrhea,pain,fever,weakness,0
dog,german shepherd,14.4,41.0,recent surgery,weight loss,vomiting,diarrhea,diarrhea,misshapen beak,recent surgery,weight loss,vomiting,diarrhea,diarrhea,misshapen beak,0
dog,rottweiler,7.5,40.4,parasite history,weight loss,weakness,severe inflammation,anorexia,sneezing,parasite history,weight loss,weakness,severe inflammation,anorexia,sneezing,0
dog,golden retriever,1.7,28.4,skin conditions history,weakness,aneamia,coughing,poor growth,lethargy,skin conditions history,weakness,aneamia,coughing,poor growth,lethargy,1
dog,yorkshire terrier,5.9,6.6,recent surgery,sneezing,diarrhea,diarrhea,fever,lethargy,recent surgery,sneezing,diarrhea,diarrhea,fever,lethargy,0
dog,yorkshire terrier,7.8,4.4,parasite history,weight loss,anorexia,skeleten abnormalities,vomiting,pain,parasite history,weight loss,anorexia,skeleten abnormalities,vomiting,pain,0
dog,golden retriever,8.3,32.5,vaccinated,weakness,fever,vomiting,weight loss,pain,vaccinated,weakness,fever,vomiting,weight loss,pain,0
dog,poodle,3.6,4.0,not vaccinated,blurry vision,slow growth,excessive blood loss,watery eyes,dizziness and fainting,not vaccinated,blurry vision,slow growth,excessive blood loss,watery eyes,dizziness and fainting,0
dog,poodle,0.5,6.0,chronic illness,vomiting,pain,fever,vomiting,vomiting,chronic illness,vomiting,pain,fever,vomiting,vomiting,0
dog,boxer,5.4,23.3,no previous conditions,fever,diarrhea,vomiting,diarrhea,weakness,no previous conditions,fever,diarrhea,vomiting,diarrhea,weakness,0
dog,labrador retriever,8.6,34.0,allergies,fever,inflammed eye,sneezing,depression,limping,allergies,fever,inflammed eye,sneezing,depression,limping,0
dog,yorkshire terrier,12.6,3.3,skin conditions history,skin rashes,fever,dullness,pains,dullness,skin conditions history,skin rashes,fever,dullness,pains,dullness,1
dog,poodle,1.7,4.4,recent surgery,lack of pigmentation,greenish-yellow nasal discharge,sneezing,pain on face,lethargy,recent surgery,lack of pigmentation,greenish-yellow nasal discharge,sneezing,pain on face,lethargy,0
dog,beagle,8.5,17.5,not vaccinated,fever,diffulty swallowing,excessive drooling,staggering,seizures,not vaccinated,fever,diffulty swallowing,excessive drooling,staggering,seizures,0
dog,labrador retriever,9.9,32.8,allergies,sneezing,coughing,anorexia,vomiting,pain,allergies,sneezing,coughing,anorexia,vomiting,pain,0
dog,yorkshire terrier,13.4,5.5,recent surgery,forthy eye,torticollis,weakness,swelling,emaciation,recent surgery,forthy eye,torticollis,weakness,swelling,emaciation,0
dog,poodle,5.0,9.0,parasite history,loss of appetite,diarrhea,swollen purple wattle,swollen comb,lameness,parasite history,loss of appetite,diarrhea,swollen purple wattle,swollen comb,lameness,0
dog,golden retriever,8.4,37.3,not vaccinated,fever,slightly swollen,lession on the skin,milky hard,papules appear on teats anad udder,not vaccinated,fever,slightly swollen,lession on the skin,milky hard,papules appear on teats anad udder,1
dog,rottweiler,3.7,25.9,previous kidney disease,sneezing,pain,fever,anorexia,difficulty in walk,previous kidney disease,sneezing,pain,fever,anorexia,difficulty in walk,0
dog,german shepherd,1.4,33.9,no previous conditions,red tinge,weakness,diarrhea,coughing,sneezing,no previous conditions,red tinge,weakness,diarrhea,coughing,sneezing,0
dog,beagle,13.5,22.6,previous heart condition,ulcers,diarrhea,back pain,tarry stool,enlarged lymph nodes,previous heart condition,ulcers,diarrhea,back pain,tarry stool,enlarged lymph nodes,1
dog,boxer,2.7,28.0,parasite history,weakness,decreased stool production,distended stomach,heavy breathing,restless movement,parasite history,weakness,decreased stool production,distended stomach,heavy breathing,restless movement,0
dog,golden retriever,5.8,38.1,previous heart condition,fever,deability,fever,hind quarted soil,vomiting,previous heart condition,fever,deability,fever,hind quarted soil,vomiting,0
dog,yorkshire terrier,4.7,9.5,vaccinated,groosly enlarged,skin may thicken,convulsion,edematous,pains,vaccinated,groosly enlarged,skin may thicken,convulsion,edematous,pains,1
dog,boxer,6.2,26.7,allergies,fever,loss of appetite,ear infection,depression,nasal discharge,allergies,fever,loss of appetite,ear infection,depression,nasal discharge,0
dog,mixed breed,6.0,14.5,dental issues,normal appetite,red diarrhea,lethargy,vomiting,pain,dental issues,normal appetite,red diarrhea,lethargy,vomiting,pain,0
dog,rottweiler,1.1,26.9,chronic illness,upset stomach,diarrhea,vomiting,muscle pain,muscle stiffness,chronic illness,upset stomach,diarrhea,vomiting,muscle pain,muscle stiffness,0
dog,german shepherd,12.1,44.1,previous kidney disease,restlessness,weakness,blue straws,death,pain,previous kidney disease,restlessness,weakness,blue straws,death,pain,0
dog,golden retriever,13.9,37.2,allergies,watering diarrhea,depression,emaciation,ruffled coat,lethargy,allergies,watering diarrhea,depression,emaciation,ruffled coat,lethargy,0
dog,yorkshire terrier,9.7,8.0,skin conditions history,excessive eye watering,eye redness,weakness,mucus discharge from the eye,frequent eye infections,skin conditions history,excessive eye watering,eye redness,weakness,mucus discharge from the eye,frequent eye infections,1
dog,rottweiler,14.5,34.6,skin conditions history,depression,poor appetite,pains,swelling of face or leg,fever,skin conditions history,depression,poor appetite,pains,swelling of face or leg,fever,1
dog,bulldog,5.2,21.2,no previous conditions,fluffed feathers,weakness,weight loss,bloody,inappetence,no previous conditions,fluffed feathers,weakness,weight loss,bloody,inappetence,0
dog,golden retriever,0.5,36.7,vaccinated,pain,weight loss,fever,swelling of face or leg,weight loss,vaccinated,pain,weight loss,fever,swelling of face or leg,weight loss,0
dog,labrador retriever,10.2,41.9,not vaccinated,abortion on late pregancy,stillbirth,retained placenda,endomeritis,decrease appetite,not vaccinated,abortion on late pregancy,stillbirth,retained placenda,endomeritis,decrease appetite,0
dog,mixed breed,1.0,29.0,allergies,swelling on leg,heat,hardness,redness,pain,allergies,swelling on leg,heat,hardness,redness,pain,0
dog,golden retriever,5.6,39.8,parasite history,fever,anorexia,anorexia,scabs on feet,coughing,parasite history,fever,anorexia,anorexia,scabs on feet,coughing,1
dog,bulldog,5.8,29.5,skin conditions history,weight loss,anorexia,weakness,fever,pain,skin conditions history,weight loss,anorexia,weakness,fever,pain,1
dog,boxer,4.9,16.5,chronic illness,coughing,pain,coughing,sneezing,weakness,chronic illness,coughing,pain,coughing,sneezing,weakness,0
dog,bulldog,8.9,33.3,skin conditions history,droopy wings,coughing,twisted neck,gasping,mild weakness,skin conditions history,droopy wings,coughing,twisted neck,gasping,mild weakness,1
dog,mixed breed,5.2,29.3,no previous conditions,fever,diarrhea,coughing,vomiting,anorexia,no previous conditions,fever,diarrhea,coughing,vomiting,anorexia,0
dog,boxer,1.8,28.5,parasite history,vomiting,anorexia,fever,anorexia,ear infection,parasite history,vomiting,anorexia,fever,anorexia,ear infection,0
dog,boxer,5.0,20.6,previous kidney disease,animal stop feed,tremors,lethargy,fever,anorexia,previous kidney disease,animal stop feed,tremors,lethargy,fever,anorexia,0
dog,bulldog,3.0,17.5,previous kidney disease,fever,coughing,lethargy,blue eye,diarrhea,previous kidney disease,fever,coughing,lethargy,blue eye,diarrhea,0
dog,beagle,5.4,17.2,chronic illness,anorexia,vomiting,lethargy,pain,swaying,chronic illness,anorexia,vomiting,lethargy,pain,swaying,0
dog,mixed breed,1.6,23.1,vaccinated,coughing,lethargy,diarrhea,diarrhea,lethargy,vaccinated,coughing,lethargy,diarrhea,diarrhea,lethargy,0
dog,mixed breed,1.2,5.6,vaccinated,abnormalalities,blindness,facial muscle twitching,muscle pain,constant pacing,vaccinated,abnormalalities,blindness,facial muscle twitching,muscle pain,constant pacing,1
dog,bulldog,9.9,33.3,allergies,coughing,droopy wings,twisted neck,mild weakness,gasping,allergies,coughing,droopy wings,twisted neck,mild weakness,gasping,0
dog,golden retriever,8.0,25.0,no previous conditions,strong cough,lethargy,weakness,pain,abnormalalities,no previous conditions,strong cough,lethargy,weakness,pain,abnormalalities,0
dog,labrador retriever,8.6,42.9,recent surgery,lethargy,weight loss,anorexia,weight loss,loss of consciousness,recent surgery,lethargy,weight loss,anorexia,weight loss,loss of consciousness,0
dog,mixed breed,10.5,22.5,dental issues,weight loss,diarrhea,pain,lethargy,facial edema,dental issues,weight loss,diarrhea,pain,lethargy,facial edema,0
dog,beagle,15.0,29.8,no previous conditions,stop eating,stop drinking,change their normal behaviour,lameness,pains,no previous conditions,stop eating,stop drinking,change their normal behaviour,lameness,pains,0
dog,labrador retriever,12.6,45.0,skin conditions history,anorexia,sneezing,lethargy,weight loss,fever,skin conditions history,anorexia,sneezing,lethargy,weight loss,fever,1
dog,bulldog,1.6,24.1,recent surgery,mortality varies,fever,skin reashes,nasal discharge,pox lession on skin,recent surgery,mortality varies,fever,skin reashes,nasal discharge,pox lession on skin,1
dog,golden retriever,7.5,39.5,previous kidney disease,pain,lethargy,anorexia,vomiting,diarrhea,previous kidney disease,pain,lethargy,anorexia,vomiting,diarrhea,0
dog,bulldog,0.7,25.7,previous kidney disease,excessive eye watering,lethargy,diarrhea,sneezing,swollen,previous kidney disease,excessive eye watering,lethargy,diarrhea,sneezing,swollen,0
dog,rottweiler,9.0,35.4,chronic illness,frequent eye infections,eye redness,crusty eye lashes and matting of eyelashes,foul smelling stools,increased passing gas,chronic illness,frequent eye infections,eye redness,crusty eye lashes and matting of eyelashes,foul smelling stools,increased passing gas,1
dog,bulldog,0.5,22.1,no previous conditions,lethargy,pain,lethargy,coughing,anorexia,no previous conditions,lethargy,pain,lethargy,coughing,anorexia,0
dog,german shepherd,0.5,36.6,previous heart condition,fever,fever,pain,lethargy,fever,previous heart condition,fever,fever,pain,lethargy,fever,0
dog,rottweiler,15.6,45.0,dental issues,loss of appetite,swelling,nasal discharge,blindness,lethargy,dental issues,loss of appetite,swelling,nasal discharge,blindness,lethargy,0
dog,beagle,9.3,15.0,recent surgery,anorexia,coughing,diarrhea,vomiting,lethargy,recent surgery,anorexia,coughing,diarrhea,vomiting,lethargy,0
dog,bulldog,9.3,22.9,parasite history,fever,sneezing,coughing,paralyzed leg,fever,parasite history,fever,sneezing,coughing,paralyzed leg,fever,0
dog,beagle,14.0,30.7,no previous conditions,lameness,stop eating,stop drinking,pains,change their normal behaviour,no previous conditions,lameness,stop eating,stop drinking,pains,change their normal behaviour,0
dog,beagle,6.9,22.8,chronic illness,fluffed feathers,watery eye,anorexia,weight loss,sneezing,chronic illness,fluffed feathers,watery eye,anorexia,weight loss,sneezing,0
dog,beagle,8.5,25.7,previous heart condition,weakness,gas or bloating,fever,morbidity,fever,previous heart condition,weakness,gas or bloating,fever,morbidity,fever,0
dog,beagle,8.8,29.6,recent surgery,scabs on feet,redness,trachea,thickening of skin,pains,recent surgery,scabs on feet,redness,trachea,thickening of skin,pains,1
dog,golden retriever,4.5,39.1,no previous conditions,coughing,lethargy,sneezing,weakness,diarrhea,no previous conditions,coughing,lethargy,sneezing,weakness,diarrhea,0
dog,mixed breed,4.6,14.2,no previous conditions,lack of walking,lack of flying,roughened,dehydration,pains,no previous conditions,lack of walking,lack of flying,roughened,dehydration,pains,0
dog,boxer,3.9,26.8,chronic illness,tear produce,diarrhea,weight loss,anorexia,lethargy,chronic illness,tear produce,diarrhea,weight loss,anorexia,lethargy,0
dog,labrador retriever,1.7,45.0,parasite history,lethargy,neurologic abnormalities,poor appetite,chronic eye inflamation,fever,parasite history,lethargy,neurologic abnormalities,poor appetite,chronic eye inflamation,fever,0
dog,labrador retriever,0.5,36.4,previous kidney disease,anorexia,coughing,fever,weight loss,pain,previous kidney disease,anorexia,coughing,fever,weight loss,pain,0
dog,mixed breed,5.2,12.2,no previous conditions,hyper sensitivity,weakness,loss of appetite,excitability,nervousness,no previous conditions,hyper sensitivity,weakness,loss of appetite,excitability,nervousness,0
dog,poodle,10.5,6.6,previous kidney disease,coughing,recumbency,fever,sneezing,weight loss,previous kidney disease,coughing,recumbency,fever,sneezing,weight loss,0
dog,labrador retriever,11.1,39.6,no previous conditions,fever,loss of  appetite,coughing,lameness,swelling of joints,no previous conditions,fever,loss of appetite,coughing,lameness,swelling of joints,0
dog,rottweiler,8.9,30.5,not vaccinated,pain,flaking of the scutes,lethargy,weakness,anorexia,not vaccinated,pain,flaking of the scutes,lethargy,weakness,anorexia,0
dog,boxer,13.4,19.9,not vaccinated,anorexia,lllthrift,lack of appetite,vomiting,sneezing,not vaccinated,anorexia,lllthrift,lack of appetite,vomiting,sneezing,0
dog,bulldog,6.3,15.1,not vaccinated,not eating,lethargy,pain,anorexia,weight loss,not vaccinated,not eating,lethargy,pain,anorexia,weight loss,0
dog,golden retriever,12.3,31.9,no previous conditions,discharge from eyes,sneezing,pain,anorexia,lethargy,no previous conditions,discharge from eyes,sneezing,pain,anorexia,lethargy,0
dog,beagle,12.9,21.5,dental issues,fever,swelling,lameness,heat,pains,dental issues,fever,swelling,lameness,heat,pains,0
dog,labrador retriever,9.9,35.3,previous kidney disease,diarrhea,lethargy,coughing,anorexia,lethargy,previous kidney disease,diarrhea,lethargy,coughing,anorexia,lethargy,0
dog,poodle,1.3,8.2,dental issues,cessation of eructation,difficulty in breathing,depression,anorexia,colic,dental issues,cessation of eructation,difficulty in breathing,depression,anorexia,colic,0
dog,golden retriever,12.8,39.1,skin conditions history,anorexia,anorexia,weakness,ulcerated muscle,pain,skin conditions history,anorexia,anorexia,weakness,ulcerated muscle,pain,1
dog,rottweiler,9.5,28.2,no previous conditions,weight loss,lethargy,lethargy,diarrhea,sneezing,no previous conditions,weight loss,lethargy,lethargy,diarrhea,sneezing,0
dog,rottweiler,3.6,34.8,previous kidney disease,fever,muscle loss,skeleten pain,weight loss,wasting,previous kidney disease,fever,muscle loss,skeleten pain,weight loss,wasting,0
dog,beagle,5.3,21.6,parasite history,coughing,sneezing,fever,lethargy,fever,parasite history,coughing,sneezing,fever,lethargy,fever,0
dog,golden retriever,5.2,33.9,vaccinated,weakness,coughing,sneezing,weakness,anorexia,vaccinated,weakness,coughing,sneezing,weakness,anorexia,0
dog,rottweiler,0.5,33.6,vaccinated,nosebleeds,sneezing,increased passing gas,loss of eye,weakness,vaccinated,nosebleeds,sneezing,increased passing gas,loss of eye,weakness,0
dog,beagle,5.7,22.7,no previous conditions,sneezing,hyperexcitability,vomiting,lethargy,weight loss,no previous conditions,sneezing,hyperexcitability,vomiting,lethargy,weight loss,0
dog,rottweiler,7.0,40.0,parasite history,vomiting,pain,lethargy,anorexia,lethargy,parasite history,vomiting,pain,lethargy,anorexia,lethargy,0
dog,rottweiler,11.5,30.9,previous heart condition,pain,joint pain,coughing,weight loss,lethargy,previous heart condition,pain,joint pain,coughing,weight loss,lethargy,0
dog,rottweiler,10.2,28.2,previous heart condition,diarrhea,vomiting,diarrhea,vomiting,vomiting,previous heart condition,diarrhea,vomiting,diarrhea,vomiting,vomiting,0
dog,boxer,5.8,23.8,allergies,fever,loss of appetite,ear infection,depression,nasal discharge,allergies,fever,loss of appetite,ear infection,depression,nasal discharge,0
dog,labrador retriever,15.5,28.5,vaccinated,stress,loss of appetite,dejection,pains,coughing,vaccinated,stress,loss of appetite,dejection,pains,coughing,0
dog,german shepherd,8.7,25.1,no previous conditions,pain,fever,lethargy,weight loss,diarrhea,no previous conditions,pain,fever,lethargy,weight loss,diarrhea,0
dog,boxer,4.2,30.0,previous kidney disease,difficultty in breathing,weakness,weight loss,vomiting,weight loss,previous kidney disease,difficultty in breathing,weakness,weight loss,vomiting,weight loss,0
dog,labrador retriever,8.3,36.4,previous kidney disease,coughing,diarrhea,fever,loss of appetite,diarrhea,previous kidney disease,coughing,diarrhea,fever,loss of appetite,diarrhea,0
dog,yorkshire terrier,7.8,4.2,previous kidney disease,fever,diarrhea,poor appetite,weight loss,vomitting,previous kidney disease,fever,diarrhea,poor appetite,weight loss,vomitting,0
dog,poodle,8.7,5.8,parasite history,vomiting,weakness,swelling of eyelid,coughing,weight loss,parasite history,vomiting,weakness,swelling of eyelid,coughing,weight loss,0
dog,poodle,1.0,8.5,parasite history,fever,self-isolation,diarrhea,listlessness,vomiting,parasite history,fever,self-isolation,diarrhea,listlessness,vomiting,0
dog,yorkshire terrier,9.3,4.4,chronic illness,runny nose,difficulty in breathing,coughing,weakness,loss of appettite,chronic illness,runny nose,difficulty in breathing,coughing,weakness,loss of appettite,0
dog,rottweiler,5.5,25.6,skin conditions history,weakness,paralysis,paresis,diarrhea,stomach cramps,skin conditions history,weakness,paralysis,paresis,diarrhea,stomach cramps,1
dog,mixed breed,3.1,8.5,dental issues,vomiting,pain,weight loss,weight loss,vomiting,dental issues,vomiting,pain,weight loss,weight loss,vomiting,0
dog,german shepherd,11.3,37.7,allergies,anorexia,coughing,semen examination,weight loss,pain,allergies,anorexia,coughing,semen examination,weight loss,pain,0
dog,bulldog,11.1,17.9,vaccinated,edema,lethargy,blister,pain,sneezing,vaccinated,edema,lethargy,blister,pain,sneezing,0
dog,rottweiler,8.9,42.0,dental issues,anorexia,vomiting,fever,lack of pigmentation,head pressing,dental issues,anorexia,vomiting,fever,lack of pigmentation,head pressing,0
dog,yorkshire terrier,11.1,4.3,previous kidney disease,blue colored lip,weight loss,fever,vomiting,fever,previous kidney disease,blue colored lip,weight loss,fever,vomiting,fever,0
dog,yorkshire terrier,15.3,6.7,vaccinated,poor wool,loss of appetite,lameness,small size,poor body condition,vaccinated,poor wool,loss of appetite,lameness,small size,poor body condition,0
dog,poodle,11.6,8.2,no previous conditions,coughing,pain,lethargy,sneezing,anorexia,no previous conditions,coughing,pain,lethargy,sneezing,anorexia,0
dog,labrador retriever,3.1,34.2,dental issues,fever,loss of appetite,rapid pulse and heart rates,lameness in affected leg,depression,dental issues,fever,loss of appetite,rapid pulse and heart rates,lameness in affected leg,depression,0
dog,boxer,3.5,30.0,allergies,weakness,sneezing,pain,pain,diarrhea,allergies,weakness,sneezing,pain,pain,diarrhea,0
dog,beagle,14.1,21.8,no previous conditions,gurgling sound,fever,sneezing,weakness,weight loss,no previous conditions,gurgling sound,fever,sneezing,weakness,weight loss,0
dog,golden retriever,3.0,44.5,recent surgery,hyperesthesia,fever,seizuers,respiratory distress,sudden death,recent surgery,hyperesthesia,fever,seizuers,respiratory distress,sudden death,0
dog,german shepherd,5.7,43.9,skin conditions history,red skin,loss of appetite,moist,lameness,pains,skin conditions history,red skin,loss of appetite,moist,lameness,pains,1
dog,beagle,15.0,26.5,previous heart condition,vomiting,coughing,pain,weakness,weakness,previous heart condition,vomiting,coughing,pain,weakness,weakness,0
dog,german shepherd,0.5,34.0,skin conditions history,pain,sneezing,infection,vomiting,scartching,skin conditions history,pain,sneezing,infection,vomiting,scartching,1
dog,poodle,12.3,7.3,recent surgery,sudden death,loss of appetite,rapid heartbeats,fluffed feathers,lack of vocalizations,recent surgery,sudden death,loss of appetite,rapid heartbeats,fluffed feathers,lack of vocalizations,0
dog,poodle,4.8,6.1,skin conditions history,coughing,coughing,coughing,weakness,fever,skin conditions history,coughing,coughing,coughing,weakness,fever,1
dog,labrador retriever,1.5,39.9,previous kidney disease,cough,gasping for air,weight loss,gasping for breath,extending its neck,previous kidney disease,cough,gasping for air,weight loss,gasping for breath,extending its neck,0
dog,bulldog,10.4,18.6,recent surgery,weakness,weakness,vomiting,rectal bleeding,pain,recent surgery,weakness,weakness,vomiting,rectal bleeding,pain,0
dog,beagle,13.9,20.5,chronic illness,fever,lack of coordination,depression,salivation,facial paralysis,chronic illness,fever,lack of coordination,depression,salivation,facial paralysis,0
dog,beagle,15.0,20.7,no previous conditions,weakness,lethargy,defienciency in vitamin,folded ears,pain,no previous conditions,weakness,lethargy,defienciency in vitamin,folded ears,pain,0
dog,german shepherd,7.7,38.2,allergies,diarrhea,vomiting,sneezing,anorexia,weakness,allergies,diarrhea,vomiting,sneezing,anorexia,weakness,0
dog,yorkshire terrier,8.8,5.6,no previous conditions,diarrhea,coughing,coughing,pain,muscular spasms,no previous conditions,diarrhea,coughing,coughing,pain,muscular spasms,0
dog,labrador retriever,9.9,34.9,not vaccinated,stripped remiges,defienciency in vitamin,less feather growth,diarrhea,ruffled feathers,not vaccinated,stripped remiges,defienciency in vitamin,less feather growth,diarrhea,ruffled feathers,0
dog,mixed breed,5.7,25.6,skin conditions history,fever,weight loss,urine retention,convulsion,sudden death,skin conditions history,fever,weight loss,urine retention,convulsion,sudden death,1
dog,rottweiler,9.1,31.2,parasite history,fever,loss of appetite,weakness,weight loss,vomitting,parasite history,fever,loss of appetite,weakness,weight loss,vomitting,0
dog,rottweiler,4.2,42.3,dental issues,muscle trembling,weakness,diarrhea,lethargy,fever,dental issues,muscle trembling,weakness,diarrhea,lethargy,fever,0
dog,mixed breed,8.3,8.6,no previous conditions,beak overgrowth,difficulty in feeding,preening,anemia,weakness,no previous conditions,beak overgrowth,difficulty in feeding,preening,anemia,weakness,0
dog,german shepherd,10.8,37.2,vaccinated,sneezing,coughing,pain,fast breathing,sneezing,vaccinated,sneezing,coughing,pain,fast breathing,sneezing,0
dog,rottweiler,11.2,29.3,skin conditions history,blood clots,sneezing,coughing,pain,pain,skin conditions history,blood clots,sneezing,coughing,pain,pain,1
dog,yorkshire terrier,5.0,5.2,dental issues,weight loss,sneezing,pain,diarrhea,lethargy,dental issues,weight loss,sneezing,pain,diarrhea,lethargy,0
dog,golden retriever,3.6,36.2,chronic illness,nasal discharge,dyspnea,coughing,difficulty in breathing,lethargy,chronic illness,nasal discharge,dyspnea,coughing,difficulty in breathing,lethargy,0
dog,boxer,7.5,24.8,dental issues,anorexia,lethargy,coughing,skin color change,coughing,dental issues,anorexia,lethargy,coughing,skin color change,coughing,1
dog,golden retriever,8.4,45.0,previous heart condition,fever,pain,lethargy,coughing,fever,previous heart condition,fever,pain,lethargy,coughing,fever,0
dog,yorkshire terrier,7.7,10.0,not vaccinated,obstructed lungs,weight loss,enlarged thymus,skin rashes,lethargy,not vaccinated,obstructed lungs,weight loss,enlarged thymus,skin rashes,lethargy,1
dog,rottweiler,8.2,36.9,previous heart condition,fever,reduce growth,edema in lower jaw,weight loss,anemia,previous heart condition,fever,reduce growth,edema in lower jaw,weight loss,anemia,0
dog,boxer,10.8,25.3,previous kidney disease,fever,weight loss,coughing,pain,coughing,previous kidney disease,fever,weight loss,coughing,pain,coughing,0
dog,beagle,5.6,18.1,previous kidney disease,pain,weakness,anorexia,weakness,coughing,previous kidney disease,pain,weakness,anorexia,weakness,coughing,0
dog,boxer,12.5,15.7,previous heart condition,nosebleed,trauma,mild weakness,nose picking,dry air,previous heart condition,nosebleed,trauma,mild weakness,nose picking,dry air,0
dog,poodle,7.3,5.8,previous heart condition,coughing,anorexia,anorexia,weakness,weakness,previous heart condition,coughing,anorexia,anorexia,weakness,weakness,0
dog,german shepherd,0.8,38.4,parasite history,dyspnea,neurologic sign,coughing,depression,anorexia,parasite history,dyspnea,neurologic sign,coughing,depression,anorexia,0
dog,mixed breed,6.1,13.2,no previous conditions,vomiting,pain,sneezing,vomiting,fever,no previous conditions,vomiting,pain,sneezing,vomiting,fever,0
dog,rottweiler,11.9,25.0,parasite history,coughing,diarrhea,lethargy,lethargy,pox lesion,parasite history,coughing,diarrhea,lethargy,lethargy,pox lesion,1
dog,bulldog,11.7,13.8,previous heart condition,fluif filled blisters,mammary glads,los of the ability to walk,weakened legs,fever,previous heart condition,fluif filled blisters,mammary glads,los of the ability to walk,weakened legs,fever,0
dog,yorkshire terrier,6.6,3.4,skin conditions history,malpresentation,uteria inertia,death,pains,fetopelvic dispropotion,skin conditions history,malpresentation,uteria inertia,death,pains,fetopelvic dispropotion,1
dog,yorkshire terrier,10.2,6.5,not vaccinated,nause,weight loss,upset stomach,abdonormal pain,loss of appetite,not vaccinated,nause,weight loss,upset stomach,abdonormal pain,loss of appetite,0
dog,labrador retriever,14.5,33.7,vaccinated,coughing,stress,pains,loss of appetite,dejection,vaccinated,coughing,stress,pains,loss of appetite,dejection,0
dog,yorkshire terrier,8.0,10.1,not vaccinated,skin rashes,weight loss,lethargy,enlarged thymus,obstructed lungs,not vaccinated,skin rashes,weight loss,lethargy,enlarged thymus,obstructed lungs,1
dog,golden retriever,7.8,42.7,chronic illness,skin rashes,small and yellow bumps,swelling,dry scabs,lameness,chronic illness,skin rashes,small and yellow bumps,swelling,dry scabs,lameness,1
dog,german shepherd,12.6,45.0,allergies,fever,animal become lame,prostrat,painfull swalling,lameness,allergies,fever,animal become lame,prostrat,painfull swalling,lameness,0
dog,bulldog,14.2,16.3,skin conditions history,lethargy,anorexia,difficulty in feeding,arthritis,forthy eye,skin conditions history,lethargy,anorexia,difficulty in feeding,arthritis,forthy eye,1
dog,poodle,3.8,10.0,not vaccinated,uteria inertia,malpresentation,death,fetopelvic dispropotion,pains,not vaccinated,uteria inertia,malpresentation,death,fetopelvic dispropotion,pains,0
dog,labrador retriever,10.8,31.6,previous heart condition,fever,hot udder,weakness,swollen eyelids,sneezing,previous heart condition,fever,hot udder,weakness,swollen eyelids,sneezing,0
dog,rottweiler,4.2,25.0,vaccinated,ulcerated skin,weakness,anorexia,anorexia,weakness,vaccinated,ulcerated skin,weakness,anorexia,anorexia,weakness,1
dog,labrador retriever,4.8,38.0,previous heart condition,weight loss,vomiting,weight loss,stumbling,vomiting,previous heart condition,weight loss,vomiting,weight loss,stumbling,vomiting,0
dog,yorkshire terrier,12.4,5.6,skin conditions history,weakness,lethargy,weakness,ruffled feathers,anorexia,skin conditions history,weakness,lethargy,weakness,ruffled feathers,anorexia,1
dog,german shepherd,9.3,35.9,allergies,sneezing,pain,coughing,diarrhoea,fever,allergies,sneezing,pain,coughing,diarrhoea,fever,0
dog,rottweiler,5.2,28.3,allergies,labored breathing,dyspnea,coughing,depression,anorexia,allergies,labored breathing,dyspnea,coughing,depression,anorexia,0
dog,golden retriever,8.9,28.1,recent surgery,weight gain,reduce feed,fever,mucous discharge,respiratory distress,recent surgery,weight gain,reduce feed,fever,mucous discharge,respiratory distress,0
dog,rottweiler,3.0,34.7,vaccinated,vomiting,clouded cornea,weakness,diarrhea,coughing,vaccinated,vomiting,clouded cornea,weakness,diarrhea,coughing,0
dog,poodle,9.5,10.0,parasite history,weight loss,weakness,yellow in beak,lethargy,lethargy,parasite history,weight loss,weakness,yellow in beak,lethargy,lethargy,0
dog,yorkshire terrier,10.4,5.5,skin conditions history,dyspnea,coughing,fever,lethargy,weightloss,skin conditions history,dyspnea,coughing,fever,lethargy,weightloss,1
dog,boxer,9.6,22.9,no previous conditions,coughing,noisy breathing,diarrhea,vomiting,vomiting,no previous conditions,coughing,noisy breathing,diarrhea,vomiting,vomiting,0
dog,german shepherd,6.2,32.6,chronic illness,weight loss,coughing,lethargy,fever,lethargy,chronic illness,weight loss,coughing,lethargy,fever,lethargy,0
dog,beagle,14.2,24.8,skin conditions history,vomiting,sharp feather,lethargy,anorexia,sneezing,skin conditions history,vomiting,sharp feather,lethargy,anorexia,sneezing,1
dog,mixed breed,14.4,32.1,previous heart condition,lllthrift,skin lesion,lameness,swelling on thebody,weight loss,previous heart condition,lllthrift,skin lesion,lameness,swelling on thebody,weight loss,1
dog,boxer,13.3,32.8,parasite history,lethargy,diarrhea,blood in urine,vomiting,bleeding in eye and skin,parasite history,lethargy,diarrhea,blood in urine,vomiting,bleeding in eye and skin,1
dog,mixed breed,9.1,31.5,skin conditions history,most often none,sneezing,nasal discharge,dyspnea,pain,skin conditions history,most often none,sneezing,nasal discharge,dyspnea,pain,1
dog,labrador retriever,13.5,36.6,parasite history,emaciation,weakness,diarrhoea,loss in weight,loss of appetite,parasite history,emaciation,weakness,diarrhoea,loss in weight,loss of appetite,0
dog,rottweiler,13.0,25.0,no previous conditions,vomiting,diarrhea,diarrhea,diarrhea,lethargy,no previous conditions,vomiting,diarrhea,diarrhea,diarrhea,lethargy,0
dog,bulldog,7.7,19.0,no previous conditions,diarrhea,fever,lethargy,eye redness,vomiting,no previous conditions,diarrhea,fever,lethargy,eye redness,vomiting,0
dog,poodle,2.8,5.5,no previous conditions,coughing,sneezing,weight loss,flatulence,weakness,no previous conditions,coughing,sneezing,weight loss,flatulence,weakness,0
dog,beagle,12.3,17.4,vaccinated,sneezing,weight loss,vomiting,fever,sneezing,vaccinated,sneezing,weight loss,vomiting,fever,sneezing,0
dog,bulldog,6.7,26.9,parasite history,haemorrhage,straw colored,abdominal pain,death,carcass decomposes,parasite history,haemorrhage,straw colored,abdominal pain,death,carcass decomposes,0
dog,mixed breed,10.6,29.5,dental issues,extending its neck,gasping for air,gasping for breath,difficulty swallowing,gasping for breath,dental issues,extending its neck,gasping for air,gasping for breath,difficulty swallowing,gasping for breath,0
dog,german shepherd,3.8,35.6,no previous conditions,lethargy,pain,fever,seizures,diarrhea,no previous conditions,lethargy,pain,fever,seizures,diarrhea,0
dog,golden retriever,13.0,34.7,previous kidney disease,emaciation,coughing,lethargy,sneezing,fever,previous kidney disease,emaciation,coughing,lethargy,sneezing,fever,0
dog,german shepherd,9.3,29.9,not vaccinated,fever,diarrhea,swollen abdomen,vomiting,difficulty in breathing,not vaccinated,fever,diarrhea,swollen abdomen,vomiting,difficulty in breathing,0
dog,german shepherd,7.3,36.4,parasite history,fatty stool,fever,vomiting,excess salivary,vomiting,parasite history,fatty stool,fever,vomiting,excess salivary,vomiting,0
dog,rottweiler,9.7,22.4,not vaccinated,septicemia,torticollis,pneumonia,rhinitis,abscessess,not vaccinated,septicemia,torticollis,pneumonia,rhinitis,abscessess,0
dog,german shepherd,13.0,31.6,skin conditions history,weight loss,weight loss,fever,coughing,coughing,skin conditions history,weight loss,weight loss,fever,coughing,coughing,1
dog,mixed breed,2.2,38.0,not vaccinated,lossened teeth,fever,weight loss,diarrhea,extreme thirst,not vaccinated,lossened teeth,fever,weight loss,diarrhea,extreme thirst,0
dog,boxer,14.7,18.6,vaccinated,overweight,loss of appetite,ruffled feathers,depression,diarrhea,vaccinated,overweight,loss of appetite,ruffled feathers,depression,diarrhea,0
dog,boxer,13.0,17.7,chronic illness,mammary glads,fever,fluif filled blisters,weakened legs,los of the ability to walk,chronic illness,mammary glads,fever,fluif filled blisters,weakened legs,los of the ability to walk,0
dog,rottweiler,12.9,29.4,dental issues,fever,reduce reproductive potential,agalactia,loss of milk production,sloughing of the tail,dental issues,fever,reduce reproductive potential,agalactia,loss of milk production,sloughing of the tail,0
dog,golden retriever,11.3,37.8,no previous conditions,death,pains,fetopelvic dispropotion,uteria inertia,malpresentation,no previous conditions,death,pains,fetopelvic dispropotion,uteria inertia,malpresentation,0
dog,boxer,10.8,30.0,dental issues,loss of milk production,lethargy,lethargy,wasting,weakness,dental issues,loss of milk production,lethargy,lethargy,wasting,weakness,0
dog,rottweiler,15.3,40.4,previous kidney disease,loss of appetite,swelling,nasal discharge,blindness,lethargy,previous kidney disease,loss of appetite,swelling,nasal discharge,blindness,lethargy,0
dog,poodle,0.5,4.7,allergies,skin ulcer,diarrhea,weight loss,coughing,diarrhea,allergies,skin ulcer,diarrhea,weight loss,coughing,diarrhea,1
dog,beagle,8.3,27.8,no previous conditions,fever,dullness,dullness,skin rashes,pains,no previous conditions,fever,dullness,dullness,skin rashes,pains,1
dog,mixed breed,7.3,15.9,not vaccinated,weakness,lethargy,coughing,coughing,weight loss,not vaccinated,weakness,lethargy,coughing,coughing,weight loss,0
dog,golden retriever,6.2,28.8,allergies,behaviour change,muscular spasms,weakness,iris prolapse,pain,allergies,behaviour change,muscular spasms,weakness,iris prolapse,pain,0
dog,bulldog,8.7,26.7,previous heart condition,weakness,pain,weakness,lethargy,anorexia,previous heart condition,weakness,pain,weakness,lethargy,anorexia,0
dog,beagle,5.6,30.5,skin conditions history,fever,excession salivation,abnormal conformation,ulcerated muscle,ulcerated ear,skin conditions history,fever,excession salivation,abnormal conformation,ulcerated muscle,ulcerated ear,1
dog,rottweiler,12.2,26.8,allergies,lying down,fever,anorexia,fever,wound lesion,allergies,lying down,fever,anorexia,fever,wound lesion,1
dog,mixed breed,0.6,15.0,allergies,kid moratality,reduce growth,dullness,weakness,fever,allergies,kid moratality,reduce growth,dullness,weakness,fever,0
dog,bulldog,8.4,19.6,recent surgery,lethargy,scaly skin,frequent yawning,coughing,sour throat,recent surgery,lethargy,scaly skin,frequent yawning,coughing,sour throat,1
dog,mixed breed,1.1,28.6,no previous conditions,swelling on leg,heat,hardness,redness,pain,no previous conditions,swelling on leg,heat,hardness,redness,pain,0
dog,labrador retriever,6.3,32.9,no previous conditions,fetopelvic dispropotion,uteria inertia,malpresentation,death,pains,no previous conditions,fetopelvic dispropotion,uteria inertia,malpresentation,death,pains,0
dog,yorkshire terrier,11.7,8.9,previous heart condition,fetopelvic dispropotion,uteria inertia,malpresentation,death,pains,previous heart condition,fetopelvic dispropotion,uteria inertia,malpresentation,death,pains,0
dog,labrador retriever,6.8,32.9,no previous conditions,fetopelvic dispropotion,uteria inertia,malpresentation,death,pains,no previous conditions,fetopelvic dispropotion,uteria inertia,malpresentation,death,pains,0
dog,beagle,8.6,26.9,skin conditions history,stripped remiges,less feather growth,ruffled feathers,defienciency in vitamin,diarrhea,skin conditions history,stripped remiges,less feather growth,ruffled feathers,defienciency in vitamin,diarrhea,1
dog,golden retriever,11.0,36.8,no previous conditions,pains,malpresentation,fetopelvic dispropotion,uteria inertia,death,no previous conditions,pains,malpresentation,fetopelvic dispropotion,uteria inertia,death,0
dog,rottweiler,7.8,36.1,no previous conditions,diarrhea,vomiting,diarrhea,coughing,muscles ache,no previous conditions,diarrhea,vomiting,diarrhea,coughing,muscles ache,0
dog,mixed breed,2.9,36.7,chronic illness,bleeding in eye and skin,weight loss,inflammation,black stool,coughing,chronic illness,bleeding in eye and skin,weight loss,inflammation,black stool,coughing,1
dog,beagle,8.5,15.0,skin conditions history,diarrhea,anorexia,rubbing eye,weight loss,shortness of breath.,skin conditions history,diarrhea,anorexia,rubbing eye,weight loss,shortness of breath.,1
dog,golden retriever,11.8,36.3,allergies,coughing,lethargy,fever,lethargy,sloughing of the tail,allergies,coughing,lethargy,fever,lethargy,sloughing of the tail,0
dog,yorkshire terrier,14.5,5.2,vaccinated,poor wool,loss of appetite,lameness,small size,poor body condition,vaccinated,poor wool,loss of appetite,lameness,small size,poor body condition,0
dog,labrador retriever,1.3,40.7,skin conditions history,coughing,lethargy,vomiting,pain,lethargy,skin conditions history,coughing,lethargy,vomiting,pain,lethargy,1
dog,mixed breed,6.5,23.8,vaccinated,weight loss,vomiting,cell damage,sneezing,vomiting,vaccinated,weight loss,vomiting,cell damage,sneezing,vomiting,0
dog,golden retriever,5.9,36.8,previous kidney disease,coughing,pain,coughing,sneezing,anorexia,previous kidney disease,coughing,pain,coughing,sneezing,anorexia,0
dog,labrador retriever,10.2,38.0,no previous conditions,weakness,vomiting,self-isolation,diarrhea,coughing,no previous conditions,weakness,vomiting,self-isolation,diarrhea,coughing,0
dog,german shepherd,9.6,24.4,allergies,constipation,weight loss,loss of appetite,broody behavior,egg production stops,allergies,constipation,weight loss,loss of appetite,broody behavior,egg production stops,0
dog,mixed breed,5.7,24.1,previous heart condition,dullness,coughing,diarrhea,seizures,lacrimation,previous heart condition,dullness,coughing,diarrhea,seizures,lacrimation,0
dog,rottweiler,11.6,37.0,previous kidney disease,weight loss,decresed egg production,coughing,lethargy,vomiting,previous kidney disease,weight loss,decresed egg production,coughing,lethargy,vomiting,0
dog,poodle,12.4,10.0,chronic illness,vomiting,fever,anorexia,coughing,diarrhea,chronic illness,vomiting,fever,anorexia,coughing,diarrhea,0
dog,bulldog,4.5,21.1,skin conditions history,wool production,coughing,weight loss,sneezing,lethargy,skin conditions history,wool production,coughing,weight loss,sneezing,lethargy,1
dog,poodle,3.2,6.2,previous kidney disease,fever,pain,lethargy,semen examination,diarrhea,previous kidney disease,fever,pain,lethargy,semen examination,diarrhea,0
dog,german shepherd,8.6,27.2,chronic illness,fetopelvic dispropotion,uteria inertia,malpresentation,death,pains,chronic illness,fetopelvic dispropotion,uteria inertia,malpresentation,death,pains,0
dog,mixed breed,1.8,23.8,chronic illness,eye discharges,nasal discharge,change their normal behaviour,high body temperature,lameness,chronic illness,eye discharges,nasal discharge,change their normal behaviour,high body temperature,lameness,0
dog,boxer,0.6,30.0,skin conditions history,sneezing,weight loss,hyperexcitability,weight loss,sneezing,skin conditions history,sneezing,weight loss,hyperexcitability,weight loss,sneezing,1
dog,mixed breed,0.5,11.3,no previous conditions,berberi,coughing,pain,fatty stool,vomiting,no previous conditions,berberi,coughing,pain,fatty stool,vomiting,0
dog,golden retriever,8.1,35.8,not vaccinated,fever,slightly swollen,lession on the skin,milky hard,papules appear on teats anad udder,not vaccinated,fever,slightly swollen,lession on the skin,milky hard,papules appear on teats anad udder,1
dog,golden retriever,7.1,42.0,chronic illness,coughing,sneezing,hot udder,lethargy,vomiting,chronic illness,coughing,sneezing,hot udder,lethargy,vomiting,0
dog,labrador retriever,12.3,33.2,not vaccinated,pain,swelling of joints,coughing,weight loss,vomiting,not vaccinated,pain,swelling of joints,coughing,weight loss,vomiting,0
dog,yorkshire terrier,9.2,10.4,not vaccinated,diarrhea,pain,weight loss,swelling,fever,not vaccinated,diarrhea,pain,weight loss,swelling,fever,0
dog,german shepherd,15.0,31.7,previous heart condition,anorexia,pain,sneezing,weight loss,bloody drool,previous heart condition,anorexia,pain,sneezing,weight loss,bloody drool,0
dog,beagle,6.8,21.8,parasite history,diarrhea,anorexia,sneezing,diarrhea,distended chest,parasite history,diarrhea,anorexia,sneezing,diarrhea,distended chest,0
dog,labrador retriever,5.9,37.0,dental issues,discharge from eye,weakness,weakness,sneezing,weight loss,dental issues,discharge from eye,weakness,weakness,sneezing,weight loss,0
dog,yorkshire terrier,7.3,4.5,parasite history,sneezing,vomiting,fever,pain,rapid pulse and heart rates,parasite history,sneezing,vomiting,fever,pain,rapid pulse and heart rates,0
dog,rottweiler,0.9,44.1,previous kidney disease,short term lethargy,loss of  appetite,weekness in the back legs,rapid heart rate,week pulse,previous kidney disease,short term lethargy,loss of appetite,weekness in the back legs,rapid heart rate,week pulse,0
dog,rottweiler,1.5,27.1,recent surgery,severe kerititis,conjunctive,discharge,iris prolapse,loss of eye,recent surgery,severe kerititis,conjunctive,discharge,iris prolapse,loss of eye,0
dog,rottweiler,7.9,36.2,skin conditions history,fever,diarrhea,coughing,pain,vomiting,skin conditions history,fever,diarrhea,coughing,pain,vomiting,1
dog,labrador retriever,10.0,38.0,not vaccinated,stripped remiges,less feather growth,ruffled feathers,defienciency in vitamin,diarrhea,not vaccinated,stripped remiges,less feather growth,ruffled feathers,defienciency in vitamin,diarrhea,0
dog,poodle,4.9,9.3,vaccinated,lameness,swollen comb,diarrhea,loss of appetite,swollen purple wattle,vaccinated,lameness,swollen comb,diarrhea,loss of appetite,swollen purple wattle,0
dog,bulldog,12.2,27.8,allergies,watering diarrhea,depression,emaciation,ruffled coat,lethargy,allergies,watering diarrhea,depression,emaciation,ruffled coat,lethargy,0
dog,beagle,3.6,16.9,dental issues,labored breathing,dyspnea,coughing,depression,anorexia,dental issues,labored breathing,dyspnea,coughing,depression,anorexia,0
dog,bulldog,13.7,15.0,dental issues,fever,fever,lack of vocalizations,fever,weakness,dental issues,fever,fever,lack of vocalizations,fever,weakness,0
dog,mixed breed,2.9,26.6,chronic illness,decreased milk,holding limbs off the ground,weight loss,lameness,wool production,chronic illness,decreased milk,holding limbs off the ground,weight loss,lameness,wool production,0
dog,golden retriever,10.7,40.2,previous kidney disease,fever,fever,fever,nervous,undigested seeds,previous kidney disease,fever,fever,fever,nervous,undigested seeds,0
dog,mixed breed,12.1,11.9,recent surgery,dullness,dirty,tail shaking,stained wool,foul smelling,recent surgery,dullness,dirty,tail shaking,stained wool,foul smelling,0
dog,golden retriever,11.5,44.7,vaccinated,weakness,anorexia,fever,sneezing,weakness,vaccinated,weakness,anorexia,fever,sneezing,weakness,0
dog,beagle,13.1,25.2,no previous conditions,dehydration,vomiting,watering,no appp,lethargy,no previous conditions,dehydration,vomiting,watering,no appp,lethargy,0
dog,german shepherd,12.8,27.1,skin conditions history,pain,weakness,weight loss,anorexia,rhinorrhea,skin conditions history,pain,weakness,weight loss,anorexia,rhinorrhea,1
dog,beagle,8.4,24.5,previous heart condition,lethargy,weakness,weight loss,sneezing,greenish diarrhea,previous heart condition,lethargy,weakness,weight loss,sneezing,greenish diarrhea,0
dog,mixed breed,6.5,31.4,chronic illness,fever,convulsion,sudden death,urine retention,weight loss,chronic illness,fever,convulsion,sudden death,urine retention,weight loss,0
dog,mixed breed,6.0,15.3,recent surgery,lethargy,fever,lethargy,weakness,vomiting,recent surgery,lethargy,fever,lethargy,weakness,vomiting,0
dog,poodle,11.7,6.6,previous heart condition,severe kerititis,conjunctive,discharge,iris prolapse,loss of eye,previous heart condition,severe kerititis,conjunctive,discharge,iris prolapse,loss of eye,0
dog,golden retriever,12.6,28.1,dental issues,coughing,sneezing,vomiting,weakness,diarrhea,dental issues,coughing,sneezing,vomiting,weakness,diarrhea,0
dog,rottweiler,9.4,41.0,vaccinated,indigestion,weight loss,weakness,weakness,pain,vaccinated,indigestion,weight loss,weakness,weakness,pain,0
dog,labrador retriever,8.0,25.3,allergies,watering,no appp,vomiting,lethargy,dehydration,allergies,watering,no appp,vomiting,lethargy,dehydration,0
dog,rottweiler,12.1,44.5,vaccinated,fever,anorexia,fever,diarrhea,coughing,vaccinated,fever,anorexia,fever,diarrhea,coughing,0
dog,german shepherd,12.6,24.0,parasite history,anorexia,coughing,dyspnea,weakness,fever,parasite history,anorexia,coughing,dyspnea,weakness,fever,0
dog,german shepherd,14.6,41.1,no previous conditions,fever,diarrhea,coughing,tiredness,pains,no previous conditions,fever,diarrhea,coughing,tiredness,pains,0
dog,rottweiler,5.8,30.4,allergies,weakness,diarrhea,coughing,neck vein swelling,weight loss,allergies,weakness,diarrhea,coughing,neck vein swelling,weight loss,0
dog,mixed breed,4.8,33.1,parasite history,anorexia,weight loss,anorexia,diarrhea,diarrhea,parasite history,anorexia,weight loss,anorexia,diarrhea,diarrhea,0
dog,bulldog,9.5,20.6,skin conditions history,egg production decreases,stunted growth,blindness,distinctive bumps,facial swelling,skin conditions history,egg production decreases,stunted growth,blindness,distinctive bumps,facial swelling,1
dog,boxer,8.1,27.5,previous kidney disease,watery diarrhea dispropotion,sick,corneal ulceration,loss of appetite,death,previous kidney disease,watery diarrhea dispropotion,sick,corneal ulceration,loss of appetite,death,1
dog,mixed breed,9.1,23.0,not vaccinated,enlarged lymph nodes or swelling,lethargy,weakness,pain,fever,not vaccinated,enlarged lymph nodes or swelling,lethargy,weakness,pain,fever,0
dog,mixed breed,5.6,21.2,allergies,trauma,weakness,odor to ear,pain,weakness,allergies,trauma,weakness,odor to ear,pain,weakness,0
dog,beagle,8.2,27.5,skin conditions history,stripped remiges,less feather growth,ruffled feathers,defienciency in vitamin,diarrhea,skin conditions history,stripped remiges,less feather growth,ruffled feathers,defienciency in vitamin,diarrhea,1
dog,rottweiler,11.9,43.5,allergies,lepatomegaly,splenomegaly,vomiting,swollen,shaking oh head,allergies,lepatomegaly,splenomegaly,vomiting,swollen,shaking oh head,0
dog,labrador retriever,7.3,32.4,dental issues,lethargy,bloody diarrhea,vomiting,dehydration,anorexia,dental issues,lethargy,bloody diarrhea,vomiting,dehydration,anorexia,0
dog,mixed breed,0.5,34.0,no previous conditions,pain,coughing,difficulty in walking,lethargy,lethargy,no previous conditions,pain,coughing,difficulty in walking,lethargy,lethargy,0
dog,boxer,1.7,28.1,previous heart condition,fever,difficulty breathing,thrist and urination,weight loss,enlarged lymph nodes or swelling,previous heart condition,fever,difficulty breathing,thrist and urination,weight loss,enlarged lymph nodes or swelling,0
dog,boxer,3.3,16.2,previous kidney disease,change in milk,pain,tender to touch,swelling of udder,swollen,previous kidney disease,change in milk,pain,tender to touch,swelling of udder,swollen,0
dog,yorkshire terrier,1.9,6.4,previous kidney disease,anorexia,coughing,coughing,sneezing,sneezing,previous kidney disease,anorexia,coughing,coughing,sneezing,sneezing,0
dog,labrador retriever,6.4,27.0,allergies,defienciency in vitamin,weight loss,pain,diarrhea,fever,allergies,defienciency in vitamin,weight loss,pain,diarrhea,fever,0
dog,labrador retriever,15.0,34.8,no previous conditions,coughing,coughing,pain,lethargy,pain,no previous conditions,coughing,coughing,pain,lethargy,pain,0
dog,bulldog,12.7,21.7,skin conditions history,weakness,coughing,fever,vomiting,sneezing,skin conditions history,weakness,coughing,fever,vomiting,sneezing,1
dog,rottweiler,3.8,35.4,recent surgery,anorexia,dyspnea,fever,coughing,lethargy,recent surgery,anorexia,dyspnea,fever,coughing,lethargy,0
dog,mixed breed,9.1,31.1,skin conditions history,sour throat,coughing,weakness,diarrhea,blister,skin conditions history,sour throat,coughing,weakness,diarrhea,blister,1
dog,yorkshire terrier,11.0,4.1,recent surgery,fever,dullness,skin rashes,pains,dullness,recent surgery,fever,dullness,skin rashes,pains,dullness,1
dog,rottweiler,14.9,45.0,dental issues,diarrhea,darkened skin,fever,coughing,vomiting,dental issues,diarrhea,darkened skin,fever,coughing,vomiting,1
dog,yorkshire terrier,5.7,3.0,previous heart condition,excessive eye watering,fever,diarrhea,pain,pain,previous heart condition,excessive eye watering,fever,diarrhea,pain,pain,0
dog,rottweiler,10.8,27.5,no previous conditions,loss of appetite,diarrhea,ruffled feathers,weight loss,inability to absorb nutrients,no previous conditions,loss of appetite,diarrhea,ruffled feathers,weight loss,inability to absorb nutrients,0
dog,rottweiler,6.1,35.9,allergies,coughing,coughing,weakness,sneezing,nervous,allergies,coughing,coughing,weakness,sneezing,nervous,0
dog,rottweiler,7.8,45.0,dental issues,pain,weight loss,sneezing,pain,fever,dental issues,pain,weight loss,sneezing,pain,fever,0
dog,german shepherd,3.0,28.8,chronic illness,difficulty breathing,unable to exercise,eye and skin change,fever,poor appetite,chronic illness,difficulty breathing,unable to exercise,eye and skin change,fever,poor appetite,1
dog,bulldog,10.1,21.0,skin conditions history,pain,sneezing,"facial swelling,",weight loss,pain,skin conditions history,pain,sneezing,"facial swelling,",weight loss,pain,1
dog,bulldog,6.6,18.1,skin conditions history,fever,eyeproblem,liver disease,loss of appetite,nuerological,skin conditions history,fever,eyeproblem,liver disease,loss of appetite,nuerological,1
dog,rottweiler,16.2,43.2,previous kidney disease,loss of appetite,swelling,nasal discharge,blindness,lethargy,previous kidney disease,loss of appetite,swelling,nasal discharge,blindness,lethargy,0
dog,beagle,5.0,20.7,recent surgery,egg production decreases,stunted growth,blindness,distinctive bumps,facial swelling,recent surgery,egg production decreases,stunted growth,blindness,distinctive bumps,facial swelling,0
dog,bulldog,10.8,23.8,previous kidney disease,loss of appetite,nasal discharge,fever,depression,ear infection,previous kidney disease,loss of appetite,nasal discharge,fever,depression,ear infection,0
dog,german shepherd,6.2,37.3,no previous conditions,weight loss,weekness,attacks,coughing,bleeding wounds,no previous conditions,weight loss,weekness,attacks,coughing,bleeding wounds,0
dog,mixed breed,6.8,17.9,no previous conditions,head tossing,weakness,weight loss,sneezing,barren ewes,no previous conditions,head tossing,weakness,weight loss,sneezing,barren ewes,0
dog,bulldog,6.0,23.8,no previous conditions,weakness,vomiting,weakness,coughing,vomiting,no previous conditions,weakness,vomiting,weakness,coughing,vomiting,0
dog,yorkshire terrier,14.6,8.0,recent surgery,fever,diarrhea,coughing,vomiting,enlarged lymph nodes or swelling,recent surgery,fever,diarrhea,coughing,vomiting,enlarged lymph nodes or swelling,0
dog,golden retriever,11.5,32.7,dental issues,bloody in feather,vomiting,weight loss,anorexia,pain,dental issues,bloody in feather,vomiting,weight loss,anorexia,pain,0
dog,rottweiler,11.7,32.3,no previous conditions,pain,weakness,sneezing,vomiting,fever,no previous conditions,pain,weakness,sneezing,vomiting,fever,0
dog,mixed breed,5.7,9.8,recent surgery,abdominal pain,diarrhea,malpresentation,shock,anorexia,recent surgery,abdominal pain,diarrhea,malpresentation,shock,anorexia,0
dog,bulldog,7.4,15.1,previous kidney disease,swollen,red-colored,hot udder,milk getting out more watery,milk getting out more thick,previous kidney disease,swollen,red-colored,hot udder,milk getting out more watery,milk getting out more thick,0
dog,poodle,2.7,3.1,no previous conditions,sheep often bites,fleece become thin,loss of wool,death,pains,no previous conditions,sheep often bites,fleece become thin,loss of wool,death,pains,0
dog,mixed breed,10.7,23.7,dental issues,loss of powder down,lethargy,fever,lethargy,lethargy,dental issues,loss of powder down,lethargy,fever,lethargy,lethargy,0
dog,yorkshire terrier,5.0,6.5,previous heart condition,weakness,vomiting,weight loss,anorexia,droopy wings,previous heart condition,weakness,vomiting,weight loss,anorexia,droopy wings,0
dog,yorkshire terrier,12.7,3.6,allergies,fever,dullness,dullness,skin rashes,pains,allergies,fever,dullness,dullness,skin rashes,pains,1
dog,bulldog,11.6,20.6,dental issues,lethargy,abdominal discomfort,bloody droping,diarrhea,fever,dental issues,lethargy,abdominal discomfort,bloody droping,diarrhea,fever,0
dog,bulldog,6.3,27.3,previous heart condition,anorexia,diarrhea,rub,vomiting,weakness,previous heart condition,anorexia,diarrhea,rub,vomiting,weakness,0
dog,rottweiler,2.0,34.8,parasite history,testical pain,anorexia,inability to absorb nutrients,congestion,anorexia,parasite history,testical pain,anorexia,inability to absorb nutrients,congestion,anorexia,0
dog,bulldog,10.7,27.2,parasite history,fever,diarrhea,abdominal pain,stiffness,severe weekness and depression,parasite history,fever,diarrhea,abdominal pain,stiffness,severe weekness and depression,0
dog,mixed breed,9.6,15.9,chronic illness,pain,eye disharge,rapid heart rate,vomiting,vomiting,chronic illness,pain,eye disharge,rapid heart rate,vomiting,vomiting,0
dog,rottweiler,9.7,30.4,recent surgery,scratches,pain,anorexia,coughing,retained placenda,recent surgery,scratches,pain,anorexia,coughing,retained placenda,0
dog,yorkshire terrier,7.4,6.6,recent surgery,facial swelling,coughing,vomiting,pain,anorexia,recent surgery,facial swelling,coughing,vomiting,pain,anorexia,0
dog,labrador retriever,6.9,31.8,previous heart condition,lession on cat skin,profuse,smell,coughing,fever,previous heart condition,lession on cat skin,profuse,smell,coughing,fever,1
dog,labrador retriever,8.1,26.7,not vaccinated,enlarged thymus,obstructed lungs,lethargy,skin rashes,weight loss,not vaccinated,enlarged thymus,obstructed lungs,lethargy,skin rashes,weight loss,1
dog,german shepherd,7.6,41.6,not vaccinated,diarrhea,loss of wariness,anorexia,dribbling of saliva,vomiting,not vaccinated,diarrhea,loss of wariness,anorexia,dribbling of saliva,vomiting,0
dog,beagle,10.8,18.8,previous kidney disease,fever,abnormal behaviour,weight loss,pneumonia,stand with head droping,previous kidney disease,fever,abnormal behaviour,weight loss,pneumonia,stand with head droping,0
dog,beagle,1.4,16.4,dental issues,tremor,viability,coughing,anorexia,weight loss,dental issues,tremor,viability,coughing,anorexia,weight loss,0
dog,labrador retriever,8.6,31.2,allergies,limping,sneezing,fever,inflammed eye,depression,allergies,limping,sneezing,fever,inflammed eye,depression,0
dog,golden retriever,10.5,34.2,parasite history,weakness,fever,coughing,black stool,vomiting,parasite history,weakness,fever,coughing,black stool,vomiting,0
dog,golden retriever,12.9,38.9,not vaccinated,weight loss,continuous loss of weight,diarrhea,weight loss,sneezing,not vaccinated,weight loss,continuous loss of weight,diarrhea,weight loss,sneezing,0
dog,golden retriever,10.4,40.2,vaccinated,difficulty swallowing,cough,difficulty swallowing,gasping for air,extending its neck,vaccinated,difficulty swallowing,cough,difficulty swallowing,gasping for air,extending its neck,0
dog,labrador retriever,7.0,30.0,allergies,fever,diarrhea,vomiting,weight loss,dehydration,allergies,fever,diarrhea,vomiting,weight loss,dehydration,0
dog,mixed breed,12.1,21.5,chronic illness,fetopelvic dispropotion,uteria inertia,malpresentation,death,pains,chronic illness,fetopelvic dispropotion,uteria inertia,malpresentation,death,pains,0
dog,german shepherd,4.4,42.4,not vaccinated,weight loss,pain,weight loss,anorexia,semen examination,not vaccinated,weight loss,pain,weight loss,anorexia,semen examination,0
dog,german shepherd,10.3,42.9,recent surgery,air sacculitis,halitosis,coughing,enteritis,weight loss,recent surgery,air sacculitis,halitosis,coughing,enteritis,weight loss,0
dog,golden retriever,4.6,32.8,dental issues,lethargy,fever,lethargy,weakness,weakness,dental issues,lethargy,fever,lethargy,weakness,weakness,0
dog,labrador retriever,2.1,41.2,previous heart condition,skin ulcer,chills,fever,swollen and painfull,exhaustion,previous heart condition,skin ulcer,chills,fever,swollen and painfull,exhaustion,1
dog,poodle,3.8,7.5,not vaccinated,fetopelvic dispropotion,uteria inertia,malpresentation,death,pains,not vaccinated,fetopelvic dispropotion,uteria inertia,malpresentation,death,pains,0
dog,german shepherd,1.6,31.6,chronic illness,pain,anorexia,lession on the skin,fever,weight loss,chronic illness,pain,anorexia,lession on the skin,fever,weight loss,1
dog,bulldog,7.2,17.0,skin conditions history,fever,loss of appetite,eyeproblem,liver disease,nuerological,skin conditions history,fever,loss of appetite,eyeproblem,liver disease,nuerological,1
dog,mixed breed,7.7,28.1,previous kidney disease,bloody diarhhea,depression,dullness,death,weakness,previous kidney disease,bloody diarhhea,depression,dullness,death,weakness,0
dog,poodle,2.0,3.2,recent surgery,sneezing,coughing,coughing,diarrhea,coughing,recent surgery,sneezing,coughing,coughing,diarrhea,coughing,0
dog,mixed breed,2.1,5.8,dental issues,hemopytsis,diarrhea,asymptomatic,death,epistaxis,dental issues,hemopytsis,diarrhea,asymptomatic,death,epistaxis,0
dog,boxer,14.4,22.1,no previous conditions,shortness of breath.,fatigue,chirping,loss of appetite,swollen abdomen,no previous conditions,shortness of breath.,fatigue,chirping,loss of appetite,swollen abdomen,0
dog,german shepherd,9.1,27.8,previous heart condition,stop eating,stop drinking,change their normal behaviour,depression,pains,previous heart condition,stop eating,stop drinking,change their normal behaviour,depression,pains,0
dog,bulldog,13.2,24.8,parasite history,watering diarrhea,depression,emaciation,ruffled coat,lethargy,parasite history,watering diarrhea,depression,emaciation,ruffled coat,lethargy,0
dog,boxer,6.0,30.0,previous kidney disease,fever,weight loss,fever,diarrhea,lethargy,previous kidney disease,fever,weight loss,fever,diarrhea,lethargy,0
dog,mixed breed,13.1,13.2,skin conditions history,vomiting,vomiting,anorexia,sneezing,anorexia,skin conditions history,vomiting,vomiting,anorexia,sneezing,anorexia,1
dog,boxer,15.0,19.6,recent surgery,diarrhea,pain,diarrhea,back pain,scartching ear,recent surgery,diarrhea,pain,diarrhea,back pain,scartching ear,0
dog,labrador retriever,13.7,37.3,recent surgery,coughing,lethargy,pain,diarrhea,anorexia,recent surgery,coughing,lethargy,pain,diarrhea,anorexia,0
dog,bulldog,3.5,26.1,chronic illness,fever,diarrhea,vomiting,blood from mouth,shock,chronic illness,fever,diarrhea,vomiting,blood from mouth,shock,0
dog,german shepherd,8.7,32.1,recent surgery,swollen lymph nodes,difficulty walking,watery stool,lethargy,vaginal discharge,recent surgery,swollen lymph nodes,difficulty walking,watery stool,lethargy,vaginal discharge,0
dog,golden retriever,6.3,40.7,parasite history,pain,coughing,green dropping,weight loss,fever,parasite history,pain,coughing,green dropping,weight loss,fever,0
dog,bulldog,8.8,22.6,parasite history,lethargy,despression,weakness,pain,weakness,parasite history,lethargy,despression,weakness,pain,weakness,0
dog,bulldog,9.1,14.7,vaccinated,coughing,fever,lethargy,difficulty breathing,sneezing,vaccinated,coughing,fever,lethargy,difficulty breathing,sneezing,0
dog,mixed breed,11.4,26.4,dental issues,difficulty swallowing,gasping for air,gasping for breath,extending its neck,gasping for breath,dental issues,difficulty swallowing,gasping for air,gasping for breath,extending its neck,gasping for breath,0
dog,german shepherd,8.4,32.1,parasite history,weakness,lethargy,weight loss,sneezing,weight loss,parasite history,weakness,lethargy,weight loss,sneezing,weight loss,0
dog,german shepherd,7.9,34.4,allergies,shortness of breath,vomiting,diarrhea,anorexia,frequent eye infections,allergies,shortness of breath,vomiting,diarrhea,anorexia,frequent eye infections,0
dog,boxer,1.3,20.1,vaccinated,diarrhea,anorexia,fever,weight loss,lethargy,vaccinated,diarrhea,anorexia,fever,weight loss,lethargy,0
dog,labrador retriever,2.9,25.0,no previous conditions,sneezing,pain,staggering,weight loss,sneezing,no previous conditions,sneezing,pain,staggering,weight loss,sneezing,0
dog,rottweiler,3.5,35.7,allergies,weight loss,vomiting,weight loss,diarrhea,sneezing,allergies,weight loss,vomiting,weight loss,diarrhea,sneezing,0
dog,mixed breed,0.9,8.0,allergies,fever,difficulty in breathing,lethargy,death,pains,allergies,fever,difficulty in breathing,lethargy,death,pains,0
dog,yorkshire terrier,11.4,6.1,allergies,fever,difficulty in breathing,lethargy,death,pains,allergies,fever,difficulty in breathing,lethargy,death,pains,0
dog,beagle,6.1,29.8,vaccinated,loss of milk production,vomiting,sneezing,diarrhea,sneezing,vaccinated,loss of milk production,vomiting,sneezing,diarrhea,sneezing,0
dog,labrador retriever,6.5,36.0,recent surgery,urination problem,vomiting,coughing,pain,weakness,recent surgery,urination problem,vomiting,coughing,pain,weakness,0
dog,golden retriever,2.7,38.9,no previous conditions,weight loss,vomiting,sneezing,diarrhea,short stature,no previous conditions,weight loss,vomiting,sneezing,diarrhea,short stature,0
dog,boxer,14.6,16.6,previous heart condition,overweight,ruffled feathers,diarrhea,loss of appetite,depression,previous heart condition,overweight,ruffled feathers,diarrhea,loss of appetite,depression,0
dog,bulldog,3.9,22.4,previous kidney disease,fever,diarrhea,vomiting,stomach cramps,nausea,previous kidney disease,fever,diarrhea,vomiting,stomach cramps,nausea,0
dog,golden retriever,15.0,34.9,previous heart condition,anorexia,weight loss,anorexia,weight loss,coughing,previous heart condition,anorexia,weight loss,anorexia,weight loss,coughing,0
dog,labrador retriever,15.0,37.3,dental issues,fever,facial swelling,swelling,coughing,pain,dental issues,fever,facial swelling,swelling,coughing,pain,0
dog,german shepherd,5.6,45.0,previous kidney disease,fever,weakness,excess sleeping,fever,pain,previous kidney disease,fever,weakness,excess sleeping,fever,pain,0
dog,poodle,5.4,7.0,recent surgery,anorexia,weight loss,anorexia,cough,fever,recent surgery,anorexia,weight loss,anorexia,cough,fever,0
dog,poodle,11.8,5.4,vaccinated,diarrhea,anorexia,coughing,fever,coughing,vaccinated,diarrhea,anorexia,coughing,fever,coughing,0
dog,golden retriever,6.9,45.0,not vaccinated,loss of appetite,diarrhea,ruffled feathers,thirst,closed eyes,not vaccinated,loss of appetite,diarrhea,ruffled feathers,thirst,closed eyes,0
dog,bulldog,7.3,19.4,no previous conditions,coughing,sneezing,fever,weakness,sneezing,no previous conditions,coughing,sneezing,fever,weakness,sneezing,0
dog,mixed breed,9.9,10.7,allergies,swelling on leg,painfull,nasal discharge,broken bones,nasal discharge,allergies,swelling on leg,painfull,nasal discharge,broken bones,nasal discharge,0
dog,bulldog,4.2,23.6,dental issues,unable to urinate,lightheadedness,droopiness,rectal bleeding,swollen abdomen,dental issues,unable to urinate,lightheadedness,droopiness,rectal bleeding,swollen abdomen,0
dog,boxer,11.2,24.9,vaccinated,vomiting,fever,sneezing,pain,inability of swalllon feeding,vaccinated,vomiting,fever,sneezing,pain,inability of swalllon feeding,0
dog,boxer,2.7,29.4,dental issues,constipation,diarrhea,nausea,indigestion,abdminal pain,dental issues,constipation,diarrhea,nausea,indigestion,abdominal pain,0
dog,mixed breed,1.4,11.8,not vaccinated,stop eating,pains,change their normal behaviour,diarrhea,stop drinking,not vaccinated,stop eating,pains,change their normal behaviour,diarrhea,stop drinking,0
dog,german shepherd,6.4,39.8,chronic illness,stillbirth,abortion,pain,mummification,weak kids,chronic illness,stillbirth,abortion,pain,mummification,weak kids,0
dog,rottweiler,2.4,38.2,chronic illness,fever,nasal discharge,respiratory distress,pox lesion,pain,chronic illness,fever,nasal discharge,respiratory distress,pox lesion,pain,1
dog,golden retriever,9.1,26.7,skin conditions history,straining,diarrhea,vomiting,weight loss,blindness,skin conditions history,straining,diarrhea,vomiting,weight loss,blindness,1
dog,labrador retriever,10.4,39.4,not vaccinated,diarrhea,fever,pain,lethargy,anorexia,not vaccinated,diarrhea,fever,pain,lethargy,anorexia,0
dog,labrador retriever,9.9,40.3,skin conditions history,lethargy,haemorrhage,coughing,diarrhea,vomiting,skin conditions history,lethargy,haemorrhage,coughing,diarrhea,vomiting,1
dog,mixed breed,4.8,17.8,previous heart condition,sneezing,fever,twisted neck,loss of alertness,diarrhea,previous heart condition,sneezing,fever,twisted neck,loss of alertness,diarrhea,0
dog,labrador retriever,10.6,45.0,chronic illness,skin color change,crusty,scaly skin,irritation,blister,chronic illness,skin color change,crusty,scaly skin,irritation,blister,1
dog,yorkshire terrier,5.1,9.6,recent surgery,fever,wasting,fever,diarrhea,anorexia,recent surgery,fever,wasting,fever,diarrhea,anorexia,0
dog,bulldog,8.7,24.1,not vaccinated,fever,diarrhea,enteritis,weight loss,stomach  cramps,not vaccinated,fever,diarrhea,enteritis,weight loss,stomach cramps,0
dog,poodle,3.9,10.0,vaccinated,anorexia,swollen eyelids,flatulence,weakness,vomiting,vaccinated,anorexia,swollen eyelids,flatulence,weakness,vomiting,0
dog,german shepherd,0.5,30.2,previous heart condition,anorexia,facial muscle twitching,diarrhea,diarrhea,fever,previous heart condition,anorexia,facial muscle twitching,diarrhea,diarrhea,fever,1
dog,german shepherd,5.8,29.6,dental issues,balance problem,abdominal destention,neck paralysis,weight loss,pains,dental issues,balance problem,abdominal destention,neck paralysis,weight loss,pains,0
dog,rottweiler,2.5,37.0,chronic illness,fever,nasal discharge,respiratory distress,pox lesion,pain,chronic illness,fever,nasal discharge,respiratory distress,pox lesion,pain,1
dog,german shepherd,10.8,39.5,previous heart condition,coughing,coughing,lethargy,bloody diarhhea,diarrhea,previous heart condition,coughing,coughing,lethargy,bloody diarhhea,diarrhea,0
dog,yorkshire terrier,9.5,6.4,previous kidney disease,lethargy,vomiting,dizzines,weakness,fever,previous kidney disease,lethargy,vomiting,dizzines,weakness,fever,0
dog,poodle,2.1,9.1,skin conditions history,pain,vomiting,sneezing,diarrhea,fever,skin conditions history,pain,vomiting,sneezing,diarrhea,fever,1
dog,labrador retriever,2.8,28.7,chronic illness,radip onset,stiff,muscle trembling,weakness,death,chronic illness,radip onset,stiff,muscle trembling,weakness,death,0
dog,boxer,11.6,19.1,no previous conditions,vomiting,coughing,sneezing,vomiting,shallow breathing,no previous conditions,vomiting,coughing,sneezing,vomiting,shallow breathing,0
dog,golden retriever,8.1,43.8,dental issues,pain,anorexia,pain,bad breath,anorexia,dental issues,pain,anorexia,pain,bad breath,anorexia,0
dog,boxer,9.0,19.4,vaccinated,vomiting,coughing,pain,coughing,weakness,vaccinated,vomiting,coughing,pain,coughing,weakness,0
dog,german shepherd,11.9,36.4,previous kidney disease,stop eating,stop drinking,change their normal behaviour,lameness,pains,previous kidney disease,stop eating,stop drinking,change their normal behaviour,lameness,pains,0
dog,mixed breed,5.5,25.8,no previous conditions,fever,diarrhea,coughing,vomiting,anorexia,no previous conditions,fever,diarrhea,coughing,vomiting,anorexia,0
dog,bulldog,8.4,24.5,vaccinated,weight loss,anorexia,vomiting,coughing,diarrhea,vaccinated,weight loss,anorexia,vomiting,coughing,diarrhea,0
dog,bulldog,9.3,23.0,recent surgery,shortness of breath.,weight loss,weekness in the back legs,lethargy,vomiting,recent surgery,shortness of breath.,weight loss,weekness in the back legs,lethargy,vomiting,0
dog,mixed breed,0.7,14.6,allergies,fever,reduce growth,kid moratality,weakness,dullness,allergies,fever,reduce growth,kid moratality,weakness,dullness,0
dog,bulldog,13.5,15.3,skin conditions history,difficulty in feeding,preening,weakness,beak overgrowth,anemia,skin conditions history,difficulty in feeding,preening,weakness,beak overgrowth,anemia,1
dog,bulldog,3.9,19.6,skin conditions history,nausea,diarrhea,black stool,diarrhea,sneezing,skin conditions history,nausea,diarrhea,black stool,diarrhea,sneezing,1
dog,labrador retriever,6.5,33.1,no previous conditions,swollen,pain,lethargy,fever,loss of appetite,no previous conditions,swollen,pain,lethargy,fever,loss of appetite,0
dog,golden retriever,14.4,26.2,previous kidney disease,fever,loss of appetite,rapid pulse and heart rates,lameness in affected leg,depression,previous kidney disease,fever,loss of appetite,rapid pulse and heart rates,lameness in affected leg,depression,0
dog,poodle,6.9,4.9,no previous conditions,coughing,weight loss,pain,coughing,lethargy,no previous conditions,coughing,weight loss,pain,coughing,lethargy,0
dog,boxer,13.5,19.2,skin conditions history,nosebleed,trauma,mild weakness,nose picking,dry air,skin conditions history,nosebleed,trauma,mild weakness,nose picking,dry air,1
dog,golden retriever,9.0,29.7,not vaccinated,dull,fever,painfull swalling,diarrhea,vomiting,not vaccinated,dull,fever,painfull swalling,diarrhea,vomiting,0
dog,mixed breed,14.2,27.4,chronic illness,fever,uncharacteristic hiding,depression,dehydration,stopped eat,chronic illness,fever,uncharacteristic hiding,depression,dehydration,stopped eat,0
dog,beagle,3.5,29.3,recent surgery,poor coat apperence,diarrhea,vomiting,weight loss,dehydration,recent surgery,poor coat apperence,diarrhea,vomiting,weight loss,dehydration,0
dog,labrador retriever,4.2,44.4,allergies,fever,jaundice,pulmonary congestion,hemolytic anemia,hemoglobinuria,allergies,fever,jaundice,pulmonary congestion,hemolytic anemia,hemoglobinuria,0
dog,bulldog,11.4,17.2,dental issues,paresis,paralysis,weakness,stomach cramps,diarrhea,dental issues,paresis,paralysis,weakness,stomach cramps,diarrhea,0
dog,poodle,2.5,3.6,no previous conditions,sheep often bites,fleece become thin,loss of wool,death,pains,no previous conditions,sheep often bites,fleece become thin,loss of wool,death,pains,0
dog,poodle,12.1,3.0,previous kidney disease,anorexia,diarrhea,coughing,anorexia,coughing,previous kidney disease,anorexia,diarrhea,coughing,anorexia,coughing,0
dog,mixed breed,10.1,24.4,chronic illness,scabs on feet,redness,trachea,thickening of skin,pains,chronic illness,scabs on feet,redness,trachea,thickening of skin,pains,1
dog,boxer,14.5,28.4,skin conditions history,burning ache or pain,vomiting,loss of appetite,experiencing changes in weight,pain and bloating,skin conditions history,burning ache or pain,vomiting,loss of appetite,experiencing changes in weight,pain and bloating,1
dog,mixed breed,5.8,11.9,chronic illness,vomiting,sneezing,anorexia,sneezing,weakness,chronic illness,vomiting,sneezing,anorexia,sneezing,weakness,0
dog,bulldog,8.4,15.1,chronic illness,vomiting,vomiting,sneezing,lethargy,anorexia,chronic illness,vomiting,vomiting,sneezing,lethargy,anorexia,0
dog,beagle,9.7,20.4,no previous conditions,diarrhea,folded ears,weight loss,weight loss,diarrhea,no previous conditions,diarrhea,folded ears,weight loss,weight loss,diarrhea,0
dog,mixed breed,1.2,25.4,recent surgery,weight loss,blue eye,coughing,eye ulcer,acting unnaturally tame,recent surgery,weight loss,blue eye,coughing,eye ulcer,acting unnaturally tame,1
dog,beagle,7.0,21.0,previous kidney disease,lethargy,difficulty swallowing,sour throat,weakness,painfull to touch,previous kidney disease,lethargy,difficulty swallowing,sour throat,weakness,painfull to touch,0
dog,labrador retriever,12.4,32.2,parasite history,loss in weight,emaciation,loss of appetite,weakness,diarrhoea,parasite history,loss in weight,emaciation,loss of appetite,weakness,diarrhoea,0
dog,labrador retriever,5.9,31.5,recent surgery,wasting,sneezing,fever,lethargy,attacks,recent surgery,wasting,sneezing,fever,lethargy,attacks,0
dog,yorkshire terrier,4.9,6.0,chronic illness,diarrhea,sneeze,weakness,pain,inability of swalllon feeding,chronic illness,diarrhea,sneeze,weakness,pain,inability of swalllon feeding,0
dog,beagle,5.7,18.2,chronic illness,pain,stiff,weight loss,diarrhea,coughing,chronic illness,pain,stiff,weight loss,diarrhea,coughing,0
dog,bulldog,8.3,27.8,not vaccinated,fever,diarrhea,enteritis,weight loss,stomach  cramps,not vaccinated,fever,diarrhea,enteritis,weight loss,stomach cramps,0
dog,poodle,12.5,3.5,dental issues,lame,swelling,diarrhea,drooping ears,fever,dental issues,lame,swelling,diarrhea,drooping ears,fever,0
dog,boxer,15.0,16.3,no previous conditions,fever,tachypea,swelling of head and neck,anorexia,nasal discharge,no previous conditions,fever,tachypea,swelling of head and neck,anorexia,nasal discharge,0
dog,beagle,9.2,15.1,chronic illness,sneezing,pain,weight loss,sneezing,weight loss,chronic illness,sneezing,pain,weight loss,sneezing,weight loss,0
dog,rottweiler,2.0,45.0,no previous conditions,gasping for air,gasping for breath,gasping for breath,extending its neck,difficulty swallowing,no previous conditions,gasping for air,gasping for breath,gasping for breath,extending its neck,difficulty swallowing,0
dog,bulldog,7.3,17.8,previous kidney disease,fever,anorexia,pain,pain,diarrhea,previous kidney disease,fever,anorexia,pain,pain,diarrhea,0
dog,golden retriever,9.4,41.4,dental issues,pains,loss of appetite,discomfort,bloody diarrhea,profuse,dental issues,pains,loss of appetite,discomfort,bloody diarrhea,profuse,0
dog,bulldog,2.9,21.7,vaccinated,fever,chills,skin ulcer,exhaustion,swollen and painfull,vaccinated,fever,chills,skin ulcer,exhaustion,swollen and painfull,1
dog,bulldog,5.8,28.7,parasite history,fever,loss of appetite,lameness,rump,weight loss,parasite history,fever,loss of appetite,lameness,rump,weight loss,0
dog,golden retriever,13.7,35.3,dental issues,watering diarrhea,depression,emaciation,ruffled coat,lethargy,dental issues,watering diarrhea,depression,emaciation,ruffled coat,lethargy,0
dog,golden retriever,2.6,26.8,skin conditions history,bloody discharge,sneezing,scabbing,passing of undigested food,sneezing,skin conditions history,bloody discharge,sneezing,scabbing,passing of undigested food,sneezing,1
dog,yorkshire terrier,6.7,6.3,previous kidney disease,fever,lack of coordination,depression,salivation,facial paralysis,previous kidney disease,fever,lack of coordination,depression,salivation,facial paralysis,0
dog,mixed breed,8.7,8.5,previous kidney disease,bad breath,pawing at the face or nose,cough,sneezing,bleeding from the nose,previous kidney disease,bad breath,pawing at the face or nose,cough,sneezing,bleeding from the nose,0
dog,german shepherd,0.7,35.4,not vaccinated,dyspnea,neurologic sign,coughing,depression,anorexia,not vaccinated,dyspnea,neurologic sign,coughing,depression,anorexia,0
dog,golden retriever,1.1,28.0,previous heart condition,fever,respiratory distress,occular discharge,mouth lesion,nasal discharge,previous heart condition,fever,respiratory distress,occular discharge,mouth lesion,nasal discharge,1
dog,beagle,7.5,24.1,chronic illness,seizuers,convulsion,sneezing,weight loss,nasal discharge,chronic illness,seizuers,convulsion,sneezing,weight loss,nasal discharge,0
dog,german shepherd,0.9,43.6,allergies,fever,diarrhea,muscus,weight loss,death,allergies,fever,diarrhea,muscus,weight loss,death,0
dog,mixed breed,2.7,20.5,skin conditions history,coughing,panting,"facial swelling,",production of mucus,fatigue,skin conditions history,coughing,panting,"facial swelling,",production of mucus,fatigue,1
dog,rottweiler,8.5,42.4,parasite history,apathy,depression,dilation of duodenum,cloacal pasting,congestion,parasite history,apathy,depression,dilation of duodenum,cloacal pasting,congestion,0
dog,boxer,10.7,16.4,no previous conditions,listless,difficulty in walking,grinding of teeth,blindness,ataxia,no previous conditions,listless,difficulty in walking,grinding of teeth,blindness,ataxia,0
dog,bulldog,2.2,22.2,skin conditions history,extreme thirst,bloody discharge,loss of appetite,inability to fly,loss of wariness,skin conditions history,extreme thirst,bloody discharge,loss of appetite,inability to fly,loss of wariness,1
dog,german shepherd,11.7,36.4,chronic illness,fever,difficultty in breathing,yellow eye,sneezing,diphtherictic,chronic illness,fever,difficultty in breathing,yellow eye,sneezing,diphtherictic,0
dog,bulldog,4.8,15.4,skin conditions history,coughing,anorexia,coughing,pain,shyness or aggression,skin conditions history,coughing,anorexia,coughing,pain,shyness or aggression,1
dog,rottweiler,5.6,42.5,chronic illness,vomiting,anorexia,foot hot,fever,reduce lamp marking,chronic illness,vomiting,anorexia,foot hot,fever,reduce lamp marking,0
dog,german shepherd,11.7,35.1,vaccinated,sneezing,anorexia,fever,dizziness and fainting,weight loss,vaccinated,sneezing,anorexia,fever,dizziness and fainting,weight loss,0
dog,beagle,5.4,28.0,previous heart condition,tear production,coughing,pain,lethargy,diarrhea,previous heart condition,tear production,coughing,pain,lethargy,diarrhea,0
dog,german shepherd,6.5,37.8,previous heart condition,sharp feather,lethargy,hematuria,weakness,weakness,previous heart condition,sharp feather,lethargy,hematuria,weakness,weakness,0
dog,golden retriever,8.0,29.9,allergies,anorexia,pain,anorexia,diarrhea,sneezing,allergies,anorexia,pain,anorexia,diarrhea,sneezing,0
dog,poodle,12.8,8.1,vaccinated,pain,weakness,vomiting,ulcerated muscle,redness,vaccinated,pain,weakness,vomiting,ulcerated muscle,redness,1
dog,beagle,5.1,17.0,allergies,weakness,decreased stool production,distended stomach,heavy breathing,restless movement,allergies,weakness,decreased stool production,distended stomach,heavy breathing,restless movement,0
dog,german shepherd,5.8,36.0,allergies,loss od appetite,weight loss,fever,sneezing,bad breath,allergies,loss od appetite,weight loss,fever,sneezing,bad breath,0
dog,beagle,2.2,22.1,recent surgery,inappentence,diarrhea,tremors of the head,dehydration,weight loss,recent surgery,inappentence,diarrhea,tremors of the head,dehydration,weight loss,0
dog,yorkshire terrier,15.2,6.7,dental issues,fever,difficulty in breathing,dribbling of saliva,inability of swalllon feeding,moist and painfull,dental issues,fever,difficulty in breathing,dribbling of saliva,inability of swalllon feeding,moist and painfull,0
dog,labrador retriever,9.6,27.9,parasite history,loss in weight,emaciation,diarrhoea,loss of appetite,weakness,parasite history,loss in weight,emaciation,diarrhoea,loss of appetite,weakness,0
dog,yorkshire terrier,3.8,4.2,no previous conditions,fever,distinctive bumps,coughing,anorexia,gas or bloating,no previous conditions,fever,distinctive bumps,coughing,anorexia,gas or bloating,0
dog,bulldog,12.8,21.6,chronic illness,unable to exercise,eye and skin change,coughing,fever,difficulty breathing,chronic illness,unable to exercise,eye and skin change,coughing,fever,difficulty breathing,1
dog,rottweiler,8.0,38.8,parasite history,weight loss,dark or black face,pain,fever,thrist and urination,parasite history,weight loss,dark or black face,pain,fever,thrist and urination,0
dog,poodle,9.7,7.5,allergies,vomiting,pain,abortion,lethargy,difficult in respiration,allergies,vomiting,pain,abortion,lethargy,difficult in respiration,0
dog,yorkshire terrier,4.7,7.8,dental issues,heavy breathing,yellow in beak,tail_bobbing,weakness,sleeping excessively,dental issues,heavy breathing,yellow in beak,tail_bobbing,weakness,sleeping excessively,0
dog,german shepherd,5.8,34.7,chronic illness,sneezing,pain,pain,muscles ache,vomiting,chronic illness,sneezing,pain,pain,muscles ache,vomiting,0
dog,rottweiler,12.4,29.2,dental issues,loss of milk production,agalactia,fever,sloughing of the tail,reduce reproductive potential,dental issues,loss of milk production,agalactia,fever,sloughing of the tail,reduce reproductive potential,0
dog,yorkshire terrier,7.1,6.2,parasite history,jaundice,pain,fatigue,weakness,lethargy,parasite history,jaundice,pain,fatigue,weakness,lethargy,0
dog,german shepherd,2.7,36.4,chronic illness,weight loss,fever,lethargy,anorexia,vomiting,chronic illness,weight loss,fever,lethargy,anorexia,vomiting,0
dog,mixed breed,9.0,8.0,no previous conditions,difficulty in feeding,preening,weakness,beak overgrowth,anemia,no previous conditions,difficulty in feeding,preening,weakness,beak overgrowth,anemia,0
dog,boxer,10.3,26.9,skin conditions history,emaciation,edema in lower jaw,coughing,shivering,anemia,skin conditions history,emaciation,edema in lower jaw,coughing,shivering,anemia,1
dog,german shepherd,13.8,35.7,skin conditions history,skin infection,secondary infection,coughing,depression,shaking oh head,skin conditions history,skin infection,secondary infection,coughing,depression,shaking oh head,1
dog,german shepherd,0.8,42.4,previous heart condition,fever,coughing,vomiting,sneezing,diarrhea,previous heart condition,fever,coughing,vomiting,sneezing,diarrhea,0
dog,bulldog,10.3,21.3,recent surgery,weakness,weakness,coughing,vomiting,diarrhea,recent surgery,weakness,weakness,coughing,vomiting,diarrhea,0
dog,bulldog,2.0,22.5,skin conditions history,extreme thirst,bloody discharge,loss of appetite,inability to fly,loss of wariness,skin conditions history,extreme thirst,bloody discharge,loss of appetite,inability to fly,loss of wariness,1
dog,bulldog,9.9,34.3,recent surgery,gasping,coughing,mild weakness,droopy wings,twisted neck,recent surgery,gasping,coughing,mild weakness,droopy wings,twisted neck,0
dog,yorkshire terrier,11.7,5.2,dental issues,fever,difficulty in breathing,lethargy,death,pains,dental issues,fever,difficulty in breathing,lethargy,death,pains,0
dog,poodle,4.1,5.1,vaccinated,vomiting,fever,anorexia,anorexia,abdonormal discomfort,vaccinated,vomiting,fever,anorexia,anorexia,abdonormal discomfort,0
dog,bulldog,9.0,19.8,skin conditions history,egg production decreases,stunted growth,blindness,distinctive bumps,facial swelling,skin conditions history,egg production decreases,stunted growth,blindness,distinctive bumps,facial swelling,1
dog,mixed breed,2.1,12.6,previous kidney disease,anorexia,sneezing,sneezing,weakness,lethargy,previous kidney disease,anorexia,sneezing,sneezing,weakness,lethargy,0
dog,labrador retriever,12.7,35.3,recent surgery,limping,skin colour change,flabby,raw,sensitive to touch,recent surgery,limping,skin colour change,flabby,raw,sensitive to touch,1
dog,boxer,14.1,20.5,skin conditions history,nosebleed,trauma,mild weakness,nose picking,dry air,skin conditions history,nosebleed,trauma,mild weakness,nose picking,dry air,1
dog,german shepherd,12.6,36.2,recent surgery,coughing,pains,diarrhea,fever,tiredness,recent surgery,coughing,pains,diarrhea,fever,tiredness,0
dog,yorkshire terrier,7.4,6.2,parasite history,vomiting,pain,carcass decomposes,pain,fever,parasite history,vomiting,pain,carcass decomposes,pain,fever,0
dog,german shepherd,0.8,39.4,not vaccinated,dyspnea,neurologic sign,coughing,depression,anorexia,not vaccinated,dyspnea,neurologic sign,coughing,depression,anorexia,0
dog,rottweiler,7.2,34.8,no previous conditions,watery eyes,weight loss,coughing,coughing,greenish diarrhea,no previous conditions,watery eyes,weight loss,coughing,coughing,greenish diarrhea,0
dog,poodle,9.9,3.7,recent surgery,lethargy,coughing,lethargy,weight loss,difficulty breathing,recent surgery,lethargy,coughing,lethargy,weight loss,difficulty breathing,0
dog,yorkshire terrier,15.0,5.9,vaccinated,weakness,weakness,anorexia,vomiting,pain,vaccinated,weakness,weakness,anorexia,vomiting,pain,0
dog,yorkshire terrier,6.9,6.2,skin conditions history,warm,sneezing,anorexia,vomiting,swollen eyelids,skin conditions history,warm,sneezing,anorexia,vomiting,swollen eyelids,1
dog,labrador retriever,5.8,33.2,chronic illness,weight loss,coughing,muscus,terminal convulsion,sneezing,chronic illness,weight loss,coughing,muscus,terminal convulsion,sneezing,0
dog,german shepherd,14.2,31.5,vaccinated,skin color change,coughing,anorexia,anorexia,weight loss,vaccinated,skin color change,coughing,anorexia,anorexia,weight loss,1
dog,mixed breed,1.0,9.2,parasite history,fever,depression,small intestines,death,flock moratality,parasite history,fever,depression,small intestines,death,flock moratality,0
dog,beagle,6.6,23.1,previous heart condition,vomiting,pain,diarrhea,vomiting,anorexia,previous heart condition,vomiting,pain,diarrhea,vomiting,anorexia,0
dog,rottweiler,10.6,25.5,not vaccinated,abscessess,septicemia,rhinitis,torticollis,pneumonia,not vaccinated,abscessess,septicemia,rhinitis,torticollis,pneumonia,0
dog,beagle,6.3,28.3,recent surgery,strong cough,runny nose,darkened skin,lethargy,loss of appettite,recent surgery,strong cough,runny nose,darkened skin,lethargy,loss of appettite,1
dog,yorkshire terrier,8.2,3.1,allergies,diarrhea,sneezing,weakness,weight loss,formation of vesicles,allergies,diarrhea,sneezing,weakness,weight loss,formation of vesicles,0
dog,rottweiler,14.8,29.1,not vaccinated,vomiting,pain,weight gain,diarrhea,pain,not vaccinated,vomiting,pain,weight gain,diarrhea,pain,0
dog,golden retriever,0.8,40.4,skin conditions history,bad breath,pawing at the face or nose,cough,sneezing,bleeding from the nose,skin conditions history,bad breath,pawing at the face or nose,cough,sneezing,bleeding from the nose,1
dog,boxer,11.1,23.0,chronic illness,pain,weight loss,anorexia,sneezing,weight loss,chronic illness,pain,weight loss,anorexia,sneezing,weight loss,0
dog,german shepherd,6.3,25.0,recent surgery,sneezing,fever,lethargy,diarrhea,vomiting,recent surgery,sneezing,fever,lethargy,diarrhea,vomiting,0
dog,bulldog,7.9,19.8,dental issues,coughing,cessation of eructation,decrease appetite,sneezing,pain,dental issues,coughing,cessation of eructation,decrease appetite,sneezing,pain,0
dog,labrador retriever,8.4,29.6,allergies,fever,inflammed eye,sneezing,depression,limping,allergies,fever,inflammed eye,sneezing,depression,limping,0
dog,yorkshire terrier,1.0,9.5,previous heart condition,swelling on leg,painfull,poor appetite,broken bones,nasal discharge,previous heart condition,swelling on leg,painfull,poor appetite,broken bones,nasal discharge,0
dog,beagle,8.5,18.9,dental issues,swollen left abdomen,lying down,staggering,urination,extension of neck,dental issues,swollen left abdomen,lying down,staggering,urination,extension of neck,0
dog,rottweiler,9.3,30.5,dental issues,heavy breathing,yellow in beak,tail_bobbing,weakness,sleeping excessively,dental issues,heavy breathing,yellow in beak,tail_bobbing,weakness,sleeping excessively,0
dog,bulldog,8.9,16.1,parasite history,fever,lethargy,coughing,sneezing,difficulty breathing,parasite history,fever,lethargy,coughing,sneezing,difficulty breathing,0
dog,golden retriever,2.9,42.5,no previous conditions,fever,respiratory distress,seizuers,hyperesthesia,sudden death,no previous conditions,fever,respiratory distress,seizuers,hyperesthesia,sudden death,0
dog,poodle,6.8,8.1,previous kidney disease,pain,moist and painfull,decreased growth of bone,weakness,fever,previous kidney disease,pain,moist and painfull,decreased growth of bone,weakness,fever,0
dog,labrador retriever,12.8,26.8,vaccinated,eye discharges,nasal discharge,change their normal behaviour,high body temperature,lameness,vaccinated,eye discharges,nasal discharge,change their normal behaviour,high body temperature,lameness,0
dog,mixed breed,4.8,14.6,recent surgery,lack of walking,lack of flying,roughened,dehydration,pains,recent surgery,lack of walking,lack of flying,roughened,dehydration,pains,0
dog,rottweiler,5.1,45.0,parasite history,fever,poor coat condition,infection of the skin,weight loss,fatique,parasite history,fever,poor coat condition,infection of the skin,weight loss,fatique,1
dog,german shepherd,8.8,45.0,skin conditions history,lethargy,pain,sneezing,coughing,lethargy,skin conditions history,lethargy,pain,sneezing,coughing,lethargy,1
dog,bulldog,7.8,22.8,previous heart condition,weight loss,scaly patches of skin,regurgitation of food,pain,lethargy,previous heart condition,weight loss,scaly patches of skin,regurgitation of food,pain,lethargy,1
dog,beagle,9.2,23.7,skin conditions history,fever,wound lesion,excess salivary,difficult in walking,pain,skin conditions history,fever,wound lesion,excess salivary,difficult in walking,pain,1
dog,bulldog,2.9,16.6,chronic illness,vomiting,diarrhea,vomiting,weakness,weakness,chronic illness,vomiting,diarrhea,vomiting,weakness,weakness,0
dog,german shepherd,13.1,43.3,previous kidney disease,fever,animal become lame,prostrat,painfull swalling,lameness,previous kidney disease,fever,animal become lame,prostrat,painfull swalling,lameness,0
dog,beagle,10.4,24.7,chronic illness,diarrhea,coughing,weight loss,diarrhea,sneezing,chronic illness,diarrhea,coughing,weight loss,diarrhea,sneezing,0
dog,labrador retriever,12.1,32.3,no previous conditions,fever,loss of  appetite,coughing,lameness,swelling of joints,no previous conditions,fever,loss of appetite,coughing,lameness,swelling of joints,0
dog,poodle,7.9,7.6,vaccinated,anorexia,lethargy,diarrhea,vomiting,diarrhea,vaccinated,anorexia,lethargy,diarrhea,vomiting,diarrhea,0
dog,mixed breed,2.3,12.3,dental issues,barren ewes,abortion,poor conformation,hairy fleeces,weight loss,dental issues,barren ewes,abortion,poor conformation,hairy fleeces,weight loss,0
dog,rottweiler,13.7,26.5,no previous conditions,mouth lesion,tiredness,sneezing,weight loss,anorexia,no previous conditions,mouth lesion,tiredness,sneezing,weight loss,anorexia,1
dog,mixed breed,12.7,21.4,no previous conditions,fever,lethargy,weakness,weight loss,lethargy,no previous conditions,fever,lethargy,weakness,weight loss,lethargy,0
dog,mixed breed,3.1,37.4,not vaccinated,sneezing,pain,fever,anorexia,stunted growth,not vaccinated,sneezing,pain,fever,anorexia,stunted growth,0
dog,mixed breed,1.4,15.6,previous heart condition,fever,diarrhea,sneezing,stiffness,severe weekness and depression,previous heart condition,fever,diarrhea,sneezing,stiffness,severe weekness and depression,0
dog,boxer,15.0,17.1,not vaccinated,hemopytsis,pain,coughing,lethargy,weakness,not vaccinated,hemopytsis,pain,coughing,lethargy,weakness,0
dog,beagle,3.8,17.1,recent surgery,pain,ocular discharge,anorexia,weight loss,weakness,recent surgery,pain,ocular discharge,anorexia,weight loss,weakness,0
dog,bulldog,8.2,20.0,not vaccinated,weight loss,lethargy,weight loss,pain,anorexia,not vaccinated,weight loss,lethargy,weight loss,pain,anorexia,0
dog,poodle,6.6,6.5,skin conditions history,anorexia,vomiting,sneezing,vomiting,fever,skin conditions history,anorexia,vomiting,sneezing,vomiting,fever,1
dog,beagle,3.6,15.1,skin conditions history,swollen,testical pain,itches,bloody discharge,tenderness,skin conditions history,swollen,testical pain,itches,bloody discharge,tenderness,1
dog,boxer,5.9,21.8,vaccinated,strong cough,runny nose,sneezing,lethargy,loss of appettite,vaccinated,strong cough,runny nose,sneezing,lethargy,loss of appettite,0
dog,yorkshire terrier,8.4,4.0,recent surgery,weight loss,anorexia,diarrhea,lethargy,diarrhea,recent surgery,weight loss,anorexia,diarrhea,lethargy,diarrhea,0
dog,beagle,3.0,18.1,parasite history,fever,lethargy,bottle jaw,weight loss,anorexia,parasite history,fever,lethargy,bottle jaw,weight loss,anorexia,0
dog,boxer,5.3,25.7,no previous conditions,swelling of udder,change in milk,swollen,tender to touch,pain,no previous conditions,swelling of udder,change in milk,swollen,tender to touch,pain,0
dog,boxer,3.0,15.6,not vaccinated,change in milk,tender to touch,swollen,swelling of udder,pain,not vaccinated,change in milk,tender to touch,swollen,swelling of udder,pain,0
dog,poodle,8.4,6.2,recent surgery,sneezing,weakness,anorexia,pain,diarrhea,recent surgery,sneezing,weakness,anorexia,pain,diarrhea,0
dog,poodle,9.5,3.0,previous heart condition,oral lesion,weakness,weakness,sneezing,sneezing,previous heart condition,oral lesion,weakness,weakness,sneezing,sneezing,1
dog,german shepherd,5.1,28.7,not vaccinated,nervousness,sneezing,foul breath,lethargy,coughing,not vaccinated,nervousness,sneezing,foul breath,lethargy,coughing,0
dog,yorkshire terrier,8.7,3.4,no previous conditions,abnormal behaviour,stand with head droping,pneumonia,weight loss,fever,no previous conditions,abnormal behaviour,stand with head droping,pneumonia,weight loss,fever,0
dog,mixed breed,5.8,21.0,skin conditions history,anorexia,coughing,weight loss,rapid pulse and heart rates,weight loss,skin conditions history,anorexia,coughing,weight loss,rapid pulse and heart rates,weight loss,1
dog,golden retriever,4.0,41.8,chronic illness,dyspnea,lethargy,nasal discharge,difficulty in breathing,coughing,chronic illness,dyspnea,lethargy,nasal discharge,difficulty in breathing,coughing,0
dog,labrador retriever,10.4,44.5,parasite history,diarrhea,weight loss,fever,skinallergy,weight loss,parasite history,diarrhea,weight loss,fever,skinallergy,weight loss,1
dog,labrador retriever,10.1,25.4,previous kidney disease,fever,diarrhea,sneezing,coughing,lethargy,previous kidney disease,fever,diarrhea,sneezing,coughing,lethargy,0
dog,rottweiler,4.3,37.7,not vaccinated,hair loss,dandruff,darkened skin,crusting of the skin,ulcerated skin,not vaccinated,hair loss,dandruff,darkened skin,crusting of the skin,ulcerated skin,1
dog,beagle,11.2,15.6,no previous conditions,pain,weight loss,pain,vomiting,sneezing,no previous conditions,pain,weight loss,pain,vomiting,sneezing,0
dog,labrador retriever,9.1,33.0,not vaccinated,less feather growth,ruffled feathers,defienciency in vitamin,diarrhea,stripped remiges,not vaccinated,less feather growth,ruffled feathers,defienciency in vitamin,diarrhea,stripped remiges,0
dog,yorkshire terrier,0.5,6.9,chronic illness,weakness,anorexia,weight loss,pain,weakness,chronic illness,weakness,anorexia,weight loss,pain,weakness,0
dog,bulldog,3.2,24.8,not vaccinated,fever,swelling of face or leg,poor appetite,depression,pains,not vaccinated,fever,swelling of face or leg,poor appetite,depression,pains,0
dog,poodle,4.9,7.9,recent surgery,fever,poor coat condition,infection of the skin,weight loss,fatique,recent surgery,fever,poor coat condition,infection of the skin,weight loss,fatique,1
dog,labrador retriever,0.5,31.9,vaccinated,flatulence,pain,fever,ruffled coat,pain,vaccinated,flatulence,pain,fever,ruffled coat,pain,0
dog,beagle,14.3,30.3,no previous conditions,no appp,vomiting,watering,lethargy,dehydration,no previous conditions,no appp,vomiting,watering,lethargy,dehydration,0
dog,german shepherd,10.5,25.0,previous kidney disease,weakness,scartching ear,anorexia,nervousness,ear infection,previous kidney disease,weakness,scartching ear,anorexia,nervousness,ear infection,0
dog,yorkshire terrier,7.1,4.3,not vaccinated,fever,fever,vomiting,nasal discharge,weakness,not vaccinated,fever,fever,vomiting,nasal discharge,weakness,0
dog,beagle,11.1,30.0,parasite history,sneezing,pain,sneezing,fever,anorexia,parasite history,sneezing,pain,sneezing,fever,anorexia,0
dog,yorkshire terrier,0.5,6.1,vaccinated,vomiting,vomiting,fever,diarrhea,anorexia,vaccinated,vomiting,vomiting,fever,diarrhea,anorexia,0
dog,mixed breed,4.8,10.2,allergies,excitability,nervousness,loss of appetite,hyper sensitivity,weakness,allergies,excitability,nervousness,loss of appetite,hyper sensitivity,weakness,0
dog,labrador retriever,12.9,34.1,no previous conditions,anorexia,lethargy,anorexia,stomatitis,diarrhea,no previous conditions,anorexia,lethargy,anorexia,stomatitis,diarrhea,0
dog,golden retriever,8.2,24.2,no previous conditions,fever,uncharacteristic hiding,depression,dehydration,stopped eat,no previous conditions,fever,uncharacteristic hiding,depression,dehydration,stopped eat,0
dog,bulldog,15.0,20.2,dental issues,weight loss,tremor,diarrhea,short stature,weight loss,dental issues,weight loss,tremor,diarrhea,short stature,weight loss,0
dog,boxer,8.0,18.5,parasite history,weakness,sneezing,polydipsa,weakness,fever,parasite history,weakness,sneezing,polydipsa,weakness,fever,0
dog,golden retriever,13.2,34.7,previous kidney disease,diarrhea,anorexia,pain,anorexia,anorexia,previous kidney disease,diarrhea,anorexia,pain,anorexia,anorexia,0
dog,mixed breed,13.8,23.3,chronic illness,stopped eat,dehydration,uncharacteristic hiding,depression,fever,chronic illness,stopped eat,dehydration,uncharacteristic hiding,depression,fever,0
dog,labrador retriever,15.0,30.4,dental issues,vomiting,lethargy,coughing,lethargy,lethargy,dental issues,vomiting,lethargy,coughing,lethargy,lethargy,0
dog,poodle,13.8,6.1,parasite history,diarrhea,hot joints,coughing,weakness,conjunctive,parasite history,diarrhea,hot joints,coughing,weakness,conjunctive,0
dog,rottweiler,8.4,32.7,not vaccinated,dilation of duodenum,apathy,cloacal pasting,congestion,depression,not vaccinated,dilation of duodenum,apathy,cloacal pasting,congestion,depression,0
dog,boxer,8.2,15.9,recent surgery,vomiting,coughing,coughing,anorexia,folded ears,recent surgery,vomiting,coughing,coughing,anorexia,folded ears,0
dog,mixed breed,6.5,21.2,vaccinated,sneezing,diarrhea,fever,coughing,vomiting,vaccinated,sneezing,diarrhea,fever,coughing,vomiting,0
dog,golden retriever,8.4,45.0,chronic illness,skin rashes,lameness,dry scabs,swelling,small and yellow bumps,chronic illness,skin rashes,lameness,dry scabs,swelling,small and yellow bumps,1
dog,mixed breed,6.6,35.6,previous kidney disease,diffulty chewing,pain,viability,pain,anorexia,previous kidney disease,diffulty chewing,pain,viability,pain,anorexia,0
dog,boxer,6.1,28.8,skin conditions history,weakness,dullness,death,bloody diarhhea,depression,skin conditions history,weakness,dullness,death,bloody diarhhea,depression,1
dog,bulldog,3.5,22.5,parasite history,lethargy,lethargy,dilation of duodenum,red diarrhea,sneezing,parasite history,lethargy,lethargy,dilation of duodenum,red diarrhea,sneezing,0
dog,labrador retriever,11.2,32.9,chronic illness,fever,sneezing,excession salivation,anorexia,anorexia,chronic illness,fever,sneezing,excession salivation,anorexia,anorexia,0
dog,german shepherd,7.6,32.3,chronic illness,fetopelvic dispropotion,uteria inertia,malpresentation,death,pains,chronic illness,fetopelvic dispropotion,uteria inertia,malpresentation,death,pains,0
dog,bulldog,6.8,20.9,previous heart condition,pain,weakness,weakness,vomiting,loss of tail tone,previous heart condition,pain,weakness,weakness,vomiting,loss of tail tone,0
dog,beagle,10.3,30.0,previous heart condition,diarrhea,coughing,slow growth,vomiting,blister,previous heart condition,diarrhea,coughing,slow growth,vomiting,blister,0
dog,yorkshire terrier,12.3,8.5,previous heart condition,anorexia,anorexia,pain,diarrhea,weakness,previous heart condition,anorexia,anorexia,pain,diarrhea,weakness,0
dog,german shepherd,8.9,40.1,parasite history,fever,diarrhea,bloody droping,abdominal discomfort,lethargy,parasite history,fever,diarrhea,bloody droping,abdominal discomfort,lethargy,0
dog,boxer,1.4,19.6,no previous conditions,fever,vomiting,fever,anorexia,recumbency,no previous conditions,fever,vomiting,fever,anorexia,recumbency,0
dog,labrador retriever,15.0,34.1,parasite history,bubbles in the mouth,diarrhea,fever,sneezing,pain on face,parasite history,bubbles in the mouth,diarrhea,fever,sneezing,pain on face,0
dog,beagle,9.6,19.1,previous kidney disease,diarrhea,vomiting,red eye,fever,anorexia,previous kidney disease,diarrhea,vomiting,red eye,fever,anorexia,0
dog,boxer,0.5,15.5,allergies,diffulty chewing,lethargy,vomiting,weight loss,reduced appetite,allergies,diffulty chewing,lethargy,vomiting,weight loss,reduced appetite,0
dog,rottweiler,5.9,43.1,parasite history,weight loss,sneezing,coughing,obscure lameness,sneezing,parasite history,weight loss,sneezing,coughing,obscure lameness,sneezing,0
dog,bulldog,3.8,31.9,skin conditions history,sores on lip,infection,sores on lower leg and teats,lesion,pain,skin conditions history,sores on lip,infection,sores on lower leg and teats,lesion,pain,1
dog,beagle,12.8,27.2,not vaccinated,fetopelvic dispropotion,uteria inertia,despression,death,pains,not vaccinated,fetopelvic dispropotion,uteria inertia,despression,death,pains,0
dog,labrador retriever,4.1,30.3,vaccinated,strong cough,pain,sneezing,weight loss,muscular spasms,vaccinated,strong cough,pain,sneezing,weight loss,muscular spasms,0
dog,mixed breed,4.1,40.0,previous heart condition,coughing,anorexia,coughing,vomiting,coughing,previous heart condition,coughing,anorexia,coughing,vomiting,coughing,0
dog,labrador retriever,9.3,44.1,no previous conditions,depression,loss of appetite,pains,loss of appetite,fever,no previous conditions,depression,loss of appetite,pains,loss of appetite,fever,0
dog,mixed breed,13.3,31.4,dental issues,coughing,lethargy,weight loss,pain,weakness,dental issues,coughing,lethargy,weight loss,pain,weakness,0
dog,beagle,8.6,25.9,skin conditions history,fever,wound lesion,excess salivary,difficult in walking,pain,skin conditions history,fever,wound lesion,excess salivary,difficult in walking,pain,1
dog,bulldog,3.6,23.6,no previous conditions,sneezing,abortion,anoxeria,labored breathing,weight loss,no previous conditions,sneezing,abortion,anoxeria,labored breathing,weight loss,0
dog,boxer,12.5,20.5,allergies,skin may thicken,weight loss,lethargy,weight loss,fever,allergies,skin may thicken,weight loss,lethargy,weight loss,fever,1
dog,mixed breed,4.9,29.8,parasite history,weight loss,vomiting,vomiting,sneezing,swelling,parasite history,weight loss,vomiting,vomiting,sneezing,swelling,0
dog,mixed breed,15.0,21.0,previous kidney disease,weight loss,lethargy,coughing,lethargy,excess salivary,previous kidney disease,weight loss,lethargy,coughing,lethargy,excess salivary,0
dog,beagle,11.1,17.1,recent surgery,fever,diarrhea,enteritis,weight loss,stomach  cramps,recent surgery,fever,diarrhea,enteritis,weight loss,stomach cramps,0
dog,bulldog,11.8,25.9,allergies,vomiting,lethargy,lethargy,weakness,fast breathing,allergies,vomiting,lethargy,lethargy,weakness,fast breathing,0
dog,rottweiler,12.3,39.7,no previous conditions,lethargy,sneezing,weight loss,sneezing,sneezing,no previous conditions,lethargy,sneezing,weight loss,sneezing,sneezing,0
dog,poodle,2.6,9.6,dental issues,fever,diarrhea,coughing,lethargy,blue eye,dental issues,fever,diarrhea,coughing,lethargy,blue eye,0
dog,poodle,2.4,9.8,dental issues,fever,diarrhea,coughing,lethargy,blue eye,dental issues,fever,diarrhea,coughing,lethargy,blue eye,0
dog,yorkshire terrier,13.3,5.0,previous heart condition,loss of appetite,swelling,nasal discharge,blindness,lethargy,previous heart condition,loss of appetite,swelling,nasal discharge,blindness,lethargy,0
dog,boxer,6.8,18.4,previous kidney disease,wound lesion,fever,diarrhea,pain,vomiting,previous kidney disease,wound lesion,fever,diarrhea,pain,vomiting,1
dog,boxer,14.1,18.4,allergies,overweight,loss of appetite,ruffled feathers,depression,diarrhea,allergies,overweight,loss of appetite,ruffled feathers,depression,diarrhea,0
dog,rottweiler,5.5,26.8,allergies,fetopelvic dispropotion,uteria inertia,malpresentation,death,pains,allergies,fetopelvic dispropotion,uteria inertia,malpresentation,death,pains,0
dog,boxer,5.0,21.1,not vaccinated,fever,diarrhea,weight loss,sneezing,weakness,not vaccinated,fever,diarrhea,weight loss,sneezing,weakness,0
dog,golden retriever,6.9,34.6,recent surgery,pain,fever,slow growth,weight loss,coughing,recent surgery,pain,fever,slow growth,weight loss,coughing,0
dog,beagle,5.1,19.0,allergies,bleeding from the nose,fever,anorexia,sneezing,lethargy,allergies,bleeding from the nose,fever,anorexia,sneezing,lethargy,0
dog,rottweiler,6.3,40.6,parasite history,diarrhea,constant pacing,fever,weakness,weakness,parasite history,diarrhea,constant pacing,fever,weakness,weakness,0
dog,golden retriever,12.2,38.6,recent surgery,dilation of duodenum,sneezing,pain,diarrhea,weakness,recent surgery,dilation of duodenum,sneezing,pain,diarrhea,weakness,0
dog,labrador retriever,14.2,41.6,not vaccinated,droopy wings,gasping,coughing,mild weakness,twisted neck,not vaccinated,droopy wings,gasping,coughing,mild weakness,twisted neck,0
dog,golden retriever,0.5,42.9,allergies,diarrhea,sneezing,fever,inability to absorb nutrients,fever,allergies,diarrhea,sneezing,fever,inability to absorb nutrients,fever,0
dog,mixed breed,0.9,8.7,allergies,difficulty in breathing,death,fever,pains,lethargy,allergies,difficulty in breathing,death,fever,pains,lethargy,0
dog,bulldog,3.9,22.8,previous kidney disease,fever,loss of appetite,lameness,rump,weight loss,previous kidney disease,fever,loss of appetite,lameness,rump,weight loss,0
dog,german shepherd,6.1,37.5,not vaccinated,skin rashes,dry scabs,lameness,small and yellow bumps,swelling,not vaccinated,skin rashes,dry scabs,lameness,small and yellow bumps,swelling,1
dog,bulldog,0.5,21.9,parasite history,pain,weight loss,weakness,vomiting,weight loss,parasite history,pain,weight loss,weakness,vomiting,weight loss,0
dog,golden retriever,6.9,42.2,recent surgery,asymptomatic,coughing,body stiffness,coughing,sneezing,recent surgery,asymptomatic,coughing,body stiffness,coughing,sneezing,0
dog,yorkshire terrier,9.5,8.0,previous heart condition,anorexia,pain,coughing,mouth lesion,lethargy,previous heart condition,anorexia,pain,coughing,mouth lesion,lethargy,1
dog,mixed breed,11.0,31.4,parasite history,lethargy,vomiting,pain,fever,red and inflammation ear,parasite history,lethargy,vomiting,pain,fever,red and inflammation ear,0
dog,mixed breed,1.3,10.7,not vaccinated,stop eating,stop drinking,change their normal behaviour,diarrhea,pains,not vaccinated,stop eating,stop drinking,change their normal behaviour,diarrhea,pains,0
dog,beagle,9.0,29.3,parasite history,sneezing,pain,anorexia,weight loss,coughing,parasite history,sneezing,pain,anorexia,weight loss,coughing,0
dog,poodle,1.0,10.0,recent surgery,cell damage,lethargy,bluish white opacity,coughing,fever,recent surgery,cell damage,lethargy,bluish white opacity,coughing,fever,0
dog,bulldog,5.7,24.7,chronic illness,achomotrica,lethargy,grinding teeth,weight loss,coughing,chronic illness,achomotrica,lethargy,grinding teeth,weight loss,coughing,0
dog,rottweiler,2.8,45.0,previous kidney disease,sneezing,diarrhea,lethargy,sensitive to touch,lethargy,previous kidney disease,sneezing,diarrhea,lethargy,sensitive to touch,lethargy,0
dog,yorkshire terrier,12.6,6.8,previous kidney disease,lethargy,reduce feed,lying down,thicked skin,pain,previous kidney disease,lethargy,reduce feed,lying down,thicked skin,pain,1
dog,boxer,4.4,24.2,parasite history,strong cough,diarrhea,weakness,fever,coughing,parasite history,strong cough,diarrhea,weakness,fever,coughing,0
dog,german shepherd,1.3,31.0,no previous conditions,sneezing,sudden death,coughing,weight loss,lethargy,no previous conditions,sneezing,sudden death,coughing,weight loss,lethargy,0
dog,mixed breed,12.7,13.2,vaccinated,foul smelling,dullness,dirty,stained wool,tail shaking,vaccinated,foul smelling,dullness,dirty,stained wool,tail shaking,0
dog,bulldog,6.8,18.4,skin conditions history,weight loss,weight loss,anorexia,weight loss,sneezing,skin conditions history,weight loss,weight loss,anorexia,weight loss,sneezing,1
dog,beagle,5.0,26.2,previous heart condition,milky hard,weight loss,weight loss,lethargy,restless movement,previous heart condition,milky hard,weight loss,weight loss,lethargy,restless movement,0
dog,poodle,4.1,7.2,skin conditions history,lethargy,sneezing,lethargy,pain,lethargy,skin conditions history,lethargy,sneezing,lethargy,pain,lethargy,1
dog,beagle,3.7,13.8,recent surgery,swollen,testical pain,itches,tenderness,bloody discharge,recent surgery,swollen,testical pain,itches,tenderness,bloody discharge,1
dog,golden retriever,8.5,28.2,skin conditions history,diarrhea,paresis,vomiting,pain,weight loss,skin conditions history,diarrhea,paresis,vomiting,pain,weight loss,1
dog,bulldog,4.3,21.9,previous kidney disease,weight loss,diarrhea,weight loss,pain,vomiting,previous kidney disease,weight loss,diarrhea,weight loss,pain,vomiting,0
dog,boxer,8.0,27.9,previous kidney disease,sneezing,vomiting,weakness,loss of earing,pain,previous kidney disease,sneezing,vomiting,weakness,loss of earing,pain,0
dog,mixed breed,8.4,31.2,previous kidney disease,bloody diarhhea,depression,dullness,death,weakness,previous kidney disease,bloody diarhhea,depression,dullness,death,weakness,0
dog,beagle,2.3,19.0,previous heart condition,pain,anorexia,weight loss,uncharacteristic hiding,diarrhea,previous heart condition,pain,anorexia,weight loss,uncharacteristic hiding,diarrhea,0
dog,golden retriever,3.7,39.9,parasite history,vomiting,enteritis,outstretched neck,diarrhea,fever,parasite history,vomiting,enteritis,outstretched neck,diarrhea,fever,0
dog,labrador retriever,6.3,31.7,previous heart condition,diarrhea,bloody in feather,vomiting,sneezing,coughing,previous heart condition,diarrhea,bloody in feather,vomiting,sneezing,coughing,0
dog,beagle,11.0,18.9,not vaccinated,weakness,lethargy,difficulty diagnosis,sneezing,lethargy,not vaccinated,weakness,lethargy,difficulty diagnosis,sneezing,lethargy,0
dog,german shepherd,7.1,44.1,no previous conditions,weakness,sneezing,sneezing,weakened legs,diarrhea,no previous conditions,weakness,sneezing,sneezing,weakened legs,diarrhea,0
dog,german shepherd,6.7,29.4,not vaccinated,poor coat apperence,diarrhea,vomiting,weight loss,dehydration,not vaccinated,poor coat apperence,diarrhea,vomiting,weight loss,dehydration,0
dog,poodle,13.8,4.0,not vaccinated,diarrhea,vomiting,anorexia,diarrhea,pain,not vaccinated,diarrhea,vomiting,anorexia,diarrhea,pain,0
dog,beagle,14.7,24.6,vaccinated,fever,coughing,weakness,vomiting,vomiting,vaccinated,fever,coughing,weakness,vomiting,vomiting,0
dog,beagle,1.8,25.3,chronic illness,stop eating,stop drinking,change their normal behaviour,weight loss,pains,chronic illness,stop eating,stop drinking,change their normal behaviour,weight loss,pains,0
dog,german shepherd,5.8,41.1,not vaccinated,skin rashes,small and yellow bumps,swelling,dry scabs,lameness,not vaccinated,skin rashes,small and yellow bumps,swelling,dry scabs,lameness,1
dog,poodle,6.2,6.0,dental issues,fever,coughing,cessation of eructation,weakness,coughing,dental issues,fever,coughing,cessation of eructation,weakness,coughing,0
dog,golden retriever,4.1,41.4,skin conditions history,diarrhea,coughing,pain,anorexia,anorexia,skin conditions history,diarrhea,coughing,pain,anorexia,anorexia,1
dog,mixed breed,5.7,8.4,dental issues,sneezing,coughing,lying down,twitching,vomiting,dental issues,sneezing,coughing,lying down,twitching,vomiting,1
dog,beagle,1.8,14.3,allergies,fever,loss of  appetite,reduce energy,lameness,swelling of joints,allergies,fever,loss of appetite,reduce energy,lameness,swelling of joints,0
dog,boxer,7.7,17.4,chronic illness,diarrhea,sneezing,anorexia,weakness,sneezing,chronic illness,diarrhea,sneezing,anorexia,weakness,sneezing,0
dog,golden retriever,5.7,39.8,previous kidney disease,swelling on thebody,sneezing,watery diarrhea dispropotion,fever,diarrhea,previous kidney disease,swelling on thebody,sneezing,watery diarrhea dispropotion,fever,diarrhea,0
dog,german shepherd,3.7,34.8,skin conditions history,diarrhea,fever,diarrhea,anorexia,weakness,skin conditions history,diarrhea,fever,diarrhea,anorexia,weakness,1
dog,golden retriever,1.3,32.7,recent surgery,fever,anoxeria,weight loss,lethargy,pain,recent surgery,fever,anoxeria,weight loss,lethargy,pain,0
dog,yorkshire terrier,13.8,5.3,not vaccinated,pain,discomfort,grinding teeth,diarrhea,dry or dull hair,not vaccinated,pain,discomfort,grinding teeth,diarrhea,dry or dull hair,0
dog,beagle,8.3,24.2,parasite history,lethargy,pain,discharge,lethargy,lethargy,parasite history,lethargy,pain,discharge,lethargy,lethargy,0
dog,mixed breed,11.2,28.6,allergies,weakness,rubbing eye,anorexia,vomiting,sneezing,allergies,weakness,rubbing eye,anorexia,vomiting,sneezing,0
dog,rottweiler,1.4,33.8,chronic illness,pain,fever,sneezing,anorexia,weight loss,chronic illness,pain,fever,sneezing,anorexia,weight loss,0
dog,labrador retriever,2.9,34.7,not vaccinated,radip onset,stiff,muscle trembling,weakness,death,not vaccinated,radip onset,stiff,muscle trembling,weakness,death,0
dog,yorkshire terrier,10.3,6.4,not vaccinated,vomiting,lethargy,vomiting,sneezing,weight loss,not vaccinated,vomiting,lethargy,vomiting,sneezing,weight loss,0
dog,poodle,0.5,3.9,vaccinated,fever,sneezing,pain,coughing,pain,vaccinated,fever,sneezing,pain,coughing,pain,0
dog,yorkshire terrier,6.1,6.3,dental issues,coughing,vomiting,diarrhea,weight loss,unusally thin,dental issues,coughing,vomiting,diarrhea,weight loss,unusally thin,0
dog,bulldog,3.9,18.9,previous heart condition,fever,sour throat,abnormalities,muscle aches,mortality,previous heart condition,fever,sour throat,abnormalities,muscle aches,mortality,0
dog,golden retriever,9.2,33.5,not vaccinated,discharge from eyes,redness of eye,blindness,scartches,pains,not vaccinated,discharge from eyes,redness of eye,blindness,scartches,pains,0
dog,boxer,2.5,27.7,dental issues,nausea,indigestion,constipation,abdminal pain,diarrhea,dental issues,nausea,indigestion,constipation,abdominal pain,diarrhea,0
dog,beagle,12.2,18.4,recent surgery,fever,enteritis,stomach  cramps,diarrhea,weight loss,recent surgery,fever,enteritis,stomach cramps,diarrhea,weight loss,0
dog,bulldog,8.9,23.0,parasite history,sudden death,lethargy,pain,coughing,fluif filled blisters,parasite history,sudden death,lethargy,pain,coughing,fluif filled blisters,0
dog,bulldog,3.5,16.7,chronic illness,diarrhea,pain,difficulty swallowing,anorexia,vomiting,chronic illness,diarrhea,pain,difficulty swallowing,anorexia,vomiting,0
dog,yorkshire terrier,14.9,5.8,recent surgery,indigestion,abdminal pain,constipation,diarrhea,nausea,recent surgery,indigestion,abdominal pain,constipation,diarrhea,nausea,0
dog,labrador retriever,14.6,30.5,allergies,pain,lethargy,weakness,sneezing,weight loss,allergies,pain,lethargy,weakness,sneezing,weight loss,0
dog,german shepherd,10.4,29.6,recent surgery,fever,swelling,loss of appetite,anorexia,weight loss,recent surgery,fever,swelling,loss of appetite,anorexia,weight loss,0
dog,boxer,2.9,16.5,allergies,swelling of udder,change in milk,swollen,tender to touch,pain,allergies,swelling of udder,change in milk,swollen,tender to touch,pain,0
dog,mixed breed,11.8,12.5,chronic illness,vomitting,pneumonia,lession on the skin,jaundice,pain,chronic illness,vomitting,pneumonia,lession on the skin,jaundice,pain,1
dog,yorkshire terrier,15.0,4.2,not vaccinated,fleece become thin,sneezing,sneezing,stamping and pedding of hind eye,fever,not vaccinated,fleece become thin,sneezing,sneezing,stamping and pedding of hind eye,fever,0
dog,german shepherd,5.4,35.5,recent surgery,loss of appetite,closed eyes,diarrhea,ruffled feathers,thirst,recent surgery,loss of appetite,closed eyes,diarrhea,ruffled feathers,thirst,0
dog,yorkshire terrier,9.8,3.0,previous heart condition,distended chest,skin colour change,inflammed eye,anorexia,vomiting,previous heart condition,distended chest,skin colour change,inflammed eye,anorexia,vomiting,1
dog,rottweiler,9.1,37.6,parasite history,vomiting,anorexia,weight loss,lethargy,raw,parasite history,vomiting,anorexia,weight loss,lethargy,raw,0
dog,golden retriever,8.9,29.9,chronic illness,pain,diarrhea,pain,weight loss,loss of consciousness,chronic illness,pain,diarrhea,pain,weight loss,loss of consciousness,0
dog,beagle,3.9,16.6,allergies,fever,anorexia,lession on cat skin,weakness,fever,allergies,fever,anorexia,lession on cat skin,weakness,fever,1
dog,mixed breed,5.1,7.6,allergies,weight loss,coughing,sloughing of the tail,diarrhea,fever,allergies,weight loss,coughing,sloughing of the tail,diarrhea,fever,0
dog,boxer,0.5,25.9,parasite history,puffed_up feather,anorexia,weight loss,diarrhea,diarrhea,parasite history,puffed_up feather,anorexia,weight loss,diarrhea,diarrhea,0
dog,golden retriever,2.7,32.9,recent surgery,fever,dark colored bloody,incoordination,difficulty in breathing,terminal convulsion,recent surgery,fever,dark colored bloody,incoordination,difficulty in breathing,terminal convulsion,0
dog,german shepherd,12.8,41.8,recent surgery,death,pain,weakness,blue straws,restlessness,recent surgery,death,pain,weakness,blue straws,restlessness,0
dog,german shepherd,13.1,41.0,dental issues,fetopelvic dispropotion,uteria inertia,malpresentation,death,pains,dental issues,fetopelvic dispropotion,uteria inertia,malpresentation,death,pains,0
dog,yorkshire terrier,3.0,7.5,no previous conditions,weight loss,egg production decreases,drooling,excess salivation,vomiting,no previous conditions,weight loss,egg production decreases,drooling,excess salivation,vomiting,0
dog,german shepherd,14.2,41.0,allergies,fever,diarrhea,coughing,tiredness,pains,allergies,fever,diarrhea,coughing,tiredness,pains,0
dog,boxer,7.7,26.1,previous kidney disease,weakness,weakness,pain,mild colic,fever,previous kidney disease,weakness,weakness,pain,mild colic,fever,0
dog,bulldog,2.8,17.2,parasite history,lethargy,weight loss,high temperature,fever,indigestion,parasite history,lethargy,weight loss,high temperature,fever,indigestion,0
dog,bulldog,3.1,22.9,parasite history,coughing,weight loss,diarrhea,weight loss,lethargy,parasite history,coughing,weight loss,diarrhea,weight loss,lethargy,0
dog,mixed breed,7.7,5.0,recent surgery,pain,nausea,fever,weight loss,pain,recent surgery,pain,nausea,fever,weight loss,pain,0
dog,bulldog,11.1,22.3,not vaccinated,bloody droping,lethargy,fever,abdominal discomfort,diarrhea,not vaccinated,bloody droping,lethargy,fever,abdominal discomfort,diarrhea,0
dog,poodle,0.5,7.6,allergies,coughing,diarrhea,constant pacing,coughing,diarrhea,allergies,coughing,diarrhea,constant pacing,coughing,diarrhea,0
dog,poodle,11.0,6.8,previous heart condition,severe kerititis,conjunctive,discharge,iris prolapse,loss of eye,previous heart condition,severe kerititis,conjunctive,discharge,iris prolapse,loss of eye,0
dog,mixed breed,1.5,25.6,chronic illness,eye discharges,nasal discharge,change their normal behaviour,high body temperature,lameness,chronic illness,eye discharges,nasal discharge,change their normal behaviour,high body temperature,lameness,0
dog,yorkshire terrier,0.5,10.0,recent surgery,decreased eyelid,pain,lack of walking,coughing,anorexia,recent surgery,decreased eyelid,pain,lack of walking,coughing,anorexia,0
dog,golden retriever,3.7,37.1,no previous conditions,vomiting,swolling of joint,vomiting,pain,weakness,no previous conditions,vomiting,swolling of joint,vomiting,pain,weakness,0
dog,bulldog,4.3,20.0,recent surgery,anorexia,sneezing,fever,pain,weakness,recent surgery,anorexia,sneezing,fever,pain,weakness,0
dog,german shepherd,9.9,42.7,allergies,halitosis,coughing,air sacculitis,weight loss,enteritis,allergies,halitosis,coughing,air sacculitis,weight loss,enteritis,0
dog,labrador retriever,1.2,35.2,skin conditions history,abortion at the end of gestation,fatigue,weak calves,join pains,swelling of internal organs,skin conditions history,abortion at the end of gestation,fatigue,weak calves,join pains,swelling of internal organs,1
dog,yorkshire terrier,9.7,9.5,not vaccinated,fever,diarrhea,swelling,weight loss,pain,not vaccinated,fever,diarrhea,swelling,weight loss,pain,0
dog,labrador retriever,0.5,30.8,no previous conditions,weight loss,anorexia,coughing,fever,dark colored bloody,no previous conditions,weight loss,anorexia,coughing,fever,dark colored bloody,0
dog,german shepherd,12.7,38.2,recent surgery,anorexia,weakness,coughing,lethargy,diarrhea,recent surgery,anorexia,weakness,coughing,lethargy,diarrhea,0
dog,mixed breed,6.9,15.3,skin conditions history,hyperexcitability,muscular spasms,gums,death,pains,skin conditions history,hyperexcitability,muscular spasms,gums,death,pains,1
dog,bulldog,3.3,26.5,not vaccinated,fever,swelling of face or leg,poor appetite,depression,pains,not vaccinated,fever,swelling of face or leg,poor appetite,depression,pains,0
dog,yorkshire terrier,13.3,3.5,previous kidney disease,coughing,vomiting,weight loss,sneezing,lethargy,previous kidney disease,coughing,vomiting,weight loss,sneezing,lethargy,0
dog,labrador retriever,15.0,35.1,parasite history,weakness,pain,animal become lame,anorexia,coughing,parasite history,weakness,pain,animal become lame,anorexia,coughing,0
dog,boxer,6.6,24.7,previous kidney disease,anorexia,weakness,weight loss,fever,sneezing,previous kidney disease,anorexia,weakness,weight loss,fever,sneezing,0
dog,rottweiler,2.0,42.5,recent surgery,lethargy,weakness,coughing,fluffed feather,coughing,recent surgery,lethargy,weakness,coughing,fluffed feather,coughing,0
dog,beagle,9.7,22.0,previous heart condition,tear production,fever,dizziness and fainting,fever,sneezing,previous heart condition,tear production,fever,dizziness and fainting,fever,sneezing,0
dog,bulldog,7.1,23.7,chronic illness,lethargy,vomiting,diarrhea,coughing,lethargy,chronic illness,lethargy,vomiting,diarrhea,coughing,lethargy,0
dog,yorkshire terrier,2.2,7.2,chronic illness,fever,distress,trembling,staggering,convulsion,chronic illness,fever,distress,trembling,staggering,convulsion,0
dog,beagle,3.5,28.0,chronic illness,sneezing,anorexia,sneezing,blood in faces,sneezing,chronic illness,sneezing,anorexia,sneezing,blood in faces,sneezing,0
dog,poodle,3.0,5.1,not vaccinated,jaundice,loss of appetite,rough hair coat,coughing,death,not vaccinated,jaundice,loss of appetite,rough hair coat,coughing,death,0
dog,labrador retriever,9.6,31.0,parasite history,loss in weight,emaciation,loss of appetite,weakness,diarrhoea,parasite history,loss in weight,emaciation,loss of appetite,weakness,diarrhoea,0
dog,poodle,8.0,4.5,no previous conditions,coughing,weakness,ulcer,weight loss,diarrhea,no previous conditions,coughing,weakness,ulcer,weight loss,diarrhea,1
dog,mixed breed,0.5,21.9,parasite history,diarrhea,lethargy,weakness,fever,pain,parasite history,diarrhea,lethargy,weakness,fever,pain,0
dog,rottweiler,9.0,32.7,recent surgery,fever,depression,small intestines,death,flock moratality,recent surgery,fever,depression,small intestines,death,flock moratality,0
dog,bulldog,4.6,27.8,parasite history,lethargy,vomiting,sneezing,fever,sneezing,parasite history,lethargy,vomiting,sneezing,fever,sneezing,0
dog,german shepherd,1.0,45.0,allergies,muscus,weight loss,diarrhea,fever,death,allergies,muscus,weight loss,diarrhea,fever,death,0
dog,beagle,4.8,22.4,skin conditions history,sneezing,terminal convulsion,weakness,pharyngitis,vomiting,skin conditions history,sneezing,terminal convulsion,weakness,pharyngitis,vomiting,1
dog,golden retriever,8.6,25.0,previous heart condition,weight loss,coughing,coughing,sneezing,weight loss,previous heart condition,weight loss,coughing,coughing,sneezing,weight loss,0
dog,beagle,2.4,32.1,recent surgery,fever,loss of appetite,swollen teats,lameness in affected leg,depression,recent surgery,fever,loss of appetite,swollen teats,lameness in affected leg,depression,0
dog,mixed breed,3.5,13.5,recent surgery,pain,congestion,pain,pain,lethargy,recent surgery,pain,congestion,pain,pain,lethargy,0
dog,poodle,4.2,8.5,not vaccinated,loss od appetite,wheezing,seizuers,skin rashes,fatique,not vaccinated,loss od appetite,wheezing,seizuers,skin rashes,fatique,1
dog,golden retriever,11.2,40.9,dental issues,anorexia,lethargy,anorexia,anorexia,weakness,dental issues,anorexia,lethargy,anorexia,anorexia,weakness,0
dog,golden retriever,9.4,31.8,previous kidney disease,tail_bobbing,anorexia,coughing,coughing,diarrhea,previous kidney disease,tail_bobbing,anorexia,coughing,coughing,diarrhea,0
dog,mixed breed,4.7,11.5,allergies,weakness,hyper sensitivity,loss of appetite,nervousness,excitability,allergies,weakness,hyper sensitivity,loss of appetite,nervousness,excitability,0
dog,poodle,11.5,5.8,chronic illness,weakness,anorexia,discharge from ear,pain,pain,chronic illness,weakness,anorexia,discharge from ear,pain,pain,0
dog,german shepherd,10.8,42.4,vaccinated,nasal discharge,swelling on leg,broken bones,nasal discharge,painfull,vaccinated,nasal discharge,swelling on leg,broken bones,nasal discharge,painfull,0
dog,poodle,7.2,4.3,chronic illness,lethargy,lethargy,weakness,weakness,stumbling,chronic illness,lethargy,lethargy,weakness,weakness,stumbling,0
dog,yorkshire terrier,10.6,5.6,previous kidney disease,coughing,sneezing,weight loss,fever,weight loss,previous kidney disease,coughing,sneezing,weight loss,fever,weight loss,0
dog,bulldog,3.9,20.2,chronic illness,vomiting,diarrhea,nausea,fever,stomach cramps,chronic illness,vomiting,diarrhea,nausea,fever,stomach cramps,0
dog,rottweiler,4.1,43.3,previous heart condition,weakness,vomiting,lethargy,anorexia,diarrhea,previous heart condition,weakness,vomiting,lethargy,anorexia,diarrhea,0
dog,golden retriever,3.4,38.3,not vaccinated,fever,anorexia,diarrhea,dizziness,skin lesion,not vaccinated,fever,anorexia,diarrhea,dizziness,skin lesion,1
dog,rottweiler,5.7,41.1,chronic illness,vomiting,vomiting,pox lession on skin,fatique,weight loss,chronic illness,vomiting,vomiting,pox lession on skin,fatique,weight loss,1
dog,yorkshire terrier,2.9,8.6,recent surgery,diarrhea,pain,sneezing,weight loss,weight loss,recent surgery,diarrhea,pain,sneezing,weight loss,weight loss,0
dog,rottweiler,2.1,43.5,no previous conditions,extending its neck,gasping for air,gasping for breath,difficulty swallowing,gasping for breath,no previous conditions,extending its neck,gasping for air,gasping for breath,difficulty swallowing,gasping for breath,0
dog,poodle,8.1,6.9,recent surgery,weight loss,weight loss,weakness,anorexia,swelling on leg,recent surgery,weight loss,weight loss,weakness,anorexia,swelling on leg,0
dog,boxer,12.1,27.4,not vaccinated,experiencing changes in weight,pain and bloating,burning ache or pain,vomiting,loss of appetite,not vaccinated,experiencing changes in weight,pain and bloating,burning ache or pain,vomiting,loss of appetite,0
dog,rottweiler,5.7,40.8,chronic illness,weight loss,vomiting,vomiting,diarrhea,weight loss,chronic illness,weight loss,vomiting,vomiting,diarrhea,weight loss,0
dog,german shepherd,11.2,35.9,dental issues,swelling on leg,painfull,nasal discharge,broken bones,nasal discharge,dental issues,swelling on leg,painfull,nasal discharge,broken bones,nasal discharge,0
dog,poodle,7.2,7.0,dental issues,weakness,head ache,anorexia,lethargy,papules appear on teats anad udder,dental issues,weakness,head ache,anorexia,lethargy,papules appear on teats anad udder,1
dog,german shepherd,12.1,45.0,allergies,fever,animal become lame,prostrat,painfull swalling,lameness,allergies,fever,animal become lame,prostrat,painfull swalling,lameness,0
dog,german shepherd,1.5,29.4,not vaccinated,fever,diarrhea,vomiting,blood from mouth,shock,not vaccinated,fever,diarrhea,vomiting,blood from mouth,shock,0
dog,yorkshire terrier,12.9,4.9,previous kidney disease,fever,pox lession on skin,skin reashes,nasal discharge,mortality varies,previous kidney disease,fever,pox lession on skin,skin reashes,nasal discharge,mortality varies,1
dog,mixed breed,3.5,25.8,previous kidney disease,difficulty in breathing,fever,coughing,sneezing,lethargy,previous kidney disease,difficulty in breathing,fever,coughing,sneezing,lethargy,0
dog,beagle,8.2,21.8,vaccinated,depression,weight loss,fever,scratches,diarrhea,vaccinated,depression,weight loss,fever,scratches,diarrhea,0
dog,golden retriever,10.2,32.5,previous kidney disease,coughing,vomiting,sneezing,coughing,anorexia,previous kidney disease,coughing,vomiting,sneezing,coughing,anorexia,0
dog,rottweiler,5.8,27.3,not vaccinated,fatique,sweat,head ache,fever,chills,not vaccinated,fatique,sweat,head ache,fever,chills,0
dog,golden retriever,6.7,34.7,chronic illness,swollen abdomen,diarrhea,watery eyes,weight loss,weakness,chronic illness,swollen abdomen,diarrhea,watery eyes,weight loss,weakness,0
dog,beagle,8.2,25.2,allergies,sneezing,pain,diarrhea,weakness,anorexia,allergies,sneezing,pain,diarrhea,weakness,anorexia,0
dog,mixed breed,6.4,10.5,chronic illness,fever,anorexia,lethargy,vomiting,swelling of neck,chronic illness,fever,anorexia,lethargy,vomiting,swelling of neck,0
dog,labrador retriever,3.0,45.0,allergies,lethargy,swelling  in the bite area,fever,limp,pain,allergies,lethargy,swelling in the bite area,fever,limp,pain,0
dog,labrador retriever,2.2,36.6,no previous conditions,fever,swollen and painfull,exhaustion,skin ulcer,chills,no previous conditions,fever,swollen and painfull,exhaustion,skin ulcer,chills,1
dog,beagle,7.8,22.2,not vaccinated,anorexia,weight gain,anorexia,fever,diarrhea,not vaccinated,anorexia,weight gain,anorexia,fever,diarrhea,0
dog,boxer,15.0,28.8,recent surgery,anorexia,diarrhea,fever,regurgitation of food,vomiting,recent surgery,anorexia,diarrhea,fever,regurgitation of food,vomiting,0
dog,bulldog,10.3,27.3,parasite history,swollen,testical pain,itches,bloody discharge,tenderness,parasite history,swollen,testical pain,itches,bloody discharge,tenderness,1
dog,yorkshire terrier,0.5,3.0,skin conditions history,diarrhea,hardness,diarrhea,fever,attack,skin conditions history,diarrhea,hardness,diarrhea,fever,attack,1
dog,labrador retriever,7.1,39.6,recent surgery,weakness,fever,viability,fever,lethargy,recent surgery,weakness,fever,viability,fever,lethargy,0
dog,bulldog,1.7,27.0,skin conditions history,fever,pox lession on skin,skin reashes,nasal discharge,mortality varies,skin conditions history,fever,pox lession on skin,skin reashes,nasal discharge,mortality varies,1
dog,german shepherd,5.6,25.4,dental issues,abortion on late pregancy,sneezing,weight loss,weakness,lethargy,dental issues,abortion on late pregancy,sneezing,weight loss,weakness,lethargy,0
dog,boxer,10.1,20.3,dental issues,pyrexia,oral lesion,swelling,lameness,death,dental issues,pyrexia,oral lesion,swelling,lameness,death,1
dog,bulldog,2.2,25.7,vaccinated,coughing,outstretched neck,isolation from flock,forthy eye,hot udder,vaccinated,coughing,outstretched neck,isolation from flock,forthy eye,hot udder,0
dog,boxer,4.7,21.5,skin conditions history,pain,fever,difficulty diagnosis,lethargy,lethargy,skin conditions history,pain,fever,difficulty diagnosis,lethargy,lethargy,1
dog,mixed breed,9.4,27.3,parasite history,diarrhea,flat ribs,fever,clubbed feather,lethargy,parasite history,diarrhea,flat ribs,fever,clubbed feather,lethargy,0
dog,golden retriever,13.3,35.7,not vaccinated,sneezing,wasting,weight loss,continuous loss of weight,bleeding from the nose,not vaccinated,sneezing,wasting,weight loss,continuous loss of weight,bleeding from the nose,0
dog,german shepherd,8.9,27.0,skin conditions history,fever,nasal discharge,respiratory distress,pox lesion,pain,skin conditions history,fever,nasal discharge,respiratory distress,pox lesion,pain,1
dog,mixed breed,1.0,32.8,previous heart condition,pain,diarrhea,fever,diarrhea,lethargy,previous heart condition,pain,diarrhea,fever,diarrhea,lethargy,0
dog,bulldog,6.7,18.2,chronic illness,lethargy,diarrhea,weight loss,weakness,weight loss,chronic illness,lethargy,diarrhea,weight loss,weakness,weight loss,0
dog,golden retriever,14.5,37.8,dental issues,watering diarrhea,depression,emaciation,ruffled coat,lethargy,dental issues,watering diarrhea,depression,emaciation,ruffled coat,lethargy,0
dog,bulldog,3.5,17.5,recent surgery,vomiting,diarrhea,green dropping,weakness,lethargy,recent surgery,vomiting,diarrhea,green dropping,weakness,lethargy,0
dog,yorkshire terrier,4.9,3.0,chronic illness,paresis,vomiting,swelling of internal organs,hair tining,vomiting,chronic illness,paresis,vomiting,swelling of internal organs,hair tining,vomiting,0
dog,poodle,11.5,7.5,previous heart condition,severe kerititis,conjunctive,discharge,iris prolapse,loss of eye,previous heart condition,severe kerititis,conjunctive,discharge,iris prolapse,loss of eye,0
dog,german shepherd,9.2,33.0,previous heart condition,weakness,diarrhea,weakness,sneezing,weakness,previous heart condition,weakness,diarrhea,weakness,sneezing,weakness,0
dog,rottweiler,10.7,33.6,vaccinated,fever,animal become lame,prostrat,painfull swalling,lameness,vaccinated,fever,animal become lame,prostrat,painfull swalling,lameness,0
dog,boxer,7.9,25.4,parasite history,pain,weakness,listlessness,diarrhea,diarrhea,parasite history,pain,weakness,listlessness,diarrhea,diarrhea,0
dog,bulldog,11.7,22.1,not vaccinated,bloody droping,fever,abdominal discomfort,lethargy,diarrhea,not vaccinated,bloody droping,fever,abdominal discomfort,lethargy,diarrhea,0
dog,rottweiler,13.5,44.6,skin conditions history,loss of appetite,swelling,nasal discharge,blindness,lethargy,skin conditions history,loss of appetite,swelling,nasal discharge,blindness,lethargy,1
dog,boxer,5.5,21.9,chronic illness,weakness,anorexia,fever,diarrhea,fever,chronic illness,weakness,anorexia,fever,diarrhea,fever,0
dog,golden retriever,7.7,25.8,parasite history,fever,uncharacteristic hiding,depression,dehydration,stopped eat,parasite history,fever,uncharacteristic hiding,depression,dehydration,stopped eat,0
dog,boxer,2.5,26.3,recent surgery,decreased stool production,distended stomach,restless movement,heavy breathing,weakness,recent surgery,decreased stool production,distended stomach,restless movement,heavy breathing,weakness,0
dog,golden retriever,3.7,35.9,no previous conditions,weight loss,loss of pigment,pain,coughing,anorexia,no previous conditions,weight loss,loss of pigment,pain,coughing,anorexia,0
dog,bulldog,8.7,20.7,dental issues,aggressiveness,vomiting,lethargy,lethargy,diarrhea,dental issues,aggressiveness,vomiting,lethargy,lethargy,diarrhea,0
dog,german shepherd,1.6,28.6,not vaccinated,fever,diarrhea,vomiting,blood from mouth,shock,not vaccinated,fever,diarrhea,vomiting,blood from mouth,shock,0
dog,labrador retriever,5.9,39.7,previous kidney disease,greenish-yellow nasal discharge,lack of pigmentation,vomiting,lethargy,pain on face,previous kidney disease,greenish-yellow nasal discharge,lack of pigmentation,vomiting,lethargy,pain on face,0
dog,german shepherd,6.4,33.1,chronic illness,fever,gastritis,sneezing,weight loss,weight loss,chronic illness,fever,gastritis,sneezing,weight loss,weight loss,0
dog,rottweiler,6.6,36.8,parasite history,fever,nose picking,weight loss,coughing,anorexia,parasite history,fever,nose picking,weight loss,coughing,anorexia,0
dog,bulldog,3.1,16.9,allergies,watery diarrhea dispropotion,sick,corneal ulceration,loss of appetite,death,allergies,watery diarrhea dispropotion,sick,corneal ulceration,loss of appetite,death,1
dog,poodle,9.3,6.0,dental issues,sneezing,weight loss,muscular spasms,weakness,vomiting,dental issues,sneezing,weight loss,muscular spasms,weakness,vomiting,0
dog,bulldog,11.0,16.2,previous heart condition,fever,weakened legs,los of the ability to walk,mammary glads,fluif filled blisters,previous heart condition,fever,weakened legs,los of the ability to walk,mammary glads,fluif filled blisters,0
dog,rottweiler,5.5,41.3,allergies,weight loss,sneezing,sneezing,weight loss,fever,allergies,weight loss,sneezing,sneezing,weight loss,fever,0
dog,poodle,1.8,6.0,no previous conditions,vomiting,lepatomegaly,shaking oh head,splenomegaly,swollen,no previous conditions,vomiting,lepatomegaly,shaking oh head,splenomegaly,swollen,0
dog,labrador retriever,7.0,23.0,previous heart condition,weakness,blindness,tear produce,aversion to light,bluish white opacity,previous heart condition,weakness,blindness,tear produce,aversion to light,bluish white opacity,0
dog,bulldog,1.1,25.8,not vaccinated,sneezing,weight loss,pnemonia,pain,weakness,not vaccinated,sneezing,weight loss,pnemonia,pain,weakness,0
dog,labrador retriever,7.9,28.5,no previous conditions,anorexia,sneezing,weightloss,pain,fever,no previous conditions,anorexia,sneezing,weightloss,pain,fever,0
dog,labrador retriever,10.3,35.2,previous kidney disease,diarrhea,sneezing,sneezing,pain,weakness,previous kidney disease,diarrhea,sneezing,sneezing,pain,weakness,0
dog,rottweiler,8.9,33.2,vaccinated,coughing,vomiting,vomiting,weight loss,sneezing,vaccinated,coughing,vomiting,vomiting,weight loss,sneezing,0
dog,bulldog,8.0,24.1,not vaccinated,fever,diarrhea,enteritis,weight loss,stomach  cramps,not vaccinated,fever,diarrhea,enteritis,weight loss,stomach cramps,0
dog,poodle,3.3,4.6,previous heart condition,diarrhea,pain,coughing,lethargy,coughing,previous heart condition,diarrhea,pain,coughing,lethargy,coughing,0
dog,poodle,8.3,6.0,previous kidney disease,sneezing,fever,sneezing,anorexia,sneezing,previous kidney disease,sneezing,fever,sneezing,anorexia,sneezing,0
dog,poodle,9.5,3.5,parasite history,upset stomach,coughing,anaemia,diarrhea,weight loss,parasite history,upset stomach,coughing,anaemia,diarrhea,weight loss,0
dog,yorkshire terrier,9.9,8.0,no previous conditions,anorexia,fever,fever,coughing,weakness,no previous conditions,anorexia,fever,fever,coughing,weakness,0
dog,boxer,10.1,24.0,no previous conditions,weakness,vomiting,lethargy,weight loss,anorexia,no previous conditions,weakness,vomiting,lethargy,weight loss,anorexia,0
dog,rottweiler,6.7,45.0,chronic illness,fever,weight loss,anorexia,sneezing,pain,chronic illness,fever,weight loss,anorexia,sneezing,pain,0
dog,mixed breed,4.6,12.9,allergies,excitability,nervousness,loss of appetite,hyper sensitivity,weakness,allergies,excitability,nervousness,loss of appetite,hyper sensitivity,weakness,0
dog,boxer,10.8,26.6,parasite history,weakness,anorexia,weight loss,coughing,pox lesion,parasite history,weakness,anorexia,weight loss,coughing,pox lesion,1
dog,golden retriever,4.9,39.6,vaccinated,white mark on the muscle,loss of vitamin e,stiffness,weakness,trembling,vaccinated,white mark on the muscle,loss of vitamin e,stiffness,weakness,trembling,0
dog,bulldog,1.3,28.0,no previous conditions,coughing,pain,pain,pustulses,pain,no previous conditions,coughing,pain,pain,pustulses,pain,0
dog,german shepherd,5.2,40.2,not vaccinated,red skin,loss of appetite,moist,lameness,pains,not vaccinated,red skin,loss of appetite,moist,lameness,pains,1
dog,rottweiler,4.6,35.5,recent surgery,pain,hydrophobia,anorexia,bad breath,relunctance to walk,recent surgery,pain,hydrophobia,anorexia,bad breath,relunctance to walk,0
dog,mixed breed,2.0,4.8,dental issues,asymptomatic,epistaxis,diarrhea,death,hemopytsis,dental issues,asymptomatic,epistaxis,diarrhea,death,hemopytsis,0
dog,yorkshire terrier,5.0,6.8,parasite history,vomiting,coughing,weight loss,pain,weakness,parasite history,vomiting,coughing,weight loss,pain,weakness,0
dog,yorkshire terrier,7.3,9.1,skin conditions history,obstructed lungs,enlarged thymus,skin rashes,weight loss,lethargy,skin conditions history,obstructed lungs,enlarged thymus,skin rashes,weight loss,lethargy,1
dog,bulldog,3.4,24.8,chronic illness,fever,diarrhea,vomiting,blood from mouth,shock,chronic illness,fever,diarrhea,vomiting,blood from mouth,shock,0
dog,bulldog,1.3,27.2,no previous conditions,pain,pain,fever,coughing,lethargy,no previous conditions,pain,pain,fever,coughing,lethargy,0
dog,bulldog,2.5,19.9,previous kidney disease,fever,diarrhea,coughing,lethargy,blue eye,previous kidney disease,fever,diarrhea,coughing,lethargy,blue eye,0
dog,rottweiler,5.6,27.6,skin conditions history,paresis,diarrhea,stomach cramps,paralysis,weakness,skin conditions history,paresis,diarrhea,stomach cramps,paralysis,weakness,1
dog,boxer,13.5,15.8,skin conditions history,nosebleed,trauma,mild weakness,nose picking,dry air,skin conditions history,nosebleed,trauma,mild weakness,nose picking,dry air,1
dog,yorkshire terrier,5.5,8.5,dental issues,decreased milk,holding limbs off the ground,weight loss,lameness,wool production,dental issues,decreased milk,holding limbs off the ground,weight loss,lameness,wool production,0
dog,beagle,12.6,26.1,dental issues,pain,coughing,vomiting,pain,lethargy,dental issues,pain,coughing,vomiting,pain,lethargy,0
dog,german shepherd,14.7,34.4,vaccinated,nuerological,anorexia,weight loss,sneezing,weakness,vaccinated,nuerological,anorexia,weight loss,sneezing,weakness,0
dog,bulldog,2.4,30.0,previous heart condition,sneezing,loss of activity,lethargy,lethargy,fever,previous heart condition,sneezing,loss of activity,lethargy,lethargy,fever,0
dog,boxer,9.6,19.1,no previous conditions,listless,difficulty in walking,grinding of teeth,blindness,ataxia,no previous conditions,listless,difficulty in walking,grinding of teeth,blindness,ataxia,0
dog,bulldog,14.7,21.6,previous kidney disease,weakness,achomotrica,diarrhea,weight loss,watery faeces,previous kidney disease,weakness,achomotrica,diarrhea,weight loss,watery faeces,0
dog,poodle,5.2,7.8,previous heart condition,vomiting,loss of appetite,fluffed feather,coughing,snoring,previous heart condition,vomiting,loss of appetite,fluffed feather,coughing,snoring,0
dog,german shepherd,7.4,30.1,dental issues,forthy eye,torticollis,weakness,swelling,emaciation,dental issues,forthy eye,torticollis,weakness,swelling,emaciation,0
dog,yorkshire terrier,7.8,4.7,skin conditions history,stop eating,stop drinking,change their normal behaviour,weight loss,pains,skin conditions history,stop eating,stop drinking,change their normal behaviour,weight loss,pains,1
dog,mixed breed,12.1,18.4,recent surgery,lethargy,vomiting,fever,diarrhea,weakness,recent surgery,lethargy,vomiting,fever,diarrhea,weakness,0
dog,boxer,0.5,30.0,no previous conditions,pain,weight loss,vomiting,lethargy,weakness,no previous conditions,pain,weight loss,vomiting,lethargy,weakness,0
dog,german shepherd,8.7,27.4,allergies,sneezing,pain,pain,weight loss,anorexia,allergies,sneezing,pain,pain,weight loss,anorexia,0
dog,labrador retriever,8.9,25.6,chronic illness,sneezing,coughing,weakness,coughing,diarrhea,chronic illness,sneezing,coughing,weakness,coughing,diarrhea,0
dog,labrador retriever,15.6,29.0,dental issues,back pain,lethargy,difficulty walking,vaginal discharge,swollen lymph nodes,dental issues,back pain,lethargy,difficulty walking,vaginal discharge,swollen lymph nodes,0
dog,mixed breed,3.2,21.1,previous heart condition,fever,sneezing,sneezing,weight loss,anorexia,previous heart condition,fever,sneezing,sneezing,weight loss,anorexia,0
dog,golden retriever,5.0,45.0,vaccinated,weakness,stiffness,trembling,white mark on the muscle,loss of vitamin e,vaccinated,weakness,stiffness,trembling,white mark on the muscle,loss of vitamin e,0
dog,labrador retriever,12.6,30.8,skin conditions history,lethargy,lameness,pain,anorexia,weight loss,skin conditions history,lethargy,lameness,pain,anorexia,weight loss,1
dog,poodle,14.8,8.1,chronic illness,fever,loss of  appetite,coughing,lethargy,joint pain,chronic illness,fever,loss of appetite,coughing,lethargy,joint pain,0
dog,beagle,2.7,29.9,recent surgery,fever,loss of appetite,swollen teats,lameness in affected leg,depression,recent surgery,fever,loss of appetite,swollen teats,lameness in affected leg,depression,0
dog,mixed breed,15.0,35.4,parasite history,weight loss,pain,anorexia,cramps,weakness,parasite history,weight loss,pain,anorexia,cramps,weakness,0
dog,bulldog,5.2,22.2,no previous conditions,pain,vomiting,diarrhea,kick,sneezing,no previous conditions,pain,vomiting,diarrhea,kick,sneezing,0
dog,boxer,1.8,27.9,previous heart condition,fever,difficulty breathing,thrist and urination,weight loss,enlarged lymph nodes or swelling,previous heart condition,fever,difficulty breathing,thrist and urination,weight loss,enlarged lymph nodes or swelling,0
dog,yorkshire terrier,7.7,3.8,no previous conditions,white mark on the muscle,loss of vitamin e,stiffness,weakness,trembling,no previous conditions,white mark on the muscle,loss of vitamin e,stiffness,weakness,trembling,0
dog,boxer,14.5,30.0,allergies,dry scabs,diarrhea,weakness,vomiting,pain,allergies,dry scabs,diarrhea,weakness,vomiting,pain,1
dog,poodle,1.8,8.2,chronic illness,foul smelling,dirty,dullness,tail shaking,stained wool,chronic illness,foul smelling,dirty,dullness,tail shaking,stained wool,0
dog,bulldog,15.0,22.6,allergies,anorexia,anorexia,pain,pain,lethargy,allergies,anorexia,anorexia,pain,pain,lethargy,0
dog,poodle,8.1,10.3,dental issues,fever,diarrhea,vomiting,stomach cramps,nausea,dental issues,fever,diarrhea,vomiting,stomach cramps,nausea,0
dog,poodle,3.8,8.8,not vaccinated,fetopelvic dispropotion,uteria inertia,malpresentation,death,pains,not vaccinated,fetopelvic dispropotion,uteria inertia,malpresentation,death,pains,0
dog,rottweiler,5.3,23.8,skin conditions history,paresis,paralysis,weakness,stomach cramps,diarrhea,skin conditions history,paresis,paralysis,weakness,stomach cramps,diarrhea,1
dog,rottweiler,11.4,36.1,previous heart condition,fever,fever,lethargy,weakness,mucous discharge,previous heart condition,fever,fever,lethargy,weakness,mucous discharge,0
dog,labrador retriever,0.7,39.7,no previous conditions,excessive eye watering,eye redness,weakness,mucus discharge from the eye,frequent eye infections,no previous conditions,excessive eye watering,eye redness,weakness,mucus discharge from the eye,frequent eye infections,0
dog,yorkshire terrier,10.2,6.4,parasite history,fever,dyspnea,coughing,lethargy,weightloss,parasite history,fever,dyspnea,coughing,lethargy,weightloss,0
dog,rottweiler,13.9,45.0,no previous conditions,nasal discharge,lethargy,loss of appetite,blindness,swelling,no previous conditions,nasal discharge,lethargy,loss of appetite,blindness,swelling,0
dog,labrador retriever,2.8,39.0,recent surgery,diarrhea,fever,lethargy,diarrhea,profuse,recent surgery,diarrhea,fever,lethargy,diarrhea,profuse,0
dog,golden retriever,7.7,33.7,previous heart condition,fetopelvic dispropotion,uteria inertia,malpresentation,death,pains,previous heart condition,fetopelvic dispropotion,uteria inertia,malpresentation,death,pains,0
dog,yorkshire terrier,7.8,5.3,vaccinated,inability of swalllon feeding,anorexia,pain,coughing,diarrhea,vaccinated,inability of swalllon feeding,anorexia,pain,coughing,diarrhea,0
dog,yorkshire terrier,13.2,5.4,vaccinated,poor wool,loss of appetite,lameness,small size,poor body condition,vaccinated,poor wool,loss of appetite,lameness,small size,poor body condition,0
dog,yorkshire terrier,3.2,8.3,skin conditions history,fetopelvic dispropotion,uteria inertia,malpresentation,death,pains,skin conditions history,fetopelvic dispropotion,uteria inertia,malpresentation,death,pains,1
dog,mixed breed,12.4,20.5,dental issues,death,fetopelvic dispropotion,pains,uteria inertia,malpresentation,dental issues,death,fetopelvic dispropotion,pains,uteria inertia,malpresentation,0
dog,german shepherd,6.7,30.9,allergies,terminal convulsion,fever,sneezing,muscles ache,fever,allergies,terminal convulsion,fever,sneezing,muscles ache,fever,0
dog,rottweiler,5.7,27.1,allergies,death,uteria inertia,malpresentation,pains,fetopelvic dispropotion,allergies,death,uteria inertia,malpresentation,pains,fetopelvic dispropotion,0
dog,labrador retriever,6.2,37.2,allergies,greenish-yellow nasal discharge,lack of pigmentation,vomiting,lethargy,pain on face,allergies,greenish-yellow nasal discharge,lack of pigmentation,vomiting,lethargy,pain on face,0
dog,beagle,4.0,26.7,skin conditions history,coughing,lethargy,fever,coughing,lethargy,skin conditions history,coughing,lethargy,fever,coughing,lethargy,1
dog,poodle,2.0,7.3,previous heart condition,diarrhea,odor to ear,lethargy,lethargy,coughing,previous heart condition,diarrhea,odor to ear,lethargy,lethargy,coughing,0
dog,poodle,8.2,6.7,vaccinated,fever,death,coughing,dyspnea,anorexia,vaccinated,fever,death,coughing,dyspnea,anorexia,0
dog,yorkshire terrier,9.6,6.6,not vaccinated,anorexia,swelling of face or leg,weight loss,vomiting,vomiting,not vaccinated,anorexia,swelling of face or leg,weight loss,vomiting,vomiting,0
dog,beagle,11.2,22.5,no previous conditions,pain,anorexia,diarrhea,weight loss,lethargy,no previous conditions,pain,anorexia,diarrhea,weight loss,lethargy,0
dog,rottweiler,7.1,35.5,skin conditions history,fever,chronic eye inflamation,coughing,lethargy,neurologic abnormalities,skin conditions history,fever,chronic eye inflamation,coughing,lethargy,neurologic abnormalities,1
dog,boxer,9.5,17.1,not vaccinated,pain,anorexia,pain,anorexia,urine retention,not vaccinated,pain,anorexia,pain,anorexia,urine retention,0
dog,yorkshire terrier,2.7,10.0,no previous conditions,weakness,weakness,weight loss,torticollis,sneezing,no previous conditions,weakness,weakness,weight loss,torticollis,sneezing,0
dog,yorkshire terrier,7.3,5.6,recent surgery,dullness,sneezing,pain,anorexia,lethargy,recent surgery,dullness,sneezing,pain,anorexia,lethargy,0
dog,labrador retriever,0.8,41.9,recent surgery,excessive eye watering,eye redness,weakness,mucus discharge from the eye,frequent eye infections,recent surgery,excessive eye watering,eye redness,weakness,mucus discharge from the eye,frequent eye infections,0
dog,golden retriever,1.2,38.4,recent surgery,coughing,fever,fever,blooody fluid,neurologic abnormalities,recent surgery,coughing,fever,fever,blooody fluid,neurologic abnormalities,0
dog,german shepherd,5.8,25.0,previous kidney disease,anorexia,coughing,weight loss,anorexia,fever,previous kidney disease,anorexia,coughing,weight loss,anorexia,fever,0
dog,beagle,4.4,30.0,vaccinated,coughing,diarrhea,pain,anorexia,swelling,vaccinated,coughing,diarrhea,pain,anorexia,swelling,0
dog,bulldog,4.6,24.1,skin conditions history,vomiting,weakness,weight loss,pain,lethargy,skin conditions history,vomiting,weakness,weight loss,pain,lethargy,1
dog,golden retriever,1.9,25.0,chronic illness,flaky,hair loss,fever,anorexia,weight loss,chronic illness,flaky,hair loss,fever,anorexia,weight loss,0
dog,bulldog,0.5,29.5,chronic illness,weight loss,despression,weakness,vomiting,diarrhea,chronic illness,weight loss,despression,weakness,vomiting,diarrhea,0
dog,beagle,4.7,22.6,parasite history,vomiting,coughing,coughing,vomiting,fever,parasite history,vomiting,coughing,coughing,vomiting,fever,0
dog,rottweiler,4.8,27.6,chronic illness,lethargy,weight loss,abdominal pain,fever,fever,chronic illness,lethargy,weight loss,abdominal pain,fever,fever,0
dog,labrador retriever,10.6,36.0,allergies,weight loss,head tilt,diarrhea,anorexia,anorexia,allergies,weight loss,head tilt,diarrhea,anorexia,anorexia,0
dog,rottweiler,13.2,41.1,chronic illness,anorexia,weakness,experiencing changes in weight,coughing,pain,chronic illness,anorexia,weakness,experiencing changes in weight,coughing,pain,0
dog,mixed breed,4.3,28.5,allergies,air sacculitis,enteritis,coughing,weight loss,halitosis,allergies,air sacculitis,enteritis,coughing,weight loss,halitosis,0
dog,mixed breed,6.5,18.8,not vaccinated,loss of wool,mammary glads,anorexia,anorexia,lethargy,not vaccinated,loss of wool,mammary glads,anorexia,anorexia,lethargy,0
dog,beagle,9.2,29.0,skin conditions history,stripped remiges,less feather growth,ruffled feathers,defienciency in vitamin,diarrhea,skin conditions history,stripped remiges,less feather growth,ruffled feathers,defienciency in vitamin,diarrhea,1
dog,yorkshire terrier,5.2,8.8,chronic illness,decreased milk,holding limbs off the ground,weight loss,lameness,wool production,chronic illness,decreased milk,holding limbs off the ground,weight loss,lameness,wool production,0
dog,beagle,5.5,23.7,previous heart condition,coughing,diarrhea,anorexia,lethargy,straining,previous heart condition,coughing,diarrhea,anorexia,lethargy,straining,0
dog,labrador retriever,4.9,45.0,allergies,diarrhea,vomiting,sneezing,lethargy,sneezing,allergies,diarrhea,vomiting,sneezing,lethargy,sneezing,0
dog,yorkshire terrier,0.5,6.6,previous heart condition,weakness,vomiting,anorexia,lethargy,fever,previous heart condition,weakness,vomiting,anorexia,lethargy,fever,0
dog,bulldog,6.8,24.2,no previous conditions,excession salivation,anorexia,watering of eyes,weakness,weakness,no previous conditions,excession salivation,anorexia,watering of eyes,weakness,weakness,0
dog,mixed breed,2.3,5.8,dental issues,death,hemopytsis,epistaxis,asymptomatic,diarrhea,dental issues,death,hemopytsis,epistaxis,asymptomatic,diarrhea,0
dog,rottweiler,14.0,36.5,no previous conditions,sinuses,weakness,anorexia,weight loss,sneezing,no previous conditions,sinuses,weakness,anorexia,weight loss,sneezing,0
dog,beagle,11.3,18.7,previous kidney disease,loss of alertness,weight loss,coughing,vomiting,vomiting,previous kidney disease,loss of alertness,weight loss,coughing,vomiting,vomiting,0
dog,bulldog,4.1,21.3,skin conditions history,lying down,nosebleed,lethargy,fever,lethargy,skin conditions history,lying down,nosebleed,lethargy,fever,lethargy,1
dog,mixed breed,3.0,5.0,vaccinated,diarrhea,pain,weakness,tear production,pain,vaccinated,diarrhea,pain,weakness,tear production,pain,0
dog,beagle,16.5,30.6,allergies,lameness,pains,change their normal behaviour,stop drinking,stop eating,allergies,lameness,pains,change their normal behaviour,stop drinking,stop eating,0
dog,mixed breed,4.1,32.4,skin conditions history,fever,diarrhea,swelling,weight loss,pain,skin conditions history,fever,diarrhea,swelling,weight loss,pain,1
dog,beagle,5.4,21.1,recent surgery,egg production decreases,stunted growth,blindness,distinctive bumps,facial swelling,recent surgery,egg production decreases,stunted growth,blindness,distinctive bumps,facial swelling,0
dog,poodle,6.0,7.4,previous kidney disease,lesions on ear,horny growth,red on affected area,red skin,wart-like growth,previous kidney disease,lesions on ear,horny growth,red on affected area,red skin,wart-like growth,1
dog,rottweiler,6.0,34.8,no previous conditions,fever,lethargy,lethargy,sneezing,diarrhea,no previous conditions,fever,lethargy,lethargy,sneezing,diarrhea,0
dog,yorkshire terrier,14.6,10.0,no previous conditions,gasping for breath,weakness,watering diarrhea,diarrhea,sneezing,no previous conditions,gasping for breath,weakness,watering diarrhea,diarrhea,sneezing,0
dog,poodle,1.9,7.4,chronic illness,foul smelling,dirty,tail shaking,dullness,stained wool,chronic illness,foul smelling,dirty,tail shaking,dullness,stained wool,0
dog,golden retriever,3.8,32.9,dental issues,coughing,vitamin and minerals defiency,weakness,coughing,weight loss,dental issues,coughing,vitamin and minerals defiency,weakness,coughing,weight loss,0
dog,german shepherd,6.5,32.6,vaccinated,vomiting,diarrhea,dehydration,weight loss,poor coat apperence,vaccinated,vomiting,diarrhea,dehydration,weight loss,poor coat apperence,0
dog,golden retriever,8.2,45.0,dental issues,vomiting,coughing,progressive weakness,lying down,incoordination,dental issues,vomiting,coughing,progressive weakness,lying down,incoordination,0
dog,labrador retriever,1.6,41.4,chronic illness,weight loss,gasping for air,cough,extending its neck,gasping for breath,chronic illness,weight loss,gasping for air,cough,extending its neck,gasping for breath,0
dog,german shepherd,7.5,26.1,no previous conditions,foul breath,weight loss,vomiting,sneezing,sneezing,no previous conditions,foul breath,weight loss,vomiting,sneezing,sneezing,0
dog,yorkshire terrier,8.0,3.7,no previous conditions,weakness,stiffness,trembling,white mark on the muscle,loss of vitamin e,no previous conditions,weakness,stiffness,trembling,white mark on the muscle,loss of vitamin e,0
dog,golden retriever,9.3,39.2,not vaccinated,vomiting,excessive food intake,weakness,fever,vomiting,not vaccinated,vomiting,excessive food intake,weakness,fever,vomiting,0
dog,mixed breed,10.9,22.7,allergies,bloody in feather,anorexia,fever,pain,anorexia,allergies,bloody in feather,anorexia,fever,pain,anorexia,0
dog,poodle,5.1,3.0,recent surgery,heavy infection,diarrhea,lethargy,pain,coughing,recent surgery,heavy infection,diarrhea,lethargy,pain,coughing,0
dog,mixed breed,12.1,13.5,skin conditions history,swollen lymph nodes,difficulty walking,back pain,lethargy,vaginal discharge,skin conditions history,swollen lymph nodes,difficulty walking,back pain,lethargy,vaginal discharge,1
dog,labrador retriever,7.3,40.4,previous heart condition,pain,lethargy,fever,tail wagging,vomiting,previous heart condition,pain,lethargy,fever,tail wagging,vomiting,0
dog,german shepherd,8.1,28.4,allergies,fever,anorexia,vomiting,weakness,blood in stool,allergies,fever,anorexia,vomiting,weakness,blood in stool,0
dog,yorkshire terrier,1.6,3.7,recent surgery,fever,thrist and urination,difficulty breathing,sneezing,lethargy,recent surgery,fever,thrist and urination,difficulty breathing,sneezing,lethargy,0
dog,german shepherd,11.9,29.3,not vaccinated,pain,most often none,anorexia,sneezing,staggering,not vaccinated,pain,most often none,anorexia,sneezing,staggering,0
dog,german shepherd,4.5,29.3,not vaccinated,sneezing,anorexia,neck paralysis,vomiting,weight loss,not vaccinated,sneezing,anorexia,neck paralysis,vomiting,weight loss,0
dog,mixed breed,12.6,16.0,dental issues,diarrhea,vomiting,fever,lethargy,fever,dental issues,diarrhea,vomiting,fever,lethargy,fever,0
dog,rottweiler,0.5,38.0,chronic illness,coughing,pain,fever,greenish diarrhea,coughing,chronic illness,coughing,pain,fever,greenish diarrhea,coughing,0
dog,mixed breed,2.9,22.9,skin conditions history,coughing,panting,"facial swelling,",production of mucus,fatigue,skin conditions history,coughing,panting,"facial swelling,",production of mucus,fatigue,1
dog,bulldog,1.8,29.0,chronic illness,legness,paresis,coughing,weight loss,shortness of breath,chronic illness,legness,paresis,coughing,weight loss,shortness of breath,0
dog,yorkshire terrier,11.7,5.9,no previous conditions,diarrhea,dry or dull hair,diarrhea,sneezing,lethargy,no previous conditions,diarrhea,dry or dull hair,diarrhea,sneezing,lethargy,0
dog,bulldog,6.8,17.6,allergies,diarrhea,vomiting,difficulty in swallowing,anorexia,weakness,allergies,diarrhea,vomiting,difficulty in swallowing,anorexia,weakness,0
dog,yorkshire terrier,7.5,4.4,previous kidney disease,lethargy,vomiting,exessive urination,sneezing,decreased growth of bone,previous kidney disease,lethargy,vomiting,exessive urination,sneezing,decreased growth of bone,0
dog,rottweiler,9.7,30.1,dental issues,yellow in beak,weakness,sleeping excessively,tail_bobbing,heavy breathing,dental issues,yellow in beak,weakness,sleeping excessively,tail_bobbing,heavy breathing,0
dog,rottweiler,2.1,39.0,skin conditions history,vomiting,diarrhea,bloody discharge,weight loss,vomiting,skin conditions history,vomiting,diarrhea,bloody discharge,weight loss,vomiting,1
dog,mixed breed,0.9,9.8,parasite history,small intestines,fever,flock moratality,depression,death,parasite history,small intestines,fever,flock moratality,depression,death,0
dog,german shepherd,9.8,32.8,not vaccinated,weakness,pain,sneezing,diarrhea,coughing,not vaccinated,weakness,pain,sneezing,diarrhea,coughing,0
dog,mixed breed,3.6,25.9,previous heart condition,anorexia,anorexia,weight loss,coughing,weight loss,previous heart condition,anorexia,anorexia,weight loss,coughing,weight loss,0
dog,boxer,8.4,25.6,vaccinated,vomiting,diarrhea,lethargy,weakness,skin colour change,vaccinated,vomiting,diarrhea,lethargy,weakness,skin colour change,1
dog,bulldog,2.8,24.5,vaccinated,fever,chills,skin ulcer,exhaustion,swollen and painfull,vaccinated,fever,chills,skin ulcer,exhaustion,swollen and painfull,1
dog,golden retriever,12.6,31.8,vaccinated,fever,respiratory distress,mucous discharge,reduce feed,weight gain,vaccinated,fever,respiratory distress,mucous discharge,reduce feed,weight gain,0
dog,poodle,14.1,7.5,parasite history,abdominal destention,weakness,weakness,vomiting,weakness,parasite history,abdominal destention,weakness,weakness,vomiting,weakness,0
dog,mixed breed,9.5,26.7,vaccinated,sneezing,pain,vomiting,swollen eyelids,weakness,vaccinated,sneezing,pain,vomiting,swollen eyelids,weakness,0
dog,boxer,2.2,15.0,recent surgery,weakness,coughing,diarrhea,sneezing,diarrhea,recent surgery,weakness,coughing,diarrhea,sneezing,diarrhea,0
dog,mixed breed,7.3,34.0,skin conditions history,lethargy,distended chest,pain,difficulty in walking,rapid heart rate,skin conditions history,lethargy,distended chest,pain,difficulty in walking,rapid heart rate,1
dog,golden retriever,0.5,31.4,recent surgery,lethargy,sneezing,diarrhea,vomiting,lethargy,recent surgery,lethargy,sneezing,diarrhea,vomiting,lethargy,0
dog,boxer,3.0,15.0,skin conditions history,lethargy,diarrhea,pain,pain,coughing,skin conditions history,lethargy,diarrhea,pain,pain,coughing,1
dog,beagle,0.5,24.1,allergies,slow growth,anorexia,weakness,anorexia,shaking oh head,allergies,slow growth,anorexia,weakness,anorexia,shaking oh head,0
dog,rottweiler,5.1,45.0,recent surgery,fatique,weight loss,poor coat condition,fever,infection of the skin,recent surgery,fatique,weight loss,poor coat condition,fever,infection of the skin,1
dog,beagle,10.9,22.2,no previous conditions,sneezing,bleeding from wounds,weight loss,weight loss,weakness,no previous conditions,sneezing,bleeding from wounds,weight loss,weight loss,weakness,0
dog,german shepherd,4.6,28.4,previous kidney disease,fever,vomiting,weight loss,fever,weight loss,previous kidney disease,fever,vomiting,weight loss,fever,weight loss,0
dog,boxer,7.3,19.3,chronic illness,muscular spasms,weight loss,weakness,lethargy,despression,chronic illness,muscular spasms,weight loss,weakness,lethargy,despression,0
dog,german shepherd,5.9,34.7,recent surgery,fever,diarrhea,vomiting,weight loss,dehydration,recent surgery,fever,diarrhea,vomiting,weight loss,dehydration,0
dog,bulldog,9.5,19.3,skin conditions history,fever,diarrhea,depression,scratches,weight loss,skin conditions history,fever,diarrhea,depression,scratches,weight loss,1
dog,rottweiler,14.0,25.0,dental issues,fever,diarrhea,lethargy,coughing,poor immune function,dental issues,fever,diarrhea,lethargy,coughing,poor immune function,0
dog,boxer,12.4,23.7,recent surgery,fever,inflammed eye,coughing,depression,limping,recent surgery,fever,inflammed eye,coughing,depression,limping,0
dog,german shepherd,10.0,25.5,recent surgery,fever,difficulty breathing,thrist and urination,weight loss,enlarged lymph nodes or swelling,recent surgery,fever,difficulty breathing,thrist and urination,weight loss,enlarged lymph nodes or swelling,0
dog,labrador retriever,4.5,41.7,parasite history,coughing,diarrhea,pain,sneezing,mammary glads,parasite history,coughing,diarrhea,pain,sneezing,mammary glads,0
dog,labrador retriever,12.9,25.5,skin conditions history,vomiting,weakness,pain,sneezing,fever,skin conditions history,vomiting,weakness,pain,sneezing,fever,1
dog,boxer,1.0,22.1,no previous conditions,fever,nasal discharge,salivation,relunctance to move,depression,no previous conditions,fever,nasal discharge,salivation,relunctance to move,depression,0
dog,boxer,6.2,24.0,chronic illness,blood on faces,appetite,severe,milk reduce,diarrhea,chronic illness,blood on faces,appetite,severe,milk reduce,diarrhea,0
dog,poodle,12.6,3.0,vaccinated,diarrhea,weakness,weakness,anorexia,weight loss,vaccinated,diarrhea,weakness,weakness,anorexia,weight loss,0
dog,poodle,11.8,7.4,previous heart condition,conjunctive,discharge,severe kerititis,loss of eye,iris prolapse,previous heart condition,conjunctive,discharge,severe kerititis,loss of eye,iris prolapse,0
dog,rottweiler,11.0,44.1,allergies,lepatomegaly,splenomegaly,vomiting,swollen,shaking oh head,allergies,lepatomegaly,splenomegaly,vomiting,swollen,shaking oh head,0
dog,rottweiler,6.2,26.3,no previous conditions,weakness,sneezing,gas or bloating,anorexia,diarrhea,no previous conditions,weakness,sneezing,gas or bloating,anorexia,diarrhea,0
dog,yorkshire terrier,11.0,3.4,parasite history,sneezing,lethargy,fever,vomiting,lethargy,parasite history,sneezing,lethargy,fever,vomiting,lethargy,0
dog,poodle,7.7,3.4,parasite history,red skin,loss of appetite,moist,lameness,pains,parasite history,red skin,loss of appetite,moist,lameness,pains,1
dog,rottweiler,5.2,40.5,recent surgery,poor coat condition,weight loss,fatique,infection of the skin,fever,recent surgery,poor coat condition,weight loss,fatique,infection of the skin,fever,1
dog,labrador retriever,2.6,36.2,skin conditions history,swelling of neck,weight loss,pain,oedema,swelling of face or leg,skin conditions history,swelling of neck,weight loss,pain,oedema,swelling of face or leg,1
dog,mixed breed,2.3,5.2,dental issues,hemopytsis,diarrhea,asymptomatic,death,epistaxis,dental issues,hemopytsis,diarrhea,asymptomatic,death,epistaxis,0
dog,bulldog,3.6,22.6,chronic illness,fever,diarrhea,vomiting,blood from mouth,shock,chronic illness,fever,diarrhea,vomiting,blood from mouth,shock,0
dog,golden retriever,2.7,36.0,previous kidney disease,coughing,coughing,lethargy,weakness,pain,previous kidney disease,coughing,coughing,lethargy,weakness,pain,0
dog,german shepherd,5.8,36.9,chronic illness,abortion,mummification,stillbirth,weak kids,pain,chronic illness,abortion,mummification,stillbirth,weak kids,pain,0
dog,boxer,13.7,27.3,no previous conditions,blood in urine,diarrhea,vomiting,lethargy,bleeding in eye and skin,no previous conditions,blood in urine,diarrhea,vomiting,lethargy,bleeding in eye and skin,1
dog,poodle,2.8,5.8,parasite history,pain,anorexia,diarrhea,anorexia,lethargy,parasite history,pain,anorexia,diarrhea,anorexia,lethargy,0
dog,mixed breed,10.2,10.3,allergies,swelling on leg,painfull,nasal discharge,broken bones,nasal discharge,allergies,swelling on leg,painfull,nasal discharge,broken bones,nasal discharge,0
dog,rottweiler,8.4,26.1,dental issues,tail_bobbing,weakness,heavy breathing,sleeping excessively,yellow in beak,dental issues,tail_bobbing,weakness,heavy breathing,sleeping excessively,yellow in beak,0
dog,boxer,12.0,21.6,no previous conditions,vomiting,vomiting,watery stool,sneezing,coughing,no previous conditions,vomiting,vomiting,watery stool,sneezing,coughing,0
dog,golden retriever,1.0,27.0,previous heart condition,fever,respiratory distress,occular discharge,mouth lesion,nasal discharge,previous heart condition,fever,respiratory distress,occular discharge,mouth lesion,nasal discharge,1
dog,yorkshire terrier,15.0,3.4,dental issues,lack of flying,sneezing,vomiting,weakness,pain,dental issues,lack of flying,sneezing,vomiting,weakness,pain,0
dog,rottweiler,15.0,35.1,no previous conditions,sneezing,coughing,diarrhea,sneezing,coughing,no previous conditions,sneezing,coughing,diarrhea,sneezing,coughing,0
dog,yorkshire terrier,7.3,8.7,allergies,short term lethargy,loss of  appetite,poor appetite,rapid heart rate,week pulse,allergies,short term lethargy,loss of appetite,poor appetite,rapid heart rate,week pulse,0
dog,poodle,4.5,7.5,not vaccinated,loss od appetite,wheezing,seizuers,skin rashes,fatique,not vaccinated,loss od appetite,wheezing,seizuers,skin rashes,fatique,1
dog,labrador retriever,2.7,34.2,skin conditions history,oedema,swelling of face or leg,swelling of neck,weight loss,pain,skin conditions history,oedema,swelling of face or leg,swelling of neck,weight loss,pain,1
dog,beagle,9.3,19.5,parasite history,vomiting,vomiting,sneezing,diarrhea,weak calves,parasite history,vomiting,vomiting,sneezing,diarrhea,weak calves,0
dog,rottweiler,15.0,38.6,skin conditions history,coughing,vomiting,anorexia,pain,vomiting,skin conditions history,coughing,vomiting,anorexia,pain,vomiting,1
dog,labrador retriever,11.9,32.7,recent surgery,pain,anorexia,pain,fever,sneezing,recent surgery,pain,anorexia,pain,fever,sneezing,0
dog,bulldog,12.0,21.8,previous kidney disease,fever,loss of appetite,ear infection,depression,nasal discharge,previous kidney disease,fever,loss of appetite,ear infection,depression,nasal discharge,0
dog,boxer,11.8,15.5,vaccinated,coughing,anorexia,coughing,lethargy,weight loss,vaccinated,coughing,anorexia,coughing,lethargy,weight loss,0
dog,rottweiler,7.7,26.2,not vaccinated,balance problem,abdominal destention,neck paralysis,weight loss,pains,not vaccinated,balance problem,abdominal destention,neck paralysis,weight loss,pains,0
dog,beagle,13.5,22.9,recent surgery,ulcers,diarrhea,back pain,tarry stool,enlarged lymph nodes,recent surgery,ulcers,diarrhea,back pain,tarry stool,enlarged lymph nodes,1
dog,bulldog,3.1,18.8,chronic illness,fever,loss of  appetite,lession on the skin,lethargy,joint pain,chronic illness,fever,loss of appetite,lession on the skin,lethargy,joint pain,1
dog,german shepherd,8.0,42.0,parasite history,fever,diarrhea,abdominal discomfort,bloody droping,lethargy,parasite history,fever,diarrhea,abdominal discomfort,bloody droping,lethargy,0
dog,yorkshire terrier,2.2,6.9,previous kidney disease,pain,pain,anorexia,pain,anorexia,previous kidney disease,pain,pain,anorexia,pain,anorexia,0
dog,yorkshire terrier,12.0,8.0,no previous conditions,vomiting,pain,weight loss,sneezing,sneezing,no previous conditions,vomiting,pain,weight loss,sneezing,sneezing,0
dog,yorkshire terrier,2.9,9.5,skin conditions history,pains,death,fetopelvic dispropotion,malpresentation,uteria inertia,skin conditions history,pains,death,fetopelvic dispropotion,malpresentation,uteria inertia,1
dog,mixed breed,8.4,25.2,vaccinated,vomiting,diarrhea,diarrhea,lethargy,vomiting,vaccinated,vomiting,diarrhea,diarrhea,lethargy,vomiting,0
dog,yorkshire terrier,9.3,8.5,skin conditions history,excessive eye watering,eye redness,weakness,mucus discharge from the eye,frequent eye infections,skin conditions history,excessive eye watering,eye redness,weakness,mucus discharge from the eye,frequent eye infections,1
dog,beagle,9.0,15.0,recent surgery,pain,sneezing,weakness,coughing,sneezing,recent surgery,pain,sneezing,weakness,coughing,sneezing,0
dog,labrador retriever,5.4,38.7,previous kidney disease,lack of pigmentation,pain on face,vomiting,greenish-yellow nasal discharge,lethargy,previous kidney disease,lack of pigmentation,pain on face,vomiting,greenish-yellow nasal discharge,lethargy,0
dog,boxer,3.2,15.9,dental issues,weight loss,coughing,swelling of internal organs,diarrhea,diarrhea,dental issues,weight loss,coughing,swelling of internal organs,diarrhea,diarrhea,0
dog,beagle,14.1,24.3,allergies,lethargy,vomiting,diarrhea,fever,pain,allergies,lethargy,vomiting,diarrhea,fever,pain,0
dog,beagle,10.5,15.2,recent surgery,diarrhea,weight loss,enteritis,fever,stomach  cramps,recent surgery,diarrhea,weight loss,enteritis,fever,stomach cramps,0
dog,german shepherd,12.8,43.9,previous kidney disease,restlessness,weakness,blue straws,death,pain,previous kidney disease,restlessness,weakness,blue straws,death,pain,0
dog,beagle,3.4,30.0,skin conditions history,mild sneezing,scratching,pain,diarrhea,diarrhea,skin conditions history,mild sneezing,scratching,pain,diarrhea,diarrhea,1
dog,rottweiler,12.6,32.0,recent surgery,pain,fever,pain,difficulty in feeding,diarrhea,recent surgery,pain,fever,pain,difficulty in feeding,diarrhea,0
dog,golden retriever,7.4,34.8,no previous conditions,lethargy,sneezing,anorexia,vomiting,sneezing,no previous conditions,lethargy,sneezing,anorexia,vomiting,sneezing,0
dog,rottweiler,1.6,38.5,recent surgery,pain,stillbirth,mummification,weak kids,abortion,recent surgery,pain,stillbirth,mummification,weak kids,abortion,0
dog,poodle,12.3,3.0,no previous conditions,pharyngitis,lethargy,coughing,diffulty swallowing,anorexia,no previous conditions,pharyngitis,lethargy,coughing,diffulty swallowing,anorexia,0
dog,bulldog,8.4,17.5,not vaccinated,coughing,lethargy,fever,difficulty breathing,sneezing,not vaccinated,coughing,lethargy,fever,difficulty breathing,sneezing,0
dog,yorkshire terrier,5.0,7.0,skin conditions history,lethargy,difficulty diagnosis,coughing,lethargy,lethargy,skin conditions history,lethargy,difficulty diagnosis,coughing,lethargy,lethargy,1
dog,rottweiler,7.4,30.3,chronic illness,pain,weakness,vomiting,vomiting,lethargy,chronic illness,pain,weakness,vomiting,vomiting,lethargy,0
dog,german shepherd,12.6,31.9,vaccinated,coughing,weight loss,easily damage shell,diarrhea,paresis,vaccinated,coughing,weight loss,easily damage shell,diarrhea,paresis,0
dog,bulldog,9.2,21.1,parasite history,very cold skin,weight loss,coughing,weight loss,diarrhea,parasite history,very cold skin,weight loss,coughing,weight loss,diarrhea,1
dog,german shepherd,12.8,33.0,previous kidney disease,pain,diarrhea,anorexia,vomiting,nesting behaviour,previous kidney disease,pain,diarrhea,anorexia,vomiting,nesting behaviour,0
dog,bulldog,13.8,20.0,allergies,muscus,sneezing,anorexia,fever,vomiting,allergies,muscus,sneezing,anorexia,fever,vomiting,0
dog,rottweiler,1.5,41.3,not vaccinated,sneezing,hematuria,fever,anorexia,weight loss,not vaccinated,sneezing,hematuria,fever,anorexia,weight loss,0
dog,boxer,9.6,26.0,previous heart condition,fever,diarrhea,weightloss,coughing,vomiting,previous heart condition,fever,diarrhea,weightloss,coughing,vomiting,0
dog,yorkshire terrier,8.3,10.0,no previous conditions,dandruff in cat coat,bloody droping,vomiting,weight loss,fever,no previous conditions,dandruff in cat coat,bloody droping,vomiting,weight loss,fever,0
dog,yorkshire terrier,8.5,4.0,parasite history,pain,high body temperaure,pain,abscessess,diarrhea,parasite history,pain,high body temperaure,pain,abscessess,diarrhea,0
dog,poodle,9.1,5.7,chronic illness,fever,pain,weakness,vomiting,lethargy,chronic illness,fever,pain,weakness,vomiting,lethargy,0
dog,yorkshire terrier,2.2,5.0,not vaccinated,fever,coughing,death,weight loss,nasal discharge,not vaccinated,fever,coughing,death,weight loss,nasal discharge,0
dog,beagle,5.2,22.8,previous heart condition,vomiting,lethargy,pain,lying down,anorexia,previous heart condition,vomiting,lethargy,pain,lying down,anorexia,0
dog,boxer,0.5,18.2,previous kidney disease,diarrhea,sneezing,lethargy,lethargy,vomiting,previous kidney disease,diarrhea,sneezing,lethargy,lethargy,vomiting,0
dog,german shepherd,3.9,33.3,not vaccinated,anorexia,diarrhea,aneamia,coughing,lethargy,not vaccinated,anorexia,diarrhea,aneamia,coughing,lethargy,0
dog,beagle,11.1,21.1,dental issues,fever,diarrhea,coughing,vomiting,anorexia,dental issues,fever,diarrhea,coughing,vomiting,anorexia,0
dog,rottweiler,6.2,33.5,skin conditions history,diarrhea,anorexia,lethargy,diarrhea,pneumonia,skin conditions history,diarrhea,anorexia,lethargy,diarrhea,pneumonia,1
dog,boxer,5.6,16.3,no previous conditions,lession on the skin,slightly swollen,papules appear on teats anad udder,fever,milky hard,no previous conditions,lession on the skin,slightly swollen,papules appear on teats anad udder,fever,milky hard,1
dog,boxer,11.8,25.5,vaccinated,sneezing,weight loss,fever,anorexia,red eye,vaccinated,sneezing,weight loss,fever,anorexia,red eye,0
dog,rottweiler,12.4,41.1,previous heart condition,lack of flying,lack of walking,pains,roughened,dehydration,previous heart condition,lack of flying,lack of walking,pains,roughened,dehydration,0
dog,german shepherd,14.7,24.8,dental issues,foul smelling,diarrhea,colic,bloody discharge,blood clots,dental issues,foul smelling,diarrhea,colic,bloody discharge,blood clots,0
dog,rottweiler,3.9,34.5,recent surgery,fever,dyspnea,coughing,lethargy,anorexia,recent surgery,fever,dyspnea,coughing,lethargy,anorexia,0
dog,german shepherd,5.9,39.5,parasite history,headache,pain,pain,coughing,diphtherictic,parasite history,headache,pain,pain,coughing,diphtherictic,0
dog,rottweiler,12.3,29.5,dental issues,fever,reduce reproductive potential,agalactia,loss of milk production,sloughing of the tail,dental issues,fever,reduce reproductive potential,agalactia,loss of milk production,sloughing of the tail,0
dog,boxer,8.5,17.3,allergies,vomiting,anorexia,gas,weakness,coughing,allergies,vomiting,anorexia,gas,weakness,coughing,0
dog,beagle,5.7,29.4,skin conditions history,coughing,coughing,unable to eat,weakness,sneezing,skin conditions history,coughing,coughing,unable to eat,weakness,sneezing,1
dog,rottweiler,9.8,29.3,chronic illness,distress,weight loss,pain,vomiting,week pulse,chronic illness,distress,weight loss,pain,vomiting,week pulse,0
dog,rottweiler,7.1,44.3,previous kidney disease,weakness,weakness,diarrhea,ruffled appearance,anorexia,previous kidney disease,weakness,weakness,diarrhea,ruffled appearance,anorexia,0
dog,rottweiler,11.0,30.7,skin conditions history,loss of appetite,diarrhea,ruffled feathers,weight loss,inability to absorb nutrients,skin conditions history,loss of appetite,diarrhea,ruffled feathers,weight loss,inability to absorb nutrients,1
dog,bulldog,9.2,18.1,skin conditions history,fever,diarrhea,depression,scratches,weight loss,skin conditions history,fever,diarrhea,depression,scratches,weight loss,1
dog,yorkshire terrier,9.1,3.1,previous heart condition,fever,pneumonia,stand with head droping,weight loss,abnormal behaviour,previous heart condition,fever,pneumonia,stand with head droping,weight loss,abnormal behaviour,0
dog,golden retriever,7.5,33.0,no previous conditions,fetopelvic dispropotion,uteria inertia,malpresentation,death,pains,no previous conditions,fetopelvic dispropotion,uteria inertia,malpresentation,death,pains,0
dog,rottweiler,9.4,45.0,dental issues,eye redness,frequent eye infections,crusty eye lashes and matting of eyelashes,foul smelling stools,increased passing gas,dental issues,eye redness,frequent eye infections,crusty eye lashes and matting of eyelashes,foul smelling stools,increased passing gas,1
dog,bulldog,9.3,24.1,previous kidney disease,anorexia,coughing,weight loss,lethargy,coughing,previous kidney disease,anorexia,coughing,weight loss,lethargy,coughing,0
dog,boxer,2.7,18.9,allergies,scratching,restlessness,kick,nible at their wool,lethargy,allergies,scratching,restlessness,kick,nible at their wool,lethargy,0
dog,yorkshire terrier,9.8,9.0,not vaccinated,pain,diarrhea,fever,swelling,weight loss,not vaccinated,pain,diarrhea,fever,swelling,weight loss,0
dog,bulldog,8.9,27.2,allergies,gasping,coughing,mild weakness,droopy wings,twisted neck,allergies,gasping,coughing,mild weakness,droopy wings,twisted neck,0
dog,mixed breed,10.8,13.8,chronic illness,apathy,cloacal pasting,depression,dilation of duodenum,congestion,chronic illness,apathy,cloacal pasting,depression,dilation of duodenum,congestion,0
dog,boxer,2.9,20.9,no previous conditions,weakness,coughing,vomiting,vomiting,recumbency,no previous conditions,weakness,coughing,vomiting,vomiting,recumbency,0
dog,beagle,8.0,19.9,dental issues,weakness,pain,diarrhea,fever,vomiting,dental issues,weakness,pain,diarrhea,fever,vomiting,0
dog,yorkshire terrier,2.4,8.2,dental issues,swelling,dysentery,pain,immediate death,fever,dental issues,swelling,dysentery,pain,immediate death,fever,0
dog,boxer,0.9,22.7,chronic illness,milk getting out more thick,red-colored,milk getting out more watery,swollen,hot udder,chronic illness,milk getting out more thick,red-colored,milk getting out more watery,swollen,hot udder,0
dog,poodle,7.4,8.2,dental issues,fever,diarrhea,vomiting,stomach cramps,nausea,dental issues,fever,diarrhea,vomiting,stomach cramps,nausea,0
dog,golden retriever,2.8,41.7,recent surgery,fever,respiratory distress,seizuers,hyperesthesia,sudden death,recent surgery,fever,respiratory distress,seizuers,hyperesthesia,sudden death,0
dog,rottweiler,8.3,33.3,recent surgery,fever,head tilt,fever,depression,weight loss,recent surgery,fever,head tilt,fever,depression,weight loss,0
dog,mixed breed,12.5,14.1,parasite history,dirty,stained wool,tail shaking,dullness,foul smelling,parasite history,dirty,stained wool,tail shaking,dullness,foul smelling,0
dog,boxer,12.0,23.7,recent surgery,coughing,fever,limping,depression,inflammed eye,recent surgery,coughing,fever,limping,depression,inflammed eye,0
dog,bulldog,11.7,23.3,not vaccinated,weakness,pain,sneezing,anorexia,anorexia,not vaccinated,weakness,pain,sneezing,anorexia,anorexia,0
dog,german shepherd,9.1,30.1,skin conditions history,fever,nasal discharge,respiratory distress,pox lesion,pain,skin conditions history,fever,nasal discharge,respiratory distress,pox lesion,pain,1
dog,german shepherd,0.5,35.0,allergies,vomiting,lethargy,pain,diarrhea,blood clots,allergies,vomiting,lethargy,pain,diarrhea,blood clots,0
dog,rottweiler,12.4,24.2,skin conditions history,lesions on nose,lesions on nose,lesions in the nasal cavity,nose bleeds,noisy breathing,skin conditions history,lesions on nose,lesions on nose,lesions in the nasal cavity,nose bleeds,noisy breathing,1
dog,boxer,12.9,18.0,vaccinated,diarrhea,pain,weakness,fever,lethargy,vaccinated,diarrhea,pain,weakness,fever,lethargy,0
dog,poodle,8.3,8.8,no previous conditions,lession on the skin,jaundice,pain,vomitting,pneumonia,no previous conditions,lession on the skin,jaundice,pain,vomitting,pneumonia,1
dog,boxer,13.3,27.0,recent surgery,limping,coughing,fever,inflammed eye,depression,recent surgery,limping,coughing,fever,inflammed eye,depression,0
dog,bulldog,12.2,21.3,dental issues,diarrhea,fever,abdominal discomfort,bloody droping,lethargy,dental issues,diarrhea,fever,abdominal discomfort,bloody droping,lethargy,0
dog,poodle,3.8,5.2,dental issues,coughing,fever,lethargy,weight loss,watery stool,dental issues,coughing,fever,lethargy,weight loss,watery stool,0
dog,rottweiler,6.1,29.5,no previous conditions,bloody in feather,pain,coughing,weakness,lethargy,no previous conditions,bloody in feather,pain,coughing,weakness,lethargy,0
dog,rottweiler,2.5,32.0,skin conditions history,ruffled feathers,weight loss,hematuria,weakness,weakness,skin conditions history,ruffled feathers,weight loss,hematuria,weakness,weakness,1
dog,rottweiler,7.4,30.3,chronic illness,tear production,anversion to light,bluish white opacity,blindness,pains,chronic illness,tear production,anversion to light,bluish white opacity,blindness,pains,0
dog,german shepherd,9.9,28.1,dental issues,fever,diarrhea,swollen abdomen,vomiting,difficulty in breathing,dental issues,fever,diarrhea,swollen abdomen,vomiting,difficulty in breathing,0
dog,beagle,11.4,19.5,allergies,infection,pain,weakness,coughing,lethargy,allergies,infection,pain,weakness,coughing,lethargy,0
dog,german shepherd,9.7,23.8,previous heart condition,egg production stops,broody behavior,loss of appetite,weight loss,constipation,previous heart condition,egg production stops,broody behavior,loss of appetite,weight loss,constipation,0
dog,boxer,11.9,20.5,parasite history,dry air,nosebleed,nose picking,mild weakness,trauma,parasite history,dry air,nosebleed,nose picking,mild weakness,trauma,0
dog,beagle,14.7,22.8,previous kidney disease,ulcers,tarry stool,diarrhea,back pain,enlarged lymph nodes,previous kidney disease,ulcers,tarry stool,diarrhea,back pain,enlarged lymph nodes,1
dog,mixed breed,2.0,28.6,parasite history,facial swelling,bloody drool,foul breath,unable to eat,lossened teeth,parasite history,facial swelling,bloody drool,foul breath,unable to eat,lossened teeth,0
dog,golden retriever,6.5,29.7,skin conditions history,pain,weakness,coughing,weight loss,pain,skin conditions history,pain,weakness,coughing,weight loss,pain,1
dog,poodle,3.0,5.0,no previous conditions,pot belly,coughing,diarrhea,lethargy,coughing,no previous conditions,pot belly,coughing,diarrhea,lethargy,coughing,0
dog,boxer,1.7,25.5,previous heart condition,enlarged lymph nodes or swelling,fever,thrist and urination,difficulty breathing,weight loss,previous heart condition,enlarged lymph nodes or swelling,fever,thrist and urination,difficulty breathing,weight loss,0
dog,mixed breed,0.5,34.9,recent surgery,lethargy,fever,lethargy,sneezing,coughing,recent surgery,lethargy,fever,lethargy,sneezing,coughing,0
dog,rottweiler,0.5,34.4,recent surgery,vomiting,lethargy,lethargy,pain,foul smelling stools,recent surgery,vomiting,lethargy,lethargy,pain,foul smelling stools,0
dog,german shepherd,11.8,39.3,previous kidney disease,change their normal behaviour,lameness,pains,stop drinking,stop eating,previous kidney disease,change their normal behaviour,lameness,pains,stop drinking,stop eating,0
dog,labrador retriever,14.8,39.0,allergies,neurologic sign,sneezing,weakness,decreased eyelid,vomiting,allergies,neurologic sign,sneezing,weakness,decreased eyelid,vomiting,0
dog,boxer,9.3,23.5,chronic illness,fever,tiredness,headache,skin rashes,pain,chronic illness,fever,tiredness,headache,skin rashes,pain,1
dog,beagle,5.6,26.7,skin conditions history,fever,excession salivation,abnormal conformation,ulcerated muscle,ulcerated ear,skin conditions history,fever,excession salivation,abnormal conformation,ulcerated muscle,ulcerated ear,1
dog,bulldog,1.5,28.6,allergies,diarrhea,sneezing,weight loss,fever,diarrhea,allergies,diarrhea,sneezing,weight loss,fever,diarrhea,0
dog,beagle,10.0,23.7,previous heart condition,lethargy,sneezing,fever,sharp feather,weight loss,previous heart condition,lethargy,sneezing,fever,sharp feather,weight loss,0
dog,poodle,5.2,5.5,allergies,watery eyes,pain,dullness,lethargy,coughing,allergies,watery eyes,pain,dullness,lethargy,coughing,0
dog,golden retriever,10.0,45.0,previous heart condition,uteria inertia,malpresentation,fetopelvic dispropotion,pains,death,previous heart condition,uteria inertia,malpresentation,fetopelvic dispropotion,pains,death,0
dog,labrador retriever,3.4,33.1,dental issues,fever,loss of appetite,rapid pulse and heart rates,lameness in affected leg,depression,dental issues,fever,loss of appetite,rapid pulse and heart rates,lameness in affected leg,depression,0
dog,mixed breed,2.2,30.3,not vaccinated,fetopelvic dispropotion,uteria inertia,despression,death,pains,not vaccinated,fetopelvic dispropotion,uteria inertia,despression,death,pains,0
dog,yorkshire terrier,14.6,4.7,not vaccinated,discomfort,diarrhea,dry or dull hair,grinding teeth,pain,not vaccinated,discomfort,diarrhea,dry or dull hair,grinding teeth,pain,0
dog,labrador retriever,1.6,41.5,skin conditions history,lethargy,chronic eye inflamation,fever,neurologic abnormalities,poor appetite,skin conditions history,lethargy,chronic eye inflamation,fever,neurologic abnormalities,poor appetite,1
dog,beagle,14.1,29.9,not vaccinated,fetopelvic dispropotion,uteria inertia,despression,death,pains,not vaccinated,fetopelvic dispropotion,uteria inertia,despression,death,pains,0
dog,yorkshire terrier,9.7,5.3,skin conditions history,fetopelvic dispropotion,uteria inertia,malpresentation,death,pains,skin conditions history,fetopelvic dispropotion,uteria inertia,malpresentation,death,pains,1
dog,bulldog,4.0,23.9,previous kidney disease,loss of appetite,weight loss,rump,fever,lameness,previous kidney disease,loss of appetite,weight loss,rump,fever,lameness,0
dog,rottweiler,11.2,27.5,previous heart condition,rhinitis,pneumonia,abscessess,torticollis,septicemia,previous heart condition,rhinitis,pneumonia,abscessess,torticollis,septicemia,0
dog,mixed breed,11.9,37.4,chronic illness,vomiting,diarrhea,lethargy,rough hair coat,anorexia,chronic illness,vomiting,diarrhea,lethargy,rough hair coat,anorexia,0
dog,mixed breed,5.8,40.0,recent surgery,vomiting,lethargy,weakness,anorexia,lethargy,recent surgery,vomiting,lethargy,weakness,anorexia,lethargy,0
dog,boxer,1.6,26.6,previous heart condition,fever,difficulty breathing,thrist and urination,weight loss,enlarged lymph nodes or swelling,previous heart condition,fever,difficulty breathing,thrist and urination,weight loss,enlarged lymph nodes or swelling,0
dog,poodle,11.5,10.0,previous heart condition,wheezing,weakness,lethargy,anorexia,urine retention,previous heart condition,wheezing,weakness,lethargy,anorexia,urine retention,0
dog,yorkshire terrier,4.5,7.9,dental issues,heavy breathing,yellow in beak,tail_bobbing,weakness,sleeping excessively,dental issues,heavy breathing,yellow in beak,tail_bobbing,weakness,sleeping excessively,0
dog,golden retriever,7.8,30.0,parasite history,fluif faeces on blood and muscle,sudden death,blooody fluid,red diarrhea,faeces are streake with blood,parasite history,fluif faeces on blood and muscle,sudden death,blooody fluid,red diarrhea,faeces are streake with blood,0
dog,german shepherd,11.2,34.3,recent surgery,difficulty in breathing,nasal discharge,lethargy,coughing,dyspnea,recent surgery,difficulty in breathing,nasal discharge,lethargy,coughing,dyspnea,0
dog,bulldog,1.5,30.0,skin conditions history,fever,pox lession on skin,mortality varies,nasal discharge,skin reashes,skin conditions history,fever,pox lession on skin,mortality varies,nasal discharge,skin reashes,1
dog,boxer,14.9,26.1,chronic illness,shallow breathing,poor wool,lepatomegaly,weakness,weight loss,chronic illness,shallow breathing,poor wool,lepatomegaly,weakness,weight loss,0
dog,bulldog,11.1,15.7,previous heart condition,fever,weakened legs,los of the ability to walk,mammary glads,fluif filled blisters,previous heart condition,fever,weakened legs,los of the ability to walk,mammary glads,fluif filled blisters,0
dog,labrador retriever,15.0,30.4,parasite history,inappentence,coughing,sneezing,diarrhea,ulcer on gum,parasite history,inappentence,coughing,sneezing,diarrhea,ulcer on gum,1
dog,labrador retriever,5.6,43.0,previous kidney disease,greenish-yellow nasal discharge,lack of pigmentation,vomiting,lethargy,pain on face,previous kidney disease,greenish-yellow nasal discharge,lack of pigmentation,vomiting,lethargy,pain on face,0
dog,mixed breed,6.3,19.7,previous kidney disease,pain,vomiting,sneezing,vomiting,bony lesion,previous kidney disease,pain,vomiting,sneezing,vomiting,bony lesion,1
dog,yorkshire terrier,7.0,4.7,not vaccinated,fever,diarrhea,hind quarted soil,reduced appetite,not eating,not vaccinated,fever,diarrhea,hind quarted soil,reduced appetite,not eating,0
dog,mixed breed,10.2,13.7,vaccinated,swelling on leg,painfull,nasal discharge,broken bones,nasal discharge,vaccinated,swelling on leg,painfull,nasal discharge,broken bones,nasal discharge,0
dog,mixed breed,6.2,26.1,previous heart condition,dullness,lacrimation,coughing,diarrhea,seizures,previous heart condition,dullness,lacrimation,coughing,diarrhea,seizures,0
dog,labrador retriever,9.5,32.6,parasite history,loss of appetite,loss in weight,emaciation,diarrhoea,weakness,parasite history,loss of appetite,loss in weight,emaciation,diarrhoea,weakness,0
dog,beagle,13.5,18.4,chronic illness,diarrhea,pain,sneezing,weakness,coughing,chronic illness,diarrhea,pain,sneezing,weakness,coughing,0
dog,beagle,1.8,20.7,recent surgery,pain,wether restless,diarrhea,skin ulcer,wound,recent surgery,pain,wether restless,diarrhea,skin ulcer,wound,1
dog,bulldog,7.7,14.8,skin conditions history,fever,loss of appetite,eyeproblem,liver disease,nuerological,skin conditions history,fever,loss of appetite,eyeproblem,liver disease,nuerological,1
dog,german shepherd,9.7,25.0,dental issues,respiratory distress,fever,pain,nasal discharge,pox lesion,dental issues,respiratory distress,fever,pain,nasal discharge,pox lesion,1
dog,mixed breed,5.1,25.7,no previous conditions,diarrhea,anorexia,vomiting,fever,coughing,no previous conditions,diarrhea,anorexia,vomiting,fever,coughing,0
dog,german shepherd,5.3,35.0,previous heart condition,inability to digest,coughing,lethargy,vomiting,weight loss,previous heart condition,inability to digest,coughing,lethargy,vomiting,weight loss,0
dog,rottweiler,8.9,41.1,chronic illness,eye redness,frequent eye infections,crusty eye lashes and matting of eyelashes,foul smelling stools,increased passing gas,chronic illness,eye redness,frequent eye infections,crusty eye lashes and matting of eyelashes,foul smelling stools,increased passing gas,1
dog,bulldog,2.9,16.2,recent surgery,fever,chronic eye inflamation,poor appetite,lethargy,neurologic abnormalities,recent surgery,fever,chronic eye inflamation,poor appetite,lethargy,neurologic abnormalities,0
dog,beagle,3.2,29.5,recent surgery,poor coat apperence,dehydration,diarrhea,weight loss,vomiting,recent surgery,poor coat apperence,dehydration,diarrhea,weight loss,vomiting,0
dog,mixed breed,2.2,5.2,dental issues,hemopytsis,diarrhea,asymptomatic,death,epistaxis,dental issues,hemopytsis,diarrhea,asymptomatic,death,epistaxis,0
dog,bulldog,0.8,19.6,vaccinated,poor growth,short stature,enlargement of bones,lameness,weigth bearing long bones,vaccinated,poor growth,short stature,enlargement of bones,lameness,weigth bearing long bones,0
dog,bulldog,2.6,25.7,previous heart condition,vomiting,sneezing,head tilt,coughing,anorexia,previous heart condition,vomiting,sneezing,head tilt,coughing,anorexia,0
dog,golden retriever,7.2,27.7,chronic illness,weight loss,vomiting,vomiting,vomiting,pain,chronic illness,weight loss,vomiting,vomiting,vomiting,pain,0
dog,rottweiler,7.1,44.7,chronic illness,diarrhea,coughing,weight loss,lethargy,weight loss,chronic illness,diarrhea,coughing,weight loss,lethargy,weight loss,0
dog,mixed breed,7.4,32.4,allergies,vomiting,warm,lethargy,weakness,weight loss,allergies,vomiting,warm,lethargy,weakness,weight loss,0
dog,beagle,16.3,25.4,no previous conditions,lameness,pains,change their normal behaviour,stop eating,stop drinking,no previous conditions,lameness,pains,change their normal behaviour,stop eating,stop drinking,0
dog,poodle,1.0,7.1,skin conditions history,weight loss,vomiting,weakness,weight loss,vomiting,skin conditions history,weight loss,vomiting,weakness,weight loss,vomiting,1
dog,boxer,13.9,33.3,not vaccinated,bleeding in eye and skin,lethargy,vomiting,blood in urine,diarrhea,not vaccinated,bleeding in eye and skin,lethargy,vomiting,blood in urine,diarrhea,1
dog,yorkshire terrier,2.1,3.5,allergies,signs in ewe,sneezing,lethargy,pain,weakness,allergies,signs in ewe,sneezing,lethargy,pain,weakness,0
dog,yorkshire terrier,2.7,4.0,previous kidney disease,fetopelvic dispropotion,uteria inertia,malpresentation,death,pains,previous kidney disease,fetopelvic dispropotion,uteria inertia,malpresentation,death,pains,0
dog,labrador retriever,7.4,28.6,skin conditions history,weakness,weight loss,diarrhea,constant pacing,diarrhea,skin conditions history,weakness,weight loss,diarrhea,constant pacing,diarrhea,1
dog,boxer,12.3,24.7,recent surgery,fever,inflammed eye,coughing,depression,limping,recent surgery,fever,inflammed eye,coughing,depression,limping,0
dog,beagle,13.2,23.4,skin conditions history,periodic vommiting,dizzines,anorexia,sneezing,lethargy,skin conditions history,periodic vommiting,dizzines,anorexia,sneezing,lethargy,1
dog,bulldog,9.5,15.0,chronic illness,sneezing,vomiting,sneezing,weakness,weight loss,chronic illness,sneezing,vomiting,sneezing,weakness,weight loss,0
dog,bulldog,12.8,19.5,recent surgery,poor body condition,weakness,weight loss,sneezing,weakness,recent surgery,poor body condition,weakness,weight loss,sneezing,weakness,0
dog,rottweiler,13.8,25.6,skin conditions history,diarrhea,diarrhea,weight loss,vomiting,pain,skin conditions history,diarrhea,diarrhea,weight loss,vomiting,pain,1
dog,german shepherd,3.6,39.7,previous heart condition,fever,carcass decomposes,weight loss,diarrhea,weakness,previous heart condition,fever,carcass decomposes,weight loss,diarrhea,weakness,0
dog,poodle,7.5,3.2,parasite history,moist,pains,lameness,loss of appetite,red skin,parasite history,moist,pains,lameness,loss of appetite,red skin,1
dog,labrador retriever,3.2,39.7,previous kidney disease,fever,swelling  in the bite area,lethargy,limp,pain,previous kidney disease,fever,swelling in the bite area,lethargy,limp,pain,0
dog,golden retriever,1.9,45.0,allergies,pain,stumbling,pain,diarrhea,weakness,allergies,pain,stumbling,pain,diarrhea,weakness,0
dog,bulldog,7.8,19.4,dental issues,coughing,lethargy,vomiting,fever,pain,dental issues,coughing,lethargy,vomiting,fever,pain,0
dog,golden retriever,0.5,32.0,allergies,vomiting,coughing,pain,lethargy,weight loss,allergies,vomiting,coughing,pain,lethargy,weight loss,0
dog,german shepherd,0.5,25.5,vaccinated,weakness,coughing,weakness,weakness,sneezing,vaccinated,weakness,coughing,weakness,weakness,sneezing,0
dog,boxer,7.0,16.1,chronic illness,milk reduce,coughing,sneezing,fever,anorexia,chronic illness,milk reduce,coughing,sneezing,fever,anorexia,0
dog,yorkshire terrier,3.3,11.0,skin conditions history,fetopelvic dispropotion,uteria inertia,malpresentation,death,pains,skin conditions history,fetopelvic dispropotion,uteria inertia,malpresentation,death,pains,1
dog,golden retriever,12.6,33.1,recent surgery,vomiting,weakness,malpresentation,vomiting,vomiting,recent surgery,vomiting,weakness,malpresentation,vomiting,vomiting,0
dog,mixed breed,12.0,24.6,previous heart condition,swelling  in the bite area,vomiting,diarrhea,fever,diarrhea,previous heart condition,swelling in the bite area,vomiting,diarrhea,fever,diarrhea,0
dog,mixed breed,1.0,29.0,dental issues,swelling on leg,heat,hardness,redness,pain,dental issues,swelling on leg,heat,hardness,redness,pain,0
dog,rottweiler,12.3,45.0,previous kidney disease,weight loss,pain,pain,body stiffness,pain,previous kidney disease,weight loss,pain,pain,body stiffness,pain,0
dog,bulldog,7.6,15.1,dental issues,weakness,weakness,coughing,scartch,weakness,dental issues,weakness,weakness,coughing,scartch,weakness,0
dog,poodle,13.1,6.7,skin conditions history,coughing,diarrhea,coughing,sleeping excessively,urine retention,skin conditions history,coughing,diarrhea,coughing,sleeping excessively,urine retention,1
dog,yorkshire terrier,2.5,7.0,allergies,crusting of the skin,lameness in affected leg,vomiting,nasal,pain,allergies,crusting of the skin,lameness in affected leg,vomiting,nasal,pain,1
dog,boxer,5.0,30.1,allergies,swelling of udder,change in milk,swollen,tender to touch,pain,allergies,swelling of udder,change in milk,swollen,tender to touch,pain,0
dog,poodle,4.6,7.1,previous kidney disease,dribbling of saliva,pain,pain,anorexia,sneezing,previous kidney disease,dribbling of saliva,pain,pain,anorexia,sneezing,0
dog,beagle,12.7,22.0,dental issues,ulcers,diarrhea,back pain,tarry stool,enlarged lymph nodes,dental issues,ulcers,diarrhea,back pain,tarry stool,enlarged lymph nodes,1
dog,golden retriever,6.3,35.6,parasite history,sneezing,pain,diarrhea,sneezing,enlarged thymus,parasite history,sneezing,pain,diarrhea,sneezing,enlarged thymus,0
dog,yorkshire terrier,13.7,5.1,recent surgery,indigestion,abdminal pain,constipation,diarrhea,nausea,recent surgery,indigestion,abdominal pain,constipation,diarrhea,nausea,0
dog,yorkshire terrier,9.3,7.5,parasite history,coughing,lethargy,coughing,lethargy,anorexia,parasite history,coughing,lethargy,coughing,lethargy,anorexia,0
dog,rottweiler,15.0,29.0,no previous conditions,fever,lethargy,weight loss,diarrhea,fever,no previous conditions,fever,lethargy,weight loss,diarrhea,fever,0
dog,mixed breed,6.3,13.1,no previous conditions,vomiting,size of lesions vary,diarrhea,sneezing,coughing,no previous conditions,vomiting,size of lesions vary,diarrhea,sneezing,coughing,1
dog,poodle,7.2,3.1,no previous conditions,diarrhea,weight loss,lethargy,weakness,lethargy,no previous conditions,diarrhea,weight loss,lethargy,weakness,lethargy,0
dog,mixed breed,15.0,34.3,no previous conditions,anorexia,pain,anorexia,vomiting,diarrhea,no previous conditions,anorexia,pain,anorexia,vomiting,diarrhea,0
dog,bulldog,8.1,20.3,chronic illness,fever,sneezing,coughing,oral lesion,diarrhea,chronic illness,fever,sneezing,coughing,oral lesion,diarrhea,1
dog,boxer,9.9,28.4,allergies,weakness,coughing,diarrhea,vomiting,gas,allergies,weakness,coughing,diarrhea,vomiting,gas,0
dog,mixed breed,1.5,14.2,previous heart condition,fever,diarrhea,sneezing,stiffness,severe weekness and depression,previous heart condition,fever,diarrhea,sneezing,stiffness,severe weekness and depression,0
dog,bulldog,1.2,33.1,dental issues,sheep often bites,fleece become thin,loss of wool,death,pains,dental issues,sheep often bites,fleece become thin,loss of wool,death,pains,0
dog,poodle,7.5,3.9,parasite history,pyrexia,oral lesion,swelling,lameness,death,parasite history,pyrexia,oral lesion,swelling,lameness,death,1
dog,yorkshire terrier,5.5,6.9,dental issues,weight loss,coughing,anorexia,diarrhea,larynx,dental issues,weight loss,coughing,anorexia,diarrhea,larynx,0
dog,rottweiler,9.5,26.4,previous heart condition,fever,vomiting,vomiting,anorexia,diarrhea,previous heart condition,fever,vomiting,vomiting,anorexia,diarrhea,0
dog,rottweiler,1.2,36.1,parasite history,anorexia,vomiting,smell of ammonia,droopy wings,weakness,parasite history,anorexia,vomiting,smell of ammonia,droopy wings,weakness,0
dog,poodle,3.1,7.5,parasite history,anorexia,fever,lethargy,diarrhea,weight loss,parasite history,anorexia,fever,lethargy,diarrhea,weight loss,0
dog,labrador retriever,5.9,33.7,allergies,diarrhea,pain,lethargy,diarrhea,fever,allergies,diarrhea,pain,lethargy,diarrhea,fever,0
dog,poodle,7.5,5.5,chronic illness,swelling of face or leg,pains,coughing,depression,fever,chronic illness,swelling of face or leg,pains,coughing,depression,fever,0
dog,mixed breed,8.2,20.1,previous kidney disease,swollen lymph nodes,pain,pain,weakness,tremor,previous kidney disease,swollen lymph nodes,pain,pain,weakness,tremor,0
dog,boxer,7.0,20.3,not vaccinated,anorexia,fever,fever,muscular spasms,weakness,not vaccinated,anorexia,fever,fever,muscular spasms,weakness,0
dog,german shepherd,4.5,42.7,chronic illness,coughing,pain,fever,weight loss,anorexia,chronic illness,coughing,pain,fever,weight loss,anorexia,0
dog,boxer,4.3,22.9,recent surgery,strong cough,diarrhea,vomiting,diarrhea,coughing,recent surgery,strong cough,diarrhea,vomiting,diarrhea,coughing,0
dog,yorkshire terrier,12.7,4.7,skin conditions history,blindness,nasal discharge,loss of appetite,lethargy,swelling,skin conditions history,blindness,nasal discharge,loss of appetite,lethargy,swelling,1
dog,yorkshire terrier,15.0,6.6,skin conditions history,pain,sneezing,difficulty in rising,sneezing,sneezing,skin conditions history,pain,sneezing,difficulty in rising,sneezing,sneezing,1
dog,poodle,5.3,9.4,allergies,loss of appetite,diarrhea,swollen purple wattle,swollen comb,lameness,allergies,loss of appetite,diarrhea,swollen purple wattle,swollen comb,lameness,0
dog,beagle,1.0,21.2,recent surgery,fever,loss of appetite,scartches,death,pains,recent surgery,fever,loss of appetite,scartches,death,pains,0
dog,rottweiler,1.9,37.4,no previous conditions,fever,swelling,loss of appetite,anorexia,weight loss,no previous conditions,fever,swelling,loss of appetite,anorexia,weight loss,0
dog,golden retriever,12.8,29.8,vaccinated,fever,weight gain,respiratory distress,mucous discharge,reduce feed,vaccinated,fever,weight gain,respiratory distress,mucous discharge,reduce feed,0
dog,labrador retriever,10.2,28.4,previous heart condition,pain,lethargy,anorexia,anorexia,fever,previous heart condition,pain,lethargy,anorexia,anorexia,fever,0
dog,poodle,8.7,3.7,skin conditions history,lameness,death,oral lesion,pyrexia,swelling,skin conditions history,lameness,death,oral lesion,pyrexia,swelling,1
dog,golden retriever,8.8,42.8,skin conditions history,fever,weight loss,lethargy,"bumps(black,grey or red)",tear production,skin conditions history,fever,weight loss,lethargy,"bumps(black,grey or red)",tear production,1
dog,german shepherd,8.9,31.5,vaccinated,lethargy,weakness,anorexia,weight loss,weight loss,vaccinated,lethargy,weakness,anorexia,weight loss,weight loss,0
dog,beagle,1.9,28.7,previous heart condition,coughing,coughing,coughing,anorexia,coughing,previous heart condition,coughing,coughing,coughing,anorexia,coughing,0
dog,german shepherd,12.8,42.1,previous kidney disease,restlessness,weakness,blue straws,death,pain,previous kidney disease,restlessness,weakness,blue straws,death,pain,0
dog,boxer,9.1,17.0,chronic illness,diarrhea,weight loss,anorexia,diarrhea,difficulty in walk,chronic illness,diarrhea,weight loss,anorexia,diarrhea,difficulty in walk,0
dog,beagle,10.8,24.3,vaccinated,vitamin and minerals defiency,diarrhea,sneezing,pain,coughing,vaccinated,vitamin and minerals defiency,diarrhea,sneezing,pain,coughing,0
dog,bulldog,3.3,24.7,parasite history,depression,swelling of face or leg,fever,pains,poor appetite,parasite history,depression,swelling of face or leg,fever,pains,poor appetite,0
dog,german shepherd,7.8,37.6,dental issues,pain,vomiting,sneezing,lethargy,vomiting,dental issues,pain,vomiting,sneezing,lethargy,vomiting,0
dog,german shepherd,5.5,38.6,chronic illness,abortion,mummification,stillbirth,weak kids,pain,chronic illness,abortion,mummification,stillbirth,weak kids,pain,0
dog,bulldog,6.0,21.3,not vaccinated,sneezing,weight loss,overweight,inflammed eye,fever,not vaccinated,sneezing,weight loss,overweight,inflammed eye,fever,0
dog,boxer,13.8,25.0,skin conditions history,coughing,pain,coughing,coughing,fever,skin conditions history,coughing,pain,coughing,coughing,fever,1
dog,bulldog,14.7,22.6,recent surgery,misshapen beak,vomiting,pain,lethargy,coughing,recent surgery,misshapen beak,vomiting,pain,lethargy,coughing,0
dog,rottweiler,6.2,32.7,not vaccinated,pain,fever,lethargy,vomiting,pain,not vaccinated,pain,fever,lethargy,vomiting,pain,0
dog,german shepherd,8.7,34.4,no previous conditions,muscle weakness,diarrhea,gasping,pain,nervousness,no previous conditions,muscle weakness,diarrhea,gasping,pain,nervousness,0
dog,yorkshire terrier,7.8,9.6,dental issues,fever,diarrhea,anorexia,muscle loss,fever,dental issues,fever,diarrhea,anorexia,muscle loss,fever,0
dog,golden retriever,13.5,32.5,recent surgery,vomiting,vomiting,weight loss,vomiting,pain,recent surgery,vomiting,vomiting,weight loss,vomiting,pain,0
dog,mixed breed,4.9,24.0,recent surgery,pain,weight loss,lethargy,kicking at the belly,diarrhea,recent surgery,pain,weight loss,lethargy,kicking at the belly,diarrhea,0
dog,golden retriever,5.7,45.0,no previous conditions,weakness,sneezing,sudden abortion,diarrhea,fever,no previous conditions,weakness,sneezing,sudden abortion,diarrhea,fever,0
dog,golden retriever,7.2,26.6,skin conditions history,vomiting,anorexia,anorexia,anorexia,weakness,skin conditions history,vomiting,anorexia,anorexia,anorexia,weakness,1
dog,labrador retriever,3.1,28.5,recent surgery,radip onset,stiff,muscle trembling,weakness,death,recent surgery,radip onset,stiff,muscle trembling,weakness,death,0
dog,bulldog,12.6,18.7,previous heart condition,vomiting,diarrhea,coughing,sneezing,pain,previous heart condition,vomiting,diarrhea,coughing,sneezing,pain,0
dog,bulldog,3.6,25.8,previous kidney disease,kid moratality,emaciation,weakness,anemia,diarrhea,previous kidney disease,kid moratality,emaciation,weakness,anemia,diarrhea,0
dog,mixed breed,1.4,27.2,chronic illness,mild weakness,dry air,nosebleed,trauma,nose picking,chronic illness,mild weakness,dry air,nosebleed,trauma,nose picking,0
dog,poodle,0.5,6.1,previous heart condition,larynx,fever,sneezing,weight loss,weight loss,previous heart condition,larynx,fever,sneezing,weight loss,weight loss,0
dog,bulldog,11.2,23.2,parasite history,abdominal pain,diarrhea,severe weekness and depression,fever,stiffness,parasite history,abdominal pain,diarrhea,severe weekness and depression,fever,stiffness,0
dog,boxer,7.9,26.6,allergies,coughing,pain,weight loss,weight loss,pain,allergies,coughing,pain,weight loss,weight loss,pain,0
dog,german shepherd,1.1,35.2,no previous conditions,poor wool,loss of appetite,lameness,small size,poor body condition,no previous conditions,poor wool,loss of appetite,lameness,small size,poor body condition,0
dog,labrador retriever,0.8,35.9,recent surgery,tremor,vomitting,fever,lethargy,weakness,recent surgery,tremor,vomitting,fever,lethargy,weakness,0
dog,beagle,14.4,19.5,allergies,lethargy,vomiting,anorexia,anorexia,weakness,allergies,lethargy,vomiting,anorexia,anorexia,weakness,0
dog,german shepherd,12.3,44.4,allergies,fever,animal become lame,prostrat,painfull swalling,lameness,allergies,fever,animal become lame,prostrat,painfull swalling,lameness,0
dog,beagle,6.6,20.6,parasite history,coughing,lethargy,weight loss,pain,fever,parasite history,coughing,lethargy,weight loss,pain,fever,0
dog,yorkshire terrier,1.0,5.0,recent surgery,pain,lethargy,vomiting,fever,sores on lower leg and teats,recent surgery,pain,lethargy,vomiting,fever,sores on lower leg and teats,0
dog,german shepherd,10.9,45.0,allergies,coughing,enteritis,weight loss,halitosis,air sacculitis,allergies,coughing,enteritis,weight loss,halitosis,air sacculitis,0
dog,poodle,11.3,4.8,skin conditions history,coughing,vomiting,anorexia,puffed_up feather,pain,skin conditions history,coughing,vomiting,anorexia,puffed_up feather,pain,1
dog,golden retriever,1.4,39.9,skin conditions history,weakness,fever,weakness,weight loss,lethargy,skin conditions history,weakness,fever,weakness,weight loss,lethargy,1
dog,beagle,10.8,20.8,previous kidney disease,fever,pneumonia,stand with head droping,weight loss,abnormal behaviour,previous kidney disease,fever,pneumonia,stand with head droping,weight loss,abnormal behaviour,0
dog,rottweiler,7.6,33.4,parasite history,pain,weight loss,weakness,anorexia,weakness,parasite history,pain,weight loss,weakness,anorexia,weakness,0
dog,german shepherd,6.0,42.3,dental issues,effort to breath,vomiting,fever,fever,lethargy,dental issues,effort to breath,vomiting,fever,fever,lethargy,0
dog,bulldog,4.5,20.9,previous kidney disease,loss of appetite,rump,lameness,weight loss,fever,previous kidney disease,loss of appetite,rump,lameness,weight loss,fever,0
dog,rottweiler,9.8,32.2,recent surgery,pain,sneezing,vomiting,weight loss,lethargy,recent surgery,pain,sneezing,vomiting,weight loss,lethargy,0
dog,bulldog,8.8,16.9,previous heart condition,animal stop feed,dull,decrease in milk production,hind quarted soil,fever,previous heart condition,animal stop feed,dull,decrease in milk production,hind quarted soil,fever,0
dog,bulldog,2.7,22.7,allergies,frequent yawning,anorexia,weakness,diarrhea,sneezing,allergies,frequent yawning,anorexia,weakness,diarrhea,sneezing,0
dog,bulldog,6.0,17.0,vaccinated,fever,distress,trembling,staggering,convulsion,vaccinated,fever,distress,trembling,staggering,convulsion,0
dog,german shepherd,12.6,38.5,skin conditions history,achomotrica,fever,pain,weight loss,coughing,skin conditions history,achomotrica,fever,pain,weight loss,coughing,1
dog,golden retriever,0.5,32.6,allergies,sneezing,anorexia,diarrhea,sneezing,anorexia,allergies,sneezing,anorexia,diarrhea,sneezing,anorexia,0
dog,german shepherd,9.1,36.6,dental issues,anorexia,scaly patches of skin,lethargy,weight loss,diarrhea,dental issues,anorexia,scaly patches of skin,lethargy,weight loss,diarrhea,1
dog,rottweiler,0.5,34.6,vaccinated,vomiting,diarrhea,gas or bloating,vomiting,dull ness,vaccinated,vomiting,diarrhea,gas or bloating,vomiting,dull ness,0
dog,labrador retriever,3.4,31.2,vaccinated,weakness,vomiting,pain,lethargy,fever,vaccinated,weakness,vomiting,pain,lethargy,fever,0
dog,labrador retriever,11.9,40.7,previous kidney disease,weakness,watery eyes,swelling,lethargy,acting unnaturally tame,previous kidney disease,weakness,watery eyes,swelling,lethargy,acting unnaturally tame,0
dog,beagle,7.6,22.4,chronic illness,fever,sneezing,pain,anorexia,fever,chronic illness,fever,sneezing,pain,anorexia,fever,0
dog,beagle,8.3,25.4,skin conditions history,fever,wound lesion,excess salivary,difficult in walking,pain,skin conditions history,fever,wound lesion,excess salivary,difficult in walking,pain,1
dog,poodle,2.7,3.8,no previous conditions,fleece become thin,sheep often bites,loss of wool,pains,death,no previous conditions,fleece become thin,sheep often bites,loss of wool,pains,death,0
dog,bulldog,8.9,24.1,vaccinated,fever,diarrhea,enteritis,weight loss,stomach  cramps,vaccinated,fever,diarrhea,enteritis,weight loss,stomach cramps,0
dog,rottweiler,8.4,25.8,chronic illness,blindness,pains,bluish white opacity,tear production,anversion to light,chronic illness,blindness,pains,bluish white opacity,tear production,anversion to light,0
dog,german shepherd,12.8,35.2,recent surgery,coughing,panting,"facial swelling,",production of mucus,fatigue,recent surgery,coughing,panting,"facial swelling,",production of mucus,fatigue,0
dog,mixed breed,4.2,31.5,skin conditions history,diarrhea,pain,fever,weight loss,swelling,skin conditions history,diarrhea,pain,fever,weight loss,swelling,1
dog,yorkshire terrier,6.6,8.9,parasite history,pain,fever,sneezing,coughing,weakness,parasite history,pain,fever,sneezing,coughing,weakness,0
dog,poodle,8.6,9.1,not vaccinated,jaundice,pneumonia,lession on the skin,pain,vomitting,not vaccinated,jaundice,pneumonia,lession on the skin,pain,vomitting,1
dog,golden retriever,8.4,45.0,no previous conditions,skin rashes,small and yellow bumps,swelling,dry scabs,lameness,no previous conditions,skin rashes,small and yellow bumps,swelling,dry scabs,lameness,1
dog,mixed breed,9.9,21.2,chronic illness,scabs on feet,redness,trachea,thickening of skin,pains,chronic illness,scabs on feet,redness,trachea,thickening of skin,pains,1
dog,yorkshire terrier,5.0,7.1,dental issues,heavy breathing,yellow in beak,tail_bobbing,weakness,sleeping excessively,dental issues,heavy breathing,yellow in beak,tail_bobbing,weakness,sleeping excessively,0
dog,golden retriever,8.9,32.1,chronic illness,restlessness,kick,lethargy,nible at their wool,scratching,chronic illness,restlessness,kick,lethargy,nible at their wool,scratching,0
dog,labrador retriever,6.9,30.3,not vaccinated,lethargy,lethargy,self mutilation,weakness,sneezing,not vaccinated,lethargy,lethargy,self mutilation,weakness,sneezing,0
dog,boxer,1.6,15.0,dental issues,coughing,vomiting,sneezing,dark colored bloody,weight loss,dental issues,coughing,vomiting,sneezing,dark colored bloody,weight loss,0
dog,beagle,4.6,22.0,chronic illness,diarrhea,lethargy,bleeding from the nose,anorexia,weakness,chronic illness,diarrhea,lethargy,bleeding from the nose,anorexia,weakness,0
dog,rottweiler,0.5,31.9,previous heart condition,vomiting,anorexia,sudden abortion,lethargy,scaly skin,previous heart condition,vomiting,anorexia,sudden abortion,lethargy,scaly skin,1
dog,mixed breed,6.7,17.2,skin conditions history,pains,hyperexcitability,gums,death,muscular spasms,skin conditions history,pains,hyperexcitability,gums,death,muscular spasms,1
dog,mixed breed,8.9,31.3,not vaccinated,sneezing,lethargy,vomiting,vomiting,diarrhea,not vaccinated,sneezing,lethargy,vomiting,vomiting,diarrhea,0
dog,golden retriever,8.2,30.8,allergies,coughing,sneezing,changed gait,anorexia,greenish diarrhea,allergies,coughing,sneezing,changed gait,anorexia,greenish diarrhea,0
dog,rottweiler,8.2,38.3,previous kidney disease,diarrhea,anorexia,anorexia,weight loss,diarrhea,previous kidney disease,diarrhea,anorexia,anorexia,weight loss,diarrhea,0
dog,bulldog,7.4,27.6,skin conditions history,weakness,distended stomach,lethargy,weight loss,anorexia,skin conditions history,weakness,distended stomach,lethargy,weight loss,anorexia,1
dog,poodle,6.5,6.0,chronic illness,weakness,weight loss,anorexia,fever,lethargy,chronic illness,weakness,weight loss,anorexia,fever,lethargy,0
dog,poodle,3.3,4.3,skin conditions history,excessive blood loss,dizziness and fainting,blurry vision,watery eyes,slow growth,skin conditions history,excessive blood loss,dizziness and fainting,blurry vision,watery eyes,slow growth,1
dog,german shepherd,15.0,30.6,vaccinated,sensitivity to bright light,pain,lethargy,sneezing,weakness,vaccinated,sensitivity to bright light,pain,lethargy,sneezing,weakness,0
dog,german shepherd,9.3,44.0,previous kidney disease,fever,loss of appetite,rapid pulse and heart rates,lameness in affected leg,depression,previous kidney disease,fever,loss of appetite,rapid pulse and heart rates,lameness in affected leg,depression,0
dog,beagle,15.0,15.0,dental issues,coughing,stomach growling,sneezing,weakness,lethargy,dental issues,coughing,stomach growling,sneezing,weakness,lethargy,0
dog,rottweiler,8.2,35.6,vaccinated,lethargy,weakness,weakness,vomiting,weight loss,vaccinated,lethargy,weakness,weakness,vomiting,weight loss,0
dog,poodle,5.7,7.8,previous heart condition,itchiness,signs in ewe,fever,fever,diarrhoea,previous heart condition,itchiness,signs in ewe,fever,fever,diarrhoea,1
dog,yorkshire terrier,9.1,4.4,vaccinated,runny nose,difficulty in breathing,coughing,weakness,loss of appettite,vaccinated,runny nose,difficulty in breathing,coughing,weakness,loss of appettite,0
dog,rottweiler,11.1,30.2,not vaccinated,lethargy,weight loss,overweight,diarrhea,fever,not vaccinated,lethargy,weight loss,overweight,diarrhea,fever,0
dog,german shepherd,4.8,33.3,chronic illness,loss of appetite,thirst,ruffled feathers,closed eyes,diarrhea,chronic illness,loss of appetite,thirst,ruffled feathers,closed eyes,diarrhea,0
dog,german shepherd,0.7,38.2,not vaccinated,slow growth,blurry vision,excessive blood loss,dizziness and fainting,watery eyes,not vaccinated,slow growth,blurry vision,excessive blood loss,dizziness and fainting,watery eyes,0
dog,beagle,11.5,27.8,skin conditions history,sneezing,coughing,coughing,vomiting,vomiting,skin conditions history,sneezing,coughing,coughing,vomiting,vomiting,1
dog,german shepherd,14.3,36.9,parasite history,loss of appetite,diarrhea,swollen purple wattle,swollen comb,lameness,parasite history,loss of appetite,diarrhea,swollen purple wattle,swollen comb,lameness,0
dog,yorkshire terrier,5.2,8.1,dental issues,decreased milk,holding limbs off the ground,weight loss,lameness,wool production,dental issues,decreased milk,holding limbs off the ground,weight loss,lameness,wool production,0
dog,mixed breed,5.9,16.3,dental issues,thrist and urination,weakness,vomiting,sneezing,fever,dental issues,thrist and urination,weakness,vomiting,sneezing,fever,0
dog,bulldog,10.4,30.0,chronic illness,coughing,vomiting,lethargy,restlessness,discharge,chronic illness,coughing,vomiting,lethargy,restlessness,discharge,0
dog,yorkshire terrier,10.1,5.8,not vaccinated,coughing,fever,weight loss,coughing,anorexia,not vaccinated,coughing,fever,weight loss,coughing,anorexia,0
dog,german shepherd,6.9,29.4,dental issues,forthy eye,torticollis,weakness,swelling,emaciation,dental issues,forthy eye,torticollis,weakness,swelling,emaciation,0
dog,mixed breed,5.9,24.5,no previous conditions,fever,diarrhea,coughing,vomiting,anorexia,no previous conditions,fever,diarrhea,coughing,vomiting,anorexia,0
dog,bulldog,5.5,30.0,chronic illness,sneezing,milky hard,pain,diarrhea,sneezing,chronic illness,sneezing,milky hard,pain,diarrhea,sneezing,0
dog,bulldog,7.0,25.5,no previous conditions,weight loss,coughing,diarrhea,fever,coughing,no previous conditions,weight loss,coughing,diarrhea,fever,coughing,0
dog,german shepherd,4.2,30.9,previous heart condition,vomiting,weight loss,vomiting,vomiting,abortion,previous heart condition,vomiting,weight loss,vomiting,vomiting,abortion,0
dog,yorkshire terrier,13.9,7.5,no previous conditions,weight loss,edematous,diarrhea,coughing,lethargy,no previous conditions,weight loss,edematous,diarrhea,coughing,lethargy,0
dog,boxer,4.8,17.8,chronic illness,diarrhea with muscus,tensemus,watery stool,flatulence,pains,chronic illness,diarrhea with muscus,tensemus,watery stool,flatulence,pains,0
dog,german shepherd,2.6,44.4,no previous conditions,fever,malaise,weakness,weight loss,pain,no previous conditions,fever,malaise,weakness,weight loss,pain,0
dog,rottweiler,0.8,35.0,previous kidney disease,short term lethargy,loss of  appetite,weekness in the back legs,rapid heart rate,week pulse,previous kidney disease,short term lethargy,loss of appetite,weekness in the back legs,rapid heart rate,week pulse,0
dog,labrador retriever,8.6,39.4,chronic illness,diarrhea,throat and ear pain,abdominal discomfort,fever,pain,chronic illness,diarrhea,throat and ear pain,abdominal discomfort,fever,pain,0
dog,rottweiler,4.6,45.0,skin conditions history,small intestines,diarrhea,listlessness,fever,diarrhea,skin conditions history,small intestines,diarrhea,listlessness,fever,diarrhea,1
dog,poodle,10.2,3.0,allergies,pain,coughing,weight loss,sneezing,vomiting,allergies,pain,coughing,weight loss,sneezing,vomiting,0
dog,yorkshire terrier,7.2,9.8,vaccinated,coughing,diarrhea,sneezing,fever,coughing,vaccinated,coughing,diarrhea,sneezing,fever,coughing,0
dog,yorkshire terrier,9.1,3.5,no previous conditions,fever,pneumonia,stand with head droping,weight loss,abnormal behaviour,no previous conditions,fever,pneumonia,stand with head droping,weight loss,abnormal behaviour,0
dog,labrador retriever,6.0,37.7,previous kidney disease,greenish-yellow nasal discharge,lack of pigmentation,vomiting,lethargy,pain on face,previous kidney disease,greenish-yellow nasal discharge,lack of pigmentation,vomiting,lethargy,pain on face,0
dog,golden retriever,9.6,41.2,previous kidney disease,sneezing,vomiting,weight loss,pain,vomiting,previous kidney disease,sneezing,vomiting,weight loss,pain,vomiting,0
dog,mixed breed,0.5,15.8,dental issues,pain,difficulty breating,pain,diarrhea,pain,dental issues,pain,difficulty breating,pain,diarrhea,pain,0
dog,german shepherd,10.9,37.9,not vaccinated,sneezing,weight loss,fever,increased passing gas,thrist and urination,not vaccinated,sneezing,weight loss,fever,increased passing gas,thrist and urination,0
dog,labrador retriever,15.6,27.0,dental issues,swollen lymph nodes,difficulty walking,back pain,lethargy,vaginal discharge,dental issues,swollen lymph nodes,difficulty walking,back pain,lethargy,vaginal discharge,0
dog,yorkshire terrier,8.2,4.4,skin conditions history,stop eating,stop drinking,weight loss,change their normal behaviour,pains,skin conditions history,stop eating,stop drinking,weight loss,change their normal behaviour,pains,1
dog,yorkshire terrier,4.4,9.7,no previous conditions,groosly enlarged,skin may thicken,convulsion,edematous,pains,no previous conditions,groosly enlarged,skin may thicken,convulsion,edematous,pains,1
dog,rottweiler,4.1,44.5,previous heart condition,fever,convulsion,sudden death,urine retention,weight loss,previous heart condition,fever,convulsion,sudden death,urine retention,weight loss,0
dog,rottweiler,8.6,28.2,parasite history,vomitting,weakness,fever,weight loss,loss of appetite,parasite history,vomitting,weakness,fever,weight loss,loss of appetite,0
dog,beagle,6.9,26.6,not vaccinated,vomiting,weakness,pain,sneezing,weight loss,not vaccinated,vomiting,weakness,pain,sneezing,weight loss,0
dog,labrador retriever,15.0,39.0,chronic illness,uncharacteristic hiding,muscular spasms,weakness,coughing,vomiting,chronic illness,uncharacteristic hiding,muscular spasms,weakness,coughing,vomiting,0
dog,beagle,5.1,31.2,skin conditions history,excession salivation,ulcerated muscle,ulcerated ear,abnormal conformation,fever,skin conditions history,excession salivation,ulcerated muscle,ulcerated ear,abnormal conformation,fever,1
dog,yorkshire terrier,7.6,3.0,parasite history,vomiting,fever,sneezing,lameness,coughing,parasite history,vomiting,fever,sneezing,lameness,coughing,0
dog,german shepherd,1.8,36.4,not vaccinated,lethargy,diarrhea,fever,weakness,lethargy,not vaccinated,lethargy,diarrhea,fever,weakness,lethargy,0
dog,yorkshire terrier,14.6,8.5,allergies,fever,reduce reproductive potential,agalactia,loss of milk production,sloughing of the tail,allergies,fever,reduce reproductive potential,agalactia,loss of milk production,sloughing of the tail,0
dog,yorkshire terrier,9.2,4.0,skin conditions history,fever,lethargy,rump,lethargy,feels stiff,skin conditions history,fever,lethargy,rump,lethargy,feels stiff,1
dog,bulldog,4.4,20.4,skin conditions history,fever,sour throat,mortality,muscle aches,abnormalities,skin conditions history,fever,sour throat,mortality,muscle aches,abnormalities,1
dog,yorkshire terrier,9.1,6.5,not vaccinated,coughing,weakness,slow growth,diarrhea,weakness,not vaccinated,coughing,weakness,slow growth,diarrhea,weakness,0
dog,mixed breed,0.5,21.2,previous kidney disease,weakness,coughing,fever,weakness,coughing,previous kidney disease,weakness,coughing,fever,weakness,coughing,0
dog,labrador retriever,15.0,37.0,chronic illness,coughing,vomiting,fever,diarrhea,grinding of teeth,chronic illness,coughing,vomiting,fever,diarrhea,grinding of teeth,0
dog,german shepherd,14.3,33.1,not vaccinated,weakness,anorexia,weight loss,weakness,lethargy,not vaccinated,weakness,anorexia,weight loss,weakness,lethargy,0
dog,bulldog,0.5,26.0,previous heart condition,nible at their wool,coughing,skin lesion,diarrhea,weakness,previous heart condition,nible at their wool,coughing,skin lesion,diarrhea,weakness,1
dog,rottweiler,6.1,33.0,previous kidney disease,coughing,vomiting,lethargy,pain,lethargy,previous kidney disease,coughing,vomiting,lethargy,pain,lethargy,0
dog,labrador retriever,13.7,26.4,chronic illness,fever,diarrhea,abdominal pain,stiffness,severe weekness and depression,chronic illness,fever,diarrhea,abdominal pain,stiffness,severe weekness and depression,0
dog,boxer,13.2,25.3,skin conditions history,burning ache or pain,vomiting,loss of appetite,experiencing changes in weight,pain and bloating,skin conditions history,burning ache or pain,vomiting,loss of appetite,experiencing changes in weight,pain and bloating,1
dog,boxer,13.3,24.8,chronic illness,anorexia,coughing,weight loss,weakness,pain,chronic illness,anorexia,coughing,weight loss,weakness,pain,0
dog,german shepherd,13.2,33.7,chronic illness,diarrhea,sneezing,sneezing,fever,diarrhea,chronic illness,diarrhea,sneezing,sneezing,fever,diarrhea,0
dog,rottweiler,7.3,29.9,skin conditions history,fever,barren ewes,pain,anorexia,weakness,skin conditions history,fever,barren ewes,pain,anorexia,weakness,1
dog,yorkshire terrier,12.2,8.5,vaccinated,vomiting,sneezing,diarrhea,vomiting,muscle trembling,vaccinated,vomiting,sneezing,diarrhea,vomiting,muscle trembling,0
dog,boxer,3.4,25.0,parasite history,weight loss,enlarged lymph nodes or swelling,reduce energy,fever,difficulty breathing,parasite history,weight loss,enlarged lymph nodes or swelling,reduce energy,fever,difficulty breathing,0
dog,german shepherd,7.3,25.0,dental issues,weakness,diarrhea,diarrhea,fever,coughing,dental issues,weakness,diarrhea,diarrhea,fever,coughing,0
dog,golden retriever,12.6,25.0,not vaccinated,anorexia,anorexia,lethargy,weight loss,diarrhea,not vaccinated,anorexia,anorexia,lethargy,weight loss,diarrhea,0
dog,bulldog,7.4,17.5,chronic illness,scaly patches of skin,sore,scabs,scartch,hair loss,chronic illness,scaly patches of skin,sore,scabs,scartch,hair loss,1
dog,labrador retriever,2.6,27.5,dental issues,sneezing,sneezing,rapid heart rate,enteritis,lethargy,dental issues,sneezing,sneezing,rapid heart rate,enteritis,lethargy,0
dog,yorkshire terrier,8.7,5.7,chronic illness,sneezing,weakness,pain,dark or black face,lethargy,chronic illness,sneezing,weakness,pain,dark or black face,lethargy,0
dog,labrador retriever,3.3,45.0,chronic illness,bloody,unable to urinate,lethargy,weight loss,vomiting,chronic illness,bloody,unable to urinate,lethargy,weight loss,vomiting,0
dog,beagle,8.8,28.4,skin conditions history,anorexia,pain,fever,dry air,sloughing of the tail,skin conditions history,anorexia,pain,fever,dry air,sloughing of the tail,1
dog,labrador retriever,9.1,41.5,recent surgery,fever,depression,loss of appetite,loss of appetite,pains,recent surgery,fever,depression,loss of appetite,loss of appetite,pains,0
dog,german shepherd,13.1,45.0,dental issues,vomiting,weight loss,reluctant move,sneezing,vomiting,dental issues,vomiting,weight loss,reluctant move,sneezing,vomiting,0
dog,rottweiler,5.7,29.0,recent surgery,isolation from flock,stealing,nesting behaviour,pawing at bedding,pains,recent surgery,isolation from flock,stealing,nesting behaviour,pawing at bedding,pains,0
dog,golden retriever,12.1,34.4,vaccinated,pain,fever,sneezing,sneezing,fever,vaccinated,pain,fever,sneezing,sneezing,fever,0
dog,german shepherd,8.6,32.0,chronic illness,fetopelvic dispropotion,uteria inertia,malpresentation,death,pains,chronic illness,fetopelvic dispropotion,uteria inertia,malpresentation,death,pains,0
dog,poodle,6.4,6.8,no previous conditions,headache,skin rashes,tiredness,pain,fever,no previous conditions,headache,skin rashes,tiredness,pain,fever,1
dog,yorkshire terrier,7.8,7.4,previous kidney disease,vomiting,diarrhea,lethargy,fever,diarrhea,previous kidney disease,vomiting,diarrhea,lethargy,fever,diarrhea,0
dog,poodle,8.9,4.9,previous heart condition,fever,sensitivity to bright light,rubbing eye,sneezing,anorexia,previous heart condition,fever,sensitivity to bright light,rubbing eye,sneezing,anorexia,0
dog,beagle,3.4,31.2,recent surgery,diarrhea,dehydration,weight loss,poor coat apperence,vomiting,recent surgery,diarrhea,dehydration,weight loss,poor coat apperence,vomiting,0
dog,golden retriever,10.3,44.5,no previous conditions,fetopelvic dispropotion,uteria inertia,malpresentation,death,pains,no previous conditions,fetopelvic dispropotion,uteria inertia,malpresentation,death,pains,0
dog,german shepherd,3.6,44.4,no previous conditions,hepatitis,pain,weight loss,lethargy,nesting behaviour,no previous conditions,hepatitis,pain,weight loss,lethargy,nesting behaviour,0
dog,mixed breed,7.5,34.1,recent surgery,weakness,vomiting,sneezing,pain,lethargy,recent surgery,weakness,vomiting,sneezing,pain,lethargy,0
dog,golden retriever,0.5,37.2,chronic illness,diarrhea,weight loss,coughing,sneezing,diarrhea,chronic illness,diarrhea,weight loss,coughing,sneezing,diarrhea,0
dog,rottweiler,1.4,33.4,chronic illness,loss of appetite,diarrhea,ruffled feathers,weight loss,inability to absorb nutrients,chronic illness,loss of appetite,diarrhea,ruffled feathers,weight loss,inability to absorb nutrients,0
dog,mixed breed,5.0,18.2,recent surgery,coughing,pains,pain,lethargy,fever,recent surgery,coughing,pains,pain,lethargy,fever,0
dog,rottweiler,9.6,32.4,recent surgery,tarry stool,enlarged lymph nodes,diarrhea,poor appetite,ulcers,recent surgery,tarry stool,enlarged lymph nodes,diarrhea,poor appetite,ulcers,1
dog,bulldog,2.1,20.0,chronic illness,weight loss,weight loss,loss of eye,vomiting,anorexia,chronic illness,weight loss,weight loss,loss of eye,vomiting,anorexia,0
dog,german shepherd,4.3,40.1,allergies,diarrhea,pain,fever,pain,fever,allergies,diarrhea,pain,fever,pain,fever,0
dog,poodle,0.5,8.1,not vaccinated,coughing,vomiting,weight loss,lethargy,diarrhea,not vaccinated,coughing,vomiting,weight loss,lethargy,diarrhea,0
dog,bulldog,0.7,14.8,vaccinated,lameness,short stature,weigth bearing long bones,poor growth,enlargement of bones,vaccinated,lameness,short stature,weigth bearing long bones,poor growth,enlargement of bones,0
dog,poodle,3.9,7.5,previous heart condition,uteria inertia,fetopelvic dispropotion,death,pains,malpresentation,previous heart condition,uteria inertia,fetopelvic dispropotion,death,pains,malpresentation,0
dog,mixed breed,15.6,25.6,not vaccinated,hair loss,dandruff,vomiting,crusting of the skin,ulcerated skin,not vaccinated,hair loss,dandruff,vomiting,crusting of the skin,ulcerated skin,1
dog,beagle,5.4,23.2,not vaccinated,weakness,weight loss,pain,coughing,sneezing,not vaccinated,weakness,weight loss,pain,coughing,sneezing,0
dog,german shepherd,10.5,25.1,parasite history,fever,hemolytic anemia,hemoglobinuria,pulmonary congestion,jaundice,parasite history,fever,hemolytic anemia,hemoglobinuria,pulmonary congestion,jaundice,0
dog,rottweiler,10.8,39.6,parasite history,lepatomegaly,splenomegaly,vomiting,swollen,shaking oh head,parasite history,lepatomegaly,splenomegaly,vomiting,swollen,shaking oh head,0
dog,labrador retriever,14.0,45.0,not vaccinated,gasping,coughing,mild weakness,droopy wings,twisted neck,not vaccinated,gasping,coughing,mild weakness,droopy wings,twisted neck,0
dog,bulldog,7.8,24.4,not vaccinated,diarrhea,vomiting,weight loss,vomiting,weight loss,not vaccinated,diarrhea,vomiting,weight loss,vomiting,weight loss,0
dog,boxer,8.1,21.4,parasite history,pain,bottle jaw,weight loss,lethargy,sneezing,parasite history,pain,bottle jaw,weight loss,lethargy,sneezing,0
dog,labrador retriever,9.6,29.1,no previous conditions,sneezing,fever,fever,coughing,fever,no previous conditions,sneezing,fever,fever,coughing,fever,0
dog,german shepherd,10.2,36.7,no previous conditions,sneezing,lllthrift,heavy breathing,fever,pain,no previous conditions,sneezing,lllthrift,heavy breathing,fever,pain,0
dog,bulldog,6.4,23.3,dental issues,anorexia,weakness,lethargy,anorexia,sneezing,dental issues,anorexia,weakness,lethargy,anorexia,sneezing,0
dog,beagle,11.7,19.9,skin conditions history,lethargy,weakness,weight loss,weakness,lethargy,skin conditions history,lethargy,weakness,weight loss,weakness,lethargy,1
dog,boxer,13.1,27.9,previous heart condition,pain,vomiting,pain,weight loss,lethargy,previous heart condition,pain,vomiting,pain,weight loss,lethargy,0
dog,rottweiler,9.5,39.5,recent surgery,ulcers,diarrhea,poor appetite,tarry stool,enlarged lymph nodes,recent surgery,ulcers,diarrhea,poor appetite,tarry stool,enlarged lymph nodes,1
dog,bulldog,3.1,16.9,allergies,fever,chronic eye inflamation,poor appetite,lethargy,neurologic abnormalities,allergies,fever,chronic eye inflamation,poor appetite,lethargy,neurologic abnormalities,0
dog,beagle,4.7,24.3,parasite history,fever,pain,pain,abortion at the end of gestation,diarrhea,parasite history,fever,pain,pain,abortion at the end of gestation,diarrhea,0
dog,boxer,1.9,25.7,allergies,bleeding from other parts of the body,confusion,nasal discharge,loss of alertness,dizziness and fainting,allergies,bleeding from other parts of the body,confusion,nasal discharge,loss of alertness,dizziness and fainting,0
dog,german shepherd,7.0,31.7,not vaccinated,weight loss,diarrhea,vomiting,poor coat apperence,dehydration,not vaccinated,weight loss,diarrhea,vomiting,poor coat apperence,dehydration,0
dog,rottweiler,8.6,37.9,not vaccinated,fever,reduce growth,edema in lower jaw,weight loss,anemia,not vaccinated,fever,reduce growth,edema in lower jaw,weight loss,anemia,0
dog,boxer,8.8,21.2,allergies,weight loss,fever,sneezing,anorexia,severe colic,allergies,weight loss,fever,sneezing,anorexia,severe colic,0
dog,labrador retriever,3.6,27.0,recent surgery,attacks,urine infection,diarrhea,anorexia,sneezing,recent surgery,attacks,urine infection,diarrhea,anorexia,sneezing,0
dog,golden retriever,5.3,45.0,vaccinated,obstructed lungs,stripped remiges,weakness,pain,weakness,vaccinated,obstructed lungs,stripped remiges,weakness,pain,weakness,0
dog,german shepherd,4.9,45.0,not vaccinated,red skin,loss of appetite,moist,lameness,pains,not vaccinated,red skin,loss of appetite,moist,lameness,pains,1
dog,bulldog,13.7,15.4,previous kidney disease,sneezing,runny nose,allergic reaction,coughing,anorexia,previous kidney disease,sneezing,runny nose,allergic reaction,coughing,anorexia,0
dog,beagle,10.0,18.8,previous heart condition,swollen kidney,weakness,sneezing,lethargy,sneezing,previous heart condition,swollen kidney,weakness,sneezing,lethargy,sneezing,0
dog,labrador retriever,0.8,45.0,not vaccinated,excessive eye watering,eye redness,weakness,mucus discharge from the eye,frequent eye infections,not vaccinated,excessive eye watering,eye redness,weakness,mucus discharge from the eye,frequent eye infections,0
dog,labrador retriever,6.7,32.4,recent surgery,coughing,vomiting,weakness,weight loss,weight loss,recent surgery,coughing,vomiting,weakness,weight loss,weight loss,0
dog,poodle,9.3,5.4,dental issues,weakness,stop eating,weakness,anorexia,diarrhea,dental issues,weakness,stop eating,weakness,anorexia,diarrhea,0
dog,labrador retriever,12.6,33.9,vaccinated,lethargy,diarrhea,fever,pain,reduced appetite,vaccinated,lethargy,diarrhea,fever,pain,reduced appetite,0
dog,beagle,12.3,20.6,dental issues,sneezing,weakness,hind quarted soil,coughing,coughing,dental issues,sneezing,weakness,hind quarted soil,coughing,coughing,0
dog,yorkshire terrier,7.4,4.0,allergies,sneezing,lethargy,vomiting,stained wool,lethargy,allergies,sneezing,lethargy,vomiting,stained wool,lethargy,0
dog,mixed breed,4.2,30.8,vaccinated,enteritis,halitosis,weight loss,coughing,air sacculitis,vaccinated,enteritis,halitosis,weight loss,coughing,air sacculitis,0
dog,rottweiler,13.8,42.9,chronic illness,lethargy,swelling,nasal discharge,blindness,loss of appetite,chronic illness,lethargy,swelling,nasal discharge,blindness,loss of appetite,0
dog,mixed breed,9.3,5.0,previous heart condition,lethargy,vomiting,pain,labored breathing,weakness,previous heart condition,lethargy,vomiting,pain,labored breathing,weakness,0
dog,beagle,12.3,21.5,chronic illness,anorexia,weightloss,anorexia,fever,diarrhea,chronic illness,anorexia,weightloss,anorexia,fever,diarrhea,0
dog,yorkshire terrier,0.5,4.0,chronic illness,pain,sneezing,fever,diarrhea,pain,chronic illness,pain,sneezing,fever,diarrhea,pain,0
dog,beagle,8.1,20.6,recent surgery,lethargy,weight loss,weight loss,fever,pain,recent surgery,lethargy,weight loss,weight loss,fever,pain,0
dog,rottweiler,6.6,44.9,not vaccinated,high temperature,weight loss,anorexia,vomiting,anorexia,not vaccinated,high temperature,weight loss,anorexia,vomiting,anorexia,0
dog,beagle,8.0,22.2,vaccinated,stillbirth,retained placenda,abortion on late pregancy,decrease appetite,endomeritis,vaccinated,stillbirth,retained placenda,abortion on late pregancy,decrease appetite,endomeritis,0
dog,german shepherd,5.2,35.4,recent surgery,loss of appetite,thirst,ruffled feathers,closed eyes,diarrhea,recent surgery,loss of appetite,thirst,ruffled feathers,closed eyes,diarrhea,0
dog,yorkshire terrier,10.2,7.6,previous kidney disease,dry skin,vomiting,weakness,pain,diarrhea,previous kidney disease,dry skin,vomiting,weakness,pain,diarrhea,1
dog,boxer,9.3,15.0,allergies,coughing,diarrhea,weakness,weight loss,weight loss,allergies,coughing,diarrhea,weakness,weight loss,weight loss,0
dog,mixed breed,12.3,26.8,previous heart condition,anorexia,coughing,short term lethargy,anorexia,diarrhea,previous heart condition,anorexia,coughing,short term lethargy,anorexia,diarrhea,0
dog,bulldog,13.2,15.1,dental issues,fever,coughing,ulcer,pain,weight loss,dental issues,fever,coughing,ulcer,pain,weight loss,1
dog,golden retriever,2.7,29.7,allergies,fluif faeces on blood and muscle,sudden death,blooody fluid,red diarrhea,faeces are streake with blood,allergies,fluif faeces on blood and muscle,sudden death,blooody fluid,red diarrhea,faeces are streake with blood,0
dog,rottweiler,6.2,25.1,previous heart condition,vomiting,pain,coughing,anorexia,fever,previous heart condition,vomiting,pain,coughing,anorexia,fever,0
dog,yorkshire terrier,7.5,9.8,allergies,short term lethargy,loss of  appetite,poor appetite,rapid heart rate,week pulse,allergies,short term lethargy,loss of appetite,poor appetite,rapid heart rate,week pulse,0
dog,mixed breed,12.7,33.7,previous heart condition,lllthrift,skin lesion,lameness,swelling on thebody,weight loss,previous heart condition,lllthrift,skin lesion,lameness,swelling on thebody,weight loss,1
dog,boxer,10.1,19.3,recent surgery,nasal,vomiting,vomiting,coughing,fever,recent surgery,nasal,vomiting,vomiting,coughing,fever,0
dog,poodle,3.2,3.0,parasite history,yellow or green dropping,coughing,pain,nostrils,anorexia,parasite history,yellow or green dropping,coughing,pain,nostrils,anorexia,0
dog,mixed breed,14.2,29.8,chronic illness,hair loss,dandruff,vomiting,crusting of the skin,ulcerated skin,chronic illness,hair loss,dandruff,vomiting,crusting of the skin,ulcerated skin,1
dog,beagle,0.9,19.1,recent surgery,fever,loss of appetite,scartches,death,pains,recent surgery,fever,loss of appetite,scartches,death,pains,0
dog,labrador retriever,0.5,37.1,recent surgery,anorexia,fever,diarrhea,fever,fever,recent surgery,anorexia,fever,diarrhea,fever,fever,0
dog,labrador retriever,6.0,34.3,no previous conditions,fetopelvic dispropotion,uteria inertia,malpresentation,pains,death,no previous conditions,fetopelvic dispropotion,uteria inertia,malpresentation,pains,death,0
dog,mixed breed,12.6,12.6,previous kidney disease,foul smelling,dullness,dirty,stained wool,tail shaking,previous kidney disease,foul smelling,dullness,dirty,stained wool,tail shaking,0
dog,golden retriever,3.8,37.4,parasite history,sneezing,anorexia,weakness,uteria inertia,pain,parasite history,sneezing,anorexia,weakness,uteria inertia,pain,0
dog,bulldog,5.1,26.2,dental issues,blood in faces,listlessness,diarrhea,fatty stool,anorexia,dental issues,blood in faces,listlessness,diarrhea,fatty stool,anorexia,0
dog,mixed breed,9.0,12.8,previous kidney disease,malpresentation,uteria inertia,pains,fetopelvic dispropotion,death,previous kidney disease,malpresentation,uteria inertia,pains,fetopelvic dispropotion,death,0
dog,rottweiler,1.2,29.8,chronic illness,upset stomach,diarrhea,vomiting,muscle pain,muscle stiffness,chronic illness,upset stomach,diarrhea,vomiting,muscle pain,muscle stiffness,0
dog,yorkshire terrier,5.4,10.0,previous kidney disease,sneezing,foul smelling,abnormally long leg,coughing,pain,previous kidney disease,sneezing,foul smelling,abnormally long leg,coughing,pain,0
dog,golden retriever,6.4,35.7,allergies,sneezing,fever,anorexia,anorexia,pain,allergies,sneezing,fever,anorexia,anorexia,pain,0
dog,poodle,12.1,3.0,allergies,fever,legness,vomiting,coughing,weakness,allergies,fever,legness,vomiting,coughing,weakness,0
dog,labrador retriever,4.5,37.6,no previous conditions,nausea,loss of appetite,vomiting,firm,distended stomach,no previous conditions,nausea,loss of appetite,vomiting,firm,distended stomach,0
dog,boxer,12.7,15.0,previous heart condition,fever,weakness,diarrhea,fever,broken bones,previous heart condition,fever,weakness,diarrhea,fever,broken bones,0
dog,mixed breed,4.3,24.5,vaccinated,air sacculitis,halitosis,coughing,enteritis,weight loss,vaccinated,air sacculitis,halitosis,coughing,enteritis,weight loss,0
dog,beagle,7.8,15.0,previous heart condition,anorexia,sneezing,diarrhea,pain,diarrhea,previous heart condition,anorexia,sneezing,diarrhea,pain,diarrhea,0
dog,rottweiler,1.2,32.0,recent surgery,upset stomach,diarrhea,vomiting,muscle pain,muscle stiffness,recent surgery,upset stomach,diarrhea,vomiting,muscle pain,muscle stiffness,0
dog,rottweiler,1.9,36.5,skin conditions history,coughing,vomiting,anorexia,pain,sneezing,skin conditions history,coughing,vomiting,anorexia,pain,sneezing,1
dog,golden retriever,2.8,32.8,recent surgery,dark colored bloody,incoordination,terminal convulsion,difficulty in breathing,fever,recent surgery,dark colored bloody,incoordination,terminal convulsion,difficulty in breathing,fever,0
dog,bulldog,3.1,19.1,chronic illness,fluffed feather,loss of appetite,coughing,vomiting,snoring,chronic illness,fluffed feather,loss of appetite,coughing,vomiting,snoring,0
dog,golden retriever,9.9,37.7,allergies,weight loss,fever,bad breath,vomiting,anorexia,allergies,weight loss,fever,bad breath,vomiting,anorexia,0
dog,beagle,0.5,26.4,dental issues,weakness,lethargy,pain,pain,hyperexcitability,dental issues,weakness,lethargy,pain,pain,hyperexcitability,0
dog,yorkshire terrier,13.3,7.7,allergies,fever,depression,loss of appetite,loss of appetite,pains,allergies,fever,depression,loss of appetite,loss of appetite,pains,0
dog,mixed breed,0.9,7.8,not vaccinated,fever,difficulty in breathing,lethargy,death,pains,not vaccinated,fever,difficulty in breathing,lethargy,death,pains,0
dog,poodle,5.9,6.7,chronic illness,fever,tiredness,headache,skin rashes,pain,chronic illness,fever,tiredness,headache,skin rashes,pain,1
dog,rottweiler,3.9,37.3,recent surgery,fever,dyspnea,coughing,lethargy,anorexia,recent surgery,fever,dyspnea,coughing,lethargy,anorexia,0
dog,labrador retriever,2.9,37.8,dental issues,fever,loss of appetite,rapid pulse and heart rates,lameness in affected leg,depression,dental issues,fever,loss of appetite,rapid pulse and heart rates,lameness in affected leg,depression,0
dog,bulldog,7.1,18.2,skin conditions history,scaly patches of skin,sore,scabs,scartch,hair loss,skin conditions history,scaly patches of skin,sore,scabs,scartch,hair loss,1
dog,boxer,1.6,20.9,previous kidney disease,pain,sneezing,coughing,anorexia,pain,previous kidney disease,pain,sneezing,coughing,anorexia,pain,0
dog,beagle,2.2,20.1,skin conditions history,painfull,weakness,partial paralysis,weight loss,coughing,skin conditions history,painfull,weakness,partial paralysis,weight loss,coughing,1
dog,beagle,8.7,29.5,not vaccinated,redness,pains,thickening of skin,scabs on feet,trachea,not vaccinated,redness,pains,thickening of skin,scabs on feet,trachea,1
dog,yorkshire terrier,3.0,5.3,previous heart condition,vomiting,weakness,coughing,pain,sneezing,previous heart condition,vomiting,weakness,coughing,pain,sneezing,0
dog,mixed breed,11.9,13.8,chronic illness,jaundice,pneumonia,lession on the skin,pain,vomitting,chronic illness,jaundice,pneumonia,lession on the skin,pain,vomitting,1
dog,bulldog,9.7,16.6,previous kidney disease,anorexia,coughing,weakness,anorexia,sneezing,previous kidney disease,anorexia,coughing,weakness,anorexia,sneezing,0
dog,boxer,4.9,15.0,vaccinated,fever,coughing,vomiting,weakness,lethargy,vaccinated,fever,coughing,vomiting,weakness,lethargy,0
dog,yorkshire terrier,13.0,8.8,recent surgery,blooody fluid,pain,lethargy,fever,weight loss,recent surgery,blooody fluid,pain,lethargy,fever,weight loss,0
dog,yorkshire terrier,10.9,7.7,no previous conditions,fever,sneezing,anorexia,fever,weight loss,no previous conditions,fever,sneezing,anorexia,fever,weight loss,0
dog,mixed breed,3.6,24.7,previous kidney disease,weight loss,pain,drop in milk production,coughing,sneezing,previous kidney disease,weight loss,pain,drop in milk production,coughing,sneezing,0
dog,german shepherd,11.5,43.7,no previous conditions,respiratory distress,weight loss,pain,sleeping excessively,vomiting,no previous conditions,respiratory distress,weight loss,pain,sleeping excessively,vomiting,0
dog,german shepherd,11.9,36.2,parasite history,lethargy,shortness of breath.,anorexia,vomiting,weight loss,parasite history,lethargy,shortness of breath.,anorexia,vomiting,weight loss,0
dog,rottweiler,9.7,30.5,recent surgery,ulcers,diarrhea,poor appetite,tarry stool,enlarged lymph nodes,recent surgery,ulcers,diarrhea,poor appetite,tarry stool,enlarged lymph nodes,1
dog,boxer,0.9,26.6,chronic illness,swollen,red-colored,hot udder,milk getting out more watery,milk getting out more thick,chronic illness,swollen,red-colored,hot udder,milk getting out more watery,milk getting out more thick,0
dog,labrador retriever,14.9,45.0,not vaccinated,gasping,coughing,mild weakness,droopy wings,twisted neck,not vaccinated,gasping,coughing,mild weakness,droopy wings,twisted neck,0
dog,german shepherd,6.8,32.4,vaccinated,weight loss,anorexia,lethargy,weight loss,weakness,vaccinated,weight loss,anorexia,lethargy,weight loss,weakness,0
dog,german shepherd,7.1,35.3,no previous conditions,fatigue,chirping,shortness of breath.,loss of appetite,swollen abdomen,no previous conditions,fatigue,chirping,shortness of breath.,loss of appetite,swollen abdomen,0
dog,bulldog,10.1,15.0,vaccinated,diarrhea,vomiting,weakness,weakness,vomiting,vaccinated,diarrhea,vomiting,weakness,weakness,vomiting,0
dog,german shepherd,5.2,28.9,chronic illness,blood from mouth,diarrhea,coughing,lethargy,weight loss,chronic illness,blood from mouth,diarrhea,coughing,lethargy,weight loss,0
dog,yorkshire terrier,8.7,7.5,previous heart condition,coughing,pain,retarded growth,pain,anorexia,previous heart condition,coughing,pain,retarded growth,pain,anorexia,0
dog,labrador retriever,13.4,39.6,previous kidney disease,septic arthritis,fever,coughing,lethargy,coughing,previous kidney disease,septic arthritis,fever,coughing,lethargy,coughing,0
dog,bulldog,4.4,17.5,vaccinated,sneezing,diarrhea,weakness,fever,coughing,vaccinated,sneezing,diarrhea,weakness,fever,coughing,0
dog,bulldog,3.2,24.6,chronic illness,fever,diarrhea,vomiting,blood from mouth,shock,chronic illness,fever,diarrhea,vomiting,blood from mouth,shock,0
dog,german shepherd,6.3,28.2,not vaccinated,poor coat apperence,diarrhea,vomiting,weight loss,dehydration,not vaccinated,poor coat apperence,diarrhea,vomiting,weight loss,dehydration,0
dog,rottweiler,1.2,29.1,recent surgery,upset stomach,diarrhea,vomiting,muscle pain,muscle stiffness,recent surgery,upset stomach,diarrhea,vomiting,muscle pain,muscle stiffness,0
dog,rottweiler,7.8,36.9,vaccinated,sneezing,thrist and urination,weakness,vomiting,fever,vaccinated,sneezing,thrist and urination,weakness,vomiting,fever,0
dog,german shepherd,11.1,38.8,parasite history,abdominal pain,diarrhea,malpresentation,shock,anorexia,parasite history,abdominal pain,diarrhea,malpresentation,shock,anorexia,0
dog,german shepherd,14.9,41.0,previous kidney disease,fetopelvic dispropotion,uteria inertia,malpresentation,death,pains,previous kidney disease,fetopelvic dispropotion,uteria inertia,malpresentation,death,pains,0
dog,beagle,6.5,21.0,chronic illness,sneezing,convulsion,seizuers,weight loss,nasal discharge,chronic illness,sneezing,convulsion,seizuers,weight loss,nasal discharge,0
dog,german shepherd,10.6,31.9,no previous conditions,weight loss,vomiting,diarrhea,unusally thin,shallow breathing,no previous conditions,weight loss,vomiting,diarrhea,unusally thin,shallow breathing,0
dog,bulldog,8.8,25.2,parasite history,weight loss,weakness,diarrhea,weakness,weakness,parasite history,weight loss,weakness,diarrhea,weakness,weakness,0
dog,golden retriever,1.4,36.7,recent surgery,fever,anoxeria,weight loss,lethargy,pain,recent surgery,fever,anoxeria,weight loss,lethargy,pain,0
dog,yorkshire terrier,7.3,4.2,no previous conditions,weakness,stiffness,trembling,white mark on the muscle,loss of vitamin e,no previous conditions,weakness,stiffness,trembling,white mark on the muscle,loss of vitamin e,0
dog,poodle,8.2,3.9,parasite history,pyrexia,oral lesion,swelling,lameness,death,parasite history,pyrexia,oral lesion,swelling,lameness,death,1
dog,beagle,9.6,28.7,skin conditions history,thick crusting,itchiness,pain,watery eye,hair loss,skin conditions history,thick crusting,itchiness,pain,watery eye,hair loss,1
dog,boxer,4.3,24.6,previous heart condition,sneezing,pain,anorexia,sneezing,loss of activity,previous heart condition,sneezing,pain,anorexia,sneezing,loss of activity,0
dog,rottweiler,11.9,32.0,vaccinated,smell of ammonia,sneezing,anorexia,vomiting,anorexia,vaccinated,smell of ammonia,sneezing,anorexia,vomiting,anorexia,0
dog,yorkshire terrier,11.1,7.2,parasite history,weight loss,diarrhea,anorexia,coughing,lethargy,parasite history,weight loss,diarrhea,anorexia,coughing,lethargy,0
dog,golden retriever,0.5,31.6,parasite history,coughing,sneezing,beak overgrowth,weight loss,lethargy,parasite history,coughing,sneezing,beak overgrowth,weight loss,lethargy,0
dog,bulldog,7.6,30.0,previous heart condition,sneezing,kidney failure,lethargy,anorexia,sneezing,previous heart condition,sneezing,kidney failure,lethargy,anorexia,sneezing,0
dog,rottweiler,10.9,36.4,allergies,lethargy,lethargy,bloody in feather,pain,sneezing,allergies,lethargy,lethargy,bloody in feather,pain,sneezing,0
dog,rottweiler,11.5,45.0,not vaccinated,achomotrica,death,pains,dehydration,poor immune function,not vaccinated,achomotrica,death,pains,dehydration,poor immune function,0
dog,labrador retriever,3.7,37.4,allergies,blood in urine,diarrhea,vomiting,lethargy,bleeding in eye and skin,allergies,blood in urine,diarrhea,vomiting,lethargy,bleeding in eye and skin,1
dog,beagle,1.3,18.6,parasite history,anorexia,viability,coughing,tremor,weight loss,parasite history,anorexia,viability,coughing,tremor,weight loss,0
dog,poodle,9.0,8.7,dental issues,coughing,anorexia,lack of vocalizations,weak kids,weight loss,dental issues,coughing,anorexia,lack of vocalizations,weak kids,weight loss,0
dog,yorkshire terrier,9.8,3.3,previous kidney disease,weight loss,stand with head droping,fever,pneumonia,abnormal behaviour,previous kidney disease,weight loss,stand with head droping,fever,pneumonia,abnormal behaviour,0
dog,bulldog,8.2,16.9,skin conditions history,anorexia,coughing,sneezing,sneezing,muscle twiching,skin conditions history,anorexia,coughing,sneezing,sneezing,muscle twitching,1
dog,poodle,5.6,6.6,parasite history,red on affected area,horny growth,wart-like growth,red skin,lesions on ear,parasite history,red on affected area,horny growth,wart-like growth,red skin,lesions on ear,1
dog,golden retriever,0.5,29.3,allergies,sneezing,weakness,fever,sneezing,weakness,allergies,sneezing,weakness,fever,sneezing,weakness,0
dog,beagle,9.2,24.2,vaccinated,fever,diarrhea,depression,scratches,weight loss,vaccinated,fever,diarrhea,depression,scratches,weight loss,0
dog,golden retriever,6.6,37.1,recent surgery,cough,sneeze,droopy wings,twisted neck,droopy wings,recent surgery,cough,sneeze,droopy wings,twisted neck,droopy wings,0
dog,beagle,8.2,27.8,no previous conditions,pains,fever,dullness,skin rashes,dullness,no previous conditions,pains,fever,dullness,skin rashes,dullness,1
dog,yorkshire terrier,7.5,5.3,skin conditions history,stop eating,pains,weight loss,change their normal behaviour,stop drinking,skin conditions history,stop eating,pains,weight loss,change their normal behaviour,stop drinking,1
dog,rottweiler,7.6,29.0,allergies,fever,depression,attack,bite other animals,pain,allergies,fever,depression,attack,bite other animals,pain,0
dog,german shepherd,12.6,36.7,no previous conditions,weakness,lumps,nostrils,feather loss,weak calves,no previous conditions,weakness,lumps,nostrils,feather loss,weak calves,0
dog,bulldog,4.6,20.0,allergies,weight loss,coughing,weight loss,fever,lethargy,allergies,weight loss,coughing,weight loss,fever,lethargy,0
dog,labrador retriever,4.1,37.0,vaccinated,wasting,sneezing,fever,lethargy,diarrhea,vaccinated,wasting,sneezing,fever,lethargy,diarrhea,0
dog,poodle,2.1,9.1,allergies,weakness,lethargy,weight loss,fever,coughing,allergies,weakness,lethargy,weight loss,fever,coughing,0
dog,golden retriever,12.2,37.6,previous kidney disease,lethargy,sneezing,vomiting,lethargy,diarrhea,previous kidney disease,lethargy,sneezing,vomiting,lethargy,diarrhea,0
dog,german shepherd,0.8,33.6,not vaccinated,dyspnea,neurologic sign,coughing,depression,anorexia,not vaccinated,dyspnea,neurologic sign,coughing,depression,anorexia,0
dog,beagle,2.2,26.2,previous heart condition,weight loss,diarrhea,anorexia,tiredness,weakness,previous heart condition,weight loss,diarrhea,anorexia,tiredness,weakness,0
dog,golden retriever,9.8,33.0,not vaccinated,discharge from eyes,redness of eye,blindness,scartches,pains,not vaccinated,discharge from eyes,redness of eye,blindness,scartches,pains,0
dog,yorkshire terrier,5.1,6.4,previous kidney disease,sneezing,sneezing,anorexia,anorexia,pain,previous kidney disease,sneezing,sneezing,anorexia,anorexia,pain,0
dog,bulldog,8.5,22.3,skin conditions history,egg production decreases,stunted growth,blindness,distinctive bumps,facial swelling,skin conditions history,egg production decreases,stunted growth,blindness,distinctive bumps,facial swelling,1
dog,rottweiler,14.6,33.9,allergies,loss od appetite,wheezing,seizuers,skin rashes,fatique,allergies,loss od appetite,wheezing,seizuers,skin rashes,fatique,1
dog,german shepherd,9.5,38.3,parasite history,weight loss,pain,lethargy,weakness,swollen abdomen,parasite history,weight loss,pain,lethargy,weakness,swollen abdomen,0
dog,poodle,7.0,7.1,chronic illness,weight loss,pain,tremor,weakness,fever,chronic illness,weight loss,pain,tremor,weakness,fever,0
dog,mixed breed,11.5,40.0,dental issues,fever,weight loss,diarrhea,pain,lethargy,dental issues,fever,weight loss,diarrhea,pain,lethargy,0
dog,beagle,11.2,30.0,previous heart condition,coughing,lethargy,weakness,lethargy,sneezing,previous heart condition,coughing,lethargy,weakness,lethargy,sneezing,0
dog,rottweiler,10.3,25.0,skin conditions history,pain,weight loss,vomiting,edema,foot hot,skin conditions history,pain,weight loss,vomiting,edema,foot hot,1
dog,boxer,1.0,25.7,no previous conditions,puffed_up feather,less eat,headache,half-closed eye,seizures,no previous conditions,puffed_up feather,less eat,headache,half-closed eye,seizures,0
dog,boxer,13.7,22.6,no previous conditions,shortness of breath.,fatigue,chirping,loss of appetite,swollen abdomen,no previous conditions,shortness of breath.,fatigue,chirping,loss of appetite,swollen abdomen,0
dog,german shepherd,10.8,38.3,allergies,halitosis,coughing,weight loss,enteritis,air sacculitis,allergies,halitosis,coughing,weight loss,enteritis,air sacculitis,0
dog,poodle,5.4,6.9,previous heart condition,loss of appetite,vomiting,coughing,snoring,fluffed feather,previous heart condition,loss of appetite,vomiting,coughing,snoring,fluffed feather,0
dog,rottweiler,6.5,25.0,not vaccinated,anorexia,weakness,weakness,diarrhea,vomiting,not vaccinated,anorexia,weakness,weakness,diarrhea,vomiting,0
dog,rottweiler,1.9,37.7,no previous conditions,fever,swelling,loss of appetite,anorexia,weight loss,no previous conditions,fever,swelling,loss of appetite,anorexia,weight loss,0
dog,german shepherd,12.5,31.1,no previous conditions,difficulty in feeding,teeth griding,lethargy,loss of consciousness,anorexia,no previous conditions,difficulty in feeding,teeth griding,lethargy,loss of consciousness,anorexia,0
dog,beagle,11.9,29.7,vaccinated,fever,sneezing,anorexia,weight loss,pain,vaccinated,fever,sneezing,anorexia,weight loss,pain,0
dog,beagle,10.3,30.0,dental issues,weight loss,coughing,unable to exercise,weight loss,sneezing,dental issues,weight loss,coughing,unable to exercise,weight loss,sneezing,0
dog,golden retriever,4.8,40.2,chronic illness,fever,vomiting,lethargy,pain,flaky,chronic illness,fever,vomiting,lethargy,pain,flaky,0
dog,yorkshire terrier,12.5,6.6,no previous conditions,fever,weakened legs,los of the ability to walk,weight loss,lameness,no previous conditions,fever,weakened legs,los of the ability to walk,weight loss,lameness,0
dog,german shepherd,9.2,35.5,not vaccinated,lethargy,diarrhea,anorexia,pain,puffed_up feather,not vaccinated,lethargy,diarrhea,anorexia,pain,puffed_up feather,0
dog,golden retriever,10.4,38.1,chronic illness,restlessness,kick,lethargy,nible at their wool,scratching,chronic illness,restlessness,kick,lethargy,nible at their wool,scratching,0
dog,mixed breed,8.3,19.7,parasite history,fever,pain,forthy eye,coughing,weakness,parasite history,fever,pain,forthy eye,coughing,weakness,0
dog,labrador retriever,12.8,39.9,previous kidney disease,pain,sneezing,diarrhea,vomiting,pain,previous kidney disease,pain,sneezing,diarrhea,vomiting,pain,0
dog,boxer,15.0,20.3,previous kidney disease,diarrhea,sneezing,chewing,egg production stops,anorexia,previous kidney disease,diarrhea,sneezing,chewing,egg production stops,anorexia,0
dog,mixed breed,10.3,5.0,chronic illness,coughing,vomiting,anorexia,weakness,lesions on nose,chronic illness,coughing,vomiting,anorexia,weakness,lesions on nose,1
dog,bulldog,10.7,21.8,chronic illness,fever,less feather growth,coughing,sneezing,torticollis,chronic illness,fever,less feather growth,coughing,sneezing,torticollis,0
dog,poodle,0.5,3.6,chronic illness,sneezing,weakness,weakness,lethargy,sneezing,chronic illness,sneezing,weakness,weakness,lethargy,sneezing,0
dog,bulldog,3.3,17.6,previous heart condition,fluffed feather,loss of appetite,coughing,vomiting,snoring,previous heart condition,fluffed feather,loss of appetite,coughing,vomiting,snoring,0
dog,labrador retriever,3.1,32.0,chronic illness,radip onset,stiff,muscle trembling,weakness,death,chronic illness,radip onset,stiff,muscle trembling,weakness,death,0
dog,labrador retriever,0.5,43.6,vaccinated,weight loss,diarrhea,carcass decomposes,anorexia,vomiting,vaccinated,weight loss,diarrhea,carcass decomposes,anorexia,vomiting,0
dog,golden retriever,9.8,27.0,no previous conditions,coughing,fever,weakness,pain,diarrhea,no previous conditions,coughing,fever,weakness,pain,diarrhea,0
dog,german shepherd,9.9,30.1,parasite history,egg production stops,broody behavior,loss of appetite,weight loss,constipation,parasite history,egg production stops,broody behavior,loss of appetite,weight loss,constipation,0
dog,mixed breed,3.5,39.0,skin conditions history,fever,weight loss,abnormal conformation,severe swellimg,trachea,skin conditions history,fever,weight loss,abnormal conformation,severe swellimg,trachea,1
dog,boxer,3.3,20.3,vaccinated,sneezing,weakness,lethargy,diarrhea,weight loss,vaccinated,sneezing,weakness,lethargy,diarrhea,weight loss,0
dog,german shepherd,6.7,26.8,not vaccinated,fever,anorexia,pain,raw,weight loss,not vaccinated,fever,anorexia,pain,raw,weight loss,0
dog,german shepherd,9.3,37.2,parasite history,fever,diarrhea,bloody droping,abdominal discomfort,lethargy,parasite history,fever,diarrhea,bloody droping,abdominal discomfort,lethargy,0
dog,poodle,6.4,5.5,skin conditions history,attack,coughing,respiratory distress,weakness,weakness,skin conditions history,attack,coughing,respiratory distress,weakness,weakness,1
dog,beagle,2.4,32.9,previous kidney disease,depression,lameness in affected leg,fever,swollen teats,loss of appetite,previous kidney disease,depression,lameness in affected leg,fever,swollen teats,loss of appetite,0
dog,golden retriever,2.8,41.5,recent surgery,respiratory distress,fever,seizuers,hyperesthesia,sudden death,recent surgery,respiratory distress,fever,seizuers,hyperesthesia,sudden death,0
dog,yorkshire terrier,1.8,6.9,allergies,lethargy,sneezing,lethargy,anorexia,vomiting,allergies,lethargy,sneezing,lethargy,anorexia,vomiting,0
dog,rottweiler,8.8,32.9,not vaccinated,fever,difficulty in breathing,rub,coughing,sneezing,not vaccinated,fever,difficulty in breathing,rub,coughing,sneezing,0
dog,poodle,10.2,7.2,parasite history,coughing,sneezing,vomiting,vomiting,weakness,parasite history,coughing,sneezing,vomiting,vomiting,weakness,0
dog,mixed breed,8.3,10.5,parasite history,lethargy,anorexia,vomiting,weakness,vomiting,parasite history,lethargy,anorexia,vomiting,weakness,vomiting,0
dog,bulldog,11.9,14.9,previous heart condition,fluif filled blisters,mammary glads,los of the ability to walk,weakened legs,fever,previous heart condition,fluif filled blisters,mammary glads,los of the ability to walk,weakened legs,fever,0
dog,labrador retriever,8.0,25.0,previous heart condition,fever,thrist and urination,lethargy,anorexia,diarrhea,previous heart condition,fever,thrist and urination,lethargy,anorexia,diarrhea,0
dog,mixed breed,6.9,25.3,recent surgery,fever,pain,malaise,weight loss,weakness,recent surgery,fever,pain,malaise,weight loss,weakness,0
dog,german shepherd,1.0,33.1,no previous conditions,poor wool,loss of appetite,lameness,small size,poor body condition,no previous conditions,poor wool,loss of appetite,lameness,small size,poor body condition,0
dog,mixed breed,10.6,16.1,previous heart condition,hyperexcitability,coughing,bony lesion,stand with head droping,sneezing,previous heart condition,hyperexcitability,coughing,bony lesion,stand with head droping,sneezing,1
dog,german shepherd,8.6,44.1,chronic illness,vomiting,sensitive to touch,vomiting,lethargy,fever,chronic illness,vomiting,sensitive to touch,vomiting,lethargy,fever,0
dog,labrador retriever,7.8,27.3,no previous conditions,pain,heavy breathing,anorexia,sneezing,diarrhea,no previous conditions,pain,heavy breathing,anorexia,sneezing,diarrhea,0
dog,german shepherd,14.6,35.0,parasite history,pain,weakness,lethargy,anorexia,fever,parasite history,pain,weakness,lethargy,anorexia,fever,0
dog,german shepherd,7.4,40.2,not vaccinated,weakness,fever,anorexia,dry scabs,exhaustion,not vaccinated,weakness,fever,anorexia,dry scabs,exhaustion,1
dog,rottweiler,10.0,34.8,recent surgery,sneezing,vomiting,weight loss,stomatitis,lethargy,recent surgery,sneezing,vomiting,weight loss,stomatitis,lethargy,0
dog,rottweiler,6.7,43.2,no previous conditions,severe swellimg,fever,decreased milk,noisy breathing,weakness,no previous conditions,severe swellimg,fever,decreased milk,noisy breathing,weakness,0
dog,boxer,7.4,24.0,skin conditions history,sneezing,lethargy,weight loss,weakness,vomiting,skin conditions history,sneezing,lethargy,weight loss,weakness,vomiting,1
dog,yorkshire terrier,5.6,3.0,parasite history,coughing,enlarged lymph nodes or swelling,lethargy,sneezing,anorexia,parasite history,coughing,enlarged lymph nodes or swelling,lethargy,sneezing,anorexia,0
dog,poodle,11.6,3.6,allergies,fever,respiratory distress,seizuers,hyperesthesia,sudden death,allergies,fever,respiratory distress,seizuers,hyperesthesia,sudden death,0
dog,poodle,11.9,6.1,previous heart condition,severe kerititis,conjunctive,discharge,iris prolapse,loss of eye,previous heart condition,severe kerititis,conjunctive,discharge,iris prolapse,loss of eye,0
dog,yorkshire terrier,6.8,5.7,recent surgery,death,carcass decomposes,straw colored,haemorrhage,abdominal pain,recent surgery,death,carcass decomposes,straw colored,haemorrhage,abdominal pain,0
dog,german shepherd,11.1,25.7,parasite history,fever,hemolytic anemia,hemoglobinuria,pulmonary congestion,jaundice,parasite history,fever,hemolytic anemia,hemoglobinuria,pulmonary congestion,jaundice,0
dog,german shepherd,9.6,31.8,skin conditions history,dyspnea,difficulty in breathing,coughing,lethargy,nasal discharge,skin conditions history,dyspnea,difficulty in breathing,coughing,lethargy,nasal discharge,1
dog,golden retriever,12.3,31.8,recent surgery,abscessess,diarrhea,anorexia,muscular stiffness,gasping,recent surgery,abscessess,diarrhea,anorexia,muscular stiffness,gasping,0
dog,poodle,9.6,7.4,no previous conditions,drooping wings,lethargy,weakness,attacks,coughing,no previous conditions,drooping wings,lethargy,weakness,attacks,coughing,0
dog,mixed breed,3.3,26.7,no previous conditions,decreased milk,holding limbs off the ground,weight loss,lameness,wool production,no previous conditions,decreased milk,holding limbs off the ground,weight loss,lameness,wool production,0
dog,labrador retriever,8.0,25.6,parasite history,dehydration,vomiting,no appp,watering,lethargy,parasite history,dehydration,vomiting,no appp,watering,lethargy,0
dog,labrador retriever,6.5,37.8,previous kidney disease,greenish-yellow nasal discharge,lack of pigmentation,vomiting,lethargy,pain on face,previous kidney disease,greenish-yellow nasal discharge,lack of pigmentation,vomiting,lethargy,pain on face,0
dog,beagle,4.3,24.9,no previous conditions,fever,weight loss,fever,weight loss,vomiting,no previous conditions,fever,weight loss,fever,weight loss,vomiting,0
dog,boxer,11.6,26.1,not vaccinated,immediate death,difficulty in breathing,blue colored lip,bloody discharge,neurologic abnormalities,not vaccinated,immediate death,difficulty in breathing,blue colored lip,bloody discharge,neurologic abnormalities,0
dog,yorkshire terrier,9.1,10.4,not vaccinated,fever,diarrhea,swelling,weight loss,pain,not vaccinated,fever,diarrhea,swelling,weight loss,pain,0
dog,beagle,10.7,20.9,no previous conditions,lethargy,pain,sneezing,diarrhea,scabbing,no previous conditions,lethargy,pain,sneezing,diarrhea,scabbing,1
dog,rottweiler,1.6,41.0,vaccinated,short term lethargy,loss of  appetite,weekness in the back legs,rapid heart rate,week pulse,vaccinated,short term lethargy,loss of appetite,weekness in the back legs,rapid heart rate,week pulse,0
dog,mixed breed,12.2,17.2,parasite history,lesions on nose,noisy breathing,vomiting,lesions in the nasal cavity,lesions on nose,parasite history,lesions on nose,noisy breathing,vomiting,lesions in the nasal cavity,lesions on nose,1
dog,bulldog,5.4,21.4,previous kidney disease,lack of pigmentation,pain on face,lethargy,sneezing,greenish-yellow nasal discharge,previous kidney disease,lack of pigmentation,pain on face,lethargy,sneezing,greenish-yellow nasal discharge,0
dog,rottweiler,5.0,36.8,parasite history,vomiting,anorexia,fever,vomiting,weight loss,parasite history,vomiting,anorexia,fever,vomiting,weight loss,0
dog,boxer,11.5,24.6,vaccinated,flock moratality,shaking oh head,coughing,weakness,lethargy,vaccinated,flock moratality,shaking oh head,coughing,weakness,lethargy,0
dog,bulldog,6.3,28.2,chronic illness,lethargy,weight loss,diarrhea,weakness,fever,chronic illness,lethargy,weight loss,diarrhea,weakness,fever,0
dog,bulldog,4.0,23.4,previous kidney disease,fever,loss of appetite,lameness,rump,weight loss,previous kidney disease,fever,loss of appetite,lameness,rump,weight loss,0
dog,bulldog,14.9,26.7,not vaccinated,sores on lip,infection,sores on lower leg and teats,lesion,pain,not vaccinated,sores on lip,infection,sores on lower leg and teats,lesion,pain,1
dog,yorkshire terrier,15.0,7.1,previous heart condition,fever,hepatitis,pain,anorexia,coughing,previous heart condition,fever,hepatitis,pain,anorexia,coughing,0
dog,labrador retriever,8.7,26.4,recent surgery,sneezing,weakness,liquid dropping,swollen abdomen,muscle stiffness,recent surgery,sneezing,weakness,liquid dropping,swollen abdomen,muscle stiffness,0
dog,beagle,6.6,22.3,parasite history,weight loss,lethargy,weight loss,coughing,circling,parasite history,weight loss,lethargy,weight loss,coughing,circling,0
dog,beagle,0.9,20.2,dental issues,fever,loss of appetite,scartches,death,pains,dental issues,fever,loss of appetite,scartches,death,pains,0
dog,boxer,10.0,23.8,chronic illness,fever,tiredness,headache,skin rashes,pain,chronic illness,fever,tiredness,headache,skin rashes,pain,1
dog,beagle,8.1,24.9,vaccinated,weight loss,scratches,diarrhea,fever,depression,vaccinated,weight loss,scratches,diarrhea,fever,depression,0
dog,german shepherd,10.7,44.6,allergies,fever,loss of appetite,rapid pulse and heart rates,lameness in affected leg,depression,allergies,fever,loss of appetite,rapid pulse and heart rates,lameness in affected leg,depression,0
dog,golden retriever,9.4,30.1,parasite history,fluif faeces on blood and muscle,sudden death,blooody fluid,red diarrhea,faeces are streake with blood,parasite history,fluif faeces on blood and muscle,sudden death,blooody fluid,red diarrhea,faeces are streake with blood,0
dog,boxer,7.6,15.0,not vaccinated,fever,occular discharge,weight loss,swollen teats,fever,not vaccinated,fever,occular discharge,weight loss,swollen teats,fever,0
dog,yorkshire terrier,3.4,8.4,previous heart condition,fetopelvic dispropotion,uteria inertia,malpresentation,death,pains,previous heart condition,fetopelvic dispropotion,uteria inertia,malpresentation,death,pains,0
dog,golden retriever,9.0,44.7,dental issues,discomfort,loss of appetite,bloody diarrhea,profuse,pains,dental issues,discomfort,loss of appetite,bloody diarrhea,profuse,pains,0
dog,poodle,6.8,3.6,vaccinated,coughing,dizzines,anorexia,vomiting,weakness,vaccinated,coughing,dizzines,anorexia,vomiting,weakness,0
dog,golden retriever,9.3,28.7,parasite history,fluif faeces on blood and muscle,sudden death,blooody fluid,red diarrhea,faeces are streake with blood,parasite history,fluif faeces on blood and muscle,sudden death,blooody fluid,red diarrhea,faeces are streake with blood,0
dog,beagle,7.1,21.6,skin conditions history,lethargy,wandering,weakness,spines,recumbency,skin conditions history,lethargy,wandering,weakness,spines,recumbency,1
dog,boxer,2.6,27.6,recent surgery,diarrhea,diarrhea,hind quarted soil,enlarged lymph nodes or swelling,loss in weight,recent surgery,diarrhea,diarrhea,hind quarted soil,enlarged lymph nodes or swelling,loss in weight,0
dog,yorkshire terrier,6.6,3.9,skin conditions history,pains,death,fetopelvic dispropotion,malpresentation,uteria inertia,skin conditions history,pains,death,fetopelvic dispropotion,malpresentation,uteria inertia,1
dog,beagle,8.3,21.0,recent surgery,lethargy,fever,abnormal behaviour,anorexia,anorexia,recent surgery,lethargy,fever,abnormal behaviour,anorexia,anorexia,0
dog,rottweiler,13.1,25.0,skin conditions history,weight loss,diarrhea,vomiting,weight loss,fever,skin conditions history,weight loss,diarrhea,vomiting,weight loss,fever,1
dog,mixed breed,9.1,33.6,not vaccinated,most often none,dyspnea,pain,sneezing,nasal discharge,not vaccinated,most often none,dyspnea,pain,sneezing,nasal discharge,0
dog,beagle,10.0,28.6,skin conditions history,fever,weakness,diarrhea,pain,abnormal behaviour,skin conditions history,fever,weakness,diarrhea,pain,abnormal behaviour,1
dog,golden retriever,8.2,37.7,chronic illness,skin rashes,lameness,dry scabs,swelling,small and yellow bumps,chronic illness,skin rashes,lameness,dry scabs,swelling,small and yellow bumps,1
dog,german shepherd,13.3,35.5,skin conditions history,diarrhea,sneezing,diarrhea,coughing,sneezing,skin conditions history,diarrhea,sneezing,diarrhea,coughing,sneezing,1
dog,mixed breed,0.5,18.8,chronic illness,muscle weakness,vomiting,pain,liver disease,weakness,chronic illness,muscle weakness,vomiting,pain,liver disease,weakness,0
dog,beagle,8.3,21.8,not vaccinated,lethargy,conjuctivtis,coughing,sneezing,coughing,not vaccinated,lethargy,conjuctivtis,coughing,sneezing,coughing,0
dog,beagle,3.3,16.7,recent surgery,sneezing,coughing,sneezing,weight loss,diarrhea,recent surgery,sneezing,coughing,sneezing,weight loss,diarrhea,0
dog,poodle,10.0,3.7,chronic illness,loss of appetite,nausea,pain and bloating,vomiting,experiencing changes in weight,chronic illness,loss of appetite,nausea,pain and bloating,vomiting,experiencing changes in weight,0
dog,poodle,3.7,6.6,previous heart condition,sneezing,anorexia,weight loss,skin irritation,lethargy,previous heart condition,sneezing,anorexia,weight loss,skin irritation,lethargy,1
dog,beagle,7.4,15.5,no previous conditions,swollen left abdomen,urination,extension of neck,staggering,lying down,no previous conditions,swollen left abdomen,urination,extension of neck,staggering,lying down,0
dog,yorkshire terrier,7.1,4.4,no previous conditions,fever,diarrhea,poor appetite,weight loss,vomitting,no previous conditions,fever,diarrhea,poor appetite,weight loss,vomitting,0
dog,poodle,14.2,4.7,chronic illness,fever,weight loss,lethargy,weakness,coughing,chronic illness,fever,weight loss,lethargy,weakness,coughing,0
dog,poodle,14.9,8.1,chronic illness,fever,loss of  appetite,coughing,lethargy,joint pain,chronic illness,fever,loss of appetite,coughing,lethargy,joint pain,0
dog,golden retriever,9.4,41.2,vaccinated,cough,difficulty swallowing,extending its neck,gasping for air,difficulty swallowing,vaccinated,cough,difficulty swallowing,extending its neck,gasping for air,difficulty swallowing,0
dog,poodle,4.1,7.8,not vaccinated,skin rashes,loss od appetite,seizuers,wheezing,fatique,not vaccinated,skin rashes,loss od appetite,seizuers,wheezing,fatique,1
dog,golden retriever,6.3,34.8,chronic illness,anorexia,lethargy,diarrhea,anorexia,anorexia,chronic illness,anorexia,lethargy,diarrhea,anorexia,anorexia,0
dog,yorkshire terrier,4.8,6.1,chronic illness,coughing,sneezing,blood stool,facial muscle twitching,coughing,chronic illness,coughing,sneezing,blood stool,facial muscle twitching,coughing,1
dog,boxer,7.5,30.8,previous kidney disease,sick,loss of appetite,death,watery diarrhea dispropotion,corneal ulceration,previous kidney disease,sick,loss of appetite,death,watery diarrhea dispropotion,corneal ulceration,1
dog,german shepherd,9.1,39.2,chronic illness,sneezing,sneezing,anorexia,severe swellimg,pain,chronic illness,sneezing,sneezing,anorexia,severe swellimg,pain,0
dog,yorkshire terrier,9.3,4.5,dental issues,sneezing,lethargy,diarrhea,coughing,diarrhea,dental issues,sneezing,lethargy,diarrhea,coughing,diarrhea,0
dog,poodle,9.0,7.9,previous kidney disease,weight loss,sneezing,coughing,fever,weight loss,previous kidney disease,weight loss,sneezing,coughing,fever,weight loss,0
dog,german shepherd,8.3,36.8,recent surgery,vomiting,weakness,sneezing,diarrhea,weakness,recent surgery,vomiting,weakness,sneezing,diarrhea,weakness,0
dog,boxer,3.4,15.2,no previous conditions,lethargy,weight loss,pain,sneezing,fever,no previous conditions,lethargy,weight loss,pain,sneezing,fever,0
dog,labrador retriever,8.9,42.0,recent surgery,loss of appetite,depression,pains,loss of appetite,fever,recent surgery,loss of appetite,depression,pains,loss of appetite,fever,0
dog,german shepherd,5.5,38.1,skin conditions history,tremors of the head,pain,neck paralysis,coughing,blue straws,skin conditions history,tremors of the head,pain,neck paralysis,coughing,blue straws,1
dog,german shepherd,8.6,44.5,skin conditions history,sneezing,fever,anorexia,lethargy,weakness,skin conditions history,sneezing,fever,anorexia,lethargy,weakness,1
dog,yorkshire terrier,13.6,5.8,vaccinated,swelling,larynx,swelling on jaw,hoarseness,neck vein swelling,vaccinated,swelling,larynx,swelling on jaw,hoarseness,neck vein swelling,0
dog,mixed breed,7.9,40.0,skin conditions history,gas,lethargy,anorexia,anorexia,weight loss,skin conditions history,gas,lethargy,anorexia,anorexia,weight loss,1
dog,mixed breed,5.4,27.9,previous kidney disease,loss of appetite,oxygen defiency,weight loss,fever,weight loss,previous kidney disease,loss of appetite,oxygen defiency,weight loss,fever,weight loss,0
dog,boxer,6.4,29.6,previous kidney disease,diarrhea,paresis,diarrhea,weight loss,vomiting,previous kidney disease,diarrhea,paresis,diarrhea,weight loss,vomiting,0
dog,german shepherd,13.6,33.8,skin conditions history,vomiting,lethargy,lethargy,yellowish discharge,sneezing,skin conditions history,vomiting,lethargy,lethargy,yellowish discharge,sneezing,1
dog,rottweiler,10.7,32.1,no previous conditions,lethargy,swelling of face or leg,lethargy,diarrhea,weakness,no previous conditions,lethargy,swelling of face or leg,lethargy,diarrhea,weakness,0
dog,mixed breed,7.4,16.8,chronic illness,lethargy,vomiting,anorexia,pain,vomiting,chronic illness,lethargy,vomiting,anorexia,pain,vomiting,0
dog,rottweiler,14.8,41.6,vaccinated,lethargy,nasal discharge,swelling,loss of appetite,blindness,vaccinated,lethargy,nasal discharge,swelling,loss of appetite,blindness,0
dog,rottweiler,6.4,28.7,vaccinated,stealing,nesting behaviour,isolation from flock,pains,pawing at bedding,vaccinated,stealing,nesting behaviour,isolation from flock,pains,pawing at bedding,0
dog,poodle,4.6,7.4,not vaccinated,loss od appetite,wheezing,seizuers,skin rashes,fatique,not vaccinated,loss od appetite,wheezing,seizuers,skin rashes,fatique,1
dog,boxer,6.0,19.9,allergies,fever,skin ulcer,weak kids,prostrat,sneezing,allergies,fever,skin ulcer,weak kids,prostrat,sneezing,1
dog,yorkshire terrier,5.2,6.3,dental issues,sneezing,diarrhea,pain,coughing,anorexia,dental issues,sneezing,diarrhea,pain,coughing,anorexia,0
dog,labrador retriever,16.0,27.6,dental issues,difficulty walking,lethargy,back pain,swollen lymph nodes,vaginal discharge,dental issues,difficulty walking,lethargy,back pain,swollen lymph nodes,vaginal discharge,0
dog,bulldog,5.9,15.0,vaccinated,circling,fever,sneezing,vomiting,fever,vaccinated,circling,fever,sneezing,vomiting,fever,0
dog,mixed breed,6.7,39.3,skin conditions history,coughing,sneezing,lethargy,sick,vomiting,skin conditions history,coughing,sneezing,lethargy,sick,vomiting,1
dog,mixed breed,4.1,31.2,dental issues,air sacculitis,halitosis,coughing,enteritis,weight loss,dental issues,air sacculitis,halitosis,coughing,enteritis,weight loss,0
dog,poodle,8.2,8.5,allergies,weight loss,diarrhea,weakness,lethargy,diarrhea,allergies,weight loss,diarrhea,weakness,lethargy,diarrhea,0
dog,bulldog,5.2,19.4,parasite history,weakness,beak overgrowth,sneezing,vomiting,vomiting,parasite history,weakness,beak overgrowth,sneezing,vomiting,vomiting,0
dog,rottweiler,14.0,25.0,no previous conditions,weight loss,vomiting,weakness,fever,fever,no previous conditions,weight loss,vomiting,weakness,fever,fever,0
dog,german shepherd,4.2,31.7,allergies,fetopelvic dispropotion,uteria inertia,malpresentation,death,pains,allergies,fetopelvic dispropotion,uteria inertia,malpresentation,death,pains,0
dog,poodle,5.9,6.3,vaccinated,unable to eat,floopy muscle,sneezing,coughing,pain,vaccinated,unable to eat,floopy muscle,sneezing,coughing,pain,0
dog,boxer,12.3,27.1,recent surgery,fever,inflammed eye,coughing,depression,limping,recent surgery,fever,inflammed eye,coughing,depression,limping,0
dog,mixed breed,4.7,5.0,allergies,scratching,lethargy,bald patches,weakness,diarrhea,allergies,scratching,lethargy,bald patches,weakness,diarrhea,0
dog,labrador retriever,2.8,44.4,vaccinated,tail wagging,straining,lethargy,weakness,diarrhea,vaccinated,tail wagging,straining,lethargy,weakness,diarrhea,0
dog,german shepherd,6.5,28.5,dental issues,forthy eye,weakness,swelling,torticollis,emaciation,dental issues,forthy eye,weakness,swelling,torticollis,emaciation,0
dog,beagle,8.2,22.1,previous heart condition,anorexia,weakness,diarrhea,weakness,fever,previous heart condition,anorexia,weakness,diarrhea,weakness,fever,0
dog,rottweiler,11.0,39.5,no previous conditions,vomiting,anorexia,abortion,vomiting,coughing,no previous conditions,vomiting,anorexia,abortion,vomiting,coughing,0
dog,rottweiler,6.9,35.7,chronic illness,neck paralysis,pain,lethargy,coughing,fever,chronic illness,neck paralysis,pain,lethargy,coughing,fever,0
dog,bulldog,6.7,25.6,allergies,fever,weight loss,lethargy,pain,paralysis,allergies,fever,weight loss,lethargy,pain,paralysis,0
dog,rottweiler,13.9,34.5,previous kidney disease,willnot run to jump,fast breathing,weakness,sneezing,sneezing,previous kidney disease,willnot run to jump,fast breathing,weakness,sneezing,sneezing,0
dog,mixed breed,11.8,17.6,dental issues,fetopelvic dispropotion,uteria inertia,malpresentation,death,pains,dental issues,fetopelvic dispropotion,uteria inertia,malpresentation,death,pains,0
dog,golden retriever,1.3,26.6,not vaccinated,lethargy,weekness in the back legs,anorexia,pain,fever,not vaccinated,lethargy,weekness in the back legs,anorexia,pain,fever,0
dog,rottweiler,15.3,39.2,skin conditions history,fever,swelling of face or leg,poor appetite,depression,pains,skin conditions history,fever,swelling of face or leg,poor appetite,depression,pains,1
dog,german shepherd,7.3,39.0,vaccinated,weight loss,coughing,scartch,weight loss,diarrhea,vaccinated,weight loss,coughing,scartch,weight loss,diarrhea,0
dog,boxer,15.1,16.4,no previous conditions,fever,tachypea,swelling of head and neck,anorexia,nasal discharge,no previous conditions,fever,tachypea,swelling of head and neck,anorexia,nasal discharge,0
dog,mixed breed,4.4,40.0,chronic illness,fever,weight loss,lethargy,weight loss,lethargy,chronic illness,fever,weight loss,lethargy,weight loss,lethargy,0
dog,beagle,15.0,23.8,allergies,sneezing,anorexia,weight loss,lethargy,anorexia,allergies,sneezing,anorexia,weight loss,lethargy,anorexia,0
dog,yorkshire terrier,11.1,10.0,previous heart condition,coughing,fever,coughing,weight loss,weakness,previous heart condition,coughing,fever,coughing,weight loss,weakness,0
dog,mixed breed,4.8,13.0,previous heart condition,lack of walking,lack of flying,roughened,dehydration,pains,previous heart condition,lack of walking,lack of flying,roughened,dehydration,pains,0
dog,golden retriever,9.0,29.4,allergies,fluif faeces on blood and muscle,faeces are streake with blood,blooody fluid,sudden death,red diarrhea,allergies,fluif faeces on blood and muscle,faeces are streake with blood,blooody fluid,sudden death,red diarrhea,0
dog,beagle,9.2,27.5,allergies,thick crusting,itchiness,hair loss,watery eye,pain,allergies,thick crusting,itchiness,hair loss,watery eye,pain,1
dog,yorkshire terrier,2.7,7.8,previous kidney disease,coughing,weight loss,vomiting,weight loss,redness,previous kidney disease,coughing,weight loss,vomiting,weight loss,redness,0
dog,yorkshire terrier,5.0,5.8,chronic illness,fever,diarrhea,vomiting,vomiting,coughing,chronic illness,fever,diarrhea,vomiting,vomiting,coughing,0
dog,mixed breed,13.9,33.4,recent surgery,vomiting,reduce reproductive potential,anorexia,weakness,diarrhea,recent surgery,vomiting,reduce reproductive potential,anorexia,weakness,diarrhea,0
dog,beagle,6.3,23.8,previous kidney disease,vomiting,pain,diarrhea,lethargy,hot udder,previous kidney disease,vomiting,pain,diarrhea,lethargy,hot udder,0
dog,labrador retriever,6.2,30.5,parasite history,retching,weakness,weakness,vomiting,diarrhea,parasite history,retching,weakness,weakness,vomiting,diarrhea,0
dog,yorkshire terrier,14.1,5.9,chronic illness,swelling,larynx,swelling on jaw,hoarseness,neck vein swelling,chronic illness,swelling,larynx,swelling on jaw,hoarseness,neck vein swelling,0
dog,poodle,1.7,7.3,chronic illness,foul smelling,dullness,dirty,stained wool,tail shaking,chronic illness,foul smelling,dullness,dirty,stained wool,tail shaking,0
dog,labrador retriever,5.5,34.9,no previous conditions,pain,pain,fever,lying down,vomiting,no previous conditions,pain,pain,fever,lying down,vomiting,0
dog,poodle,9.6,3.9,skin conditions history,nausea,vomiting,loss of appetite,experiencing changes in weight,pain and bloating,skin conditions history,nausea,vomiting,loss of appetite,experiencing changes in weight,pain and bloating,1
dog,german shepherd,2.5,27.6,chronic illness,fever,difficulty breathing,poor appetite,eye and skin change,unable to exercise,chronic illness,fever,difficulty breathing,poor appetite,eye and skin change,unable to exercise,1
dog,boxer,11.0,25.1,previous heart condition,emaciation,edema in lower jaw,coughing,shivering,anemia,previous heart condition,emaciation,edema in lower jaw,coughing,shivering,anemia,0
dog,poodle,10.7,5.3,recent surgery,pain,diarrhea,diarrhea,diarrhea,anorexia,recent surgery,pain,diarrhea,diarrhea,diarrhea,anorexia,0
dog,rottweiler,1.6,40.4,chronic illness,pain,sneezing,dehydration,anorexia,ruffled feathers,chronic illness,pain,sneezing,dehydration,anorexia,ruffled feathers,0
dog,beagle,5.2,21.9,not vaccinated,fever,weakness,weakness,gagging,anorexia,not vaccinated,fever,weakness,weakness,gagging,anorexia,0
dog,boxer,2.0,22.3,dental issues,coughing,pain,poor wool,pain,fever,dental issues,coughing,pain,poor wool,pain,fever,0
dog,mixed breed,5.3,31.6,not vaccinated,hyperexcitability,weight loss,weakness,fever,sneezing,not vaccinated,hyperexcitability,weight loss,weakness,fever,sneezing,0
dog,poodle,5.7,8.0,previous kidney disease,red on affected area,red skin,lesions on ear,horny growth,wart-like growth,previous kidney disease,red on affected area,red skin,lesions on ear,horny growth,wart-like growth,1
dog,boxer,3.1,17.7,allergies,scratching,nible at their wool,lethargy,restlessness,kick,allergies,scratching,nible at their wool,lethargy,restlessness,kick,0
dog,rottweiler,14.0,43.6,chronic illness,bleeding from other parts of the body,confusion,nasal discharge,loss of alertness,dizziness and fainting,chronic illness,bleeding from other parts of the body,confusion,nasal discharge,loss of alertness,dizziness and fainting,0
dog,mixed breed,12.6,6.5,dental issues,anorexia,weakness,pain,weakness,weight loss,dental issues,anorexia,weakness,pain,weakness,weight loss,0
dog,rottweiler,7.0,40.9,not vaccinated,vomiting,weakness,coughing,anorexia,coughing,not vaccinated,vomiting,weakness,coughing,anorexia,coughing,0
dog,german shepherd,13.7,36.1,dental issues,fetopelvic dispropotion,uteria inertia,malpresentation,death,pains,dental issues,fetopelvic dispropotion,uteria inertia,malpresentation,death,pains,0
dog,labrador retriever,11.9,35.1,not vaccinated,fetopelvic dispropotion,malpresentation,death,uteria inertia,pains,not vaccinated,fetopelvic dispropotion,malpresentation,death,uteria inertia,pains,0
dog,beagle,12.5,26.5,chronic illness,weakness,head tilt,weight loss,vomiting,dyspnea,chronic illness,weakness,head tilt,weight loss,vomiting,dyspnea,0
dog,poodle,8.7,7.3,no previous conditions,pain,nasal discharge,fever,anorexia,coughing,no previous conditions,pain,nasal discharge,fever,anorexia,coughing,0
dog,german shepherd,9.4,34.6,parasite history,weakness,anorexia,pain,weight loss,coughing,parasite history,weakness,anorexia,pain,weight loss,coughing,0
dog,rottweiler,3.9,31.9,previous heart condition,gurgling sound,small and yellow bumps,vomiting,enlarged lymph nodes,diarrhea,previous heart condition,gurgling sound,small and yellow bumps,vomiting,enlarged lymph nodes,diarrhea,0
dog,bulldog,6.6,24.3,allergies,haemorrhage,straw colored,carcass decomposes,abdominal pain,death,allergies,haemorrhage,straw colored,carcass decomposes,abdominal pain,death,0
dog,golden retriever,9.3,25.0,no previous conditions,weight loss,sick,vomiting,vomiting,pain,no previous conditions,weight loss,sick,vomiting,vomiting,pain,0
dog,yorkshire terrier,5.8,6.0,previous kidney disease,anorexia,kid moratality,swollen left abdomen,fever,fever,previous kidney disease,anorexia,kid moratality,swollen left abdomen,fever,fever,0
dog,golden retriever,9.4,36.3,skin conditions history,anorexia,anorexia,fever,lethargy,shivering,skin conditions history,anorexia,anorexia,fever,lethargy,shivering,1
dog,golden retriever,5.6,40.4,chronic illness,weight loss,lethargy,flabby,lethargy,anorexia,chronic illness,weight loss,lethargy,flabby,lethargy,anorexia,0
dog,german shepherd,8.2,38.0,vaccinated,fever,difficulty walking,lethargy,decresed egg production,weight loss,vaccinated,fever,difficulty walking,lethargy,decresed egg production,weight loss,0
dog,rottweiler,10.4,35.8,allergies,weight loss,pain,weakness,weight loss,fever,allergies,weight loss,pain,weakness,weight loss,fever,0
dog,labrador retriever,5.9,41.3,vaccinated,diarrhea with muscus,tensemus,watery stool,flatulence,pains,vaccinated,diarrhea with muscus,tensemus,watery stool,flatulence,pains,0
dog,beagle,14.9,23.0,previous heart condition,pain,diarrhea,diarrhea,coughing,diarrhea,previous heart condition,pain,diarrhea,diarrhea,coughing,diarrhea,0
dog,beagle,3.9,17.3,dental issues,labored breathing,dyspnea,coughing,depression,anorexia,dental issues,labored breathing,dyspnea,coughing,depression,anorexia,0
dog,bulldog,10.4,27.3,skin conditions history,sneezing,lethargy,anorexia,weakness,vomiting,skin conditions history,sneezing,lethargy,anorexia,weakness,vomiting,1
dog,bulldog,10.8,27.6,parasite history,abdominal pain,severe weekness and depression,fever,stiffness,diarrhea,parasite history,abdominal pain,severe weekness and depression,fever,stiffness,diarrhea,0
dog,labrador retriever,3.5,43.6,skin conditions history,weight loss,weight loss,lethargy,fever,swolling of joint,skin conditions history,weight loss,weight loss,lethargy,fever,swolling of joint,1
dog,beagle,5.6,15.9,vaccinated,sneezing,fever,fever,pain,anorexia,vaccinated,sneezing,fever,fever,pain,anorexia,0
dog,rottweiler,2.6,38.1,chronic illness,fever,nasal discharge,respiratory distress,pox lesion,pain,chronic illness,fever,nasal discharge,respiratory distress,pox lesion,pain,1
dog,poodle,9.4,3.3,parasite history,upset stomach,diarrhea,coughing,weight loss,anaemia,parasite history,upset stomach,diarrhea,coughing,weight loss,anaemia,0
dog,mixed breed,14.6,16.3,previous heart condition,pain,sneezing,circling,pain,coughing,previous heart condition,pain,sneezing,circling,pain,coughing,0
dog,boxer,7.1,30.0,skin conditions history,anorexia,coughing,diarrhea,flock moratality,weakness,skin conditions history,anorexia,coughing,diarrhea,flock moratality,weakness,1
dog,boxer,12.5,23.3,chronic illness,pain,chills,weight loss,coughing,self mutilation,chronic illness,pain,chills,weight loss,coughing,self mutilation,0
dog,bulldog,6.8,15.8,skin conditions history,fever,loss of appetite,eyeproblem,liver disease,nuerological,skin conditions history,fever,loss of appetite,eyeproblem,liver disease,nuerological,1
dog,labrador retriever,8.2,45.0,recent surgery,thick crusting,itchiness,hair loss,watery eye,pain,recent surgery,thick crusting,itchiness,hair loss,watery eye,pain,1
dog,rottweiler,8.9,35.0,skin conditions history,weight loss,weakness,anorexia,weakness,anorexia,skin conditions history,weight loss,weakness,anorexia,weakness,anorexia,1
dog,boxer,10.0,26.9,previous heart condition,emaciation,edema in lower jaw,coughing,shivering,anemia,previous heart condition,emaciation,edema in lower jaw,coughing,shivering,anemia,0
dog,bulldog,3.1,17.7,parasite history,fever,joint pain,loss of  appetite,lethargy,lession on the skin,parasite history,fever,joint pain,loss of appetite,lethargy,lession on the skin,1
dog,boxer,6.9,22.6,dental issues,weakness,weakness,lethargy,bubbles in the mouth,weight loss,dental issues,weakness,weakness,lethargy,bubbles in the mouth,weight loss,0
dog,boxer,11.1,25.8,skin conditions history,anorexia,wart-like growth,weakness,diarrhea,pain,skin conditions history,anorexia,wart-like growth,weakness,diarrhea,pain,1
dog,mixed breed,12.3,13.2,chronic illness,lethargy,difficulty walking,vaginal discharge,swollen lymph nodes,back pain,chronic illness,lethargy,difficulty walking,vaginal discharge,swollen lymph nodes,back pain,0
dog,boxer,13.1,17.1,recent surgery,mammary glads,weakened legs,los of the ability to walk,fever,fluif filled blisters,recent surgery,mammary glads,weakened legs,los of the ability to walk,fever,fluif filled blisters,0
dog,german shepherd,1.3,38.2,parasite history,ulcers,diarrhea,poor appetite,tarry stool,enlarged lymph nodes,parasite history,ulcers,diarrhea,poor appetite,tarry stool,enlarged lymph nodes,1
dog,beagle,10.3,15.0,not vaccinated,coughing,sneezing,fever,fever,lethargy,not vaccinated,coughing,sneezing,fever,fever,lethargy,0
dog,golden retriever,11.7,27.0,vaccinated,abdominal destention,weakness,pain,lying on the side,thirst,vaccinated,abdominal destention,weakness,pain,lying on the side,thirst,0
dog,beagle,8.9,22.7,not vaccinated,coughing,foul smelling,pain,lethargy,anorexia,not vaccinated,coughing,foul smelling,pain,lethargy,anorexia,0
dog,boxer,8.1,18.6,previous kidney disease,vomiting,fever,diarrhea,pain,lethargy,previous kidney disease,vomiting,fever,diarrhea,pain,lethargy,0
dog,mixed breed,10.8,5.0,parasite history,weakness,sneezing,diarrhea,dark colored bloody,pain,parasite history,weakness,sneezing,diarrhea,dark colored bloody,pain,0
dog,bulldog,12.1,23.9,dental issues,tenderness,itches,testical pain,swollen,bloody discharge,dental issues,tenderness,itches,testical pain,swollen,bloody discharge,1
dog,yorkshire terrier,11.7,7.3,not vaccinated,upset stomach,loss of appetite,nause,weight loss,abdonormal pain,not vaccinated,upset stomach,loss of appetite,nause,weight loss,abdonormal pain,0
dog,german shepherd,4.0,40.1,recent surgery,vomiting,vomiting,paresis,poor coat apperence,lethargy,recent surgery,vomiting,vomiting,paresis,poor coat apperence,lethargy,0
dog,labrador retriever,6.0,33.8,not vaccinated,pains,uteria inertia,death,malpresentation,fetopelvic dispropotion,not vaccinated,pains,uteria inertia,death,malpresentation,fetopelvic dispropotion,0
dog,golden retriever,5.0,40.6,vaccinated,dull ness,lethargy,weight loss,excessive grooming,reluctant move,vaccinated,dull ness,lethargy,weight loss,excessive grooming,reluctant move,0
dog,labrador retriever,7.6,25.0,not vaccinated,pain,coughing,weakness,weight loss,animal gets uneasy,not vaccinated,pain,coughing,weakness,weight loss,animal gets uneasy,0
dog,german shepherd,3.6,30.7,parasite history,lethargy,redness,weight loss,anorexia,anorexia,parasite history,lethargy,redness,weight loss,anorexia,anorexia,0
dog,yorkshire terrier,7.2,4.0,no previous conditions,fever,diarrhea,poor appetite,weight loss,vomitting,no previous conditions,fever,diarrhea,poor appetite,weight loss,vomitting,0
dog,bulldog,7.5,28.1,vaccinated,coughing,sneezing,diarrhea,tachypea,inflammed eye,vaccinated,coughing,sneezing,diarrhea,tachypea,inflammed eye,0
dog,beagle,4.7,20.8,parasite history,pain,diarrhea,lethargy,weight loss,weakness,parasite history,pain,diarrhea,lethargy,weight loss,weakness,0
dog,beagle,3.3,16.7,no previous conditions,allergic reaction,poor appetite,coughing,weight loss,distended chest,no previous conditions,allergic reaction,poor appetite,coughing,weight loss,distended chest,0
dog,yorkshire terrier,2.1,9.5,not vaccinated,vomiting,diarrhea,vomiting,weight loss,fever,not vaccinated,vomiting,diarrhea,vomiting,weight loss,fever,0
dog,bulldog,4.3,18.6,allergies,diarrhea,weight loss,coughing,weakness,anorexia,allergies,diarrhea,weight loss,coughing,weakness,anorexia,0
dog,mixed breed,7.6,29.0,vaccinated,pain,malaise,weakness,fever,weight loss,vaccinated,pain,malaise,weakness,fever,weight loss,0
dog,beagle,6.7,21.7,parasite history,fever,fever,vomiting,lethargy,fever,parasite history,fever,fever,vomiting,lethargy,fever,0
dog,poodle,7.8,7.5,vaccinated,skin irritation,coughing,coughing,droopiness,coughing,vaccinated,skin irritation,coughing,coughing,droopiness,coughing,1
dog,bulldog,13.4,26.6,dental issues,anorexia,diarrhea,lethargy,swelling of neck,anorexia,dental issues,anorexia,diarrhea,lethargy,swelling of neck,anorexia,0
dog,poodle,2.7,3.2,previous kidney disease,sheep often bites,pains,loss of wool,fleece become thin,death,previous kidney disease,sheep often bites,pains,loss of wool,fleece become thin,death,0
dog,bulldog,3.3,20.3,recent surgery,fever,poor appetite,chronic eye inflamation,lethargy,neurologic abnormalities,recent surgery,fever,poor appetite,chronic eye inflamation,lethargy,neurologic abnormalities,0
dog,bulldog,0.8,18.2,previous heart condition,poor growth,short stature,enlargement of bones,lameness,weigth bearing long bones,previous heart condition,poor growth,short stature,enlargement of bones,lameness,weigth bearing long bones,0
dog,yorkshire terrier,12.0,7.6,parasite history,pain,coughing,diarrhea,vomiting,anorexia,parasite history,pain,coughing,diarrhea,vomiting,anorexia,0
dog,bulldog,5.4,16.5,allergies,reluctant move,loss of appetite,lameness,death,weakness,allergies,reluctant move,loss of appetite,lameness,death,weakness,0
dog,german shepherd,13.9,35.2,dental issues,fetopelvic dispropotion,uteria inertia,malpresentation,death,pains,dental issues,fetopelvic dispropotion,uteria inertia,malpresentation,death,pains,0
dog,poodle,4.6,7.5,recent surgery,fever,poor coat condition,infection of the skin,weight loss,fatique,recent surgery,fever,poor coat condition,infection of the skin,weight loss,fatique,1
dog,mixed breed,12.5,12.4,chronic illness,jaundice,pneumonia,lession on the skin,pain,vomitting,chronic illness,jaundice,pneumonia,lession on the skin,pain,vomitting,1
dog,bulldog,6.0,22.8,allergies,discharge from eyes,lethargy,coughing,sneezing,fatique,allergies,discharge from eyes,lethargy,coughing,sneezing,fatique,0
dog,german shepherd,2.9,27.7,chronic illness,eye and skin change,unable to exercise,poor appetite,fever,difficulty breathing,chronic illness,eye and skin change,unable to exercise,poor appetite,fever,difficulty breathing,1
dog,beagle,14.9,30.0,previous kidney disease,legness,lethargy,bluish white opacity,jerky limb movements,coughing,previous kidney disease,legness,lethargy,bluish white opacity,jerky limb movements,coughing,0
dog,rottweiler,0.5,41.0,recent surgery,vomiting,facial swelling,scratching,folded ears,vomiting,recent surgery,vomiting,facial swelling,scratching,folded ears,vomiting,0
dog,boxer,8.3,27.7,not vaccinated,inflammation,discomfort,kicking at the belly,urine infection,pains,not vaccinated,inflammation,discomfort,kicking at the belly,urine infection,pains,0
dog,rottweiler,9.1,40.8,allergies,pain,coughing,anorexia,coughing,pain,allergies,pain,coughing,anorexia,coughing,pain,0
dog,beagle,0.5,29.5,not vaccinated,excessive eye watering,weakness,coughing,pain,lession on cat skin,not vaccinated,excessive eye watering,weakness,coughing,pain,lession on cat skin,1
dog,boxer,5.4,20.6,recent surgery,pain,diarrhea,coughing,paresis,diarrhea,recent surgery,pain,diarrhea,coughing,paresis,diarrhea,0
dog,bulldog,9.6,15.0,vaccinated,fever,anorexia,fever,small and yellow bumps,ulcer on gum,vaccinated,fever,anorexia,fever,small and yellow bumps,ulcer on gum,1
dog,german shepherd,12.3,34.0,vaccinated,lethargy,fever,vomiting,fever,diarrhea,vaccinated,lethargy,fever,vomiting,fever,diarrhea,0
dog,boxer,9.9,21.8,recent surgery,pyrexia,oral lesion,swelling,lameness,death,recent surgery,pyrexia,oral lesion,swelling,lameness,death,1
dog,beagle,14.1,25.8,dental issues,diarrhea,weakness,coughing,fever,coughing,dental issues,diarrhea,weakness,coughing,fever,coughing,0
dog,labrador retriever,8.8,22.4,allergies,watering,no appp,vomiting,lethargy,dehydration,allergies,watering,no appp,vomiting,lethargy,dehydration,0
dog,poodle,11.1,6.3,chronic illness,conjunctive,loss of eye,severe kerititis,discharge,iris prolapse,chronic illness,conjunctive,loss of eye,severe kerititis,discharge,iris prolapse,0
dog,golden retriever,9.7,34.3,allergies,fatty stool,diarrhea,vomiting,weight loss,pain,allergies,fatty stool,diarrhea,vomiting,weight loss,pain,0
dog,rottweiler,7.2,36.4,previous kidney disease,lethargy,pain,weight loss,weight loss,anorexia,previous kidney disease,lethargy,pain,weight loss,weight loss,anorexia,0
dog,labrador retriever,3.8,38.9,previous kidney disease,fever,hemolytic anemia,hemoglobinuria,pulmonary congestion,jaundice,previous kidney disease,fever,hemolytic anemia,hemoglobinuria,pulmonary congestion,jaundice,0
dog,labrador retriever,10.6,39.7,no previous conditions,loss of  appetite,coughing,swelling of joints,lameness,fever,no previous conditions,loss of appetite,coughing,swelling of joints,lameness,fever,0
dog,beagle,2.4,22.1,recent surgery,inappentence,diarrhea,tremors of the head,dehydration,weight loss,recent surgery,inappentence,diarrhea,tremors of the head,dehydration,weight loss,0
dog,boxer,6.4,18.4,not vaccinated,fever,slightly swollen,lession on the skin,milky hard,papules appear on teats anad udder,not vaccinated,fever,slightly swollen,lession on the skin,milky hard,papules appear on teats anad udder,1
dog,rottweiler,1.8,32.8,no previous conditions,swelling,weight loss,loss of appetite,anorexia,fever,no previous conditions,swelling,weight loss,loss of appetite,anorexia,fever,0
dog,german shepherd,14.1,33.6,recent surgery,tiredness,diarrhea,fever,pains,coughing,recent surgery,tiredness,diarrhea,fever,pains,coughing,0
dog,mixed breed,0.8,9.1,allergies,fever,lethargy,death,pains,difficulty in breathing,allergies,fever,lethargy,death,pains,difficulty in breathing,0
dog,bulldog,3.8,28.3,not vaccinated,emaciation,diarrhea,kid moratality,weakness,anemia,not vaccinated,emaciation,diarrhea,kid moratality,weakness,anemia,0
dog,poodle,7.2,5.8,dental issues,vomiting,anorexia,weakness,anorexia,weakness,dental issues,vomiting,anorexia,weakness,anorexia,weakness,0
dog,poodle,0.5,7.6,previous kidney disease,fever,weight loss,achomotrica,fast breathing,weight loss,previous kidney disease,fever,weight loss,achomotrica,fast breathing,weight loss,0
dog,beagle,11.7,20.4,dental issues,fever,diarrhea,nasal discharge,lethargy,blue eye,dental issues,fever,diarrhea,nasal discharge,lethargy,blue eye,0
dog,boxer,10.3,15.6,no previous conditions,weight loss,weight loss,diarrhea,anorexia,anorexia,no previous conditions,weight loss,weight loss,diarrhea,anorexia,anorexia,0
dog,rottweiler,0.8,33.1,previous kidney disease,short term lethargy,loss of  appetite,weekness in the back legs,rapid heart rate,week pulse,previous kidney disease,short term lethargy,loss of appetite,weekness in the back legs,rapid heart rate,week pulse,0
dog,labrador retriever,1.4,32.3,recent surgery,sneezing,skin lesion,diarrhea,weakness,lethargy,recent surgery,sneezing,skin lesion,diarrhea,weakness,lethargy,1
dog,boxer,3.1,17.3,not vaccinated,swelling of udder,change in milk,swollen,tender to touch,pain,not vaccinated,swelling of udder,change in milk,swollen,tender to touch,pain,0
dog,rottweiler,11.2,43.5,previous heart condition,lepatomegaly,splenomegaly,vomiting,swollen,shaking oh head,previous heart condition,lepatomegaly,splenomegaly,vomiting,swollen,shaking oh head,0
dog,rottweiler,5.6,24.2,allergies,fetopelvic dispropotion,uteria inertia,malpresentation,death,pains,allergies,fetopelvic dispropotion,uteria inertia,malpresentation,death,pains,0
dog,golden retriever,1.8,37.8,parasite history,fever,dysentery,swelling,immediate death,pain,parasite history,fever,dysentery,swelling,immediate death,pain,0
dog,german shepherd,9.8,35.8,not vaccinated,diarrhea,lethargy,fever,abdominal discomfort,bloody droping,not vaccinated,diarrhea,lethargy,fever,abdominal discomfort,bloody droping,0
dog,poodle,0.5,8.2,recent surgery,weakness,vomiting,anorexia,pain,pain,recent surgery,weakness,vomiting,anorexia,pain,pain,0
dog,labrador retriever,6.8,29.9,chronic illness,fever,inflammed eye,coughing,depression,limping,chronic illness,fever,inflammed eye,coughing,depression,limping,0
dog,mixed breed,3.2,18.3,not vaccinated,lethargy,fever,recumbency,convulsion,sneezing,not vaccinated,lethargy,fever,recumbency,convulsion,sneezing,0
dog,labrador retriever,12.9,34.6,previous heart condition,coughing,coughing,painfull swalling,weakness,coughing,previous heart condition,coughing,coughing,painfull swalling,weakness,coughing,0
dog,yorkshire terrier,15.0,4.1,previous heart condition,vomiting,coughing,diarrhea,epistaxis,lethargy,previous heart condition,vomiting,coughing,diarrhea,epistaxis,lethargy,0
dog,german shepherd,4.9,33.2,previous heart condition,vomiting,weight loss,anorexia,fever,lethargy,previous heart condition,vomiting,weight loss,anorexia,fever,lethargy,0
dog,bulldog,6.2,28.6,previous kidney disease,sneezing,pain on face,lack of pigmentation,greenish-yellow nasal discharge,lethargy,previous kidney disease,sneezing,pain on face,lack of pigmentation,greenish-yellow nasal discharge,lethargy,0
dog,mixed breed,4.7,6.7,previous kidney disease,lameness,reluctant move,weakness,death,loss of appetite,previous kidney disease,lameness,reluctant move,weakness,death,loss of appetite,0
dog,golden retriever,10.0,35.5,skin conditions history,weight loss,weakness,weight loss,pain,anorexia,skin conditions history,weight loss,weakness,weight loss,pain,anorexia,1
dog,mixed breed,5.1,20.2,recent surgery,diarrhea,pain,fever,diarrhea,lethargy,recent surgery,diarrhea,pain,fever,diarrhea,lethargy,0
dog,beagle,7.1,19.4,not vaccinated,bluish white opacity,crusty eye lashes and matting of eyelashes,lethargy,ulcers,flock moratality,not vaccinated,bluish white opacity,crusty eye lashes and matting of eyelashes,lethargy,ulcers,flock moratality,1
dog,yorkshire terrier,8.9,6.4,previous kidney disease,milk reduce,weakness,neurologic abnormalities,sneezing,anorexia,previous kidney disease,milk reduce,weakness,neurologic abnormalities,sneezing,anorexia,0
dog,mixed breed,10.3,12.6,skin conditions history,swelling on leg,painfull,nasal discharge,broken bones,nasal discharge,skin conditions history,swelling on leg,painfull,nasal discharge,broken bones,nasal discharge,1
dog,labrador retriever,12.6,36.5,skin conditions history,partial paralysis,staggering as drunk,self mutilation,acting aggressive,acting unnaturally tame,skin conditions history,partial paralysis,staggering as drunk,self mutilation,acting aggressive,acting unnaturally tame,1
dog,rottweiler,11.6,26.8,skin conditions history,nose bleeds,lesions in the nasal cavity,lesions on nose,lesions on nose,noisy breathing,skin conditions history,nose bleeds,lesions in the nasal cavity,lesions on nose,lesions on nose,noisy breathing,1
dog,labrador retriever,13.2,27.9,parasite history,weakness,diarrhoea,loss of appetite,emaciation,loss in weight,parasite history,weakness,diarrhoea,loss of appetite,emaciation,loss in weight,0
dog,rottweiler,5.3,24.8,not vaccinated,fever,chills,fatique,head ache,sweat,not vaccinated,fever,chills,fatique,head ache,sweat,0
dog,bulldog,8.6,31.0,allergies,gasping,coughing,mild weakness,droopy wings,twisted neck,allergies,gasping,coughing,mild weakness,droopy wings,twisted neck,0
dog,golden retriever,1.1,26.8,no previous conditions,fever,occular discharge,mouth lesion,respiratory distress,nasal discharge,no previous conditions,fever,occular discharge,mouth lesion,respiratory distress,nasal discharge,1
dog,bulldog,10.9,22.7,vaccinated,lethargy,weight loss,fever,pain,tear production,vaccinated,lethargy,weight loss,fever,pain,tear production,0
dog,german shepherd,10.2,40.9,recent surgery,vomiting,lethargy,fever,tremors of the head,pain,recent surgery,vomiting,lethargy,fever,tremors of the head,pain,0
dog,german shepherd,3.6,35.6,skin conditions history,fever,loss of  appetite,reduce energy,lameness,swelling of joints,skin conditions history,fever,loss of appetite,reduce energy,lameness,swelling of joints,1
dog,rottweiler,4.8,39.2,no previous conditions,fever,relunctance to move,lethargy,weight loss,fever,no previous conditions,fever,relunctance to move,lethargy,weight loss,fever,0
dog,bulldog,4.4,19.6,allergies,legness,paresis,coughing,weight loss,shortness of breath,allergies,legness,paresis,coughing,weight loss,shortness of breath,0
dog,beagle,1.7,15.3,no previous conditions,loss of  appetite,lameness,reduce energy,swelling of joints,fever,no previous conditions,loss of appetite,lameness,reduce energy,swelling of joints,fever,0
dog,golden retriever,10.7,40.5,parasite history,fever,coughing,weight loss,weight loss,fever,parasite history,fever,coughing,weight loss,weight loss,fever,0
dog,labrador retriever,10.4,32.7,parasite history,loss in weight,emaciation,loss of appetite,weakness,diarrhoea,parasite history,loss in weight,emaciation,loss of appetite,weakness,diarrhoea,0
dog,yorkshire terrier,12.4,4.5,no previous conditions,anorexia,watery stool,weight loss,weight loss,diarrhea,no previous conditions,anorexia,watery stool,weight loss,weight loss,diarrhea,0
dog,yorkshire terrier,7.1,5.0,no previous conditions,diarrhea,vomitting,weight loss,fever,poor appetite,no previous conditions,diarrhea,vomitting,weight loss,fever,poor appetite,0
dog,beagle,7.0,15.0,previous kidney disease,pain,fever,ruffled appearance,weight loss,pain,previous kidney disease,pain,fever,ruffled appearance,weight loss,pain,0
dog,rottweiler,0.5,28.7,no previous conditions,vomiting,sneezing,diarrhea,pain,fever,no previous conditions,vomiting,sneezing,diarrhea,pain,fever,0
dog,german shepherd,10.0,27.6,parasite history,fever,jaundice,hemoglobinuria,hemolytic anemia,pulmonary congestion,parasite history,fever,jaundice,hemoglobinuria,hemolytic anemia,pulmonary congestion,0
dog,mixed breed,3.6,19.4,skin conditions history,fever,sneezing,weakness,vomiting,unable to urinate,skin conditions history,fever,sneezing,weakness,vomiting,unable to urinate,1
dog,boxer,2.9,17.9,skin conditions history,restlessness,kick,lethargy,nible at their wool,scratching,skin conditions history,restlessness,kick,lethargy,nible at their wool,scratching,1
dog,labrador retriever,9.5,33.5,no previous conditions,anorexia,lethargy,diarrhea,coughing,vomiting,no previous conditions,anorexia,lethargy,diarrhea,coughing,vomiting,0
dog,beagle,1.7,30.0,vaccinated,lethargy,fever,pain,hyper sensitivity,weakness,vaccinated,lethargy,fever,pain,hyper sensitivity,weakness,0
dog,golden retriever,10.7,38.1,chronic illness,vomiting,pain,weight loss,scabbing,weakness,chronic illness,vomiting,pain,weight loss,scabbing,weakness,1
dog,bulldog,7.6,15.0,recent surgery,diarrhea,burning ache or pain,sneezing,pain,ring shaped lesion,recent surgery,diarrhea,burning ache or pain,sneezing,pain,ring shaped lesion,1
dog,mixed breed,7.6,25.5,vaccinated,fever,malaise,weakness,weight loss,pain,vaccinated,fever,malaise,weakness,weight loss,pain,0
dog,german shepherd,3.0,38.8,allergies,jaundice,pain,fever,diarrhea,coughing,allergies,jaundice,pain,fever,diarrhea,coughing,0
dog,rottweiler,9.8,41.6,dental issues,pain,tears,weakness,pain,anorexia,dental issues,pain,tears,weakness,pain,anorexia,0
dog,mixed breed,12.8,20.6,dental issues,fetopelvic dispropotion,uteria inertia,malpresentation,death,pains,dental issues,fetopelvic dispropotion,uteria inertia,malpresentation,death,pains,0
dog,bulldog,8.7,20.9,no previous conditions,pneumonia,lethargy,nasal discharge,fever,congestion,no previous conditions,pneumonia,lethargy,nasal discharge,fever,congestion,0
dog,rottweiler,0.6,35.5,vaccinated,stealing,vomiting,weakness,anorexia,staggering,vaccinated,stealing,vomiting,weakness,anorexia,staggering,0
dog,yorkshire terrier,4.0,8.3,chronic illness,anorexia,vomiting,cough,pain,fast breathing,chronic illness,anorexia,vomiting,cough,pain,fast breathing,0
dog,mixed breed,2.2,30.0,no previous conditions,facial swelling,bloody drool,foul breath,unable to eat,lossened teeth,no previous conditions,facial swelling,bloody drool,foul breath,unable to eat,lossened teeth,0
dog,labrador retriever,12.4,39.1,not vaccinated,coughing,droopy wings,twisted neck,gasping,mild weakness,not vaccinated,coughing,droopy wings,twisted neck,gasping,mild weakness,0
dog,golden retriever,0.8,36.5,skin conditions history,bleeding from the nose,cough,sneezing,pawing at the face or nose,bad breath,skin conditions history,bleeding from the nose,cough,sneezing,pawing at the face or nose,bad breath,1
dog,rottweiler,5.9,34.1,chronic illness,coughing,pain,weight loss,sneezing,diarrhea,chronic illness,coughing,pain,weight loss,sneezing,diarrhea,0
dog,bulldog,7.1,15.0,parasite history,diarrhea,weight loss,lethargy,anorexia,skin colour change,parasite history,diarrhea,weight loss,lethargy,anorexia,skin colour change,1
dog,rottweiler,5.3,22.9,skin conditions history,paresis,paralysis,diarrhea,stomach cramps,weakness,skin conditions history,paresis,paralysis,diarrhea,stomach cramps,weakness,1
dog,poodle,3.5,4.3,skin conditions history,excessive blood loss,dizziness and fainting,blurry vision,watery eyes,slow growth,skin conditions history,excessive blood loss,dizziness and fainting,blurry vision,watery eyes,slow growth,1
dog,golden retriever,9.6,24.1,recent surgery,fever,respiratory distress,mucous discharge,reduce feed,weight gain,recent surgery,fever,respiratory distress,mucous discharge,reduce feed,weight gain,0
dog,yorkshire terrier,0.5,10.0,allergies,coughing,swollen lymph nodes,diarrhea,walking problem,vomiting,allergies,coughing,swollen lymph nodes,diarrhea,walking problem,vomiting,0
dog,boxer,12.1,25.6,skin conditions history,lying down,red lesion from bald patches,lethargy,weight loss,anorexia,skin conditions history,lying down,red lesion from bald patches,lethargy,weight loss,anorexia,1
dog,yorkshire terrier,12.0,3.6,allergies,fever,dullness,dullness,skin rashes,pains,allergies,fever,dullness,dullness,skin rashes,pains,1
dog,german shepherd,6.1,36.9,parasite history,sneezing,coughing,join pains,pain,coughing,parasite history,sneezing,coughing,join pains,pain,coughing,0
dog,german shepherd,1.0,31.0,no previous conditions,lameness,poor wool,poor body condition,loss of appetite,small size,no previous conditions,lameness,poor wool,poor body condition,loss of appetite,small size,0
dog,yorkshire terrier,11.6,6.6,parasite history,fever,dyspnea,weightloss,lethargy,coughing,parasite history,fever,dyspnea,weightloss,lethargy,coughing,0
dog,poodle,5.7,7.3,previous heart condition,fluffed feather,loss of appetite,coughing,vomiting,snoring,previous heart condition,fluffed feather,loss of appetite,coughing,vomiting,snoring,0
dog,golden retriever,7.1,36.4,skin conditions history,red lesion from bald patches,weight loss,vomiting,lethargy,weakness,skin conditions history,red lesion from bald patches,weight loss,vomiting,lethargy,weakness,1
dog,rottweiler,0.5,32.7,not vaccinated,weakness,weakness,weakness,vomiting,poor immune function,not vaccinated,weakness,weakness,weakness,vomiting,poor immune function,0
dog,poodle,7.5,5.0,skin conditions history,fever,lethargy,vomiting,pain,anorexia,skin conditions history,fever,lethargy,vomiting,pain,anorexia,1
dog,bulldog,4.4,19.0,previous kidney disease,black on ear,pain,diarrhea,weight loss,weakness,previous kidney disease,black on ear,pain,diarrhea,weight loss,weakness,0
dog,labrador retriever,10.3,29.6,parasite history,hemopytsis,diarrhea,asymptomatic,death,epistaxis,parasite history,hemopytsis,diarrhea,asymptomatic,death,epistaxis,0
dog,beagle,10.8,19.7,dental issues,fever,diarrhea,nasal discharge,lethargy,blue eye,dental issues,fever,diarrhea,nasal discharge,lethargy,blue eye,0
dog,rottweiler,9.6,42.5,chronic illness,anorexia,abdominal destention,sneezing,weight loss,vomiting,chronic illness,anorexia,abdominal destention,sneezing,weight loss,vomiting,0
dog,golden retriever,11.8,40.5,previous kidney disease,lethargy,rectal bleeding,weakness,diarrhea,fever,previous kidney disease,lethargy,rectal bleeding,weakness,diarrhea,fever,0
dog,beagle,14.9,28.3,not vaccinated,fetopelvic dispropotion,uteria inertia,despression,death,pains,not vaccinated,fetopelvic dispropotion,uteria inertia,despression,death,pains,0
dog,bulldog,2.6,26.5,previous heart condition,lame,diarrhea,lethargy,diarrhea,weight loss,previous heart condition,lame,diarrhea,lethargy,diarrhea,weight loss,0
dog,bulldog,7.6,15.0,no previous conditions,weight loss,dandruff in cat coat,anorexia,diarrhea,sneezing,no previous conditions,weight loss,dandruff in cat coat,anorexia,diarrhea,sneezing,0
dog,bulldog,6.4,15.0,parasite history,nosebleed,weight loss,diarrhea,fever,pain,parasite history,nosebleed,weight loss,diarrhea,fever,pain,0
dog,mixed breed,0.5,26.1,parasite history,shortness of breath,anorexia,sneezing,weight loss,weakness,parasite history,shortness of breath,anorexia,sneezing,weight loss,weakness,0
dog,beagle,8.4,28.3,recent surgery,coughing,skin rashes,anorexia,pain,lethargy,recent surgery,coughing,skin rashes,anorexia,pain,lethargy,1
dog,labrador retriever,5.2,38.9,vaccinated,weight loss,rhinitis,pain,fever,vomiting,vaccinated,weight loss,rhinitis,pain,fever,vomiting,0
dog,german shepherd,7.9,28.4,chronic illness,fetopelvic dispropotion,uteria inertia,malpresentation,death,pains,chronic illness,fetopelvic dispropotion,uteria inertia,malpresentation,death,pains,0
dog,german shepherd,10.3,34.3,dental issues,nasal discharge,nasal discharge,painfull,swelling on leg,broken bones,dental issues,nasal discharge,nasal discharge,painfull,swelling on leg,broken bones,0
dog,labrador retriever,7.4,26.2,chronic illness,vomiting,dehydration,bloody diarrhea,anorexia,lethargy,chronic illness,vomiting,dehydration,bloody diarrhea,anorexia,lethargy,0
dog,boxer,10.0,28.6,no previous conditions,weight loss,weakness,fever,pain,pain,no previous conditions,weight loss,weakness,fever,pain,pain,0
dog,german shepherd,5.7,26.4,chronic illness,coughing,weight loss,blood from mouth,lethargy,diarrhea,chronic illness,coughing,weight loss,blood from mouth,lethargy,diarrhea,0
dog,beagle,9.8,23.4,dental issues,coughing,weight loss,grinding of teeth,diarrhea,lethargy,dental issues,coughing,weight loss,grinding of teeth,diarrhea,lethargy,0
dog,poodle,9.4,6.6,allergies,blood from mouth,weight loss,sneezing,anorexia,sneezing,allergies,blood from mouth,weight loss,sneezing,anorexia,sneezing,0
dog,rottweiler,5.6,22.0,not vaccinated,fever,chills,sweat,head ache,fatique,not vaccinated,fever,chills,sweat,head ache,fatique,0
dog,bulldog,1.8,25.5,skin conditions history,nasal discharge,skin reashes,pox lession on skin,mortality varies,fever,skin conditions history,nasal discharge,skin reashes,pox lession on skin,mortality varies,fever,1
dog,bulldog,4.4,26.0,skin conditions history,sores on lip,infection,sores on lower leg and teats,lesion,pain,skin conditions history,sores on lip,infection,sores on lower leg and teats,lesion,pain,1
dog,rottweiler,5.9,32.9,vaccinated,lethargy,weight loss,weakness,vomiting,weakness,vaccinated,lethargy,weight loss,weakness,vomiting,weakness,0
dog,poodle,1.8,4.6,recent surgery,greenish-yellow nasal discharge,lack of pigmentation,sneezing,lethargy,pain on face,recent surgery,greenish-yellow nasal discharge,lack of pigmentation,sneezing,lethargy,pain on face,0
dog,mixed breed,3.1,23.1,vaccinated,decreased milk,holding limbs off the ground,weight loss,lameness,wool production,vaccinated,decreased milk,holding limbs off the ground,weight loss,lameness,wool production,0
dog,golden retriever,7.7,41.0,parasite history,stop eating,stop drinking,change their normal behaviour,depression,pains,parasite history,stop eating,stop drinking,change their normal behaviour,depression,pains,0
dog,mixed breed,13.4,30.1,previous heart condition,lllthrift,skin lesion,lameness,swelling on thebody,weight loss,previous heart condition,lllthrift,skin lesion,lameness,swelling on thebody,weight loss,1
dog,mixed breed,6.4,18.5,recent surgery,vomiting,red and inflammation ear,diarrhea,pain,lethargy,recent surgery,vomiting,red and inflammation ear,diarrhea,pain,lethargy,0
dog,german shepherd,15.0,30.5,vaccinated,lethargy,anorexia,lethargy,coughing,vomiting,vaccinated,lethargy,anorexia,lethargy,coughing,vomiting,0
dog,bulldog,4.2,29.2,not vaccinated,vomiting,bloody diarrhea,lethargy,dehydration,anorexia,not vaccinated,vomiting,bloody diarrhea,lethargy,dehydration,anorexia,0
dog,bulldog,3.2,22.4,not vaccinated,pains,poor appetite,swelling of face or leg,fever,depression,not vaccinated,pains,poor appetite,swelling of face or leg,fever,depression,0
dog,rottweiler,2.0,41.3,no previous conditions,swelling,loss of appetite,weight loss,fever,anorexia,no previous conditions,swelling,loss of appetite,weight loss,fever,anorexia,0
dog,rottweiler,4.1,42.8,vaccinated,lethargy,vomiting,tremor,lethargy,iris prolapse,vaccinated,lethargy,vomiting,tremor,lethargy,iris prolapse,0
dog,beagle,14.7,31.3,recent surgery,fetopelvic dispropotion,uteria inertia,despression,death,pains,recent surgery,fetopelvic dispropotion,uteria inertia,despression,death,pains,0
dog,german shepherd,3.8,34.9,allergies,fever,coughing,fever,fever,pain,allergies,fever,coughing,fever,fever,pain,0
dog,golden retriever,5.3,36.4,parasite history,diarrhea,congestion,pain,weakness,weight loss,parasite history,diarrhea,congestion,pain,weakness,weight loss,0
dog,yorkshire terrier,8.3,4.0,vaccinated,fever,loss in weight,weight loss,coughing,legness,vaccinated,fever,loss in weight,weight loss,coughing,legness,0
dog,labrador retriever,2.1,34.0,recent surgery,fever,chills,skin ulcer,exhaustion,swollen and painfull,recent surgery,fever,chills,skin ulcer,exhaustion,swollen and painfull,1
dog,labrador retriever,6.3,38.3,recent surgery,fever,swollen purple wattle,poor condition,sneezing,fever,recent surgery,fever,swollen purple wattle,poor condition,sneezing,fever,0
dog,boxer,9.8,19.5,dental issues,oral lesion,lameness,pyrexia,swelling,death,dental issues,oral lesion,lameness,pyrexia,swelling,death,1
dog,german shepherd,8.8,26.1,previous kidney disease,high body temperature,sudden death,vomiting,vomiting,coughing,previous kidney disease,high body temperature,sudden death,vomiting,vomiting,coughing,0
dog,golden retriever,9.2,29.2,not vaccinated,discharge from eyes,redness of eye,blindness,scartches,pains,not vaccinated,discharge from eyes,redness of eye,blindness,scartches,pains,0
dog,boxer,9.1,25.0,previous heart condition,self mutilation,fever,anorexia,pain,anorexia,previous heart condition,self mutilation,fever,anorexia,pain,anorexia,0
dog,rottweiler,14.8,36.0,skin conditions history,fever,swelling of face or leg,poor appetite,depression,pains,skin conditions history,fever,swelling of face or leg,poor appetite,depression,pains,1
dog,beagle,12.5,18.9,skin conditions history,fever,swelling,lameness,heat,pains,skin conditions history,fever,swelling,lameness,heat,pains,1
dog,mixed breed,6.0,29.4,recent surgery,fever,convulsion,sudden death,urine retention,weight loss,recent surgery,fever,convulsion,sudden death,urine retention,weight loss,0
dog,bulldog,8.6,22.8,skin conditions history,facial swelling,stunted growth,egg production decreases,blindness,distinctive bumps,skin conditions history,facial swelling,stunted growth,egg production decreases,blindness,distinctive bumps,1
dog,beagle,4.5,25.4,no previous conditions,increased passing gas,fever,sneezing,anorexia,fever,no previous conditions,increased passing gas,fever,sneezing,anorexia,fever,0
dog,yorkshire terrier,14.2,6.1,vaccinated,poor wool,loss of appetite,lameness,small size,poor body condition,vaccinated,poor wool,loss of appetite,lameness,small size,poor body condition,0
dog,labrador retriever,11.6,34.3,recent surgery,weight loss,fever,coughing,seizures,fever,recent surgery,weight loss,fever,coughing,seizures,fever,0
dog,mixed breed,9.4,12.9,previous kidney disease,lethargy,diarrhea,weight loss,pain,stripped remiges,previous kidney disease,lethargy,diarrhea,weight loss,pain,stripped remiges,0
dog,yorkshire terrier,4.7,6.1,vaccinated,lethargy,fever,coughing,scabbing,weakness,vaccinated,lethargy,fever,coughing,scabbing,weakness,1
dog,bulldog,4.0,27.9,skin conditions history,sores on lip,infection,sores on lower leg and teats,lesion,pain,skin conditions history,sores on lip,infection,sores on lower leg and teats,lesion,pain,1
dog,mixed breed,8.8,40.0,previous kidney disease,weight loss,pain,vomiting,anorexia,vomiting,previous kidney disease,weight loss,pain,vomiting,anorexia,vomiting,0
dog,beagle,15.3,28.1,no previous conditions,change their normal behaviour,stop eating,pains,stop drinking,lameness,no previous conditions,change their normal behaviour,stop eating,pains,stop drinking,lameness,0
dog,german shepherd,7.6,38.1,allergies,coughing,weight loss,weight loss,weight loss,fever,allergies,coughing,weight loss,weight loss,weight loss,fever,0
dog,bulldog,11.2,25.9,recent surgery,swollen,testical pain,itches,bloody discharge,tenderness,recent surgery,swollen,testical pain,itches,bloody discharge,tenderness,1
dog,labrador retriever,8.7,30.7,previous kidney disease,coughing,sneezing,anorexia,pain,blue straws,previous kidney disease,coughing,sneezing,anorexia,pain,blue straws,0
dog,labrador retriever,10.6,42.6,no previous conditions,lameness,coughing,fever,loss of  appetite,swelling of joints,no previous conditions,lameness,coughing,fever,loss of appetite,swelling of joints,0
dog,bulldog,12.6,22.4,no previous conditions,paresis,paralysis,weakness,stomach cramps,diarrhea,no previous conditions,paresis,paralysis,weakness,stomach cramps,diarrhea,0
dog,bulldog,9.5,27.8,no previous conditions,lethargy,fever,loss of  appetite,coughing,joint pain,no previous conditions,lethargy,fever,loss of appetite,coughing,joint pain,0
dog,bulldog,10.5,20.4,not vaccinated,fever,diarrhea,bloody droping,abdominal discomfort,lethargy,not vaccinated,fever,diarrhea,bloody droping,abdominal discomfort,lethargy,0
dog,rottweiler,5.0,45.0,no previous conditions,coughing,diarrhea,pain,weakness,loss of powder down,no previous conditions,coughing,diarrhea,pain,weakness,loss of powder down,0
dog,golden retriever,9.4,37.7,dental issues,fatty stool,diarrhea,weight loss,pain,vomiting,dental issues,fatty stool,diarrhea,weight loss,pain,vomiting,0
dog,mixed breed,10.8,21.4,no previous conditions,pain,vomiting,pain,diarrhea,diarrhea,no previous conditions,pain,vomiting,pain,diarrhea,diarrhea,0
dog,poodle,2.3,3.7,recent surgery,sheep often bites,fleece become thin,loss of wool,death,pains,recent surgery,sheep often bites,fleece become thin,loss of wool,death,pains,0
dog,golden retriever,4.6,42.0,not vaccinated,coughing,sneezing,pain,fever,anorexia,not vaccinated,coughing,sneezing,pain,fever,anorexia,0
dog,rottweiler,8.4,32.1,previous heart condition,pain,fever,coughing,anorexia,weakness,previous heart condition,pain,fever,coughing,anorexia,weakness,0
dog,poodle,2.4,4.5,skin conditions history,runny nose,difficulty in breathing,coughing,weakness,loss of appettite,skin conditions history,runny nose,difficulty in breathing,coughing,weakness,loss of appettite,1
dog,poodle,3.6,3.0,previous kidney disease,lethargy,coughing,lethargy,speech delay,vomiting,previous kidney disease,lethargy,coughing,lethargy,speech delay,vomiting,0
dog,mixed breed,12.9,13.2,skin conditions history,swollen lymph nodes,difficulty walking,back pain,lethargy,vaginal discharge,skin conditions history,swollen lymph nodes,difficulty walking,back pain,lethargy,vaginal discharge,1
dog,mixed breed,13.8,28.6,parasite history,fever,depression,dehydration,stopped eat,uncharacteristic hiding,parasite history,fever,depression,dehydration,stopped eat,uncharacteristic hiding,0
dog,golden retriever,8.7,42.1,dental issues,pains,profuse,discomfort,loss of appetite,bloody diarrhea,dental issues,pains,profuse,discomfort,loss of appetite,bloody diarrhea,0
dog,yorkshire terrier,13.7,8.4,allergies,agalactia,sloughing of the tail,loss of milk production,fever,reduce reproductive potential,allergies,agalactia,sloughing of the tail,loss of milk production,fever,reduce reproductive potential,0
dog,labrador retriever,12.5,30.6,chronic illness,fever,severe weekness and depression,stiffness,abdominal pain,diarrhea,chronic illness,fever,severe weekness and depression,stiffness,abdominal pain,diarrhea,0
dog,rottweiler,1.4,40.6,recent surgery,pain,weak kids,mummification,stillbirth,abortion,recent surgery,pain,weak kids,mummification,stillbirth,abortion,0
dog,german shepherd,6.8,31.2,not vaccinated,poor coat apperence,diarrhea,vomiting,weight loss,dehydration,not vaccinated,poor coat apperence,diarrhea,vomiting,weight loss,dehydration,0
dog,labrador retriever,6.0,38.4,vaccinated,inflammation,sneezing,closed eyes,vomiting,diarrhea,vaccinated,inflammation,sneezing,closed eyes,vomiting,diarrhea,0
dog,german shepherd,8.1,27.7,previous kidney disease,fleece become thin,lack of walking,difficulty breathing,sneezing,anorexia,previous kidney disease,fleece become thin,lack of walking,difficulty breathing,sneezing,anorexia,0
dog,german shepherd,8.8,35.2,parasite history,weight loss,lethargy,vomiting,fever,weight loss,parasite history,weight loss,lethargy,vomiting,fever,weight loss,0
dog,bulldog,2.2,20.9,chronic illness,extreme thirst,bloody discharge,loss of appetite,inability to fly,loss of wariness,chronic illness,extreme thirst,bloody discharge,loss of appetite,inability to fly,loss of wariness,0
dog,german shepherd,4.0,33.5,dental issues,weakness,fever,anorexia,weight loss,weight loss,dental issues,weakness,fever,anorexia,weight loss,weight loss,0
dog,bulldog,7.1,25.9,recent surgery,weakness,diarrhea,lethargy,extreme thirst,weigth bearing long bones,recent surgery,weakness,diarrhea,lethargy,extreme thirst,weigth bearing long bones,0
dog,poodle,8.5,3.0,skin conditions history,fever,lethargy,vomiting,clearly unthrifty,jaundice,skin conditions history,fever,lethargy,vomiting,clearly unthrifty,jaundice,1
dog,boxer,15.0,25.2,parasite history,weight loss,swelling,vomiting,fever,vomiting,parasite history,weight loss,swelling,vomiting,fever,vomiting,0
dog,german shepherd,7.7,36.9,skin conditions history,weakness,sneezing,rectal bleeding,coughing,fever,skin conditions history,weakness,sneezing,rectal bleeding,coughing,fever,1
dog,boxer,4.1,20.5,recent surgery,anorexia,bottle jaw,facial defects,weight loss,diarrhea,recent surgery,anorexia,bottle jaw,facial defects,weight loss,diarrhea,0
dog,mixed breed,9.6,8.7,previous kidney disease,sneezing,bad breath,bleeding from the nose,cough,pawing at the face or nose,previous kidney disease,sneezing,bad breath,bleeding from the nose,cough,pawing at the face or nose,0
dog,boxer,2.8,23.6,skin conditions history,weight loss,fever,coughing,anorexia,pain,skin conditions history,weight loss,fever,coughing,anorexia,pain,1
dog,yorkshire terrier,6.7,4.6,no previous conditions,weight loss,pain,decresed egg production,blood poisioning,diarrhea,no previous conditions,weight loss,pain,decresed egg production,blood poisioning,diarrhea,0
dog,boxer,5.1,23.6,previous kidney disease,weight loss,pain,pain,lethargy,anorexia,previous kidney disease,weight loss,pain,pain,lethargy,anorexia,0
dog,mixed breed,5.5,9.1,dental issues,vomiting,labored breathing,weight loss,sneezing,fever,dental issues,vomiting,labored breathing,weight loss,sneezing,fever,0
dog,yorkshire terrier,12.5,8.2,skin conditions history,fetopelvic dispropotion,uteria inertia,malpresentation,death,pains,skin conditions history,fetopelvic dispropotion,uteria inertia,malpresentation,death,pains,1
dog,german shepherd,3.8,28.5,skin conditions history,diarrhea,pain,weight loss,fever,anorexia,skin conditions history,diarrhea,pain,weight loss,fever,anorexia,1
dog,yorkshire terrier,10.0,3.0,not vaccinated,sneezing,abortion,rhinitis,lethargy,anorexia,not vaccinated,sneezing,abortion,rhinitis,lethargy,anorexia,0
dog,bulldog,10.5,22.9,no previous conditions,sneezing,sneezing,crusting of the skin,poor growth,swelling,no previous conditions,sneezing,sneezing,crusting of the skin,poor growth,swelling,1
dog,bulldog,7.0,20.1,dental issues,pain,poor wool,anorexia,vomiting,sneezing,dental issues,pain,poor wool,anorexia,vomiting,sneezing,0
dog,german shepherd,7.5,29.9,vaccinated,fever,sour throat,mortality,muscle aches,abnormalities,vaccinated,fever,sour throat,mortality,muscle aches,abnormalities,0
dog,poodle,5.3,7.0,not vaccinated,lesions on nose,lethargy,weakness,vomiting,pain on face,not vaccinated,lesions on nose,lethargy,weakness,vomiting,pain on face,1
dog,yorkshire terrier,3.2,6.8,skin conditions history,vomiting,fever,vomiting,weight loss,sneezing,skin conditions history,vomiting,fever,vomiting,weight loss,sneezing,1
dog,german shepherd,8.6,43.2,parasite history,fever,diarrhea,bloody droping,abdominal discomfort,lethargy,parasite history,fever,diarrhea,bloody droping,abdominal discomfort,lethargy,0
dog,german shepherd,1.0,33.0,no previous conditions,poor wool,loss of appetite,lameness,small size,poor body condition,no previous conditions,poor wool,loss of appetite,lameness,small size,poor body condition,0
dog,poodle,12.1,2.9,previous heart condition,eye redness,frequent eye infections,crusty eye lashes and matting of eyelashes,foul smelling stools,increased passing gas,previous heart condition,eye redness,frequent eye infections,crusty eye lashes and matting of eyelashes,foul smelling stools,increased passing gas,1
dog,bulldog,15.3,22.0,chronic illness,difficulty breathing,fever,coughing,eye and skin change,unable to exercise,chronic illness,difficulty breathing,fever,coughing,eye and skin change,unable to exercise,1
dog,german shepherd,9.3,33.3,skin conditions history,weight loss,weight loss,wattles,dry or dull hair,scabs on lip,skin conditions history,weight loss,weight loss,wattles,dry or dull hair,scabs on lip,1
dog,german shepherd,9.5,31.0,previous heart condition,egg production stops,broody behavior,loss of appetite,weight loss,constipation,previous heart condition,egg production stops,broody behavior,loss of appetite,weight loss,constipation,0
dog,yorkshire terrier,11.4,4.1,allergies,fever,dullness,dullness,skin rashes,pains,allergies,fever,dullness,dullness,skin rashes,pains,1
dog,mixed breed,1.0,8.5,not vaccinated,flock moratality,fever,death,small intestines,depression,not vaccinated,flock moratality,fever,death,small intestines,depression,0
dog,yorkshire terrier,3.1,8.8,chronic illness,sudden death,anorexia,weight loss,coughing,lethargy,chronic illness,sudden death,anorexia,weight loss,coughing,lethargy,0
dog,german shepherd,3.1,34.1,allergies,sneezing,coughing,weight loss,anorexia,fever,allergies,sneezing,coughing,weight loss,anorexia,fever,0
dog,mixed breed,11.2,22.7,not vaccinated,weight loss,weakness,lethargy,weight loss,passing of undigested food,not vaccinated,weight loss,weakness,lethargy,weight loss,passing of undigested food,0
dog,yorkshire terrier,9.4,8.7,vaccinated,vomiting,egg production decreases,fever,pain,anorexia,vaccinated,vomiting,egg production decreases,fever,pain,anorexia,0
dog,golden retriever,9.8,28.0,previous heart condition,weight loss,vomiting,mammary glads,diarrhea,fever,previous heart condition,weight loss,vomiting,mammary glads,diarrhea,fever,0
dog,rottweiler,2.1,22.9,parasite history,fever,difficulty breathing,coughing,lethargy,sneezing,parasite history,fever,difficulty breathing,coughing,lethargy,sneezing,0
dog,rottweiler,4.2,41.4,recent surgery,fever,dyspnea,coughing,lethargy,anorexia,recent surgery,fever,dyspnea,coughing,lethargy,anorexia,0
dog,poodle,0.5,5.8,parasite history,wether restless,stamping and pedding of hind eye,fever,weakness,pain,parasite history,wether restless,stamping and pedding of hind eye,fever,weakness,pain,0
dog,boxer,13.1,15.4,skin conditions history,facial swelling,bloody drool,foul breath,unable to eat,lossened teeth,skin conditions history,facial swelling,bloody drool,foul breath,unable to eat,lossened teeth,1
dog,mixed breed,8.9,8.1,previous kidney disease,cough,bad breath,sneezing,bleeding from the nose,pawing at the face or nose,previous kidney disease,cough,bad breath,sneezing,bleeding from the nose,pawing at the face or nose,0
dog,boxer,14.1,22.4,no previous conditions,swollen abdomen,shortness of breath.,chirping,loss of appetite,fatigue,no previous conditions,swollen abdomen,shortness of breath.,chirping,loss of appetite,fatigue,0
dog,bulldog,3.4,30.5,not vaccinated,weakness,kid moratality,anemia,emaciation,diarrhea,not vaccinated,weakness,kid moratality,anemia,emaciation,diarrhea,0
dog,golden retriever,4.9,37.6,not vaccinated,lethargy,diarrhea,fever,pain,wandering,not vaccinated,lethargy,diarrhea,fever,pain,wandering,0
dog,bulldog,9.3,15.0,recent surgery,vomiting,weight loss,coughing,weakness,anorexia,recent surgery,vomiting,weight loss,coughing,weakness,anorexia,0
dog,rottweiler,8.7,37.8,recent surgery,lethargy,pain,pain,anorexia,pain,recent surgery,lethargy,pain,pain,anorexia,pain,0
dog,boxer,11.8,15.0,allergies,weight loss,lethargy,lethargy,diarrhea,changed gait,allergies,weight loss,lethargy,lethargy,diarrhea,changed gait,0
dog,german shepherd,5.8,23.3,skin conditions history,hair loss,dandruff,darkened skin,crusting of the skin,ulcerated skin,skin conditions history,hair loss,dandruff,darkened skin,crusting of the skin,ulcerated skin,1
dog,boxer,8.6,15.0,previous heart condition,anorexia,pain,vomiting,anorexia,coughing,previous heart condition,anorexia,pain,vomiting,anorexia,coughing,0
dog,beagle,5.9,19.5,dental issues,sneezing,weight loss,lethargy,vomiting,vomiting,dental issues,sneezing,weight loss,lethargy,vomiting,vomiting,0
dog,bulldog,11.0,25.2,not vaccinated,fever,loss of appetite,ear infection,depression,nasal discharge,not vaccinated,fever,loss of appetite,ear infection,depression,nasal discharge,0
dog,beagle,7.9,20.6,chronic illness,sneezing,anorexia,stealing,pain,coughing,chronic illness,sneezing,anorexia,stealing,pain,coughing,0
dog,rottweiler,1.7,38.3,vaccinated,short term lethargy,loss of  appetite,weekness in the back legs,rapid heart rate,week pulse,vaccinated,short term lethargy,loss of appetite,weekness in the back legs,rapid heart rate,week pulse,0
dog,german shepherd,8.4,30.3,chronic illness,fetopelvic dispropotion,uteria inertia,malpresentation,death,pains,chronic illness,fetopelvic dispropotion,uteria inertia,malpresentation,death,pains,0
dog,labrador retriever,8.5,39.2,recent surgery,fever,loss of appetite,pains,depression,loss of appetite,recent surgery,fever,loss of appetite,pains,depression,loss of appetite,0
dog,beagle,5.1,22.1,dental issues,congestion,fever,coughing,unable to exercise,weakness,dental issues,congestion,fever,coughing,unable to exercise,weakness,0
dog,german shepherd,9.8,45.0,no previous conditions,weight loss,jaundice,lethargy,diarrhea,lethargy,no previous conditions,weight loss,jaundice,lethargy,diarrhea,lethargy,0
dog,bulldog,8.9,26.6,skin conditions history,lethargy,easily damage shell,lethargy,anorexia,abortion at the end of gestation,skin conditions history,lethargy,easily damage shell,lethargy,anorexia,abortion at the end of gestation,1
dog,boxer,3.6,22.5,not vaccinated,coughing,coughing,weakness,coughing,coughing,not vaccinated,coughing,coughing,weakness,coughing,coughing,0
dog,bulldog,11.0,30.0,not vaccinated,loss of wariness,pain,fever,lethargy,fever,not vaccinated,loss of wariness,pain,fever,lethargy,fever,0
dog,poodle,2.4,3.9,no previous conditions,fleece become thin,pains,loss of wool,death,sheep often bites,no previous conditions,fleece become thin,pains,loss of wool,death,sheep often bites,0
dog,mixed breed,4.0,35.6,no previous conditions,anorexia,pain,weakness,fever,diarrhea,no previous conditions,anorexia,pain,weakness,fever,diarrhea,0
dog,rottweiler,14.4,45.0,chronic illness,loss of alertness,bleeding from other parts of the body,dizziness and fainting,nasal discharge,confusion,chronic illness,loss of alertness,bleeding from other parts of the body,dizziness and fainting,nasal discharge,confusion,0
dog,boxer,9.9,25.1,previous heart condition,weakness,facial edema,upset stomach,sneezing,weight loss,previous heart condition,weakness,facial edema,upset stomach,sneezing,weight loss,0
dog,poodle,2.7,3.6,no previous conditions,sheep often bites,fleece become thin,loss of wool,death,pains,no previous conditions,sheep often bites,fleece become thin,loss of wool,death,pains,0
dog,beagle,3.9,29.3,parasite history,sneezing,coughing,sneezing,sneezing,muscle trembling,parasite history,sneezing,coughing,sneezing,sneezing,muscle trembling,0
dog,mixed breed,2.6,12.7,skin conditions history,barren ewes,abortion,poor conformation,hairy fleeces,weight loss,skin conditions history,barren ewes,abortion,poor conformation,hairy fleeces,weight loss,1
dog,mixed breed,7.8,21.0,skin conditions history,nervous,scabs on lip,vomiting,weakness,sneezing,skin conditions history,nervous,scabs on lip,vomiting,weakness,sneezing,1
dog,beagle,12.6,30.7,no previous conditions,watering,no appp,vomiting,lethargy,dehydration,no previous conditions,watering,no appp,vomiting,lethargy,dehydration,0
dog,poodle,13.9,7.1,parasite history,sneezing,shortness of breath,lethargy,diarrhea,vomiting,parasite history,sneezing,shortness of breath,lethargy,diarrhea,vomiting,0
dog,german shepherd,0.9,44.4,previous heart condition,diarrhea,sneezing,weight loss,weight loss,pain,previous heart condition,diarrhea,sneezing,weight loss,weight loss,pain,0
dog,boxer,6.7,23.5,chronic illness,severe,diarrhea,blood on faces,appetite,milk reduce,chronic illness,severe,diarrhea,blood on faces,appetite,milk reduce,0
dog,mixed breed,2.4,17.8,skin conditions history,coughing,panting,"facial swelling,",production of mucus,fatigue,skin conditions history,coughing,panting,"facial swelling,",production of mucus,fatigue,1
dog,rottweiler,1.2,27.2,chronic illness,upset stomach,diarrhea,vomiting,muscle pain,muscle stiffness,chronic illness,upset stomach,diarrhea,vomiting,muscle pain,muscle stiffness,0
dog,boxer,14.1,26.7,skin conditions history,burning ache or pain,vomiting,loss of appetite,experiencing changes in weight,pain and bloating,skin conditions history,burning ache or pain,vomiting,loss of appetite,experiencing changes in weight,pain and bloating,1
dog,poodle,9.7,5.7,not vaccinated,anorexia,lethargy,diarrhea,fever,pox lession on skin,not vaccinated,anorexia,lethargy,diarrhea,fever,pox lession on skin,1
dog,bulldog,8.9,15.5,allergies,fever,death,coughing,dyspnea,anorexia,allergies,fever,death,coughing,dyspnea,anorexia,0
dog,german shepherd,12.1,28.0,dental issues,blood from mouth,strange behaviour,gurgling sound,coughing,abnormalalities,dental issues,blood from mouth,strange behaviour,gurgling sound,coughing,abnormalalities,0
dog,yorkshire terrier,0.5,5.0,no previous conditions,weight loss,dark colored bloody,vomiting,fever,coughing,no previous conditions,weight loss,dark colored bloody,vomiting,fever,coughing,0
dog,german shepherd,5.2,37.7,recent surgery,weight loss,yellow eye,weakness,vomiting,facial muscle twitching,recent surgery,weight loss,yellow eye,weakness,vomiting,facial muscle twitching,1
dog,poodle,6.2,6.1,no previous conditions,fever,tiredness,headache,skin rashes,pain,no previous conditions,fever,tiredness,headache,skin rashes,pain,1
dog,rottweiler,7.7,39.5,not vaccinated,thickening of skin,weakness,weight loss,diarrhea,unsteady gait,not vaccinated,thickening of skin,weakness,weight loss,diarrhea,unsteady gait,1
dog,yorkshire terrier,12.7,4.5,recent surgery,abdminal pain,indigestion,nausea,constipation,diarrhea,recent surgery,abdominal pain,indigestion,nausea,constipation,diarrhea,0
dog,bulldog,10.9,29.4,dental issues,fever,diarrhea,abdominal pain,stiffness,severe weekness and depression,dental issues,fever,diarrhea,abdominal pain,stiffness,severe weekness and depression,0
dog,beagle,2.9,19.5,vaccinated,distended chest,coughing,allergic reaction,poor appetite,weight loss,vaccinated,distended chest,coughing,allergic reaction,poor appetite,weight loss,0
dog,boxer,13.6,27.8,not vaccinated,diarrhea,bleeding in eye and skin,lethargy,vomiting,blood in urine,not vaccinated,diarrhea,bleeding in eye and skin,lethargy,vomiting,blood in urine,1
dog,beagle,3.4,15.9,skin conditions history,swollen,bloody discharge,itches,tenderness,testical pain,skin conditions history,swollen,bloody discharge,itches,tenderness,testical pain,1
dog,boxer,13.8,25.7,not vaccinated,blood in urine,diarrhea,vomiting,lethargy,bleeding in eye and skin,not vaccinated,blood in urine,diarrhea,vomiting,lethargy,bleeding in eye and skin,1
dog,mixed breed,13.4,12.4,vaccinated,dirty,tail shaking,dullness,foul smelling,stained wool,vaccinated,dirty,tail shaking,dullness,foul smelling,stained wool,0
dog,golden retriever,9.5,31.7,previous heart condition,vomiting,vomiting,diarrhea,weight loss,coughing,previous heart condition,vomiting,vomiting,diarrhea,weight loss,coughing,0
dog,yorkshire terrier,6.7,8.6,not vaccinated,weight loss,lethargy,vomiting,coughing,lethargy,not vaccinated,weight loss,lethargy,vomiting,coughing,lethargy,0
dog,boxer,2.0,26.6,parasite history,bleeding from other parts of the body,confusion,nasal discharge,loss of alertness,dizziness and fainting,parasite history,bleeding from other parts of the body,confusion,nasal discharge,loss of alertness,dizziness and fainting,0
dog,mixed breed,12.6,15.8,parasite history,blood on faces,diarrhea,appetite,milk reduce,severe,parasite history,blood on faces,diarrhea,appetite,milk reduce,severe,0
dog,mixed breed,14.7,20.9,not vaccinated,vomiting,fever,pain,vomiting,lethargy,not vaccinated,vomiting,fever,pain,vomiting,lethargy,0
dog,boxer,7.9,30.0,parasite history,pain,lethargy,sneezing,vomiting,weakness,parasite history,pain,lethargy,sneezing,vomiting,weakness,0
dog,yorkshire terrier,5.6,3.0,previous kidney disease,sneezing,blood poisioning,vomiting,anorexia,fever,previous kidney disease,sneezing,blood poisioning,vomiting,anorexia,fever,0
dog,yorkshire terrier,8.5,7.0,no previous conditions,blood in urine,vomiting,lethargy,lethargy,weakness,no previous conditions,blood in urine,vomiting,lethargy,lethargy,weakness,0
dog,labrador retriever,8.2,26.2,allergies,weight loss,weakness,sneezing,weakness,asymptomatic,allergies,weight loss,weakness,sneezing,weakness,asymptomatic,0
dog,yorkshire terrier,1.0,10.4,previous heart condition,nasal discharge,painfull,swelling on leg,poor appetite,broken bones,previous heart condition,nasal discharge,painfull,swelling on leg,poor appetite,broken bones,0
dog,golden retriever,7.8,37.9,parasite history,stop eating,stop drinking,change their normal behaviour,depression,pains,parasite history,stop eating,stop drinking,change their normal behaviour,depression,pains,0
dog,german shepherd,10.7,33.8,previous heart condition,weakness,dehydration,coughing,diarrhea,pain,previous heart condition,weakness,dehydration,coughing,diarrhea,pain,0
dog,yorkshire terrier,3.0,9.6,skin conditions history,fetopelvic dispropotion,uteria inertia,malpresentation,death,pains,skin conditions history,fetopelvic dispropotion,uteria inertia,malpresentation,death,pains,1
dog,beagle,13.9,25.2,no previous conditions,reduce lamp marking,pain,edematous,high body temperaure,weakness,no previous conditions,reduce lamp marking,pain,edematous,high body temperaure,weakness,0
dog,labrador retriever,2.7,29.8,chronic illness,radip onset,stiff,muscle trembling,weakness,death,chronic illness,radip onset,stiff,muscle trembling,weakness,death,0
dog,labrador retriever,5.9,40.2,chronic illness,weight loss,coughing,diarrhea,weight loss,weight loss,chronic illness,weight loss,coughing,diarrhea,weight loss,weight loss,0
dog,rottweiler,8.5,25.0,not vaccinated,pain,vomiting,painfull to touch,difficult in respiration,weight loss,not vaccinated,pain,vomiting,painfull to touch,difficult in respiration,weight loss,0
dog,golden retriever,10.1,25.0,previous kidney disease,fever,milk getting out more watery,convulsion,lethargy,foul smelling,previous kidney disease,fever,milk getting out more watery,convulsion,lethargy,foul smelling,0
dog,golden retriever,1.8,38.1,no previous conditions,immediate death,dysentery,fever,swelling,pain,no previous conditions,immediate death,dysentery,fever,swelling,pain,0
dog,beagle,9.1,26.0,vaccinated,vomiting,sneezing,fever,pawing at bedding,lethargy,vaccinated,vomiting,sneezing,fever,pawing at bedding,lethargy,0
dog,beagle,6.1,18.1,skin conditions history,lethargy,semen examination,appetite,pain,vomiting,skin conditions history,lethargy,semen examination,appetite,pain,vomiting,1
dog,bulldog,15.0,20.8,chronic illness,sneezing,weight loss,anorexia,fever,weakness,chronic illness,sneezing,weight loss,anorexia,fever,weakness,0
dog,golden retriever,0.7,26.2,previous kidney disease,sudden death,high temperature,rapid pulse and heart rates,depression,trembling,previous kidney disease,sudden death,high temperature,rapid pulse and heart rates,depression,trembling,0
dog,bulldog,14.7,28.0,dental issues,sores on lip,infection,sores on lower leg and teats,lesion,pain,dental issues,sores on lip,infection,sores on lower leg and teats,lesion,pain,1
dog,golden retriever,11.6,26.9,no previous conditions,diarrhea,sneezing,diarrhea,weight loss,pain,no previous conditions,diarrhea,sneezing,diarrhea,weight loss,pain,0
dog,rottweiler,10.1,45.0,parasite history,respiratory infection,muscle twiching,diarrhea,pain,weightloss,parasite history,respiratory infection,muscle twitching,diarrhea,pain,weightloss,1
dog,labrador retriever,3.3,45.0,allergies,diarrhea,lethargy,weakness,tail wagging,straining,allergies,diarrhea,lethargy,weakness,tail wagging,straining,0
dog,labrador retriever,12.8,33.2,previous kidney disease,anorexia,anorexia,fever,vomiting,vomiting,previous kidney disease,anorexia,anorexia,fever,vomiting,vomiting,0
dog,german shepherd,13.5,25.5,parasite history,fever,dyspnea,coughing,weakness,anorexia,parasite history,fever,dyspnea,coughing,weakness,anorexia,0
dog,yorkshire terrier,11.3,4.5,previous kidney disease,skin reashes,mortality varies,pox lession on skin,fever,nasal discharge,previous kidney disease,skin reashes,mortality varies,pox lession on skin,fever,nasal discharge,1
dog,german shepherd,9.7,27.4,skin conditions history,fever,nasal discharge,respiratory distress,pox lesion,pain,skin conditions history,fever,nasal discharge,respiratory distress,pox lesion,pain,1
dog,rottweiler,9.8,41.5,dental issues,head tilt,vomiting,coughing,sudden death,intellectual disability,dental issues,head tilt,vomiting,coughing,sudden death,intellectual disability,0
dog,boxer,12.6,27.6,skin conditions history,loss of appetite,pain and bloating,experiencing changes in weight,burning ache or pain,vomiting,skin conditions history,loss of appetite,pain and bloating,experiencing changes in weight,burning ache or pain,vomiting,1
dog,bulldog,9.9,20.5,previous heart condition,weight loss,fever,weight loss,sneezing,anorexia,previous heart condition,weight loss,fever,weight loss,sneezing,anorexia,0
dog,german shepherd,10.9,25.9,previous heart condition,vomiting,reduce lamp marking,weight loss,weakness,lethargy,previous heart condition,vomiting,reduce lamp marking,weight loss,weakness,lethargy,0
dog,yorkshire terrier,2.8,5.9,previous heart condition,fever,lethargy,anorexia,weight loss,anorexia,previous heart condition,fever,lethargy,anorexia,weight loss,anorexia,0
dog,yorkshire terrier,7.2,4.9,dental issues,change their normal behaviour,stop eating,pains,stop drinking,weight loss,dental issues,change their normal behaviour,stop eating,pains,stop drinking,weight loss,0
dog,rottweiler,9.4,41.0,previous kidney disease,fever,depression,small intestines,death,flock moratality,previous kidney disease,fever,depression,small intestines,death,flock moratality,0
dog,german shepherd,4.1,34.5,parasite history,diarrhea,sneezing,diarrhea,coughing,weight loss,parasite history,diarrhea,sneezing,diarrhea,coughing,weight loss,0
dog,rottweiler,12.0,40.2,chronic illness,anorexia,pain,anorexia,weakness,diarrhea,chronic illness,anorexia,pain,anorexia,weakness,diarrhea,0
dog,boxer,11.5,22.2,parasite history,sneezing,dyspnea,most often none,pain,nasal discharge,parasite history,sneezing,dyspnea,most often none,pain,nasal discharge,0
dog,bulldog,10.0,16.0,vaccinated,fever,difficulty breathing,coughing,lethargy,sneezing,vaccinated,fever,difficulty breathing,coughing,lethargy,sneezing,0
dog,beagle,11.9,19.5,dental issues,coughing,diarrhea,fever,anorexia,vomiting,dental issues,coughing,diarrhea,fever,anorexia,vomiting,0
dog,golden retriever,4.3,31.0,allergies,diarrhea,lethargy,lethargy,anorexia,pain on leg,allergies,diarrhea,lethargy,lethargy,anorexia,pain on leg,0
dog,rottweiler,1.3,32.0,chronic illness,upset stomach,diarrhea,vomiting,muscle pain,muscle stiffness,chronic illness,upset stomach,diarrhea,vomiting,muscle pain,muscle stiffness,0
dog,mixed breed,6.7,6.6,vaccinated,tiredness,swelling,fever,nasal discharge,drooling,vaccinated,tiredness,swelling,fever,nasal discharge,drooling,0
dog,labrador retriever,2.0,45.0,skin conditions history,listless,bottle jaw,malpresentation,death,oxygen defiency,skin conditions history,listless,bottle jaw,malpresentation,death,oxygen defiency,1
dog,golden retriever,11.4,41.8,vaccinated,cough,extending its neck,gasping for air,difficulty swallowing,difficulty swallowing,vaccinated,cough,extending its neck,gasping for air,difficulty swallowing,difficulty swallowing,0
dog,bulldog,3.9,31.0,previous heart condition,sores on lower leg and teats,lesion,infection,sores on lip,pain,previous heart condition,sores on lower leg and teats,lesion,infection,sores on lip,pain,1
dog,boxer,2.8,20.3,previous kidney disease,lethargy,kick,restlessness,scratching,nible at their wool,previous kidney disease,lethargy,kick,restlessness,scratching,nible at their wool,0
dog,labrador retriever,6.8,30.5,chronic illness,fever,inflammed eye,coughing,depression,limping,chronic illness,fever,inflammed eye,coughing,depression,limping,0
dog,mixed breed,3.1,27.7,chronic illness,decreased milk,holding limbs off the ground,weight loss,lameness,wool production,chronic illness,decreased milk,holding limbs off the ground,weight loss,lameness,wool production,0
dog,german shepherd,6.3,28.2,previous heart condition,hair loss,dandruff,darkened skin,crusting of the skin,ulcerated skin,previous heart condition,hair loss,dandruff,darkened skin,crusting of the skin,ulcerated skin,1
dog,poodle,10.3,4.4,allergies,diarrhea,sneezing,weight loss,coughing,weakness,allergies,diarrhea,sneezing,weight loss,coughing,weakness,0
dog,mixed breed,8.3,14.4,previous kidney disease,fetopelvic dispropotion,uteria inertia,malpresentation,death,pains,previous kidney disease,fetopelvic dispropotion,uteria inertia,malpresentation,death,pains,0
dog,labrador retriever,10.4,31.5,parasite history,emaciation,loss of appetite,loss in weight,weakness,diarrhoea,parasite history,emaciation,loss of appetite,loss in weight,weakness,diarrhoea,0
dog,bulldog,6.7,25.9,parasite history,lethargy,weakness,fever,succumb,diarrhea,parasite history,lethargy,weakness,fever,succumb,diarrhea,0
dog,rottweiler,9.5,41.0,recent surgery,ulcers,diarrhea,poor appetite,tarry stool,enlarged lymph nodes,recent surgery,ulcers,diarrhea,poor appetite,tarry stool,enlarged lymph nodes,1
dog,rottweiler,9.1,45.0,allergies,vomiting,weakness,walking problem,weight loss,weakness,allergies,vomiting,weakness,walking problem,weight loss,weakness,0
dog,bulldog,9.5,26.9,allergies,gasping,coughing,mild weakness,droopy wings,twisted neck,allergies,gasping,coughing,mild weakness,droopy wings,twisted neck,0
dog,boxer,13.2,18.7,skin conditions history,tail_bobbing,vision problem,dark or black face,bubbles in the mouth,coughing,skin conditions history,tail_bobbing,vision problem,dark or black face,bubbles in the mouth,coughing,1
dog,bulldog,3.5,18.7,recent surgery,weakness,weight loss,kicking,pain,fever,recent surgery,weakness,weight loss,kicking,pain,fever,0
dog,bulldog,8.3,16.5,allergies,fever,death,coughing,dyspnea,anorexia,allergies,fever,death,coughing,dyspnea,anorexia,0
dog,labrador retriever,8.6,27.5,dental issues,lethargy,lethargy,diarrhea,weakness,cough,dental issues,lethargy,lethargy,diarrhea,weakness,cough,0
dog,beagle,6.0,32.4,recent surgery,strong cough,runny nose,darkened skin,lethargy,loss of appettite,recent surgery,strong cough,runny nose,darkened skin,lethargy,loss of appettite,1
dog,german shepherd,9.8,30.1,no previous conditions,pain,weakness,fever,vomiting,lethargy,no previous conditions,pain,weakness,fever,vomiting,lethargy,0
dog,bulldog,5.4,21.9,skin conditions history,fever,rump,lameness,loss of appetite,weight loss,skin conditions history,fever,rump,lameness,loss of appetite,weight loss,1
dog,rottweiler,14.8,44.4,not vaccinated,loss of appetite,swelling,nasal discharge,blindness,lethargy,not vaccinated,loss of appetite,swelling,nasal discharge,blindness,lethargy,0
dog,labrador retriever,13.9,25.0,skin conditions history,pain,vomiting,fever,vomiting,weight loss,skin conditions history,pain,vomiting,fever,vomiting,weight loss,1
dog,labrador retriever,4.8,34.1,no previous conditions,nausea,loss of appetite,vomiting,firm,distended stomach,no previous conditions,nausea,loss of appetite,vomiting,firm,distended stomach,0
dog,german shepherd,1.9,39.7,chronic illness,diarrhea,faeces are streake with blood,sneezing,diarrhea,fever,chronic illness,diarrhea,faeces are streake with blood,sneezing,diarrhea,fever,0
dog,golden retriever,1.9,39.0,skin conditions history,sneezing,pain,vomiting,sneezing,lethargy,skin conditions history,sneezing,pain,vomiting,sneezing,lethargy,1
dog,yorkshire terrier,10.8,5.6,skin conditions history,fetopelvic dispropotion,uteria inertia,malpresentation,death,pains,skin conditions history,fetopelvic dispropotion,uteria inertia,malpresentation,death,pains,1
dog,poodle,4.2,6.6,previous kidney disease,diarrhea,flock moratality,warm,sneezing,weight loss,previous kidney disease,diarrhea,flock moratality,warm,sneezing,weight loss,0
dog,german shepherd,1.1,36.4,chronic illness,loss of appetite,small size,poor wool,poor body condition,lameness,chronic illness,loss of appetite,small size,poor wool,poor body condition,lameness,0
dog,yorkshire terrier,8.1,7.2,parasite history,anorexia,coughing,sneezing,sneezing,vomiting,parasite history,anorexia,coughing,sneezing,sneezing,vomiting,0
dog,beagle,9.2,29.9,parasite history,papules appear on teats anad udder,vomiting,high body temperature,fever,sneezing,parasite history,papules appear on teats anad udder,vomiting,high body temperature,fever,sneezing,1
dog,labrador retriever,7.3,34.2,no previous conditions,vomiting,fever,vomiting,fever,anorexia,no previous conditions,vomiting,fever,vomiting,fever,anorexia,0
dog,boxer,8.6,23.5,chronic illness,sneezing,lethargy,vomiting,weight loss,diarrhea,chronic illness,sneezing,lethargy,vomiting,weight loss,diarrhea,0
dog,labrador retriever,6.7,28.8,dental issues,weakness,vomiting,coughing,lethargy,fever,dental issues,weakness,vomiting,coughing,lethargy,fever,0
dog,golden retriever,8.9,23.3,vaccinated,weight gain,mucous discharge,fever,reduce feed,respiratory distress,vaccinated,weight gain,mucous discharge,fever,reduce feed,respiratory distress,0
dog,german shepherd,2.5,40.1,no previous conditions,anorexia,coughing,sneezing,weakness,coughing,no previous conditions,anorexia,coughing,sneezing,weakness,coughing,0
dog,yorkshire terrier,9.2,8.6,not vaccinated,staggering as drunk,fever,weight loss,pain,diarrhea,not vaccinated,staggering as drunk,fever,weight loss,pain,diarrhea,0
dog,bulldog,8.7,17.4,allergies,fever,dull,hind quarted soil,animal stop feed,decrease in milk production,allergies,fever,dull,hind quarted soil,animal stop feed,decrease in milk production,0
dog,poodle,11.5,3.4,not vaccinated,fever,respiratory distress,seizuers,hyperesthesia,sudden death,not vaccinated,fever,respiratory distress,seizuers,hyperesthesia,sudden death,0
dog,mixed breed,4.5,6.0,allergies,reluctant move,loss of appetite,lameness,death,weakness,allergies,reluctant move,loss of appetite,lameness,death,weakness,0
dog,bulldog,3.1,20.5,parasite history,fever,loss of  appetite,lession on the skin,lethargy,joint pain,parasite history,fever,loss of appetite,lession on the skin,lethargy,joint pain,1
dog,boxer,5.9,25.5,chronic illness,diarrhea,difficulty in breathing,anorexia,anorexia,coughing,chronic illness,diarrhea,difficulty in breathing,anorexia,anorexia,coughing,0
dog,labrador retriever,1.5,40.5,previous kidney disease,dilation of duodenum,vomiting,coughing,pain,vomiting,previous kidney disease,dilation of duodenum,vomiting,coughing,pain,vomiting,0
dog,boxer,8.0,29.0,previous heart condition,fever,diarrhea,inflammation,trachea,pale gums,previous heart condition,fever,diarrhea,inflammation,trachea,pale gums,0
dog,golden retriever,5.0,37.5,vaccinated,weakness,stiffness,trembling,white mark on the muscle,loss of vitamin e,vaccinated,weakness,stiffness,trembling,white mark on the muscle,loss of vitamin e,0
dog,mixed breed,8.3,14.4,previous heart condition,radip onset,skin color change,restlessness,fever,lethargy,previous heart condition,radip onset,skin color change,restlessness,fever,lethargy,1
dog,golden retriever,9.7,35.8,recent surgery,weakness,pain,pain,wandering,painfull swalling,recent surgery,weakness,pain,pain,wandering,painfull swalling,0
dog,boxer,12.3,16.5,chronic illness,trauma,dry air,nosebleed,nose picking,mild weakness,chronic illness,trauma,dry air,nosebleed,nose picking,mild weakness,0
dog,bulldog,7.7,17.9,allergies,coughing,fever,changed gait,fever,coughing,allergies,coughing,fever,changed gait,fever,coughing,0
dog,beagle,6.3,27.3,chronic illness,sneezing,pain,lethargy,firm,wether restless,chronic illness,sneezing,pain,lethargy,firm,wether restless,0
dog,bulldog,11.0,15.6,vaccinated,viability,sneezing,coughing,diarrhea,pain,vaccinated,viability,sneezing,coughing,diarrhea,pain,0
dog,bulldog,9.0,24.1,no previous conditions,fever,diarrhea,enteritis,weight loss,stomach  cramps,no previous conditions,fever,diarrhea,enteritis,weight loss,stomach cramps,0
dog,bulldog,14.4,18.7,not vaccinated,difficulty in feeding,preening,weakness,beak overgrowth,anemia,not vaccinated,difficulty in feeding,preening,weakness,beak overgrowth,anemia,0
dog,rottweiler,3.8,30.0,allergies,respiratory distress,hyperesthesia,weekness in the back legs,fever,sudden death,allergies,respiratory distress,hyperesthesia,weekness in the back legs,fever,sudden death,0
dog,golden retriever,12.6,40.4,dental issues,watering diarrhea,depression,emaciation,ruffled coat,lethargy,dental issues,watering diarrhea,depression,emaciation,ruffled coat,lethargy,0
dog,german shepherd,12.9,31.2,not vaccinated,weight loss,anorexia,shortness of breath.,weight loss,anorexia,not vaccinated,weight loss,anorexia,shortness of breath.,weight loss,anorexia,0
dog,boxer,8.4,25.2,previous heart condition,enlarged lymph nodes,bloody drool,lossened teeth,misshapen beak,anorexia,previous heart condition,enlarged lymph nodes,bloody drool,lossened teeth,misshapen beak,anorexia,0
dog,rottweiler,10.2,29.4,no previous conditions,loss of appetite,diarrhea,ruffled feathers,weight loss,inability to absorb nutrients,no previous conditions,loss of appetite,diarrhea,ruffled feathers,weight loss,inability to absorb nutrients,0
dog,bulldog,5.4,23.9,parasite history,greenish-yellow nasal discharge,lack of pigmentation,sneezing,lethargy,pain on face,parasite history,greenish-yellow nasal discharge,lack of pigmentation,sneezing,lethargy,pain on face,0
dog,poodle,15.0,4.0,skin conditions history,weakness,difficultty in breathing,pain,weakness,poor wool,skin conditions history,weakness,difficultty in breathing,pain,weakness,poor wool,1
dog,mixed breed,12.0,35.4,recent surgery,diarrhea,sneezing,lethargy,pain,fever,recent surgery,diarrhea,sneezing,lethargy,pain,fever,0
dog,rottweiler,4.0,36.1,previous kidney disease,weakness,diarrhea,painfull swalling,sneezing,lethargy,previous kidney disease,weakness,diarrhea,painfull swalling,sneezing,lethargy,0
dog,mixed breed,1.2,12.2,parasite history,stop eating,stop drinking,change their normal behaviour,diarrhea,pains,parasite history,stop eating,stop drinking,change their normal behaviour,diarrhea,pains,0
dog,beagle,3.7,16.5,skin conditions history,swollen,testical pain,itches,bloody discharge,tenderness,skin conditions history,swollen,testical pain,itches,bloody discharge,tenderness,1
dog,yorkshire terrier,1.5,4.2,recent surgery,fever,difficulty breathing,thrist and urination,lethargy,sneezing,recent surgery,fever,difficulty breathing,thrist and urination,lethargy,sneezing,0
dog,bulldog,14.6,17.8,chronic illness,difficulty in feeding,preening,weakness,beak overgrowth,anemia,chronic illness,difficulty in feeding,preening,weakness,beak overgrowth,anemia,0
dog,golden retriever,9.9,40.8,not vaccinated,anorexia,fever,coughing,fever,fatty stool,not vaccinated,anorexia,fever,coughing,fever,fatty stool,0
dog,golden retriever,2.5,35.0,recent surgery,difficulty in breathing,incoordination,terminal convulsion,fever,dark colored bloody,recent surgery,difficulty in breathing,incoordination,terminal convulsion,fever,dark colored bloody,0
dog,yorkshire terrier,9.6,8.4,recent surgery,vomiting,coughing,discharge,coughing,retching,recent surgery,vomiting,coughing,discharge,coughing,retching,0
dog,boxer,4.5,20.0,recent surgery,succumb,coughing,anorexia,weight loss,no appp,recent surgery,succumb,coughing,anorexia,weight loss,no appp,0
dog,bulldog,10.5,24.2,parasite history,fever,coughing,weight loss,sneezing,fever,parasite history,fever,coughing,weight loss,sneezing,fever,0
dog,golden retriever,9.3,38.6,dental issues,anorexia,pain,anorexia,weight loss,weakness,dental issues,anorexia,pain,anorexia,weight loss,weakness,0
dog,golden retriever,5.8,33.5,previous kidney disease,fever,sneezing,coughing,coughing,pain,previous kidney disease,fever,sneezing,coughing,coughing,pain,0
dog,mixed breed,6.2,9.9,recent surgery,abdominal pain,diarrhea,malpresentation,shock,anorexia,recent surgery,abdominal pain,diarrhea,malpresentation,shock,anorexia,0
dog,beagle,8.8,15.6,previous kidney disease,staggering,fever,excessive drooling,seizures,diffulty swallowing,previous kidney disease,staggering,fever,excessive drooling,seizures,diffulty swallowing,0
dog,poodle,2.8,7.0,not vaccinated,fever,diarrhea,weakness,diarrhea,anorexia,not vaccinated,fever,diarrhea,weakness,diarrhea,anorexia,0
dog,golden retriever,11.6,26.8,previous kidney disease,weight loss,vomiting,weakness,weight loss,coughing,previous kidney disease,weight loss,vomiting,weakness,weight loss,coughing,0
dog,poodle,4.0,5.4,previous kidney disease,sneezing,abdminal pain,blue eye,weakness,vomiting,previous kidney disease,sneezing,abdominal pain,blue eye,weakness,vomiting,0
dog,german shepherd,14.5,27.1,dental issues,foul smelling,diarrhea,colic,bloody discharge,blood clots,dental issues,foul smelling,diarrhea,colic,bloody discharge,blood clots,0
dog,german shepherd,13.3,37.4,previous kidney disease,anorexia,sneezing,anorexia,fever,weakness,previous kidney disease,anorexia,sneezing,anorexia,fever,weakness,0
dog,bulldog,1.2,22.5,skin conditions history,diarrhea,fever,coughing,sneezing,listlessness,skin conditions history,diarrhea,fever,coughing,sneezing,listlessness,1
dog,yorkshire terrier,6.4,3.6,skin conditions history,fetopelvic dispropotion,uteria inertia,malpresentation,death,pains,skin conditions history,fetopelvic dispropotion,uteria inertia,malpresentation,death,pains,1
dog,german shepherd,4.0,45.0,not vaccinated,high body temperaure,achomotrica,fever,weight loss,fever,not vaccinated,high body temperaure,achomotrica,fever,weight loss,fever,0
dog,boxer,9.1,16.6,not vaccinated,fever,dark colored bloody,incoordination,difficulty in breathing,terminal convulsion,not vaccinated,fever,dark colored bloody,incoordination,difficulty in breathing,terminal convulsion,0
dog,yorkshire terrier,8.1,3.0,no previous conditions,weight loss,lethargy,fever,lethargy,bad smell,no previous conditions,weight loss,lethargy,fever,lethargy,bad smell,0
dog,rottweiler,11.7,31.7,previous kidney disease,loss of appetite,diarrhea,ruffled feathers,weight loss,inability to absorb nutrients,previous kidney disease,loss of appetite,diarrhea,ruffled feathers,weight loss,inability to absorb nutrients,0
dog,yorkshire terrier,11.3,4.5,skin conditions history,pain,weakness,weight loss,coughing,weakness,skin conditions history,pain,weakness,weight loss,coughing,weakness,1
dog,golden retriever,8.1,39.6,no previous conditions,weight loss,vomiting,vomiting,weakness,diarrhea,no previous conditions,weight loss,vomiting,vomiting,weakness,diarrhea,0
dog,labrador retriever,2.0,43.7,skin conditions history,listless,bottle jaw,malpresentation,death,oxygen defiency,skin conditions history,listless,bottle jaw,malpresentation,death,oxygen defiency,1
dog,german shepherd,6.0,26.2,not vaccinated,hair loss,dandruff,darkened skin,crusting of the skin,ulcerated skin,not vaccinated,hair loss,dandruff,darkened skin,crusting of the skin,ulcerated skin,1
dog,yorkshire terrier,3.5,8.9,previous kidney disease,weight loss,scartch,swelling of joints,vomiting,fever,previous kidney disease,weight loss,scartch,swelling of joints,vomiting,fever,0
dog,boxer,3.8,14.1,not vaccinated,facial swelling,bloody drool,abdominal pain,unable to eat,lossened teeth,not vaccinated,facial swelling,bloody drool,abdominal pain,unable to eat,lossened teeth,0
dog,bulldog,1.7,26.8,no previous conditions,fever,pox lession on skin,skin reashes,nasal discharge,mortality varies,no previous conditions,fever,pox lession on skin,skin reashes,nasal discharge,mortality varies,1
dog,boxer,9.8,18.2,no previous conditions,listless,difficulty in walking,grinding of teeth,blindness,ataxia,no previous conditions,listless,difficulty in walking,grinding of teeth,blindness,ataxia,0
dog,rottweiler,10.2,40.5,skin conditions history,coughing,diarrhea,weakness,incoordination,vomiting,skin conditions history,coughing,diarrhea,weakness,incoordination,vomiting,1
dog,bulldog,9.8,24.0,not vaccinated,fever,loss of  appetite,coughing,lethargy,joint pain,not vaccinated,fever,loss of appetite,coughing,lethargy,joint pain,0
dog,german shepherd,4.8,39.6,not vaccinated,red skin,loss of appetite,moist,lameness,pains,not vaccinated,red skin,loss of appetite,moist,lameness,pains,1
dog,mixed breed,12.5,14.1,parasite history,foul smelling,dullness,dirty,stained wool,tail shaking,parasite history,foul smelling,dullness,dirty,stained wool,tail shaking,0
dog,bulldog,3.7,20.0,skin conditions history,sour throat,mortality,muscle aches,abnormalities,fever,skin conditions history,sour throat,mortality,muscle aches,abnormalities,fever,1
dog,boxer,3.6,16.8,previous heart condition,weight loss,grinding of teeth,fever,fever,weakness,previous heart condition,weight loss,grinding of teeth,fever,fever,weakness,0
dog,golden retriever,13.2,28.5,not vaccinated,pain,bloody discharge,anorexia,weakness,pain,not vaccinated,pain,bloody discharge,anorexia,weakness,pain,0
dog,rottweiler,4.7,32.9,not vaccinated,hair loss,dandruff,darkened skin,crusting of the skin,ulcerated skin,not vaccinated,hair loss,dandruff,darkened skin,crusting of the skin,ulcerated skin,1
dog,mixed breed,8.9,31.7,no previous conditions,lethargy,weakness,watery faeces,weight loss,vomiting,no previous conditions,lethargy,weakness,watery faeces,weight loss,vomiting,0
dog,beagle,5.4,27.9,skin conditions history,fever,excession salivation,abnormal conformation,ulcerated muscle,ulcerated ear,skin conditions history,fever,excession salivation,abnormal conformation,ulcerated muscle,ulcerated ear,1
dog,rottweiler,8.6,34.1,skin conditions history,weight loss,anorexia,vomiting,diarrhea,fever,skin conditions history,weight loss,anorexia,vomiting,diarrhea,fever,1
dog,beagle,5.2,15.0,previous heart condition,vomiting,vomiting,weight loss,weakness,vomiting,previous heart condition,vomiting,vomiting,weight loss,weakness,vomiting,0
dog,yorkshire terrier,9.8,7.4,parasite history,weight loss,shallow breathing,anorexia,weight loss,pain,parasite history,weight loss,shallow breathing,anorexia,weight loss,pain,0
dog,german shepherd,12.4,40.6,skin conditions history,lethargy,weakness,anorexia,fever,vomiting,skin conditions history,lethargy,weakness,anorexia,fever,vomiting,1
dog,bulldog,11.2,21.8,previous kidney disease,coughing,coughing,sneezing,nostrils,anorexia,previous kidney disease,coughing,coughing,sneezing,nostrils,anorexia,0
dog,boxer,2.0,28.8,parasite history,vomiting,anorexia,anorexia,anorexia,vomiting,parasite history,vomiting,anorexia,anorexia,anorexia,vomiting,0
dog,poodle,13.3,6.1,no previous conditions,lethargy,pain,weakness,sneezing,sneezing,no previous conditions,lethargy,pain,weakness,sneezing,sneezing,0
dog,boxer,5.6,22.8,skin conditions history,diarrhea,vomiting,dry air,lethargy,fever,skin conditions history,diarrhea,vomiting,dry air,lethargy,fever,1
dog,bulldog,5.5,23.0,previous kidney disease,anorexia,gasping,fever,vomiting,vomiting,previous kidney disease,anorexia,gasping,fever,vomiting,vomiting,0
dog,poodle,11.1,7.6,chronic illness,anorexia,recumbency,diarrhea with muscus,lethargy,lethargy,chronic illness,anorexia,recumbency,diarrhea with muscus,lethargy,lethargy,0
dog,bulldog,5.9,25.2,parasite history,fever,loss of appetite,lameness,rump,weight loss,parasite history,fever,loss of appetite,lameness,rump,weight loss,0
dog,yorkshire terrier,5.6,3.0,vaccinated,coughing,vomiting,decreased appetite,anorexia,weight loss,vaccinated,coughing,vomiting,decreased appetite,anorexia,weight loss,0
dog,boxer,11.7,16.1,skin conditions history,diarrhea,sneezing,diarrhea,coughing,anorexia,skin conditions history,diarrhea,sneezing,diarrhea,coughing,anorexia,1
dog,rottweiler,1.5,38.3,recent surgery,mummification,abortion,stillbirth,weak kids,pain,recent surgery,mummification,abortion,stillbirth,weak kids,pain,0
dog,golden retriever,9.2,37.4,previous heart condition,weight loss,coughing,sweats,anorexia,lethargy,previous heart condition,weight loss,coughing,sweats,anorexia,lethargy,0
dog,bulldog,3.7,24.6,chronic illness,fever,diarrhea,vomiting,blood from mouth,shock,chronic illness,fever,diarrhea,vomiting,blood from mouth,shock,0
dog,bulldog,9.9,20.1,allergies,bluish white opacity,vomiting,weakness,coughing,lethargy,allergies,bluish white opacity,vomiting,weakness,coughing,lethargy,0
dog,german shepherd,6.7,45.0,chronic illness,distinctive bumps,fever,pain,sneezing,ulcerated ear,chronic illness,distinctive bumps,fever,pain,sneezing,ulcerated ear,1
dog,german shepherd,8.2,35.8,no previous conditions,lethargy,diarrhea,sneezing,weight loss,anorexia,no previous conditions,lethargy,diarrhea,sneezing,weight loss,anorexia,0
dog,beagle,13.8,29.0,no previous conditions,stop eating,stop drinking,change their normal behaviour,lameness,pains,no previous conditions,stop eating,stop drinking,change their normal behaviour,lameness,pains,0
dog,bulldog,1.9,28.6,chronic illness,coughing,paresis,legness,weight loss,shortness of breath,chronic illness,coughing,paresis,legness,weight loss,shortness of breath,0
dog,bulldog,7.3,19.4,parasite history,raw,vomiting,stomach  cramps,pain,vomiting,parasite history,raw,vomiting,stomach cramps,pain,vomiting,0
dog,beagle,9.1,28.5,skin conditions history,stripped remiges,less feather growth,ruffled feathers,defienciency in vitamin,diarrhea,skin conditions history,stripped remiges,less feather growth,ruffled feathers,defienciency in vitamin,diarrhea,1
dog,bulldog,7.0,27.7,not vaccinated,coughing,weight loss,coughing,lethargy,stumbling,not vaccinated,coughing,weight loss,coughing,lethargy,stumbling,0
dog,mixed breed,12.3,10.9,recent surgery,fever,diarrhea,poor appetite,weight loss,vomitting,recent surgery,fever,diarrhea,poor appetite,weight loss,vomitting,0
dog,yorkshire terrier,14.5,4.2,not vaccinated,diarrhea,reduced appetite,lethargy,pain,sneezing,not vaccinated,diarrhea,reduced appetite,lethargy,pain,sneezing,0
dog,labrador retriever,5.8,34.3,vaccinated,diarrhea,fever,loss in weight,fever,anorexia,vaccinated,diarrhea,fever,loss in weight,fever,anorexia,0
dog,rottweiler,13.9,42.8,not vaccinated,lethargy,swelling,loss of appetite,nasal discharge,blindness,not vaccinated,lethargy,swelling,loss of appetite,nasal discharge,blindness,0
dog,mixed breed,11.5,20.9,not vaccinated,pain,weakness,weight loss,raised growth or bump,weakness,not vaccinated,pain,weakness,weight loss,raised growth or bump,weakness,0
dog,bulldog,8.6,23.6,previous heart condition,weakness,coughing,diarrhea,pain,fever,previous heart condition,weakness,coughing,diarrhea,pain,fever,0
dog,rottweiler,12.7,32.6,allergies,diarrhea,sneezing,weakness,pain,anorexia,allergies,diarrhea,sneezing,weakness,pain,anorexia,0
dog,boxer,6.4,19.4,not vaccinated,papules appear on teats anad udder,slightly swollen,milky hard,lession on the skin,fever,not vaccinated,papules appear on teats anad udder,slightly swollen,milky hard,lession on the skin,fever,1
dog,rottweiler,14.5,40.8,parasite history,fever,swelling of face or leg,poor appetite,depression,pains,parasite history,fever,swelling of face or leg,poor appetite,depression,pains,0
dog,poodle,7.7,3.0,no previous conditions,diarrhea,excess sleeping,weight loss,anorexia,radip onset,no previous conditions,diarrhea,excess sleeping,weight loss,anorexia,radip onset,0
dog,bulldog,13.3,25.9,chronic illness,fever,difficulty breathing,coughing,eye and skin change,unable to exercise,chronic illness,fever,difficulty breathing,coughing,eye and skin change,unable to exercise,1
dog,rottweiler,8.7,39.6,no previous conditions,vomiting,lethargy,coughing,weight loss,neck paralysis,no previous conditions,vomiting,lethargy,coughing,weight loss,neck paralysis,0
dog,bulldog,11.7,21.6,parasite history,lethargy,vomiting,sneezing,wheezing,pyrexia,parasite history,lethargy,vomiting,sneezing,wheezing,pyrexia,0
dog,german shepherd,8.9,32.7,not vaccinated,fever,anorexia,lethargy,sneezing,diarrhea,not vaccinated,fever,anorexia,lethargy,sneezing,diarrhea,0
dog,german shepherd,14.6,45.0,vaccinated,diarrhea,weight loss,pain,diarrhea,pain,vaccinated,diarrhea,weight loss,pain,diarrhea,pain,0
dog,german shepherd,5.8,39.5,skin conditions history,wound,fever,smell of ammonia,weight loss,anorexia,skin conditions history,wound,fever,smell of ammonia,weight loss,anorexia,1
dog,rottweiler,9.9,31.1,vaccinated,fever,fever,anorexia,anorexia,fever,vaccinated,fever,fever,anorexia,anorexia,fever,0
dog,bulldog,0.5,24.4,vaccinated,anorexia,pain,lightheadedness,sneezing,fever,vaccinated,anorexia,pain,lightheadedness,sneezing,fever,0
dog,golden retriever,4.6,33.1,no previous conditions,swelling of eye,sneezing,pain,sneezing,red and inflammation ear,no previous conditions,swelling of eye,sneezing,pain,sneezing,red and inflammation ear,0
dog,golden retriever,6.2,38.7,parasite history,pain,vomiting,diarrhea,lethargy,anorexia,parasite history,pain,vomiting,diarrhea,lethargy,anorexia,0
dog,boxer,6.0,17.5,not vaccinated,fever,slightly swollen,lession on the skin,milky hard,papules appear on teats anad udder,not vaccinated,fever,slightly swollen,lession on the skin,milky hard,papules appear on teats anad udder,1
dog,boxer,14.6,22.8,dental issues,fever,dull,hind quarted soil,animal stop feed,decrease in milk production,dental issues,fever,dull,hind quarted soil,animal stop feed,decrease in milk production,0
dog,labrador retriever,1.3,30.9,skin conditions history,abortion at the end of gestation,join pains,fatigue,swelling of internal organs,weak calves,skin conditions history,abortion at the end of gestation,join pains,fatigue,swelling of internal organs,weak calves,1
dog,boxer,14.1,21.1,chronic illness,fever,weakened legs,los of the ability to walk,mammary glads,fluif filled blisters,chronic illness,fever,weakened legs,los of the ability to walk,mammary glads,fluif filled blisters,0
dog,beagle,13.6,20.9,previous heart condition,fever,swelling,lameness,heat,pains,previous heart condition,fever,swelling,lameness,heat,pains,0
dog,yorkshire terrier,10.6,5.1,skin conditions history,fetopelvic dispropotion,uteria inertia,malpresentation,death,pains,skin conditions history,fetopelvic dispropotion,uteria inertia,malpresentation,death,pains,1
dog,golden retriever,11.9,30.8,previous heart condition,diarrhea,weakness,weight loss,ulcerated skin,weakness,previous heart condition,diarrhea,weakness,weight loss,ulcerated skin,weakness,1
dog,german shepherd,8.3,32.0,vaccinated,fever,sour throat,mortality,muscle aches,abnormalities,vaccinated,fever,sour throat,mortality,muscle aches,abnormalities,0
dog,german shepherd,8.0,25.5,not vaccinated,walking problem,pain,sneezing,skinallergy,coughing,not vaccinated,walking problem,pain,sneezing,skinallergy,coughing,1
dog,mixed breed,13.2,33.1,vaccinated,hair loss,dandruff,vomiting,crusting of the skin,ulcerated skin,vaccinated,hair loss,dandruff,vomiting,crusting of the skin,ulcerated skin,1
dog,mixed breed,1.5,31.1,no previous conditions,nosebleed,trauma,mild weakness,nose picking,dry air,no previous conditions,nosebleed,trauma,mild weakness,nose picking,dry air,0
dog,mixed breed,1.7,22.9,chronic illness,eye discharges,nasal discharge,change their normal behaviour,high body temperature,lameness,chronic illness,eye discharges,nasal discharge,change their normal behaviour,high body temperature,lameness,0
dog,yorkshire terrier,7.9,6.3,previous heart condition,fever,salivation,lack of coordination,facial paralysis,depression,previous heart condition,fever,salivation,lack of coordination,facial paralysis,depression,0
dog,labrador retriever,0.8,43.4,not vaccinated,excessive eye watering,eye redness,weakness,mucus discharge from the eye,frequent eye infections,not vaccinated,excessive eye watering,eye redness,weakness,mucus discharge from the eye,frequent eye infections,0
dog,golden retriever,4.4,38.1,vaccinated,weakness,blood in faces,pain,coughing,sneezing,vaccinated,weakness,blood in faces,pain,coughing,sneezing,0
dog,german shepherd,11.8,23.0,dental issues,jaundice,hemolytic anemia,hemoglobinuria,pulmonary congestion,fever,dental issues,jaundice,hemolytic anemia,hemoglobinuria,pulmonary congestion,fever,0
dog,poodle,11.9,7.1,no previous conditions,sneezing,throat and ear pain,diarrhea,weight loss,weakness,no previous conditions,sneezing,throat and ear pain,diarrhea,weight loss,weakness,0
dog,labrador retriever,9.0,36.0,not vaccinated,skinallergy,anorexia,diarrhea,weight loss,emaciation,not vaccinated,skinallergy,anorexia,diarrhea,weight loss,emaciation,1
dog,german shepherd,9.6,40.2,no previous conditions,diarrhea,vomiting,pain,diarrhea,lethargy,no previous conditions,diarrhea,vomiting,pain,diarrhea,lethargy,0
dog,yorkshire terrier,12.1,6.4,previous heart condition,fever,anorexia,weakness,exhaustion,vomiting,previous heart condition,fever,anorexia,weakness,exhaustion,vomiting,0
dog,beagle,6.7,25.5,recent surgery,strong cough,runny nose,darkened skin,lethargy,loss of appettite,recent surgery,strong cough,runny nose,darkened skin,lethargy,loss of appettite,1
dog,german shepherd,5.4,37.2,not vaccinated,pain,diarrhea,vomiting,anorexia,pain,not vaccinated,pain,diarrhea,vomiting,anorexia,pain,0
dog,boxer,8.8,28.4,allergies,inflammation,discomfort,kicking at the belly,urine infection,pains,allergies,inflammation,discomfort,kicking at the belly,urine infection,pains,0
dog,labrador retriever,9.1,32.1,parasite history,loss of appetite,loss in weight,emaciation,diarrhoea,weakness,parasite history,loss of appetite,loss in weight,emaciation,diarrhoea,weakness,0
dog,labrador retriever,4.1,38.1,allergies,vomiting,lethargy,blood in urine,bleeding in eye and skin,diarrhea,allergies,vomiting,lethargy,blood in urine,bleeding in eye and skin,diarrhea,1
dog,mixed breed,5.2,8.0,not vaccinated,fluffed feathers,pain,asymptomatic,pain,pain,not vaccinated,fluffed feathers,pain,asymptomatic,pain,pain,0
dog,golden retriever,3.4,45.0,recent surgery,fever,weakness,anorexia,diarrhea,salivating,recent surgery,fever,weakness,anorexia,diarrhea,salivating,0
dog,poodle,6.7,8.5,recent surgery,pain,enteritis,diarrhea,weakness,weakness,recent surgery,pain,enteritis,diarrhea,weakness,weakness,0
dog,beagle,2.3,24.4,vaccinated,fetopelvic dispropotion,uteria inertia,malpresentation,death,pains,vaccinated,fetopelvic dispropotion,uteria inertia,malpresentation,death,pains,0
dog,beagle,0.8,23.8,previous heart condition,diarrhea,lethargy,pain,vomiting,coughing,previous heart condition,diarrhea,lethargy,pain,vomiting,coughing,0
dog,labrador retriever,2.5,38.3,skin conditions history,oedema,swelling of face or leg,swelling of neck,weight loss,pain,skin conditions history,oedema,swelling of face or leg,swelling of neck,weight loss,pain,1
dog,golden retriever,10.2,37.0,not vaccinated,discharge from eyes,redness of eye,blindness,scartches,pains,not vaccinated,discharge from eyes,redness of eye,blindness,scartches,pains,0
dog,labrador retriever,7.7,38.7,vaccinated,papules appear on teats anad udder,anorexia,pain,lethargy,hepatitis,vaccinated,papules appear on teats anad udder,anorexia,pain,lethargy,hepatitis,1
dog,poodle,8.8,6.0,dental issues,fever,swelling of face or leg,depression,coughing,pains,dental issues,fever,swelling of face or leg,depression,coughing,pains,0
dog,poodle,10.6,5.6,vaccinated,weight loss,fever,weight loss,lethargy,dry scabs,vaccinated,weight loss,fever,weight loss,lethargy,dry scabs,1
dog,golden retriever,6.1,42.3,previous heart condition,cough,sneeze,droopy wings,twisted neck,droopy wings,previous heart condition,cough,sneeze,droopy wings,twisted neck,droopy wings,0
dog,rottweiler,13.6,31.0,dental issues,wasting,anorexia,weakness,moist,sneezing,dental issues,wasting,anorexia,weakness,moist,sneezing,0
dog,beagle,5.7,28.4,skin conditions history,fever,excession salivation,abnormal conformation,ulcerated muscle,ulcerated ear,skin conditions history,fever,excession salivation,abnormal conformation,ulcerated muscle,ulcerated ear,1
dog,labrador retriever,7.8,43.3,skin conditions history,thick crusting,itchiness,hair loss,watery eye,pain,skin conditions history,thick crusting,itchiness,hair loss,watery eye,pain,1
dog,yorkshire terrier,9.2,8.3,allergies,rapid heart rate,anorexia,weakness,diarrhea,diarrhea,allergies,rapid heart rate,anorexia,weakness,diarrhea,diarrhea,0
dog,boxer,9.0,16.6,skin conditions history,grinding of teeth,ataxia,blindness,listless,difficulty in walking,skin conditions history,grinding of teeth,ataxia,blindness,listless,difficulty in walking,1
dog,beagle,12.1,15.0,dental issues,weakness,puffed_up feather,anorexia,weakness,coughing,dental issues,weakness,puffed_up feather,anorexia,weakness,coughing,0
dog,boxer,11.2,21.3,not vaccinated,lethargy,weight loss,coughing,fever,pain,not vaccinated,lethargy,weight loss,coughing,fever,pain,0
dog,mixed breed,9.5,12.9,chronic illness,apathy,depression,dilation of duodenum,cloacal pasting,congestion,chronic illness,apathy,depression,dilation of duodenum,cloacal pasting,congestion,0
dog,labrador retriever,6.6,27.6,not vaccinated,sneezing,vomiting,sweat,fever,weakness,not vaccinated,sneezing,vomiting,sweat,fever,weakness,0
dog,mixed breed,5.8,10.1,recent surgery,abdominal pain,diarrhea,malpresentation,shock,anorexia,recent surgery,abdominal pain,diarrhea,malpresentation,shock,anorexia,0
dog,beagle,9.5,25.1,previous heart condition,cough,sneeze,droopy wings,twisted neck,droopy wings,previous heart condition,cough,sneeze,droopy wings,twisted neck,droopy wings,0
dog,boxer,3.3,22.6,parasite history,fever,difficulty breathing,reduce energy,weight loss,enlarged lymph nodes or swelling,parasite history,fever,difficulty breathing,reduce energy,weight loss,enlarged lymph nodes or swelling,0
dog,yorkshire terrier,9.7,6.0,previous heart condition,lethargy,weakness,pain,vomiting,lepatomegaly,previous heart condition,lethargy,weakness,pain,vomiting,lepatomegaly,0
dog,poodle,5.7,7.2,previous kidney disease,red on affected area,horny growth,wart-like growth,red skin,lesions on ear,previous kidney disease,red on affected area,horny growth,wart-like growth,red skin,lesions on ear,1
dog,german shepherd,10.6,39.8,previous kidney disease,fever,depression,lameness in affected leg,rapid pulse and heart rates,loss of appetite,previous kidney disease,fever,depression,lameness in affected leg,rapid pulse and heart rates,loss of appetite,0
dog,beagle,9.8,21.3,previous kidney disease,pain,slow growth,weakness,vomiting,fever,previous kidney disease,pain,slow growth,weakness,vomiting,fever,0
dog,bulldog,10.4,21.9,no previous conditions,weight loss,fever,sneezing,high moratality,vomiting,no previous conditions,weight loss,fever,sneezing,high moratality,vomiting,0
dog,german shepherd,5.7,22.9,not vaccinated,ulcerated skin,darkened skin,crusting of the skin,dandruff,hair loss,not vaccinated,ulcerated skin,darkened skin,crusting of the skin,dandruff,hair loss,1
dog,labrador retriever,6.5,33.3,not vaccinated,vomiting,bloody diarrhea,lethargy,dehydration,anorexia,not vaccinated,vomiting,bloody diarrhea,lethargy,dehydration,anorexia,0
dog,yorkshire terrier,9.2,9.0,skin conditions history,excessive eye watering,eye redness,weakness,mucus discharge from the eye,frequent eye infections,skin conditions history,excessive eye watering,eye redness,weakness,mucus discharge from the eye,frequent eye infections,1
dog,bulldog,5.6,17.0,allergies,reluctant move,loss of appetite,lameness,death,weakness,allergies,reluctant move,loss of appetite,lameness,death,weakness,0
dog,golden retriever,7.2,33.9,not vaccinated,fetopelvic dispropotion,uteria inertia,malpresentation,death,pains,not vaccinated,fetopelvic dispropotion,uteria inertia,malpresentation,death,pains,0
dog,rottweiler,4.3,42.7,previous kidney disease,sneezing,fever,vomiting,anorexia,weight loss,previous kidney disease,sneezing,fever,vomiting,anorexia,weight loss,0
dog,poodle,1.1,6.5,chronic illness,vomiting,vomiting,wheezing,sneezing,weakness,chronic illness,vomiting,vomiting,wheezing,sneezing,weakness,0
dog,mixed breed,0.9,39.9,parasite history,vomiting,anorexia,pain,lethargy,vomiting,parasite history,vomiting,anorexia,pain,lethargy,vomiting,0
dog,mixed breed,13.4,22.0,recent surgery,fetopelvic dispropotion,uteria inertia,malpresentation,death,pains,recent surgery,fetopelvic dispropotion,uteria inertia,malpresentation,death,pains,0
dog,bulldog,2.7,22.4,previous heart condition,weight loss,lethargy,fever,pain,sneezing,previous heart condition,weight loss,lethargy,fever,pain,sneezing,0
dog,mixed breed,1.3,11.0,not vaccinated,stop eating,stop drinking,change their normal behaviour,diarrhea,pains,not vaccinated,stop eating,stop drinking,change their normal behaviour,diarrhea,pains,0
dog,bulldog,10.1,23.9,recent surgery,vomiting,muscle aches,weight loss,pain,change in milk,recent surgery,vomiting,muscle aches,weight loss,pain,change in milk,0
dog,boxer,4.9,18.6,recent surgery,diarrhea with muscus,tensemus,watery stool,flatulence,pains,recent surgery,diarrhea with muscus,tensemus,watery stool,flatulence,pains,0
dog,yorkshire terrier,10.6,7.9,parasite history,weakness,consistency of milk,weight loss,coughing,high temperature,parasite history,weakness,consistency of milk,weight loss,coughing,high temperature,0
dog,bulldog,10.6,15.6,parasite history,weight loss,vomiting,wound lesion,muscles ache,sneezing,parasite history,weight loss,vomiting,wound lesion,muscles ache,sneezing,1
dog,beagle,0.5,30.0,previous kidney disease,weight loss,fever,dribbling of saliva,fever,pain,previous kidney disease,weight loss,fever,dribbling of saliva,fever,pain,0
dog,labrador retriever,4.7,37.7,skin conditions history,lllthrift,weight loss,lameness,swelling on thebody,skin lesion,skin conditions history,lllthrift,weight loss,lameness,swelling on thebody,skin lesion,1
dog,poodle,1.6,6.6,no previous conditions,sneezing,vomiting,weakness,sneezing,wool loss,no previous conditions,sneezing,vomiting,weakness,sneezing,wool loss,0
dog,poodle,5.7,6.1,no previous conditions,lethargy,noisy breathing,kicking at the belly,vomiting,pain,no previous conditions,lethargy,noisy breathing,kicking at the belly,vomiting,pain,0
dog,beagle,5.8,19.8,allergies,coughing,hydrophobia,anorexia,anorexia,weakness,allergies,coughing,hydrophobia,anorexia,anorexia,weakness,0
dog,yorkshire terrier,14.8,4.6,vaccinated,indigestion,abdminal pain,constipation,diarrhea,nausea,vaccinated,indigestion,abdominal pain,constipation,diarrhea,nausea,0
dog,golden retriever,9.3,41.4,allergies,fatty stool,diarrhea,vomiting,weight loss,pain,allergies,fatty stool,diarrhea,vomiting,weight loss,pain,0
dog,boxer,2.7,23.2,chronic illness,weight loss,pox lession on skin,fever,dandruff in cat coat,fever,chronic illness,weight loss,pox lession on skin,fever,dandruff in cat coat,fever,1
dog,bulldog,6.5,17.0,vaccinated,fever,distress,trembling,staggering,convulsion,vaccinated,fever,distress,trembling,staggering,convulsion,0
dog,golden retriever,2.6,32.8,recent surgery,fever,dark colored bloody,incoordination,difficulty in breathing,terminal convulsion,recent surgery,fever,dark colored bloody,incoordination,difficulty in breathing,terminal convulsion,0
dog,poodle,0.8,6.7,previous heart condition,sneezing,loss of appetite,lethargy,coughing,sneezing,previous heart condition,sneezing,loss of appetite,lethargy,coughing,sneezing,0
dog,rottweiler,2.6,25.0,previous kidney disease,weight loss,lymphosarcoma,weakness,anorexia,anorexia,previous kidney disease,weight loss,lymphosarcoma,weakness,anorexia,anorexia,0
dog,golden retriever,4.1,33.3,no previous conditions,high body temperature,bleeding from other parts of the body,signs in rams,seizuers,fever,no previous conditions,high body temperature,bleeding from other parts of the body,signs in rams,seizuers,fever,0
dog,beagle,2.9,22.7,vaccinated,weight loss,weakness,fever,coughing,vomiting,vaccinated,weight loss,weakness,fever,coughing,vomiting,0
dog,poodle,14.3,4.7,vaccinated,headache,vomiting,sneezing,sneezing,weakness,vaccinated,headache,vomiting,sneezing,sneezing,weakness,0
dog,boxer,8.3,16.2,recent surgery,fever,dark colored bloody,incoordination,difficulty in breathing,terminal convulsion,recent surgery,fever,dark colored bloody,incoordination,difficulty in breathing,terminal convulsion,0
dog,bulldog,13.8,23.6,allergies,fever,difficulty breathing,coughing,eye and skin change,unable to exercise,allergies,fever,difficulty breathing,coughing,eye and skin change,unable to exercise,1
dog,bulldog,2.8,15.2,allergies,loss of appetite,watery diarrhea dispropotion,death,corneal ulceration,sick,allergies,loss of appetite,watery diarrhea dispropotion,death,corneal ulceration,sick,1
dog,beagle,1.5,18.4,dental issues,tremor,coughing,viability,weight loss,anorexia,dental issues,tremor,coughing,viability,weight loss,anorexia,0
dog,labrador retriever,14.3,29.5,vaccinated,dejection,loss of appetite,stress,coughing,pains,vaccinated,dejection,loss of appetite,stress,coughing,pains,0
dog,german shepherd,5.9,27.1,not vaccinated,sneezing,distended stomach,weight loss,coughing,fever,not vaccinated,sneezing,distended stomach,weight loss,coughing,fever,0
dog,rottweiler,12.7,42.9,recent surgery,vomiting,anorexia,coughing,neck paralysis,sneezing,recent surgery,vomiting,anorexia,coughing,neck paralysis,sneezing,0
dog,beagle,4.0,19.5,chronic illness,pain,weight loss,diarrhea,lethargy,diarrhea,chronic illness,pain,weight loss,diarrhea,lethargy,diarrhea,0
dog,yorkshire terrier,9.3,6.0,previous kidney disease,diarrhea,lethargy,pain,itching,stumbling,previous kidney disease,diarrhea,lethargy,pain,itching,stumbling,1
dog,boxer,11.1,18.7,vaccinated,pyrexia,oral lesion,swelling,lameness,death,vaccinated,pyrexia,oral lesion,swelling,lameness,death,1
dog,yorkshire terrier,13.2,5.0,chronic illness,blindness,swelling,nasal discharge,loss of appetite,lethargy,chronic illness,blindness,swelling,nasal discharge,loss of appetite,lethargy,0
dog,poodle,0.5,6.7,allergies,fever,pain,weight loss,groosly enlarged,coughing,allergies,fever,pain,weight loss,groosly enlarged,coughing,0
dog,bulldog,1.8,28.7,chronic illness,legness,coughing,shortness of breath,paresis,weight loss,chronic illness,legness,coughing,shortness of breath,paresis,weight loss,0
dog,rottweiler,9.2,38.2,dental issues,diarrhea,weight loss,weight loss,sneezing,fever,dental issues,diarrhea,weight loss,weight loss,sneezing,fever,0
dog,labrador retriever,6.6,39.5,skin conditions history,lethargy,weight loss,weight loss,coughing,weakness,skin conditions history,lethargy,weight loss,weight loss,coughing,weakness,1
dog,labrador retriever,13.9,28.9,previous heart condition,dejection,loss of appetite,stress,coughing,pains,previous heart condition,dejection,loss of appetite,stress,coughing,pains,0
dog,labrador retriever,5.2,41.4,skin conditions history,lllthrift,skin lesion,lameness,swelling on thebody,weight loss,skin conditions history,lllthrift,skin lesion,lameness,swelling on thebody,weight loss,1
dog,rottweiler,8.0,24.8,not vaccinated,balance problem,abdominal destention,neck paralysis,weight loss,pains,not vaccinated,balance problem,abdominal destention,neck paralysis,weight loss,pains,0
dog,labrador retriever,11.1,45.0,previous kidney disease,skin color change,crusty,scaly skin,irritation,blister,previous kidney disease,skin color change,crusty,scaly skin,irritation,blister,1
dog,golden retriever,11.6,38.0,recent surgery,pink eye,difficulty in rising,vomiting,pain,difficulty in breathing,recent surgery,pink eye,difficulty in rising,vomiting,pain,difficulty in breathing,0
dog,boxer,8.3,15.8,recent surgery,terminal convulsion,dark colored bloody,difficulty in breathing,fever,incoordination,recent surgery,terminal convulsion,dark colored bloody,difficulty in breathing,fever,incoordination,0
dog,yorkshire terrier,0.5,6.0,previous heart condition,red and inflammation ear,anorexia,weakness,anorexia,weight loss,previous heart condition,red and inflammation ear,anorexia,weakness,anorexia,weight loss,0
dog,labrador retriever,6.7,28.1,chronic illness,vomiting,bloody diarrhea,lethargy,dehydration,anorexia,chronic illness,vomiting,bloody diarrhea,lethargy,dehydration,anorexia,0
dog,boxer,10.7,17.7,dental issues,pyrexia,oral lesion,swelling,lameness,death,dental issues,pyrexia,oral lesion,swelling,lameness,death,1
dog,poodle,6.1,5.5,parasite history,weakness,anorexia,partial paralysis,diarrhea,fever,parasite history,weakness,anorexia,partial paralysis,diarrhea,fever,0
dog,mixed breed,10.4,9.6,recent surgery,fever,weakened legs,los of the ability to walk,weight loss,lameness,recent surgery,fever,weakened legs,los of the ability to walk,weight loss,lameness,0
dog,rottweiler,10.5,39.3,parasite history,redness on ear,foul smelling,vomiting,sneezing,fever,parasite history,redness on ear,foul smelling,vomiting,sneezing,fever,0
dog,labrador retriever,10.3,35.4,allergies,diarrhea,straining,fever,drooping wings,nasal discharge,allergies,diarrhea,straining,fever,drooping wings,nasal discharge,0
dog,yorkshire terrier,1.6,3.9,previous heart condition,fever,difficulty breathing,lethargy,sneezing,thrist and urination,previous heart condition,fever,difficulty breathing,lethargy,sneezing,thrist and urination,0
dog,labrador retriever,15.1,23.9,dental issues,swollen lymph nodes,difficulty walking,back pain,lethargy,vaginal discharge,dental issues,swollen lymph nodes,difficulty walking,back pain,lethargy,vaginal discharge,0
dog,mixed breed,15.0,11.6,dental issues,sneezing,weight loss,poor appetite,lethargy,anorexia,dental issues,sneezing,weight loss,poor appetite,lethargy,anorexia,0
dog,boxer,3.4,22.4,previous heart condition,sneezing,fever,very cold skin,anorexia,exhaustion,previous heart condition,sneezing,fever,very cold skin,anorexia,exhaustion,1
dog,german shepherd,2.5,25.0,dental issues,pain,diarrhea,anaemia,coughing,coughing,dental issues,pain,diarrhea,anaemia,coughing,coughing,0
dog,golden retriever,6.4,37.1,allergies,enlarged lymph nodes or swelling,skin ulcer,sneezing,fever,fever,allergies,enlarged lymph nodes or swelling,skin ulcer,sneezing,fever,fever,1
dog,poodle,13.2,3.3,recent surgery,fever,sneezing,weight loss,anorexia,weight loss,recent surgery,fever,sneezing,weight loss,anorexia,weight loss,0
dog,bulldog,10.1,21.1,skin conditions history,blindness,egg production decreases,stunted growth,distinctive bumps,facial swelling,skin conditions history,blindness,egg production decreases,stunted growth,distinctive bumps,facial swelling,1
dog,rottweiler,1.5,31.0,recent surgery,severe kerititis,conjunctive,discharge,iris prolapse,loss of eye,recent surgery,severe kerititis,conjunctive,discharge,iris prolapse,loss of eye,0
dog,mixed breed,13.6,15.5,skin conditions history,lethargy,back pain,vaginal discharge,difficulty walking,swollen lymph nodes,skin conditions history,lethargy,back pain,vaginal discharge,difficulty walking,swollen lymph nodes,1
dog,boxer,12.7,20.5,skin conditions history,nosebleed,trauma,mild weakness,nose picking,dry air,skin conditions history,nosebleed,trauma,mild weakness,nose picking,dry air,1
dog,rottweiler,10.4,29.6,skin conditions history,lesions in the nasal cavity,lesions on nose,nose bleeds,noisy breathing,lesions on nose,skin conditions history,lesions in the nasal cavity,lesions on nose,nose bleeds,noisy breathing,lesions on nose,1
dog,mixed breed,2.9,25.3,parasite history,coughing,anorexia,vomiting,pain,weight loss,parasite history,coughing,anorexia,vomiting,pain,weight loss,0
dog,poodle,2.6,8.3,previous kidney disease,fever,diarrhea,coughing,lethargy,blue eye,previous kidney disease,fever,diarrhea,coughing,lethargy,blue eye,0
dog,bulldog,7.7,23.0,allergies,weight loss,coughing,sneezing,diarrhea,diarrhea,allergies,weight loss,coughing,sneezing,diarrhea,diarrhea,0
dog,mixed breed,9.8,11.6,parasite history,pain,swollen left abdomen,lethargy,diarrhea,weight loss,parasite history,pain,swollen left abdomen,lethargy,diarrhea,weight loss,0
dog,mixed breed,14.1,21.2,no previous conditions,weakness,coughing,vomiting,weakness,pain,no previous conditions,weakness,coughing,vomiting,weakness,pain,0
dog,boxer,4.5,29.1,no previous conditions,eye and skin change,coughing,difficulty breathing,fever,unable to exercise,no previous conditions,eye and skin change,coughing,difficulty breathing,fever,unable to exercise,1
dog,beagle,0.5,25.7,chronic illness,pain,pain,tail wagging,dark colored bloody,weight loss,chronic illness,pain,pain,tail wagging,dark colored bloody,weight loss,0
dog,beagle,10.9,26.1,vaccinated,fever,coughing,anorexia,lethargy,neck vein swelling,vaccinated,fever,coughing,anorexia,lethargy,neck vein swelling,0
dog,beagle,9.9,15.3,skin conditions history,sneezing,lesions on ear,lethargy,anorexia,fever,skin conditions history,sneezing,lesions on ear,lethargy,anorexia,fever,1
dog,boxer,6.0,16.4,dental issues,weakness,fever,vomiting,coughing,anorexia,dental issues,weakness,fever,vomiting,coughing,anorexia,0
dog,mixed breed,6.5,6.7,vaccinated,swelling,nasal discharge,drooling,tiredness,fever,vaccinated,swelling,nasal discharge,drooling,tiredness,fever,0
dog,mixed breed,6.3,19.4,parasite history,sneezing,lethargy,weakness,lllthrift,weakness,parasite history,sneezing,lethargy,weakness,lllthrift,weakness,0
dog,yorkshire terrier,7.4,4.1,no previous conditions,weakness,stiffness,trembling,white mark on the muscle,loss of vitamin e,no previous conditions,weakness,stiffness,trembling,white mark on the muscle,loss of vitamin e,0
dog,boxer,12.5,22.7,chronic illness,swelling,heat,flank,pain,nasal discharge,chronic illness,swelling,heat,flank,pain,nasal discharge,0
dog,mixed breed,2.1,5.9,dental issues,hemopytsis,diarrhea,asymptomatic,death,epistaxis,dental issues,hemopytsis,diarrhea,asymptomatic,death,epistaxis,0
dog,mixed breed,8.6,7.0,no previous conditions,difficulty in feeding,preening,weakness,beak overgrowth,anemia,no previous conditions,difficulty in feeding,preening,weakness,beak overgrowth,anemia,0
dog,rottweiler,1.4,35.5,dental issues,loss of appetite,diarrhea,weight loss,inability to absorb nutrients,ruffled feathers,dental issues,loss of appetite,diarrhea,weight loss,inability to absorb nutrients,ruffled feathers,0
dog,labrador retriever,2.8,39.9,previous heart condition,stiff,vomiting,lethargy,fever,weight loss,previous heart condition,stiff,vomiting,lethargy,fever,weight loss,0
dog,golden retriever,7.2,27.5,dental issues,fever,uncharacteristic hiding,depression,dehydration,stopped eat,dental issues,fever,uncharacteristic hiding,depression,dehydration,stopped eat,0
dog,poodle,5.9,5.5,no previous conditions,fever,fever,anorexia,pain,lethargy,no previous conditions,fever,fever,anorexia,pain,lethargy,0
dog,poodle,3.4,5.6,vaccinated,weakness,lethargy,sneezing,blue eye,anorexia,vaccinated,weakness,lethargy,sneezing,blue eye,anorexia,0
dog,labrador retriever,4.9,43.2,no previous conditions,nausea,loss of appetite,vomiting,firm,distended stomach,no previous conditions,nausea,loss of appetite,vomiting,firm,distended stomach,0
dog,beagle,1.3,16.9,dental issues,tremor,viability,coughing,anorexia,weight loss,dental issues,tremor,viability,coughing,anorexia,weight loss,0
dog,rottweiler,1.2,26.6,chronic illness,upset stomach,diarrhea,vomiting,muscle pain,muscle stiffness,chronic illness,upset stomach,diarrhea,vomiting,muscle pain,muscle stiffness,0
dog,boxer,0.9,25.4,no previous conditions,puffed_up feather,less eat,headache,half-closed eye,seizures,no previous conditions,puffed_up feather,less eat,headache,half-closed eye,seizures,0
dog,poodle,13.5,6.6,no previous conditions,rapid heartbeats,lack of vocalizations,sudden death,fluffed feathers,loss of appetite,no previous conditions,rapid heartbeats,lack of vocalizations,sudden death,fluffed feathers,loss of appetite,0
dog,mixed breed,6.8,23.3,previous heart condition,dullness,lacrimation,coughing,diarrhea,seizures,previous heart condition,dullness,lacrimation,coughing,diarrhea,seizures,0
dog,golden retriever,4.6,36.9,recent surgery,vomiting,lethargy,sneezing,weight loss,pain,recent surgery,vomiting,lethargy,sneezing,weight loss,pain,0
dog,german shepherd,5.8,28.2,dental issues,balance problem,abdominal destention,neck paralysis,weight loss,pains,dental issues,balance problem,abdominal destention,neck paralysis,weight loss,pains,0
dog,mixed breed,1.5,26.1,skin conditions history,decreased eyelid,very cold skin,lethargy,lip,fever,skin conditions history,decreased eyelid,very cold skin,lethargy,lip,fever,1
dog,boxer,0.9,24.0,chronic illness,swollen,red-colored,hot udder,milk getting out more watery,milk getting out more thick,chronic illness,swollen,red-colored,hot udder,milk getting out more watery,milk getting out more thick,0
dog,german shepherd,7.8,34.9,no previous conditions,shortness of breath.,fatigue,chirping,loss of appetite,swollen abdomen,no previous conditions,shortness of breath.,fatigue,chirping,loss of appetite,swollen abdomen,0
dog,labrador retriever,5.4,38.7,vaccinated,diarrhea with muscus,tensemus,watery stool,flatulence,pains,vaccinated,diarrhea with muscus,tensemus,watery stool,flatulence,pains,0
dog,labrador retriever,4.7,37.1,recent surgery,diarrhea,coughing,stomach  cramps,muscular spasms,fever,recent surgery,diarrhea,coughing,stomach cramps,muscular spasms,fever,0
dog,labrador retriever,5.1,27.6,not vaccinated,stomatitis,less eat,weakness,anorexia,lethargy,not vaccinated,stomatitis,less eat,weakness,anorexia,lethargy,0
dog,poodle,8.7,6.5,not vaccinated,fever,death,coughing,dyspnea,anorexia,not vaccinated,fever,death,coughing,dyspnea,anorexia,0
dog,golden retriever,9.5,41.9,allergies,vomiting,weight loss,diarrhea,pain,fatty stool,allergies,vomiting,weight loss,diarrhea,pain,fatty stool,0
dog,mixed breed,9.3,10.0,recent surgery,lameness,weakened legs,fever,weight loss,los of the ability to walk,recent surgery,lameness,weakened legs,fever,weight loss,los of the ability to walk,0
dog,mixed breed,1.6,28.5,no previous conditions,nosebleed,trauma,mild weakness,nose picking,dry air,no previous conditions,nosebleed,trauma,mild weakness,nose picking,dry air,0
dog,rottweiler,5.8,22.9,skin conditions history,diarrhea,stomach cramps,paresis,weakness,paralysis,skin conditions history,diarrhea,stomach cramps,paresis,weakness,paralysis,1
dog,labrador retriever,6.9,32.5,no previous conditions,pain,weight loss,sneezing,pain,lethargy,no previous conditions,pain,weight loss,sneezing,pain,lethargy,0
dog,bulldog,7.7,19.2,skin conditions history,fever,dull,hind quarted soil,animal stop feed,decrease in milk production,skin conditions history,fever,dull,hind quarted soil,animal stop feed,decrease in milk production,1
dog,boxer,10.6,18.8,chronic illness,weakness,muscle twiching,weakness,pain,weak calves,chronic illness,weakness,muscle twitching,weakness,pain,weak calves,1
dog,german shepherd,9.0,32.5,previous heart condition,sneezing,diarrhea,fever,weight loss,sneezing,previous heart condition,sneezing,diarrhea,fever,weight loss,sneezing,0
dog,mixed breed,10.8,27.3,parasite history,edema in lower jaw,extreme thirst,lethargy,anorexia,flat ribs,parasite history,edema in lower jaw,extreme thirst,lethargy,anorexia,flat ribs,0
dog,boxer,5.5,30.0,allergies,swelling of udder,change in milk,swollen,tender to touch,pain,allergies,swelling of udder,change in milk,swollen,tender to touch,pain,0
dog,boxer,6.2,30.0,previous kidney disease,vomiting,weight loss,fever,folded ears,fever,previous kidney disease,vomiting,weight loss,fever,folded ears,fever,0
dog,yorkshire terrier,10.7,6.6,not vaccinated,upset stomach,loss of appetite,nause,weight loss,abdonormal pain,not vaccinated,upset stomach,loss of appetite,nause,weight loss,abdonormal pain,0
dog,poodle,9.9,2.9,chronic illness,diarrhea,anaemia,upset stomach,weight loss,coughing,chronic illness,diarrhea,anaemia,upset stomach,weight loss,coughing,0
dog,mixed breed,9.8,31.6,dental issues,extending its neck,gasping for air,gasping for breath,difficulty swallowing,gasping for breath,dental issues,extending its neck,gasping for air,gasping for breath,difficulty swallowing,gasping for breath,0
dog,bulldog,5.9,23.9,chronic illness,discharge from eyes,lethargy,coughing,sneezing,fatique,chronic illness,discharge from eyes,lethargy,coughing,sneezing,fatique,0
dog,beagle,5.8,22.5,not vaccinated,lethargy,severe headache,anorexia,weakness,anorexia,not vaccinated,lethargy,severe headache,anorexia,weakness,anorexia,0
dog,rottweiler,0.5,32.7,recent surgery,sneezing,closed eyes,stopped eat,diarrhea,excess salivation,recent surgery,sneezing,closed eyes,stopped eat,diarrhea,excess salivation,0
dog,golden retriever,15.6,27.2,recent surgery,fever,loss of appetite,rapid pulse and heart rates,lameness in affected leg,depression,recent surgery,fever,loss of appetite,rapid pulse and heart rates,lameness in affected leg,depression,0
dog,labrador retriever,8.8,34.9,not vaccinated,enlarged thymus,obstructed lungs,lethargy,skin rashes,weight loss,not vaccinated,enlarged thymus,obstructed lungs,lethargy,skin rashes,weight loss,1
dog,beagle,3.4,14.5,no previous conditions,labored breathing,dyspnea,coughing,depression,anorexia,no previous conditions,labored breathing,dyspnea,coughing,depression,anorexia,0
dog,german shepherd,10.0,33.3,dental issues,vomiting,panting,weakness,weight loss,weight loss,dental issues,vomiting,panting,weakness,weight loss,weight loss,0
dog,labrador retriever,3.8,35.1,recent surgery,coughing,lethargy,ring shaped lesion,sneezing,loss of powder down,recent surgery,coughing,lethargy,ring shaped lesion,sneezing,loss of powder down,1
dog,beagle,6.7,17.4,skin conditions history,swollen purple wattle,lethargy,fever,fever,nervousness,skin conditions history,swollen purple wattle,lethargy,fever,fever,nervousness,1
dog,beagle,2.0,26.5,chronic illness,change their normal behaviour,pains,stop eating,weight loss,stop drinking,chronic illness,change their normal behaviour,pains,stop eating,weight loss,stop drinking,0
dog,labrador retriever,1.1,44.9,chronic illness,pain,diarrhea,weakness,vomiting,diarrhea,chronic illness,pain,diarrhea,weakness,vomiting,diarrhea,0
dog,rottweiler,1.0,34.2,recent surgery,fever,coughing,weight loss,weight loss,anorexia,recent surgery,fever,coughing,weight loss,weight loss,anorexia,0
dog,german shepherd,15.0,38.5,no previous conditions,vomiting,vomiting,fleece become thin,vomiting,fever,no previous conditions,vomiting,vomiting,fleece become thin,vomiting,fever,0
dog,rottweiler,9.7,36.6,recent surgery,ulcers,diarrhea,poor appetite,tarry stool,enlarged lymph nodes,recent surgery,ulcers,diarrhea,poor appetite,tarry stool,enlarged lymph nodes,1
dog,beagle,7.3,28.7,recent surgery,anorexia,fever,coughing,sneezing,lethargy,recent surgery,anorexia,fever,coughing,sneezing,lethargy,0
dog,bulldog,0.7,18.5,dental issues,pain,self mutilation,weightloss,fever,pain,dental issues,pain,self mutilation,weightloss,fever,pain,0
dog,rottweiler,8.9,45.0,chronic illness,diarrhea,weakness,coughing,coughing,difficulty in breathing,chronic illness,diarrhea,weakness,coughing,coughing,difficulty in breathing,0
dog,beagle,8.2,15.0,not vaccinated,vomiting,sneezing,sneezing,coughing,sneezing,not vaccinated,vomiting,sneezing,sneezing,coughing,sneezing,0
dog,bulldog,4.1,16.7,recent surgery,sneezing,weight loss,fever,lethargy,weakness,recent surgery,sneezing,weight loss,fever,lethargy,weakness,0
dog,poodle,5.4,8.9,parasite history,pain,blood in stool,lethargy,pain,diarrhea,parasite history,pain,blood in stool,lethargy,pain,diarrhea,0
dog,labrador retriever,4.4,34.2,no previous conditions,nausea,loss of appetite,vomiting,firm,distended stomach,no previous conditions,nausea,loss of appetite,vomiting,firm,distended stomach,0
dog,rottweiler,15.0,41.6,vaccinated,diarrhea,anorexia,swollen teats,sneezing,lethargy,vaccinated,diarrhea,anorexia,swollen teats,sneezing,lethargy,0
dog,mixed breed,1.2,6.0,previous kidney disease,constant pacing,facial muscle twitching,abnormalalities,blindness,muscle pain,previous kidney disease,constant pacing,facial muscle twitching,abnormalalities,blindness,muscle pain,1
dog,mixed breed,1.0,9.8,parasite history,fever,depression,small intestines,death,flock moratality,parasite history,fever,depression,small intestines,death,flock moratality,0
dog,beagle,3.3,15.8,skin conditions history,itches,swollen,bloody discharge,testical pain,tenderness,skin conditions history,itches,swollen,bloody discharge,testical pain,tenderness,1
dog,mixed breed,1.6,25.4,skin conditions history,decreased eyelid,very cold skin,lethargy,lip,fever,skin conditions history,decreased eyelid,very cold skin,lethargy,lip,fever,1
dog,german shepherd,8.4,38.0,recent surgery,head tossing,wool loss,fast breathing,bleeding wounds,skin issue,recent surgery,head tossing,wool loss,fast breathing,bleeding wounds,skin issue,1
dog,mixed breed,2.8,23.5,chronic illness,decreased milk,holding limbs off the ground,weight loss,lameness,wool production,chronic illness,decreased milk,holding limbs off the ground,weight loss,lameness,wool production,0
dog,mixed breed,13.7,13.8,skin conditions history,foul smelling,dullness,dirty,stained wool,tail shaking,skin conditions history,foul smelling,dullness,dirty,stained wool,tail shaking,1
dog,boxer,14.4,15.2,skin conditions history,facial swelling,bloody drool,foul breath,unable to eat,lossened teeth,skin conditions history,facial swelling,bloody drool,foul breath,unable to eat,lossened teeth,1
dog,bulldog,12.3,20.1,previous kidney disease,loss of appetite,fever,depression,nasal discharge,ear infection,previous kidney disease,loss of appetite,fever,depression,nasal discharge,ear infection,0
dog,poodle,4.6,8.7,not vaccinated,loss od appetite,wheezing,seizuers,skin rashes,fatique,not vaccinated,loss od appetite,wheezing,seizuers,skin rashes,fatique,1
dog,yorkshire terrier,4.0,8.0,dental issues,weakness,lession on cat skin,kicking,sneezing,sweats,dental issues,weakness,lession on cat skin,kicking,sneezing,sweats,1
dog,yorkshire terrier,4.6,8.3,dental issues,heavy breathing,yellow in beak,tail_bobbing,weakness,sleeping excessively,dental issues,heavy breathing,yellow in beak,tail_bobbing,weakness,sleeping excessively,0
dog,german shepherd,14.4,33.7,recent surgery,diarrhea,coughing,fever,pains,tiredness,recent surgery,diarrhea,coughing,fever,pains,tiredness,0
dog,bulldog,4.2,19.3,vaccinated,fever,sour throat,mortality,muscle aches,abnormalities,vaccinated,fever,sour throat,mortality,muscle aches,abnormalities,0
dog,beagle,1.4,14.1,vaccinated,tremor,viability,coughing,anorexia,weight loss,vaccinated,tremor,viability,coughing,anorexia,weight loss,0
dog,mixed breed,1.0,11.2,parasite history,flock moratality,small intestines,death,fever,depression,parasite history,flock moratality,small intestines,death,fever,depression,0
dog,labrador retriever,11.0,36.2,dental issues,weight loss,coughing,weight loss,anorexia,coughing,dental issues,weight loss,coughing,weight loss,anorexia,coughing,0
dog,mixed breed,7.9,15.2,skin conditions history,facial edema,dyspnea,conjuctivtis,weakness,pharyngitis,skin conditions history,facial edema,dyspnea,conjuctivtis,weakness,pharyngitis,1
dog,golden retriever,7.3,37.9,allergies,diarrhea,pain,weight loss,anorexia,weight loss,allergies,diarrhea,pain,weight loss,anorexia,weight loss,0
dog,labrador retriever,14.5,37.4,vaccinated,restlessness,weakness,blue straws,death,pain,vaccinated,restlessness,weakness,blue straws,death,pain,0
dog,beagle,1.7,17.1,allergies,fever,loss of  appetite,reduce energy,lameness,swelling of joints,allergies,fever,loss of appetite,reduce energy,lameness,swelling of joints,0
dog,bulldog,9.6,16.8,vaccinated,sneezing,fever,lethargy,coughing,difficulty breathing,vaccinated,sneezing,fever,lethargy,coughing,difficulty breathing,0
dog,rottweiler,7.7,34.0,chronic illness,diarrhea,diarrhea,anorexia,muscular stiffness,weight loss,chronic illness,diarrhea,diarrhea,anorexia,muscular stiffness,weight loss,0
dog,labrador retriever,9.5,32.8,not vaccinated,enlarged thymus,obstructed lungs,lethargy,skin rashes,weight loss,not vaccinated,enlarged thymus,obstructed lungs,lethargy,skin rashes,weight loss,1
dog,poodle,13.8,7.6,not vaccinated,anorexia,diarrhea,pain,vomiting,pain,not vaccinated,anorexia,diarrhea,pain,vomiting,pain,0
dog,boxer,12.2,24.1,no previous conditions,swelling,heat,flank,pain,nasal discharge,no previous conditions,swelling,heat,flank,pain,nasal discharge,0
dog,boxer,8.7,30.9,allergies,kicking at the belly,pains,discomfort,inflammation,urine infection,allergies,kicking at the belly,pains,discomfort,inflammation,urine infection,0
dog,mixed breed,11.6,29.6,dental issues,coughing,fever,muscles problem,muscle aches,weight loss,dental issues,coughing,fever,muscles problem,muscle aches,weight loss,0
dog,golden retriever,0.6,41.6,not vaccinated,discomfort,diarrhea,dry or dull hair,grinding teeth,pain,not vaccinated,discomfort,diarrhea,dry or dull hair,grinding teeth,pain,0
dog,labrador retriever,4.7,34.3,chronic illness,loss of appetite,firm,vomiting,nausea,distended stomach,chronic illness,loss of appetite,firm,vomiting,nausea,distended stomach,0
dog,german shepherd,10.0,27.7,skin conditions history,fever,pox lesion,respiratory distress,nasal discharge,pain,skin conditions history,fever,pox lesion,respiratory distress,nasal discharge,pain,1
dog,labrador retriever,9.9,38.6,dental issues,anorexia,pain,fever,sneezing,redness,dental issues,anorexia,pain,fever,sneezing,redness,0
dog,poodle,1.8,7.1,no previous conditions,vomiting,swollen,splenomegaly,lepatomegaly,shaking oh head,no previous conditions,vomiting,swollen,splenomegaly,lepatomegaly,shaking oh head,0
dog,german shepherd,9.1,45.0,parasite history,fever,diarrhea,bloody droping,abdominal discomfort,lethargy,parasite history,fever,diarrhea,bloody droping,abdominal discomfort,lethargy,0
dog,mixed breed,4.6,9.8,allergies,excitability,loss of appetite,weakness,nervousness,hyper sensitivity,allergies,excitability,loss of appetite,weakness,nervousness,hyper sensitivity,0
dog,yorkshire terrier,6.5,7.7,not vaccinated,upset stomach,pain,stress,weakness,seizures,not vaccinated,upset stomach,pain,stress,weakness,seizures,0
dog,beagle,8.0,25.6,vaccinated,pain,vomiting,coughing,weakness,pain,vaccinated,pain,vomiting,coughing,weakness,pain,0
dog,yorkshire terrier,10.8,6.4,parasite history,fever,dyspnea,coughing,lethargy,weightloss,parasite history,fever,dyspnea,coughing,lethargy,weightloss,0
dog,german shepherd,13.3,41.1,recent surgery,fever,sneezing,weight loss,coughing,vomiting,recent surgery,fever,sneezing,weight loss,coughing,vomiting,0
dog,mixed breed,6.0,35.0,skin conditions history,neurologic abnormalities,fever,legness,diarrhea,vomiting,skin conditions history,neurologic abnormalities,fever,legness,diarrhea,vomiting,1
dog,german shepherd,9.4,31.8,previous heart condition,stop eating,stop drinking,change their normal behaviour,depression,pains,previous heart condition,stop eating,stop drinking,change their normal behaviour,depression,pains,0
dog,german shepherd,10.2,26.0,dental issues,difficulty in breathing,swollen abdomen,fever,diarrhea,vomiting,dental issues,difficulty in breathing,swollen abdomen,fever,diarrhea,vomiting,0
dog,poodle,2.6,5.5,recent surgery,weakness,diarrhoea,sneezing,sneezing,gasping,recent surgery,weakness,diarrhoea,sneezing,sneezing,gasping,0
dog,boxer,9.6,25.7,skin conditions history,coughing,edema in lower jaw,shivering,anemia,emaciation,skin conditions history,coughing,edema in lower jaw,shivering,anemia,emaciation,1
dog,boxer,7.1,18.6,recent surgery,drooling,pain,vomiting,vomiting,weight loss,recent surgery,drooling,pain,vomiting,vomiting,weight loss,0
dog,poodle,7.7,10.7,dental issues,stomach cramps,fever,nausea,vomiting,diarrhea,dental issues,stomach cramps,fever,nausea,vomiting,diarrhea,0
dog,boxer,15.3,23.4,dental issues,fever,decrease in milk production,animal stop feed,dull,hind quarted soil,dental issues,fever,decrease in milk production,animal stop feed,dull,hind quarted soil,0
dog,german shepherd,10.1,37.5,previous kidney disease,stumbling,sneezing,fever,diarrhea,lethargy,previous kidney disease,stumbling,sneezing,fever,diarrhea,lethargy,0
dog,beagle,9.6,21.8,dental issues,coughing,anorexia,coughing,anorexia,weight loss,dental issues,coughing,anorexia,coughing,anorexia,weight loss,0
dog,mixed breed,15.4,30.1,chronic illness,crusting of the skin,vomiting,dandruff,hair loss,ulcerated skin,chronic illness,crusting of the skin,vomiting,dandruff,hair loss,ulcerated skin,1
dog,poodle,8.2,7.9,vaccinated,anorexia,vomiting,stop eating,reduce lamp marking,pain,vaccinated,anorexia,vomiting,stop eating,reduce lamp marking,pain,0
dog,rottweiler,10.0,38.5,recent surgery,ulcers,diarrhea,poor appetite,tarry stool,enlarged lymph nodes,recent surgery,ulcers,diarrhea,poor appetite,tarry stool,enlarged lymph nodes,1
dog,golden retriever,8.5,23.4,skin conditions history,weight loss,vomiting,blindness,diarrhea,straining,skin conditions history,weight loss,vomiting,blindness,diarrhea,straining,1
dog,yorkshire terrier,0.5,3.1,dental issues,coughing,pain,pain,vomiting,vomiting,dental issues,coughing,pain,pain,vomiting,vomiting,0
dog,golden retriever,12.1,31.2,vaccinated,weight loss,sneezing,pain,weight loss,vomiting,vaccinated,weight loss,sneezing,pain,weight loss,vomiting,0
dog,golden retriever,8.9,36.0,skin conditions history,weakness,uncharacteristic hiding,vomiting,vomiting,obscure lameness,skin conditions history,weakness,uncharacteristic hiding,vomiting,vomiting,obscure lameness,1
dog,golden retriever,9.9,29.5,skin conditions history,blindness,vomiting,straining,weight loss,diarrhea,skin conditions history,blindness,vomiting,straining,weight loss,diarrhea,1
dog,golden retriever,12.1,40.4,recent surgery,fever,sneezing,coughing,facial swelling,fever,recent surgery,fever,sneezing,coughing,facial swelling,fever,0
dog,labrador retriever,6.3,45.0,dental issues,diarrhea with muscus,tensemus,watery stool,flatulence,pains,dental issues,diarrhea with muscus,tensemus,watery stool,flatulence,pains,0
dog,beagle,7.9,18.0,no previous conditions,weight loss,vomiting,vomiting,muscular stiffness,lethargy,no previous conditions,weight loss,vomiting,vomiting,muscular stiffness,lethargy,0
dog,boxer,13.4,28.0,allergies,diphtherictic,yellow eye,fever,sneezing,difficultty in breathing,allergies,diphtherictic,yellow eye,fever,sneezing,difficultty in breathing,0
dog,german shepherd,8.1,35.0,previous kidney disease,sneezing,extension of neck,coughing,pain,lethargy,previous kidney disease,sneezing,extension of neck,coughing,pain,lethargy,0
dog,boxer,10.3,17.4,no previous conditions,listless,difficulty in walking,grinding of teeth,blindness,ataxia,no previous conditions,listless,difficulty in walking,grinding of teeth,blindness,ataxia,0
dog,rottweiler,15.6,41.9,dental issues,loss od appetite,wheezing,seizuers,skin rashes,fatique,dental issues,loss od appetite,wheezing,seizuers,skin rashes,fatique,1
dog,yorkshire terrier,6.1,5.4,not vaccinated,gastritis,weakness,acting aggressive,lethargy,watery eyes,not vaccinated,gastritis,weakness,acting aggressive,lethargy,watery eyes,0
dog,bulldog,12.8,24.9,allergies,pain,stomach cramps,ulcerated muscle,vomiting,coughing,allergies,pain,stomach cramps,ulcerated muscle,vomiting,coughing,1
dog,mixed breed,14.5,34.6,recent surgery,dullness,lacrimation,coughing,diarrhea,seizures,recent surgery,dullness,lacrimation,coughing,diarrhea,seizures,0
dog,labrador retriever,1.5,37.5,dental issues,cough,gasping for air,weight loss,gasping for breath,extending its neck,dental issues,cough,gasping for air,weight loss,gasping for breath,extending its neck,0
dog,boxer,0.9,24.4,chronic illness,swollen,red-colored,hot udder,milk getting out more watery,milk getting out more thick,chronic illness,swollen,red-colored,hot udder,milk getting out more watery,milk getting out more thick,0
dog,poodle,6.1,6.4,no previous conditions,fever,tiredness,headache,skin rashes,pain,no previous conditions,fever,tiredness,headache,skin rashes,pain,1
dog,beagle,5.3,19.4,previous kidney disease,diarrhea,vomiting,outstretched neck,pain,diarrhea,previous kidney disease,diarrhea,vomiting,outstretched neck,pain,diarrhea,0
dog,labrador retriever,14.6,25.4,dental issues,swollen lymph nodes,difficulty walking,back pain,lethargy,vaginal discharge,dental issues,swollen lymph nodes,difficulty walking,back pain,lethargy,vaginal discharge,0
dog,mixed breed,6.7,11.5,parasite history,sneezing,weight loss,anorexia,paralysis,weakness,parasite history,sneezing,weight loss,anorexia,paralysis,weakness,0
dog,mixed breed,1.1,10.8,previous heart condition,fever,depression,small intestines,death,flock moratality,previous heart condition,fever,depression,small intestines,death,flock moratality,0
dog,boxer,15.8,23.2,parasite history,hind quarted soil,dull,animal stop feed,decrease in milk production,fever,parasite history,hind quarted soil,dull,animal stop feed,decrease in milk production,fever,0
dog,boxer,14.5,18.8,chronic illness,fever,weakened legs,los of the ability to walk,mammary glads,fluif filled blisters,chronic illness,fever,weakened legs,los of the ability to walk,mammary glads,fluif filled blisters,0
dog,yorkshire terrier,0.5,7.8,recent surgery,vomiting,vomiting,egg production decreases,lesions on ear,sneezing,recent surgery,vomiting,vomiting,egg production decreases,lesions on ear,sneezing,1
dog,yorkshire terrier,5.4,3.8,parasite history,change in gait,diarrhea,vomiting,coughing,sneezing,parasite history,change in gait,diarrhea,vomiting,coughing,sneezing,0
dog,yorkshire terrier,5.7,6.8,recent surgery,fever,mild sneezing,coughing,nasal,ocular discharge,recent surgery,fever,mild sneezing,coughing,nasal,ocular discharge,0
dog,yorkshire terrier,2.4,5.9,recent surgery,vomiting,diarrhea,sneezing,excession salivation,diarrhea,recent surgery,vomiting,diarrhea,sneezing,excession salivation,diarrhea,0
dog,labrador retriever,3.1,25.0,dental issues,vomiting,sneezing,vomiting,weight loss,sneezing,dental issues,vomiting,sneezing,vomiting,weight loss,sneezing,0
dog,yorkshire terrier,8.8,9.0,not vaccinated,eye become dull,lethargy,painfull,pain,diarrhea,not vaccinated,eye become dull,lethargy,painfull,pain,diarrhea,0
dog,bulldog,3.5,22.1,not vaccinated,fever,diarrhea,vomiting,blood from mouth,shock,not vaccinated,fever,diarrhea,vomiting,blood from mouth,shock,0
dog,labrador retriever,8.4,25.1,skin conditions history,lameness,coughing,coughing,sneezing,coughing,skin conditions history,lameness,coughing,coughing,sneezing,coughing,1
dog,labrador retriever,6.3,25.7,no previous conditions,vomiting,lethargy,weakness,pain,pain,no previous conditions,vomiting,lethargy,weakness,pain,pain,0
dog,yorkshire terrier,5.2,5.2,no previous conditions,coughing,vomiting,fever,lethargy,fever,no previous conditions,coughing,vomiting,fever,lethargy,fever,0
dog,german shepherd,13.5,38.6,previous kidney disease,restlessness,weakness,blue straws,death,pain,previous kidney disease,restlessness,weakness,blue straws,death,pain,0
dog,mixed breed,6.1,24.3,previous heart condition,lacrimation,dullness,seizures,coughing,diarrhea,previous heart condition,lacrimation,dullness,seizures,coughing,diarrhea,0
dog,mixed breed,2.4,11.5,skin conditions history,barren ewes,abortion,poor conformation,hairy fleeces,weight loss,skin conditions history,barren ewes,abortion,poor conformation,hairy fleeces,weight loss,1
dog,german shepherd,3.2,37.0,no previous conditions,retained placenda,weakness,weakness,weakness,coughing,no previous conditions,retained placenda,weakness,weakness,weakness,coughing,0
dog,labrador retriever,7.1,33.9,chronic illness,lethargy,pain,pain,tarry stool,pain,chronic illness,lethargy,pain,pain,tarry stool,pain,0
dog,beagle,12.2,27.4,recent surgery,ulcers,diarrhea,back pain,tarry stool,enlarged lymph nodes,recent surgery,ulcers,diarrhea,back pain,tarry stool,enlarged lymph nodes,1
dog,mixed breed,7.2,9.6,allergies,diarrhea with muscus,tensemus,nose bleeds,flatulence,pains,allergies,diarrhea with muscus,tensemus,nose bleeds,flatulence,pains,0
dog,poodle,2.5,8.9,previous kidney disease,lethargy,coughing,fever,diarrhea,blue eye,previous kidney disease,lethargy,coughing,fever,diarrhea,blue eye,0
dog,poodle,7.4,6.0,dental issues,coughing,fever,depression,swelling of face or leg,pains,dental issues,coughing,fever,depression,swelling of face or leg,pains,0
dog,bulldog,9.5,18.3,skin conditions history,depression,weight loss,diarrhea,scratches,fever,skin conditions history,depression,weight loss,diarrhea,scratches,fever,1
dog,boxer,1.8,21.1,skin conditions history,vomiting,weight loss,weight loss,anorexia,fever,skin conditions history,vomiting,weight loss,weight loss,anorexia,fever,1
dog,poodle,14.6,7.7,previous kidney disease,coughing,lethargy,sneezing,nose bleeds,sneezing,previous kidney disease,coughing,lethargy,sneezing,nose bleeds,sneezing,0
dog,german shepherd,12.2,31.7,not vaccinated,abnormalalities,pain,fever,diarrhea,reduce reproductive potential,not vaccinated,abnormalalities,pain,fever,diarrhea,reduce reproductive potential,0
dog,yorkshire terrier,5.7,3.4,skin conditions history,malpresentation,fetopelvic dispropotion,uteria inertia,pains,death,skin conditions history,malpresentation,fetopelvic dispropotion,uteria inertia,pains,death,1
dog,mixed breed,10.7,10.6,chronic illness,rhinitis,pneumonia,septicemia,torticollis,abscessess,chronic illness,rhinitis,pneumonia,septicemia,torticollis,abscessess,0
dog,yorkshire terrier,10.4,6.7,no previous conditions,upset stomach,loss of appetite,nause,weight loss,abdonormal pain,no previous conditions,upset stomach,loss of appetite,nause,weight loss,abdonormal pain,0
dog,yorkshire terrier,9.0,3.9,previous kidney disease,weight loss,anorexia,fever,vomiting,pain,previous kidney disease,weight loss,anorexia,fever,vomiting,pain,0
dog,poodle,8.1,8.0,recent surgery,vomiting,sensitivity to bright light,vomiting,weakness,diarrhea,recent surgery,vomiting,sensitivity to bright light,vomiting,weakness,diarrhea,0
dog,bulldog,6.3,20.3,allergies,anorexia,sneezing,fever,sneezing,loss of wool,allergies,anorexia,sneezing,fever,sneezing,loss of wool,0
dog,yorkshire terrier,4.7,8.8,dental issues,heavy breathing,yellow in beak,tail_bobbing,weakness,sleeping excessively,dental issues,heavy breathing,yellow in beak,tail_bobbing,weakness,sleeping excessively,0
dog,bulldog,10.4,20.3,no previous conditions,diarrhea,paresis,paralysis,stomach cramps,weakness,no previous conditions,diarrhea,paresis,paralysis,stomach cramps,weakness,0
dog,rottweiler,7.9,40.7,previous heart condition,vomiting,vomiting,sneezing,lethargy,coughing,previous heart condition,vomiting,vomiting,sneezing,lethargy,coughing,0
dog,golden retriever,9.8,31.5,previous kidney disease,fever,coughing,anorexia,experiencing changes in weight,fever,previous kidney disease,fever,coughing,anorexia,experiencing changes in weight,fever,0
dog,golden retriever,15.0,37.9,previous heart condition,anorexia,anorexia,milky hard,itchiness,coughing,previous heart condition,anorexia,anorexia,milky hard,itchiness,coughing,1
dog,mixed breed,2.7,23.9,previous kidney disease,anorexia,anversion to light,weakness,weight loss,pain,previous kidney disease,anorexia,anversion to light,weakness,weight loss,pain,0
dog,german shepherd,5.4,38.9,previous kidney disease,swelling,heat,flank,pain,nasal discharge,previous kidney disease,swelling,heat,flank,pain,nasal discharge,0
dog,mixed breed,0.5,12.4,previous heart condition,weakness,vomiting,lethargy,weakness,reduce lamp marking,previous heart condition,weakness,vomiting,lethargy,weakness,reduce lamp marking,0
dog,rottweiler,8.2,32.6,previous heart condition,fever,reduce growth,edema in lower jaw,weight loss,anemia,previous heart condition,fever,reduce growth,edema in lower jaw,weight loss,anemia,0
dog,poodle,6.5,5.4,dental issues,kick,difficulty swallowing,weakness,diarrhea,lethargy,dental issues,kick,difficulty swallowing,weakness,diarrhea,lethargy,0
dog,rottweiler,7.3,42.7,skin conditions history,weakness,pain,sneezing,weakness,vomiting,skin conditions history,weakness,pain,sneezing,weakness,vomiting,1
dog,mixed breed,2.7,22.1,no previous conditions,coughing,panting,"facial swelling,",production of mucus,fatigue,no previous conditions,coughing,panting,"facial swelling,",production of mucus,fatigue,0
dog,golden retriever,13.0,25.3,skin conditions history,pain,fever,weakness,difficulty in feeding,anorexia,skin conditions history,pain,fever,weakness,difficulty in feeding,anorexia,1
dog,mixed breed,10.4,5.0,recent surgery,holding limbs off the ground,vomiting,vomiting,coughing,lethargy,recent surgery,holding limbs off the ground,vomiting,vomiting,coughing,lethargy,0
dog,rottweiler,14.3,38.9,dental issues,loss od appetite,wheezing,seizuers,skin rashes,fatique,dental issues,loss od appetite,wheezing,seizuers,skin rashes,fatique,1
dog,bulldog,5.7,16.9,allergies,reluctant move,loss of appetite,lameness,death,weakness,allergies,reluctant move,loss of appetite,lameness,death,weakness,0
dog,yorkshire terrier,5.8,3.0,vaccinated,weakness,sneezing,weakness,weakness,signs in ewe,vaccinated,weakness,sneezing,weakness,weakness,signs in ewe,0
dog,poodle,2.9,7.1,parasite history,weakness,lethargy,sneezing,sneezing,red skin,parasite history,weakness,lethargy,sneezing,sneezing,red skin,1
dog,poodle,1.9,3.0,skin conditions history,weight loss,anorexia,weakness,coughing,weight loss,skin conditions history,weight loss,anorexia,weakness,coughing,weight loss,1
dog,german shepherd,0.5,26.2,not vaccinated,sneezing,fever,vomiting,pain,fever,not vaccinated,sneezing,fever,vomiting,pain,fever,0
dog,yorkshire terrier,7.5,5.4,skin conditions history,stop eating,stop drinking,change their normal behaviour,weight loss,pains,skin conditions history,stop eating,stop drinking,change their normal behaviour,weight loss,pains,1
dog,rottweiler,2.0,45.0,no previous conditions,gasping for air,difficulty swallowing,extending its neck,gasping for breath,gasping for breath,no previous conditions,gasping for air,difficulty swallowing,extending its neck,gasping for breath,gasping for breath,0
dog,labrador retriever,5.3,31.7,recent surgery,sneezing,coughing,weakness,severe,vomiting,recent surgery,sneezing,coughing,weakness,severe,vomiting,0
dog,rottweiler,9.0,36.6,chronic illness,apathy,congestion,dilation of duodenum,depression,cloacal pasting,chronic illness,apathy,congestion,dilation of duodenum,depression,cloacal pasting,0
dog,beagle,9.1,24.9,previous heart condition,weakness,pain,ulcers,rump,diarrhea,previous heart condition,weakness,pain,ulcers,rump,diarrhea,1
dog,bulldog,0.5,19.1,no previous conditions,weakness,bluish white opacity,fever,weight loss,sneezing,no previous conditions,weakness,bluish white opacity,fever,weight loss,sneezing,0
dog,poodle,14.5,4.1,recent surgery,dark or black face,stomach  cramps,sneezing,weakness,sneezing,recent surgery,dark or black face,stomach cramps,sneezing,weakness,sneezing,0
dog,boxer,5.6,20.7,vaccinated,weakness,weakness,diarrhea,sneezing,anorexia,vaccinated,weakness,weakness,diarrhea,sneezing,anorexia,0
dog,german shepherd,3.6,41.0,skin conditions history,fever,loss of  appetite,reduce energy,lameness,swelling of joints,skin conditions history,fever,loss of appetite,reduce energy,lameness,swelling of joints,1
dog,beagle,3.7,23.3,dental issues,weight loss,discharge from ear,roughened,weakness,coughing,dental issues,weight loss,discharge from ear,roughened,weakness,coughing,0
dog,yorkshire terrier,8.2,3.0,not vaccinated,lethargy,fever,pain,bloody in feather,pain,not vaccinated,lethargy,fever,pain,bloody in feather,pain,0
dog,labrador retriever,1.5,37.5,chronic illness,cough,gasping for air,weight loss,gasping for breath,extending its neck,chronic illness,cough,gasping for air,weight loss,gasping for breath,extending its neck,0
dog,german shepherd,13.0,34.1,previous kidney disease,stop eating,stop drinking,change their normal behaviour,lameness,pains,previous kidney disease,stop eating,stop drinking,change their normal behaviour,lameness,pains,0
dog,boxer,2.2,29.1,parasite history,bleeding from other parts of the body,confusion,nasal discharge,loss of alertness,dizziness and fainting,parasite history,bleeding from other parts of the body,confusion,nasal discharge,loss of alertness,dizziness and fainting,0
dog,beagle,7.3,20.3,chronic illness,lethargy,anorexia,anorexia,weakness,anorexia,chronic illness,lethargy,anorexia,anorexia,weakness,anorexia,0
dog,labrador retriever,12.4,31.6,recent surgery,limping,skin colour change,flabby,raw,sensitive to touch,recent surgery,limping,skin colour change,flabby,raw,sensitive to touch,1
dog,rottweiler,0.5,39.1,previous kidney disease,pain,lethargy,pain,diarrhea,fever,previous kidney disease,pain,lethargy,pain,diarrhea,fever,0
dog,beagle,4.2,25.7,no previous conditions,fever,paralysis,vomiting,redness on ear,diarrhea,no previous conditions,fever,paralysis,vomiting,redness on ear,diarrhea,0
dog,poodle,9.0,5.8,allergies,lethargy,flock moratality,pain,weight loss,vomiting,allergies,lethargy,flock moratality,pain,weight loss,vomiting,0
dog,mixed breed,14.4,22.7,chronic illness,fever,uncharacteristic hiding,depression,dehydration,stopped eat,chronic illness,fever,uncharacteristic hiding,depression,dehydration,stopped eat,0
dog,yorkshire terrier,5.7,6.2,skin conditions history,coughing,vomiting,ulcerated skin,weight loss,weight loss,skin conditions history,coughing,vomiting,ulcerated skin,weight loss,weight loss,1
dog,poodle,6.2,8.0,parasite history,fluffed feather,loss of appetite,coughing,vomiting,snoring,parasite history,fluffed feather,loss of appetite,coughing,vomiting,snoring,0
dog,golden retriever,1.6,45.0,vaccinated,pain,vomiting,coughing,sneezing,sickness,vaccinated,pain,vomiting,coughing,sneezing,sickness,0
dog,labrador retriever,5.3,45.0,dental issues,diarrhea,red diarrhea,dull,appetite varies,vomiting,dental issues,diarrhea,red diarrhea,dull,appetite varies,vomiting,0
dog,bulldog,11.5,19.1,not vaccinated,paresis,stomach cramps,diarrhea,weakness,paralysis,not vaccinated,paresis,stomach cramps,diarrhea,weakness,paralysis,0
dog,mixed breed,3.9,29.9,skin conditions history,fever,diarrhea,swelling,weight loss,pain,skin conditions history,fever,diarrhea,swelling,weight loss,pain,1
dog,labrador retriever,10.1,43.9,previous kidney disease,skin color change,crusty,scaly skin,irritation,blister,previous kidney disease,skin color change,crusty,scaly skin,irritation,blister,1
dog,boxer,6.6,19.3,previous heart condition,skin colour change,vomiting,diarrhea,weakness,smell,previous heart condition,skin colour change,vomiting,diarrhea,weakness,smell,1
dog,labrador retriever,0.7,38.1,no previous conditions,diarrhea,weakness,unable to urinate,weight loss,fever,no previous conditions,diarrhea,weakness,unable to urinate,weight loss,fever,0
dog,boxer,14.8,25.7,chronic illness,fever,difficultty in breathing,yellow eye,sneezing,diphtherictic,chronic illness,fever,difficultty in breathing,yellow eye,sneezing,diphtherictic,0
dog,german shepherd,3.8,36.1,skin conditions history,loss of  appetite,reduce energy,lameness,swelling of joints,fever,skin conditions history,loss of appetite,reduce energy,lameness,swelling of joints,fever,1
dog,boxer,2.5,29.3,dental issues,nausea,constipation,diarrhea,abdminal pain,indigestion,dental issues,nausea,constipation,diarrhea,abdominal pain,indigestion,0
dog,poodle,8.0,3.7,parasite history,pyrexia,oral lesion,swelling,lameness,death,parasite history,pyrexia,oral lesion,swelling,lameness,death,1
dog,beagle,11.5,23.0,no previous conditions,pain,diarrhea,painfull swalling,sneezing,fever,no previous conditions,pain,diarrhea,painfull swalling,sneezing,fever,0
dog,poodle,7.2,7.0,parasite history,fever,weight loss,fever,weakness,weight loss,parasite history,fever,weight loss,fever,weakness,weight loss,0
dog,boxer,13.8,26.3,vaccinated,diarrhea,vomiting,lethargy,pain,anorexia,vaccinated,diarrhea,vomiting,lethargy,pain,anorexia,0
dog,poodle,1.8,7.3,no previous conditions,swollen,shaking oh head,splenomegaly,lepatomegaly,vomiting,no previous conditions,swollen,shaking oh head,splenomegaly,lepatomegaly,vomiting,0
dog,labrador retriever,1.2,31.5,skin conditions history,abortion at the end of gestation,fatigue,weak calves,join pains,swelling of internal organs,skin conditions history,abortion at the end of gestation,fatigue,weak calves,join pains,swelling of internal organs,1
dog,bulldog,9.0,18.8,parasite history,sneezing,sneezing,weight loss,sneezing,lethargy,parasite history,sneezing,sneezing,weight loss,sneezing,lethargy,0
dog,boxer,2.5,27.5,skin conditions history,lesions in the nasal cavity,lesions on nose,nose bleeds,noisy breathing,lesions on nose,skin conditions history,lesions in the nasal cavity,lesions on nose,nose bleeds,noisy breathing,lesions on nose,1
dog,yorkshire terrier,4.1,7.5,chronic illness,fever,pain,constipation,diarrhea,vomiting,chronic illness,fever,pain,constipation,diarrhea,vomiting,0
dog,golden retriever,0.5,33.1,previous kidney disease,diarrhea,weakness,eye become dull,anorexia,coughing,previous kidney disease,diarrhea,weakness,eye become dull,anorexia,coughing,0
dog,boxer,10.5,28.2,skin conditions history,emaciation,edema in lower jaw,coughing,shivering,anemia,skin conditions history,emaciation,edema in lower jaw,coughing,shivering,anemia,1
dog,mixed breed,14.4,34.1,allergies,weakness,vomiting,hardness,diarrhea,vomiting,allergies,weakness,vomiting,hardness,diarrhea,vomiting,0
dog,poodle,3.7,5.7,chronic illness,less eat,half-closed eye,headache,seizures,puffed_up feather,chronic illness,less eat,half-closed eye,headache,seizures,puffed_up feather,0
dog,poodle,5.5,3.7,vaccinated,edema,vomiting,anorexia,vomiting,coughing,vaccinated,edema,vomiting,anorexia,vomiting,coughing,0
dog,yorkshire terrier,2.1,5.8,not vaccinated,fever,death,coughing,weight loss,nasal discharge,not vaccinated,fever,death,coughing,weight loss,nasal discharge,0
dog,rottweiler,0.5,31.9,recent surgery,signs in ewe,torticollis,warm,vomiting,weakness,recent surgery,signs in ewe,torticollis,warm,vomiting,weakness,0
dog,rottweiler,13.4,26.3,no previous conditions,facial muscle twitching,muscle pain,abnormalalities,constant pacing,blindness,no previous conditions,facial muscle twitching,muscle pain,abnormalalities,constant pacing,blindness,1
dog,mixed breed,11.9,35.4,chronic illness,anorexia,skinallergy,anorexia,pain,vomiting,chronic illness,anorexia,skinallergy,anorexia,pain,vomiting,1
dog,bulldog,7.3,16.2,previous kidney disease,swollen,red-colored,hot udder,milk getting out more watery,milk getting out more thick,previous kidney disease,swollen,red-colored,hot udder,milk getting out more watery,milk getting out more thick,0
dog,poodle,5.4,7.8,skin conditions history,diffculty breathing,weakness,lethargy,pain,loss of  appetite,skin conditions history,diffculty breathing,weakness,lethargy,pain,loss of appetite,1
dog,labrador retriever,2.5,34.2,dental issues,pain,swelling of neck,oedema,swelling of face or leg,weight loss,dental issues,pain,swelling of neck,oedema,swelling of face or leg,weight loss,0
dog,german shepherd,0.9,42.8,dental issues,fever,diarrhea,muscus,weight loss,death,dental issues,fever,diarrhea,muscus,weight loss,death,0
dog,golden retriever,0.5,41.2,not vaccinated,sneezing,diarrhea,vomiting,coughing,pain,not vaccinated,sneezing,diarrhea,vomiting,coughing,pain,0
dog,bulldog,8.6,21.9,recent surgery,diarrhea,depression,fever,weight loss,scratches,recent surgery,diarrhea,depression,fever,weight loss,scratches,0
dog,labrador retriever,14.3,37.9,allergies,fever,diarrhea,coughing,tiredness,pains,allergies,fever,diarrhea,coughing,tiredness,pains,0
dog,rottweiler,7.1,35.7,parasite history,coughing,difficult in respiration,anorexia,vomiting,coughing,parasite history,coughing,difficult in respiration,anorexia,vomiting,coughing,0
dog,yorkshire terrier,1.0,10.8,dental issues,swelling on leg,painfull,poor appetite,broken bones,nasal discharge,dental issues,swelling on leg,painfull,poor appetite,broken bones,nasal discharge,0
dog,poodle,1.4,8.7,dental issues,cessation of eructation,depression,anorexia,difficulty in breathing,colic,dental issues,cessation of eructation,depression,anorexia,difficulty in breathing,colic,0
dog,rottweiler,3.8,43.9,skin conditions history,fever,convulsion,sudden death,urine retention,weight loss,skin conditions history,fever,convulsion,sudden death,urine retention,weight loss,1
dog,labrador retriever,10.9,39.2,not vaccinated,fetopelvic dispropotion,uteria inertia,malpresentation,death,pains,not vaccinated,fetopelvic dispropotion,uteria inertia,malpresentation,death,pains,0
dog,golden retriever,10.2,28.2,skin conditions history,coughing,coughing,coughing,vomiting,fever,skin conditions history,coughing,coughing,coughing,vomiting,fever,1
dog,rottweiler,6.5,29.8,vaccinated,isolation from flock,stealing,nesting behaviour,pawing at bedding,pains,vaccinated,isolation from flock,stealing,nesting behaviour,pawing at bedding,pains,0
dog,golden retriever,3.3,34.9,vaccinated,vomiting,tender to touch,weakness,sneezing,sneezing,vaccinated,vomiting,tender to touch,weakness,sneezing,sneezing,0
dog,rottweiler,5.3,25.6,skin conditions history,paresis,paralysis,weakness,stomach cramps,diarrhea,skin conditions history,paresis,paralysis,weakness,stomach cramps,diarrhea,1
dog,rottweiler,14.5,38.8,not vaccinated,lethargy,loss of appetite,swelling,nasal discharge,blindness,not vaccinated,lethargy,loss of appetite,swelling,nasal discharge,blindness,0
dog,mixed breed,2.6,21.1,skin conditions history,coughing,panting,"facial swelling,",production of mucus,fatigue,skin conditions history,coughing,panting,"facial swelling,",production of mucus,fatigue,1
dog,poodle,6.2,6.0,no previous conditions,fever,tiredness,headache,skin rashes,pain,no previous conditions,fever,tiredness,headache,skin rashes,pain,1
dog,labrador retriever,1.4,39.7,vaccinated,diarrhea,anorexia,egg production decreases,sneezing,diarrhea,vaccinated,diarrhea,anorexia,egg production decreases,sneezing,diarrhea,0
dog,golden retriever,13.2,29.7,recent surgery,fever,anorexia,weakness,coughing,weight loss,recent surgery,fever,anorexia,weakness,coughing,weight loss,0
dog,bulldog,9.4,28.1,vaccinated,coughing,weakness,nostrils,fever,pruritis,vaccinated,coughing,weakness,nostrils,fever,pruritis,0
dog,mixed breed,15.0,40.0,previous kidney disease,vomiting,pain,slow growth,sneezing,vomiting,previous kidney disease,vomiting,pain,slow growth,sneezing,vomiting,0
dog,bulldog,5.1,26.8,not vaccinated,wasting,weight loss,coughing,moist,anorexia,not vaccinated,wasting,weight loss,coughing,moist,anorexia,0
dog,rottweiler,0.7,36.2,dental issues,severe headache,paresis,vomiting,weight loss,tail wagging,dental issues,severe headache,paresis,vomiting,weight loss,tail wagging,0
dog,golden retriever,15.0,35.9,previous heart condition,pain,diarrhea,coughing,chest pain,lethargy,previous heart condition,pain,diarrhea,coughing,chest pain,lethargy,0
dog,boxer,6.8,18.8,previous heart condition,pain,lethargy,sneezing,gums,diarrhea,previous heart condition,pain,lethargy,sneezing,gums,diarrhea,0
dog,labrador retriever,6.9,27.5,not vaccinated,tear produce,bluish white opacity,weakness,blindness,aversion to light,not vaccinated,tear produce,bluish white opacity,weakness,blindness,aversion to light,0
dog,labrador retriever,5.9,36.4,previous kidney disease,vomiting,greenish-yellow nasal discharge,pain on face,lack of pigmentation,lethargy,previous kidney disease,vomiting,greenish-yellow nasal discharge,pain on face,lack of pigmentation,lethargy,0
dog,beagle,9.0,28.8,previous kidney disease,cough,sneeze,droopy wings,twisted neck,droopy wings,previous kidney disease,cough,sneeze,droopy wings,twisted neck,droopy wings,0
dog,golden retriever,6.8,29.8,chronic illness,lethargy,diarrhea,diarrhea,vomiting,pain,chronic illness,lethargy,diarrhea,diarrhea,vomiting,pain,0
dog,poodle,7.1,6.8,previous kidney disease,diarrhea,weakness,vomiting,anorexia,vomiting,previous kidney disease,diarrhea,weakness,vomiting,anorexia,vomiting,0
dog,golden retriever,12.1,38.0,allergies,fever,weakness,anorexia,ulcerated muscle,pain,allergies,fever,weakness,anorexia,ulcerated muscle,pain,1
dog,yorkshire terrier,8.4,4.6,skin conditions history,stop eating,stop drinking,change their normal behaviour,weight loss,pains,skin conditions history,stop eating,stop drinking,change their normal behaviour,weight loss,pains,1
dog,mixed breed,10.6,40.0,previous kidney disease,diarrhea,weakness,weight loss,weakness,sneezing,previous kidney disease,diarrhea,weakness,weight loss,weakness,sneezing,0
dog,boxer,8.8,21.3,no previous conditions,pain,pain,pain,lethargy,sneezing,no previous conditions,pain,pain,pain,lethargy,sneezing,0
dog,mixed breed,15.0,12.6,parasite history,weakness,jaundice,diarrhea,lethargy,sneezing,parasite history,weakness,jaundice,diarrhea,lethargy,sneezing,0
dog,german shepherd,1.2,41.1,previous kidney disease,diarrhea,anorexia,pain,fever,pain,previous kidney disease,diarrhea,anorexia,pain,fever,pain,0
dog,labrador retriever,5.9,32.2,parasite history,sneezing,pain,weakness,fever,pain,parasite history,sneezing,pain,weakness,fever,pain,0
dog,yorkshire terrier,15.0,8.7,dental issues,fever,vomiting,weight loss,diarrhea,lethargy,dental issues,fever,vomiting,weight loss,diarrhea,lethargy,0
dog,beagle,5.7,27.1,dental issues,vomiting,sneezing,sneezing,fever,pain,dental issues,vomiting,sneezing,sneezing,fever,pain,0
dog,labrador retriever,7.3,26.2,chronic illness,lethargy,lethargy,diarrhea,lying down,vomiting,chronic illness,lethargy,lethargy,diarrhea,lying down,vomiting,0
dog,yorkshire terrier,2.1,7.4,chronic illness,fever,distress,trembling,staggering,convulsion,chronic illness,fever,distress,trembling,staggering,convulsion,0
dog,bulldog,2.0,24.7,chronic illness,legness,paresis,coughing,weight loss,shortness of breath,chronic illness,legness,paresis,coughing,weight loss,shortness of breath,0
dog,poodle,2.6,4.0,skin conditions history,runny nose,difficulty in breathing,coughing,weakness,loss of appettite,skin conditions history,runny nose,difficulty in breathing,coughing,weakness,loss of appettite,1
dog,yorkshire terrier,3.9,7.5,not vaccinated,weight loss,weakness,anorexia,fever,weakness,not vaccinated,weight loss,weakness,anorexia,fever,weakness,0
dog,beagle,8.7,15.5,not vaccinated,fever,diffulty swallowing,excessive drooling,staggering,seizures,not vaccinated,fever,diffulty swallowing,excessive drooling,staggering,seizures,0
dog,bulldog,10.0,26.8,previous heart condition,fever,coughing,coughing,pain,lethargy,previous heart condition,fever,coughing,coughing,pain,lethargy,0
dog,poodle,15.1,7.5,no previous conditions,loss of  appetite,joint pain,lethargy,fever,coughing,no previous conditions,loss of appetite,joint pain,lethargy,fever,coughing,0
dog,poodle,5.2,4.4,no previous conditions,fever,diarrhea,sneezing,pain,coughing,no previous conditions,fever,diarrhea,sneezing,pain,coughing,0
dog,german shepherd,5.6,24.8,recent surgery,blood from mouth,diarrhea,coughing,lethargy,weight loss,recent surgery,blood from mouth,diarrhea,coughing,lethargy,weight loss,0
dog,rottweiler,6.4,42.4,chronic illness,anorexia,fever,anorexia,coughing,fever,chronic illness,anorexia,fever,anorexia,coughing,fever,0
dog,poodle,3.7,9.2,not vaccinated,pains,malpresentation,fetopelvic dispropotion,uteria inertia,death,not vaccinated,pains,malpresentation,fetopelvic dispropotion,uteria inertia,death,0
dog,labrador retriever,10.5,42.4,allergies,excess salivary,fever,sneezing,sneezing,weakness,allergies,excess salivary,fever,sneezing,sneezing,weakness,0
dog,golden retriever,8.5,28.5,recent surgery,vomiting,pain,sneezing,eye disharge,weight loss,recent surgery,vomiting,pain,sneezing,eye disharge,weight loss,0
dog,labrador retriever,11.9,38.5,previous kidney disease,partial paralysis,staggering as drunk,self mutilation,acting aggressive,acting unnaturally tame,previous kidney disease,partial paralysis,staggering as drunk,self mutilation,acting aggressive,acting unnaturally tame,0
dog,rottweiler,4.0,45.0,dental issues,weakness,scratches,swelling,vomiting,vomiting,dental issues,weakness,scratches,swelling,vomiting,vomiting,0
dog,labrador retriever,11.4,36.4,vaccinated,sneezing,anorexia,weight loss,droopiness,vomiting,vaccinated,sneezing,anorexia,weight loss,droopiness,vomiting,0
dog,poodle,8.2,5.6,vaccinated,sneezing,weight loss,anorexia,coughing,pain,vaccinated,sneezing,weight loss,anorexia,coughing,pain,0
dog,poodle,5.2,4.6,recent surgery,fever,swollen purple wattle,lethargy,enlarged lymph nodes,diarrhea,recent surgery,fever,swollen purple wattle,lethargy,enlarged lymph nodes,diarrhea,0
dog,mixed breed,2.3,29.5,not vaccinated,fetopelvic dispropotion,uteria inertia,despression,death,pains,not vaccinated,fetopelvic dispropotion,uteria inertia,despression,death,pains,0
dog,bulldog,15.0,16.5,previous heart condition,lethargy,vomiting,pain,sneezing,sneezing,previous heart condition,lethargy,vomiting,pain,sneezing,sneezing,0
dog,german shepherd,12.4,25.0,previous heart condition,coughing,pain,white mark on the muscle,diarrhea,pain,previous heart condition,coughing,pain,white mark on the muscle,diarrhea,pain,0
dog,beagle,11.0,22.1,chronic illness,diarrhea,diarrhea,diarrhea,weight loss,weakness,chronic illness,diarrhea,diarrhea,diarrhea,weight loss,weakness,0
dog,labrador retriever,11.6,40.2,previous heart condition,self mutilation,partial paralysis,staggering as drunk,acting aggressive,acting unnaturally tame,previous heart condition,self mutilation,partial paralysis,staggering as drunk,acting aggressive,acting unnaturally tame,0
dog,golden retriever,10.4,35.8,chronic illness,weight loss,coughing,diarrhea,pain and bloating,weakness,chronic illness,weight loss,coughing,diarrhea,pain and bloating,weakness,0
dog,bulldog,6.6,27.9,skin conditions history,coughing,sneezing,bleeding wounds,anorexia,diarrhea,skin conditions history,coughing,sneezing,bleeding wounds,anorexia,diarrhea,1
dog,rottweiler,0.5,29.3,vaccinated,diarrhea,coughing,anorexia,sneezing,weight loss,vaccinated,diarrhea,coughing,anorexia,sneezing,weight loss,0
dog,labrador retriever,7.1,25.6,previous heart condition,bluish white opacity,aversion to light,tear produce,blindness,weakness,previous heart condition,bluish white opacity,aversion to light,tear produce,blindness,weakness,0
dog,rottweiler,7.4,24.4,not vaccinated,balance problem,abdominal destention,neck paralysis,weight loss,pains,not vaccinated,balance problem,abdominal destention,neck paralysis,weight loss,pains,0
dog,boxer,15.0,30.0,recent surgery,weight loss,anorexia,diarrhea,lethargy,sneezing,recent surgery,weight loss,anorexia,diarrhea,lethargy,sneezing,0
dog,bulldog,13.2,16.2,allergies,animal gets uneasy,allergic reaction,weakness,weight loss,coughing,allergies,animal gets uneasy,allergic reaction,weakness,weight loss,coughing,0
dog,yorkshire terrier,4.6,3.0,previous heart condition,pain,red skin,weight loss,anorexia,high temperature,previous heart condition,pain,red skin,weight loss,anorexia,high temperature,1
dog,beagle,9.9,15.3,no previous conditions,anorexia,fever,fever,vomiting,stumbling,no previous conditions,anorexia,fever,fever,vomiting,stumbling,0
dog,golden retriever,0.5,32.9,vaccinated,anorexia,weakness,vomiting,faeces are streake with blood,vomiting,vaccinated,anorexia,weakness,vomiting,faeces are streake with blood,vomiting,0
dog,poodle,0.9,3.6,recent surgery,weight loss,weakness,anorexia,sneezing,distended chest,recent surgery,weight loss,weakness,anorexia,sneezing,distended chest,0
dog,beagle,9.5,30.0,recent surgery,diarrhea,diarrhea,sneezing,sneezing,diarrhea,recent surgery,diarrhea,diarrhea,sneezing,sneezing,diarrhea,0
dog,labrador retriever,9.9,37.8,previous kidney disease,anorexia,weight loss,fever,weight loss,diarrhea,previous kidney disease,anorexia,weight loss,fever,weight loss,diarrhea,0
dog,rottweiler,10.7,33.7,previous heart condition,weight loss,fever,fever,coughing,pneumonia,previous heart condition,weight loss,fever,fever,coughing,pneumonia,0
dog,labrador retriever,8.8,44.7,dental issues,diarrhea,sneezing,discharge from eyes,sneezing,distinctive bumps,dental issues,diarrhea,sneezing,discharge from eyes,sneezing,distinctive bumps,0
dog,boxer,15.0,15.0,no previous conditions,weight loss,teeth griding,anorexia,lethargy,weakness,no previous conditions,weight loss,teeth griding,anorexia,lethargy,weakness,0
dog,bulldog,10.2,30.8,allergies,cough,gasping for air,weight loss,gasping for breath,extending its neck,allergies,cough,gasping for air,weight loss,gasping for breath,extending its neck,0
dog,beagle,9.1,30.1,allergies,thick crusting,itchiness,watery eye,hair loss,pain,allergies,thick crusting,itchiness,watery eye,hair loss,pain,1
dog,labrador retriever,12.2,34.4,no previous conditions,fever,loss of  appetite,coughing,lameness,swelling of joints,no previous conditions,fever,loss of appetite,coughing,lameness,swelling of joints,0
dog,boxer,7.9,29.7,skin conditions history,pain,coughing,lethargy,fever,diarrhea,skin conditions history,pain,coughing,lethargy,fever,diarrhea,1
dog,rottweiler,2.8,26.4,not vaccinated,weight loss,lethargy,diarrhea,fever,diarrhea,not vaccinated,weight loss,lethargy,diarrhea,fever,diarrhea,0
dog,yorkshire terrier,12.5,7.4,vaccinated,weakness,anorexia,lethargy,indigestion,diarrhea,vaccinated,weakness,anorexia,lethargy,indigestion,diarrhea,0
dog,mixed breed,3.9,5.0,allergies,diarrhea,lethargy,diarrhea,weakness,pain,allergies,diarrhea,lethargy,diarrhea,weakness,pain,0
dog,golden retriever,2.8,27.8,parasite history,anorexia,weakness,vomiting,fever,anorexia,parasite history,anorexia,weakness,vomiting,fever,anorexia,0
dog,labrador retriever,12.4,33.4,allergies,coughing,weakness,anorexia,weakness,sneezing,allergies,coughing,weakness,anorexia,weakness,sneezing,0
dog,rottweiler,7.2,23.8,chronic illness,bluish white opacity,anversion to light,pains,tear production,blindness,chronic illness,bluish white opacity,anversion to light,pains,tear production,blindness,0
dog,mixed breed,8.4,19.2,allergies,sneezing,outstretched neck,diarrhea,lethargy,fleece become thin,allergies,sneezing,outstretched neck,diarrhea,lethargy,fleece become thin,0
dog,german shepherd,8.6,45.0,chronic illness,weight loss,pain,pain,coughing,sneezing,chronic illness,weight loss,pain,pain,coughing,sneezing,0
dog,golden retriever,13.6,25.0,no previous conditions,diarrhea,sneezing,weight loss,red skin,shock,no previous conditions,diarrhea,sneezing,weight loss,red skin,shock,1
dog,bulldog,1.8,26.4,chronic illness,legness,paresis,coughing,weight loss,shortness of breath,chronic illness,legness,paresis,coughing,weight loss,shortness of breath,0
dog,poodle,3.7,4.4,no previous conditions,coughing,pain,weakness,sneezing,sores on lower leg and teats,no previous conditions,coughing,pain,weakness,sneezing,sores on lower leg and teats,0
dog,yorkshire terrier,11.0,8.5,skin conditions history,blood from mouth,diarrhea,coughing,lethargy,weight loss,skin conditions history,blood from mouth,diarrhea,coughing,lethargy,weight loss,1
dog,beagle,9.9,22.7,previous heart condition,diarrhea,coughing,anorexia,congestion,weakened legs,previous heart condition,diarrhea,coughing,anorexia,congestion,weakened legs,0
dog,labrador retriever,14.9,39.6,recent surgery,sneezing,weight loss,sneezing,los of the ability to walk,fever,recent surgery,sneezing,weight loss,sneezing,los of the ability to walk,fever,0
dog,yorkshire terrier,5.6,8.2,recent surgery,fever,mild sneezing,coughing,nasal,ocular discharge,recent surgery,fever,mild sneezing,coughing,nasal,ocular discharge,0
dog,german shepherd,3.2,32.8,recent surgery,fever,lethargy,weakness,sneezing,lethargy,recent surgery,fever,lethargy,weakness,sneezing,lethargy,0
dog,labrador retriever,13.1,29.4,vaccinated,lameness,high body temperature,eye discharges,change their normal behaviour,nasal discharge,vaccinated,lameness,high body temperature,eye discharges,change their normal behaviour,nasal discharge,0
dog,yorkshire terrier,7.9,10.8,previous heart condition,enlarged thymus,obstructed lungs,skin rashes,lethargy,weight loss,previous heart condition,enlarged thymus,obstructed lungs,skin rashes,lethargy,weight loss,1
dog,rottweiler,6.7,35.6,vaccinated,lethargy,lethargy,coughing,fever,weakness,vaccinated,lethargy,lethargy,coughing,fever,weakness,0
dog,german shepherd,9.5,41.4,previous kidney disease,fever,loss of appetite,rapid pulse and heart rates,lameness in affected leg,depression,previous kidney disease,fever,loss of appetite,rapid pulse and heart rates,lameness in affected leg,depression,0
dog,boxer,1.6,24.3,previous heart condition,fever,difficulty breathing,thrist and urination,weight loss,enlarged lymph nodes or swelling,previous heart condition,fever,difficulty breathing,thrist and urination,weight loss,enlarged lymph nodes or swelling,0
dog,golden retriever,0.8,42.8,skin conditions history,sneezing,bad breath,cough,bleeding from the nose,pawing at the face or nose,skin conditions history,sneezing,bad breath,cough,bleeding from the nose,pawing at the face or nose,1
dog,mixed breed,7.6,14.4,parasite history,pain,oedema,lethargy,pain,diarrhea,parasite history,pain,oedema,lethargy,pain,diarrhea,0
dog,german shepherd,3.0,34.9,previous kidney disease,diarrhea,lethargy,pain,lethargy,lethargy,previous kidney disease,diarrhea,lethargy,pain,lethargy,lethargy,0
dog,golden retriever,0.7,26.8,previous kidney disease,high temperature,rapid pulse and heart rates,trembling,sudden death,depression,previous kidney disease,high temperature,rapid pulse and heart rates,trembling,sudden death,depression,0
dog,mixed breed,4.0,32.4,not vaccinated,anorexia,milk getting out more thick,nosebleed,vomiting,sneezing,not vaccinated,anorexia,milk getting out more thick,nosebleed,vomiting,sneezing,0
dog,boxer,1.0,17.7,previous kidney disease,partial paralysis,staggering as drunk,self mutilation,acting aggressive,acting unnaturally tame,previous kidney disease,partial paralysis,staggering as drunk,self mutilation,acting aggressive,acting unnaturally tame,0
dog,yorkshire terrier,11.3,5.3,skin conditions history,pains,death,uteria inertia,fetopelvic dispropotion,malpresentation,skin conditions history,pains,death,uteria inertia,fetopelvic dispropotion,malpresentation,1
dog,mixed breed,6.7,20.6,skin conditions history,sneezing,undernutrition,difficulty diagnosis,coughing,sneezing,skin conditions history,sneezing,undernutrition,difficulty diagnosis,coughing,sneezing,1
dog,german shepherd,6.4,35.8,vaccinated,vomiting,hock joint,change in gait,weakness,vomiting,vaccinated,vomiting,hock joint,change in gait,weakness,vomiting,0
dog,yorkshire terrier,12.4,6.3,previous heart condition,coughing,anorexia,viability,sneezing,fever,previous heart condition,coughing,anorexia,viability,sneezing,fever,0
dog,german shepherd,1.3,36.4,no previous conditions,frequent yawning,vomiting,fever,nuerological,weight loss,no previous conditions,frequent yawning,vomiting,fever,nuerological,weight loss,0
dog,poodle,10.2,4.0,recent surgery,weakness,weakness,coughing,diarrhea,coughing,recent surgery,weakness,weakness,coughing,diarrhea,coughing,0
dog,boxer,5.2,28.8,previous kidney disease,coughing,sneezing,difficulty breathing,loss in weight,appetite,previous kidney disease,coughing,sneezing,difficulty breathing,loss in weight,appetite,0
dog,labrador retriever,13.7,41.5,chronic illness,restlessness,weakness,blue straws,death,pain,chronic illness,restlessness,weakness,blue straws,death,pain,0
dog,labrador retriever,10.2,30.5,no previous conditions,vomiting,anorexia,vomiting,vomiting,weight loss,no previous conditions,vomiting,anorexia,vomiting,vomiting,weight loss,0
dog,rottweiler,9.8,27.7,previous heart condition,oedema,weakness,sneezing,skin ulcer,diarrhea,previous heart condition,oedema,weakness,sneezing,skin ulcer,diarrhea,1
dog,poodle,5.6,6.6,previous kidney disease,red skin,red on affected area,horny growth,wart-like growth,lesions on ear,previous kidney disease,red skin,red on affected area,horny growth,wart-like growth,lesions on ear,1
dog,boxer,0.5,26.8,recent surgery,anorexia,hemolytic anemia,vomiting,sneezing,sneezing,recent surgery,anorexia,hemolytic anemia,vomiting,sneezing,sneezing,0
dog,golden retriever,2.1,41.9,chronic illness,pain,vomiting,weakness,milk reduce,fever,chronic illness,pain,vomiting,weakness,milk reduce,fever,0
dog,beagle,3.0,24.4,skin conditions history,lethargy,lethargy,pain,pain,weight loss,skin conditions history,lethargy,lethargy,pain,pain,weight loss,1
dog,rottweiler,5.6,45.0,recent surgery,fever,poor coat condition,infection of the skin,weight loss,fatique,recent surgery,fever,poor coat condition,infection of the skin,weight loss,fatique,1
dog,boxer,10.8,20.2,parasite history,most often none,pain,nasal discharge,dyspnea,sneezing,parasite history,most often none,pain,nasal discharge,dyspnea,sneezing,0
dog,bulldog,3.4,27.7,not vaccinated,poor appetite,fever,pains,swelling of face or leg,depression,not vaccinated,poor appetite,fever,pains,swelling of face or leg,depression,0
dog,rottweiler,9.7,26.5,previous heart condition,fever,animal become lame,prostrat,painfull swalling,lameness,previous heart condition,fever,animal become lame,prostrat,painfull swalling,lameness,0
dog,mixed breed,8.0,20.6,chronic illness,pain,anorexia,coughing,sneezing,lethargy,chronic illness,pain,anorexia,coughing,sneezing,lethargy,0
dog,beagle,1.5,16.8,dental issues,anorexia,weight loss,tremor,coughing,viability,dental issues,anorexia,weight loss,tremor,coughing,viability,0
dog,bulldog,9.0,30.0,previous kidney disease,diarrhea,sneezing,vomiting,lethargy,sneezing,previous kidney disease,diarrhea,sneezing,vomiting,lethargy,sneezing,0
dog,poodle,6.6,6.0,previous kidney disease,sneezing,anorexia,weakness,diarrhea,abnormalities,previous kidney disease,sneezing,anorexia,weakness,diarrhea,abnormalities,0
dog,golden retriever,9.8,32.6,parasite history,lethargy,coughing,pain,anorexia,diarrhea,parasite history,lethargy,coughing,pain,anorexia,diarrhea,0
dog,mixed breed,13.2,19.2,dental issues,death,fetopelvic dispropotion,pains,uteria inertia,malpresentation,dental issues,death,fetopelvic dispropotion,pains,uteria inertia,malpresentation,0
dog,german shepherd,7.7,30.6,recent surgery,abdominal pain,diarrhea,fever,sneezing,sneezing,recent surgery,abdominal pain,diarrhea,fever,sneezing,sneezing,0
dog,boxer,8.8,27.8,allergies,inflammation,urine infection,discomfort,kicking at the belly,pains,allergies,inflammation,urine infection,discomfort,kicking at the belly,pains,0
dog,mixed breed,1.2,10.5,not vaccinated,change their normal behaviour,stop eating,stop drinking,diarrhea,pains,not vaccinated,change their normal behaviour,stop eating,stop drinking,diarrhea,pains,0
dog,bulldog,6.7,30.0,skin conditions history,gas,nuerological,vomiting,muscle weakness,coughing,skin conditions history,gas,nuerological,vomiting,muscle weakness,coughing,1
dog,rottweiler,5.4,27.8,allergies,fetopelvic dispropotion,uteria inertia,malpresentation,death,pains,allergies,fetopelvic dispropotion,uteria inertia,malpresentation,death,pains,0
dog,mixed breed,1.5,15.5,previous heart condition,stiffness,diarrhea,sneezing,fever,severe weekness and depression,previous heart condition,stiffness,diarrhea,sneezing,fever,severe weekness and depression,0
dog,rottweiler,2.9,25.8,chronic illness,diarrhea,sneezing,anorexia,lack of appetite,diarrhea,chronic illness,diarrhea,sneezing,anorexia,lack of appetite,diarrhea,0
dog,german shepherd,5.6,34.2,previous heart condition,diarrhea,weight loss,coughing,diarrhea,vomiting,previous heart condition,diarrhea,weight loss,coughing,diarrhea,vomiting,0
dog,golden retriever,2.7,29.6,no previous conditions,coughing,weight loss,diarrhea,sneezing,fever,no previous conditions,coughing,weight loss,diarrhea,sneezing,fever,0
dog,bulldog,3.0,15.4,previous kidney disease,fever,diarrhea,coughing,lethargy,blue eye,previous kidney disease,fever,diarrhea,coughing,lethargy,blue eye,0
dog,bulldog,4.7,16.9,recent surgery,legness,paresis,coughing,weight loss,shortness of breath,recent surgery,legness,paresis,coughing,weight loss,shortness of breath,0
dog,golden retriever,0.7,24.4,previous kidney disease,sudden death,high temperature,rapid pulse and heart rates,depression,trembling,previous kidney disease,sudden death,high temperature,rapid pulse and heart rates,depression,trembling,0
dog,rottweiler,9.5,40.0,previous heart condition,lesions,weight loss,sneezing,coughing,vomiting,previous heart condition,lesions,weight loss,sneezing,coughing,vomiting,1
dog,german shepherd,5.1,26.0,chronic illness,coughing,weight loss,blood from mouth,lethargy,diarrhea,chronic illness,coughing,weight loss,blood from mouth,lethargy,diarrhea,0
dog,boxer,8.7,18.6,parasite history,vomiting,less eat,diarrhea,weight loss,pain,parasite history,vomiting,less eat,diarrhea,weight loss,pain,0
dog,yorkshire terrier,4.0,11.0,no previous conditions,groosly enlarged,skin may thicken,convulsion,edematous,pains,no previous conditions,groosly enlarged,skin may thicken,convulsion,edematous,pains,1
dog,bulldog,4.1,20.3,skin conditions history,fever,sour throat,mortality,muscle aches,abnormalities,skin conditions history,fever,sour throat,mortality,muscle aches,abnormalities,1
dog,poodle,15.0,7.2,chronic illness,coughing,sneezing,weight loss,pain,fever,chronic illness,coughing,sneezing,weight loss,pain,fever,0
dog,rottweiler,7.3,32.9,skin conditions history,fever,chronic eye inflamation,coughing,lethargy,neurologic abnormalities,skin conditions history,fever,chronic eye inflamation,coughing,lethargy,neurologic abnormalities,1
dog,beagle,2.2,27.2,vaccinated,fetopelvic dispropotion,uteria inertia,malpresentation,death,pains,vaccinated,fetopelvic dispropotion,uteria inertia,malpresentation,death,pains,0
dog,german shepherd,14.8,40.2,parasite history,loss of appetite,diarrhea,swollen purple wattle,swollen comb,lameness,parasite history,loss of appetite,diarrhea,swollen purple wattle,swollen comb,lameness,0
dog,mixed breed,12.9,21.5,dental issues,lepatomegaly,pain,coughing,weakness,coughing,dental issues,lepatomegaly,pain,coughing,weakness,coughing,0
dog,labrador retriever,7.8,44.3,no previous conditions,weight loss,pain,high temperature,diarrhea,pain,no previous conditions,weight loss,pain,high temperature,diarrhea,pain,0
dog,german shepherd,8.2,37.5,dental issues,weakness,lameness,diarrhea,coughing,pain,dental issues,weakness,lameness,diarrhea,coughing,pain,0
dog,poodle,5.5,5.6,not vaccinated,coughing,sloughing of the tail,vomiting,coughing,anorexia,not vaccinated,coughing,sloughing of the tail,vomiting,coughing,anorexia,0
dog,rottweiler,6.8,39.0,parasite history,animal gets uneasy,weakness,sneezing,pain,excessive eye watering,parasite history,animal gets uneasy,weakness,sneezing,pain,excessive eye watering,0
dog,poodle,7.6,9.6,dental issues,fever,diarrhea,vomiting,stomach cramps,nausea,dental issues,fever,diarrhea,vomiting,stomach cramps,nausea,0
dog,labrador retriever,13.5,32.7,parasite history,dejection,loss of appetite,stress,coughing,pains,parasite history,dejection,loss of appetite,stress,coughing,pains,0
dog,golden retriever,1.8,39.2,parasite history,weakness,weight loss,weakness,bleeding in eye and skin,splenomegaly,parasite history,weakness,weight loss,weakness,bleeding in eye and skin,splenomegaly,1
dog,golden retriever,4.3,29.9,previous kidney disease,hemopytsis,pain,weakness,lethargy,pain,previous kidney disease,hemopytsis,pain,weakness,lethargy,pain,0
dog,bulldog,0.5,20.6,vaccinated,weight loss,hock joint,weakness,diarrhea,vomiting,vaccinated,weight loss,hock joint,weakness,diarrhea,vomiting,0
dog,golden retriever,5.6,42.0,no previous conditions,lethargy,coughing,dyspnea,fever,anorexia,no previous conditions,lethargy,coughing,dyspnea,fever,anorexia,0
dog,german shepherd,8.1,39.3,no previous conditions,skinallergy,lesions,lathargy,fever,drop on egg production,no previous conditions,skinallergy,lesions,lathargy,fever,drop in egg production,1
dog,german shepherd,9.8,31.0,previous heart condition,anorexia,swelling,weight loss,loss of appetite,fever,previous heart condition,anorexia,swelling,weight loss,loss of appetite,fever,0
dog,yorkshire terrier,13.3,4.7,previous heart condition,lethargy,swelling,blindness,nasal discharge,loss of appetite,previous heart condition,lethargy,swelling,blindness,nasal discharge,loss of appetite,0
dog,mixed breed,1.6,29.0,chronic illness,lameness,high body temperature,change their normal behaviour,nasal discharge,eye discharges,chronic illness,lameness,high body temperature,change their normal behaviour,nasal discharge,eye discharges,0
dog,rottweiler,13.2,32.8,allergies,diarrhea,weakness,scaly skin,weight loss,weight loss,allergies,diarrhea,weakness,scaly skin,weight loss,weight loss,1
dog,poodle,0.5,6.8,not vaccinated,frequent eye infections,lethargy,weakness,sneezing,pain,not vaccinated,frequent eye infections,lethargy,weakness,sneezing,pain,0
dog,rottweiler,14.2,45.0,not vaccinated,loss of appetite,swelling,nasal discharge,blindness,lethargy,not vaccinated,loss of appetite,swelling,nasal discharge,blindness,lethargy,0
dog,poodle,5.4,4.5,no previous conditions,sneezing,coughing,diarrhea,anorexia,pain,no previous conditions,sneezing,coughing,diarrhea,anorexia,pain,0
dog,labrador retriever,13.4,37.9,chronic illness,restlessness,weakness,blue straws,death,pain,chronic illness,restlessness,weakness,blue straws,death,pain,0
dog,german shepherd,7.3,26.0,not vaccinated,poor coat apperence,diarrhea,vomiting,weight loss,dehydration,not vaccinated,poor coat apperence,diarrhea,vomiting,weight loss,dehydration,0
dog,beagle,9.6,24.4,allergies,pain,itchiness,thick crusting,watery eye,hair loss,allergies,pain,itchiness,thick crusting,watery eye,hair loss,1
dog,yorkshire terrier,8.5,4.8,recent surgery,stop eating,stop drinking,change their normal behaviour,weight loss,pains,recent surgery,stop eating,stop drinking,change their normal behaviour,weight loss,pains,0
dog,golden retriever,8.2,45.0,previous heart condition,fever,pain,pain,pain,coughing,previous heart condition,fever,pain,pain,pain,coughing,0
dog,golden retriever,9.4,29.9,recent surgery,fever,respiratory distress,mucous discharge,reduce feed,weight gain,recent surgery,fever,respiratory distress,mucous discharge,reduce feed,weight gain,0
dog,rottweiler,10.7,25.2,not vaccinated,rhinitis,pneumonia,abscessess,torticollis,septicemia,not vaccinated,rhinitis,pneumonia,abscessess,torticollis,septicemia,0
dog,beagle,1.4,21.7,vaccinated,pox lesion,weakness,diarrhea,weight loss,coughing,vaccinated,pox lesion,weakness,diarrhea,weight loss,coughing,1
dog,poodle,3.8,4.0,dental issues,weight loss,weakness,sneezing,fever,diarrhea,dental issues,weight loss,weakness,sneezing,fever,diarrhea,0
dog,rottweiler,15.4,44.6,dental issues,wheezing,seizuers,fatique,loss od appetite,skin rashes,dental issues,wheezing,seizuers,fatique,loss od appetite,skin rashes,1
dog,yorkshire terrier,3.3,5.6,recent surgery,weakness,sneezing,red skin,anorexia,vomiting,recent surgery,weakness,sneezing,red skin,anorexia,vomiting,1
dog,beagle,6.0,26.3,recent surgery,strong cough,runny nose,darkened skin,lethargy,loss of appettite,recent surgery,strong cough,runny nose,darkened skin,lethargy,loss of appettite,1
dog,poodle,8.9,3.6,allergies,red skin,loss of appetite,moist,lameness,pains,allergies,red skin,loss of appetite,moist,lameness,pains,1
dog,yorkshire terrier,14.1,5.5,no previous conditions,rub,lethargy,lethargy,nasal bleeding,coughing,no previous conditions,rub,lethargy,lethargy,nasal bleeding,coughing,0
dog,beagle,7.1,29.9,dental issues,weakness,sneezing,anorexia,diarrhea,lethargy,dental issues,weakness,sneezing,anorexia,diarrhea,lethargy,0
dog,labrador retriever,5.9,27.4,previous heart condition,fever,diarrhea,fever,sneezing,diarrhea,previous heart condition,fever,diarrhea,fever,sneezing,diarrhea,0
dog,yorkshire terrier,12.9,10.0,previous kidney disease,weakness,thicked skin,lethargy,nausea,fever,previous kidney disease,weakness,thicked skin,lethargy,nausea,fever,1
dog,boxer,2.0,24.2,parasite history,forthy eye,lethargy,stumbling,pain,weight loss,parasite history,forthy eye,lethargy,stumbling,pain,weight loss,0
dog,labrador retriever,3.0,38.1,dental issues,rapid pulse and heart rates,fever,depression,lameness in affected leg,loss of appetite,dental issues,rapid pulse and heart rates,fever,depression,lameness in affected leg,loss of appetite,0
dog,bulldog,0.5,27.2,previous heart condition,weakness,pain,anorexia,coughing,anorexia,previous heart condition,weakness,pain,anorexia,coughing,anorexia,0
dog,golden retriever,9.8,33.7,no previous conditions,weakness,sneezing,vomiting,dry or tacky gums,weakness,no previous conditions,weakness,sneezing,vomiting,dry or tacky gums,weakness,0
dog,poodle,11.5,3.9,not vaccinated,fever,respiratory distress,seizuers,hyperesthesia,sudden death,not vaccinated,fever,respiratory distress,seizuers,hyperesthesia,sudden death,0
dog,mixed breed,13.7,24.5,chronic illness,fever,uncharacteristic hiding,depression,dehydration,stopped eat,chronic illness,fever,uncharacteristic hiding,depression,dehydration,stopped eat,0
dog,boxer,15.0,19.7,parasite history,sneezing,diarrhea,weakness,weakness,lethargy,parasite history,sneezing,diarrhea,weakness,weakness,lethargy,0
dog,german shepherd,8.5,27.5,vaccinated,sneezing,weakness,coughing,coughing,weight loss,vaccinated,sneezing,weakness,coughing,coughing,weight loss,0
dog,beagle,2.3,22.1,vaccinated,weakness,coughing,pox lesion,pain,anorexia,vaccinated,weakness,coughing,pox lesion,pain,anorexia,1
dog,poodle,0.5,3.4,previous heart condition,lethargy,weight loss,mortality varies,lethargy,weight loss,previous heart condition,lethargy,weight loss,mortality varies,lethargy,weight loss,0
dog,golden retriever,13.3,28.5,chronic illness,diarrhea,epistaxis,coughing,vomiting,diarrhea,chronic illness,diarrhea,epistaxis,coughing,vomiting,diarrhea,0
dog,labrador retriever,7.7,27.6,recent surgery,lethargy,inability to absorb nutrients,sickness,lethargy,weakness,recent surgery,lethargy,inability to absorb nutrients,sickness,lethargy,weakness,0
dog,german shepherd,8.6,34.8,chronic illness,fever,decreased stool production,pain,red skin,twitching,chronic illness,fever,decreased stool production,pain,red skin,twitching,1
dog,bulldog,7.8,15.0,chronic illness,weakness,lethargy,fever,sneezing,weight loss,chronic illness,weakness,lethargy,fever,sneezing,weight loss,0
dog,rottweiler,1.4,35.5,vaccinated,week pulse,rapid heart rate,weekness in the back legs,short term lethargy,loss of  appetite,vaccinated,week pulse,rapid heart rate,weekness in the back legs,short term lethargy,loss of appetite,0
dog,beagle,12.5,18.5,dental issues,fever,diarrhea,nasal discharge,lethargy,blue eye,dental issues,fever,diarrhea,nasal discharge,lethargy,blue eye,0
dog,boxer,2.8,26.1,parasite history,sneezing,sneezing,sneezing,lethargy,week legs,parasite history,sneezing,sneezing,sneezing,lethargy,week legs,0
dog,boxer,3.6,25.5,allergies,coughing,lethargy,coughing,pain,anorexia,allergies,coughing,lethargy,coughing,pain,anorexia,0
dog,yorkshire terrier,10.0,6.5,vaccinated,weight loss,anorexia,sneezing,diarrhea,dullness,vaccinated,weight loss,anorexia,sneezing,diarrhea,dullness,0
dog,bulldog,3.6,23.7,recent surgery,fever,diarrhea,vomiting,blood from mouth,shock,recent surgery,fever,diarrhea,vomiting,blood from mouth,shock,0
dog,boxer,9.4,25.5,no previous conditions,acting aggressive,lack of pigmentation,weight loss,weakness,coughing,no previous conditions,acting aggressive,lack of pigmentation,weight loss,weakness,coughing,0
dog,mixed breed,5.1,19.6,vaccinated,weight loss,vomiting,vomiting,anorexia,pain,vaccinated,weight loss,vomiting,vomiting,anorexia,pain,0
dog,beagle,3.8,26.2,no previous conditions,weight loss,weight loss,sneezing,lethargy,weakness,no previous conditions,weight loss,weight loss,sneezing,lethargy,weakness,0
dog,bulldog,5.5,24.3,previous heart condition,pain,inflammed eye,yellow or green dropping,sneezing,sneezing,previous heart condition,pain,inflammed eye,yellow or green dropping,sneezing,sneezing,0
dog,yorkshire terrier,15.0,4.7,skin conditions history,feather plucking,difficultty in breathing,diarrhea,fever,regurgitation of food,skin conditions history,feather plucking,difficultty in breathing,diarrhea,fever,regurgitation of food,1
dog,yorkshire terrier,12.6,3.8,previous heart condition,loss of appetite,swelling,nasal discharge,blindness,lethargy,previous heart condition,loss of appetite,swelling,nasal discharge,blindness,lethargy,0
dog,bulldog,4.1,25.2,chronic illness,fever,loss of appetite,lameness,rump,weight loss,chronic illness,fever,loss of appetite,lameness,rump,weight loss,0
dog,golden retriever,9.3,24.7,chronic illness,straining,diarrhea,vomiting,weight loss,blindness,chronic illness,straining,diarrhea,vomiting,weight loss,blindness,0
dog,yorkshire terrier,7.2,4.3,not vaccinated,inflammation,pain,loss od appetite,fever,coughing,not vaccinated,inflammation,pain,loss od appetite,fever,coughing,0
dog,poodle,2.2,6.0,not vaccinated,weakness,walking problem,sneezing,coughing,sneezing,not vaccinated,weakness,walking problem,sneezing,coughing,sneezing,0
dog,bulldog,10.3,31.3,no previous conditions,fever,loss of  appetite,coughing,lethargy,joint pain,no previous conditions,fever,loss of appetite,coughing,lethargy,joint pain,0
dog,boxer,8.1,25.8,not vaccinated,lethargy,diarrhea,lethargy,sneezing,pain,not vaccinated,lethargy,diarrhea,lethargy,sneezing,pain,0
dog,boxer,0.5,18.9,no previous conditions,vomiting,diarrhea,vomiting,loss of appetite,vomiting,no previous conditions,vomiting,diarrhea,vomiting,loss of appetite,vomiting,0
dog,beagle,3.7,31.2,skin conditions history,weight loss,diarrhea,poor coat apperence,vomiting,dehydration,skin conditions history,weight loss,diarrhea,poor coat apperence,vomiting,dehydration,1
dog,boxer,4.5,19.8,chronic illness,lethargy,diarrhea,scaly patches of skin,animal become lame,sneezing,chronic illness,lethargy,diarrhea,scaly patches of skin,animal become lame,sneezing,1
dog,yorkshire terrier,2.6,5.3,dental issues,weakness,consistency of milk,pain,watery eyes,vomiting,dental issues,weakness,consistency of milk,pain,watery eyes,vomiting,0
dog,labrador retriever,5.5,38.4,vaccinated,diarrhea with muscus,tensemus,watery stool,flatulence,pains,vaccinated,diarrhea with muscus,tensemus,watery stool,flatulence,pains,0
dog,boxer,4.8,22.5,not vaccinated,firm,gasping,diarrhea,diarrhea,frequent yawning,not vaccinated,firm,gasping,diarrhea,diarrhea,frequent yawning,0
dog,labrador retriever,11.9,44.9,skin conditions history,vomiting,weakness,bad smell,weight loss,pain,skin conditions history,vomiting,weakness,bad smell,weight loss,pain,1
dog,rottweiler,11.5,40.7,not vaccinated,lack of walking,lack of flying,roughened,dehydration,pains,not vaccinated,lack of walking,lack of flying,roughened,dehydration,pains,0
dog,labrador retriever,12.0,29.9,dental issues,anorexia,weight loss,white mark on the muscle,vomiting,lethargy,dental issues,anorexia,weight loss,white mark on the muscle,vomiting,lethargy,0
dog,beagle,9.6,25.1,skin conditions history,diarrhea,stripped remiges,defienciency in vitamin,ruffled feathers,less feather growth,skin conditions history,diarrhea,stripped remiges,defienciency in vitamin,ruffled feathers,less feather growth,1
dog,bulldog,11.8,21.7,not vaccinated,fever,diarrhea,bloody droping,abdominal discomfort,lethargy,not vaccinated,fever,diarrhea,bloody droping,abdominal discomfort,lethargy,0
dog,mixed breed,5.7,25.2,recent surgery,fever,convulsion,sudden death,urine retention,weight loss,recent surgery,fever,convulsion,sudden death,urine retention,weight loss,0
dog,boxer,13.5,24.6,chronic illness,fever,difficultty in breathing,yellow eye,sneezing,diphtherictic,chronic illness,fever,difficultty in breathing,yellow eye,sneezing,diphtherictic,0
dog,labrador retriever,12.7,33.1,vaccinated,lethargy,fever,lethargy,coughing,weight loss,vaccinated,lethargy,fever,lethargy,coughing,weight loss,0
dog,bulldog,4.3,30.4,skin conditions history,sores on lip,infection,sores on lower leg and teats,lesion,pain,skin conditions history,sores on lip,infection,sores on lower leg and teats,lesion,pain,1
dog,rottweiler,10.0,39.6,previous kidney disease,tarry stool,poor appetite,ulcers,enlarged lymph nodes,diarrhea,previous kidney disease,tarry stool,poor appetite,ulcers,enlarged lymph nodes,diarrhea,1
dog,poodle,8.8,8.6,not vaccinated,jaundice,pneumonia,lession on the skin,pain,vomitting,not vaccinated,jaundice,pneumonia,lession on the skin,pain,vomitting,1
dog,rottweiler,9.6,26.3,recent surgery,weakness,weakness,pain,lethargy,sneezing,recent surgery,weakness,weakness,pain,lethargy,sneezing,0
dog,german shepherd,8.5,28.1,chronic illness,fever,distress,anorexia,fever,weight loss,chronic illness,fever,distress,anorexia,fever,weight loss,0
dog,rottweiler,6.6,31.3,skin conditions history,chronic eye inflamation,neurologic abnormalities,coughing,lethargy,fever,skin conditions history,chronic eye inflamation,neurologic abnormalities,coughing,lethargy,fever,1
dog,poodle,7.2,10.0,previous kidney disease,fever,lethargy,coughing,anorexia,sudden abortion,previous kidney disease,fever,lethargy,coughing,anorexia,sudden abortion,0
dog,mixed breed,0.8,9.0,allergies,difficulty in breathing,pains,fever,lethargy,death,allergies,difficulty in breathing,pains,fever,lethargy,death,0
dog,yorkshire terrier,11.1,5.5,not vaccinated,rapid breathing,prostrat,diarrhea,pawing at bedding,muscle aches,not vaccinated,rapid breathing,prostrat,diarrhea,pawing at bedding,muscle aches,0
dog,rottweiler,2.4,22.9,dental issues,coughing,lethargy,sneezing,fever,difficulty breathing,dental issues,coughing,lethargy,sneezing,fever,difficulty breathing,0
dog,poodle,9.7,3.4,skin conditions history,nausea,vomiting,loss of appetite,experiencing changes in weight,pain and bloating,skin conditions history,nausea,vomiting,loss of appetite,experiencing changes in weight,pain and bloating,1
dog,boxer,3.8,24.5,no previous conditions,anorexia,tail shaking,fever,hematuria,pain,no previous conditions,anorexia,tail shaking,fever,hematuria,pain,0
dog,bulldog,3.6,25.4,skin conditions history,sores on lip,infection,sores on lower leg and teats,lesion,pain,skin conditions history,sores on lip,infection,sores on lower leg and teats,lesion,pain,1
dog,rottweiler,5.0,29.7,not vaccinated,crusting of the skin,hair loss,darkened skin,ulcerated skin,dandruff,not vaccinated,crusting of the skin,hair loss,darkened skin,ulcerated skin,dandruff,1
dog,rottweiler,3.0,36.4,vaccinated,weakness,lethargy,anorexia,weakness,edema in lower jaw,vaccinated,weakness,lethargy,anorexia,weakness,edema in lower jaw,0
dog,labrador retriever,2.3,35.2,allergies,coughing,pain,sneezing,fever,weakness,allergies,coughing,pain,sneezing,fever,weakness,0
dog,mixed breed,1.6,12.7,parasite history,fever,diarrhea,sneezing,stiffness,severe weekness and depression,parasite history,fever,diarrhea,sneezing,stiffness,severe weekness and depression,0
dog,german shepherd,12.4,32.4,skin conditions history,skin infection,secondary infection,coughing,depression,shaking oh head,skin conditions history,skin infection,secondary infection,coughing,depression,shaking oh head,1
dog,poodle,12.8,4.8,allergies,fever,lethargy,abortion on late pregancy,hairy fleeces,weight loss,allergies,fever,lethargy,abortion on late pregancy,hairy fleeces,weight loss,0
dog,bulldog,9.4,29.9,allergies,gasping,coughing,mild weakness,droopy wings,twisted neck,allergies,gasping,coughing,mild weakness,droopy wings,twisted neck,0
dog,german shepherd,13.6,28.0,previous heart condition,foul smelling,bloody discharge,colic,blood clots,diarrhea,previous heart condition,foul smelling,bloody discharge,colic,blood clots,diarrhea,0
dog,mixed breed,14.2,33.0,dental issues,diarrhea,lethargy,pain,flaky,pain,dental issues,diarrhea,lethargy,pain,flaky,pain,0
dog,beagle,11.7,20.3,previous kidney disease,fever,pneumonia,stand with head droping,weight loss,abnormal behaviour,previous kidney disease,fever,pneumonia,stand with head droping,weight loss,abnormal behaviour,0
dog,beagle,15.0,19.7,previous kidney disease,lethargy,pain,weight loss,weakness,vomiting,previous kidney disease,lethargy,pain,weight loss,weakness,vomiting,0
dog,mixed breed,6.8,40.0,parasite history,lethargy,blood clots,weakness,vomiting,diarrhea,parasite history,lethargy,blood clots,weakness,vomiting,diarrhea,0
dog,boxer,8.5,15.0,dental issues,weight loss,weakness,anaemia,coughing,lethargy,dental issues,weight loss,weakness,anaemia,coughing,lethargy,0
dog,poodle,9.2,10.4,not vaccinated,jaundice,pneumonia,lession on the skin,pain,vomitting,not vaccinated,jaundice,pneumonia,lession on the skin,pain,vomitting,1
dog,mixed breed,2.0,29.3,parasite history,facial swelling,bloody drool,foul breath,unable to eat,lossened teeth,parasite history,facial swelling,bloody drool,foul breath,unable to eat,lossened teeth,0
dog,rottweiler,3.3,25.0,parasite history,diarrhea,infected navels,diarrhea,weight loss,sneezing,parasite history,diarrhea,infected navels,diarrhea,weight loss,sneezing,0
dog,rottweiler,4.7,30.8,parasite history,diarrhea,lesions on nose,pain,diarrhea,vomiting,parasite history,diarrhea,lesions on nose,pain,diarrhea,vomiting,1
dog,golden retriever,5.3,29.0,chronic illness,tear produce,weight loss,sneezing,pain,sneezing,chronic illness,tear produce,weight loss,sneezing,pain,sneezing,0
dog,labrador retriever,11.4,42.6,allergies,lethargy,flaky,diarrhea,diarrhea,sneezing,allergies,lethargy,flaky,diarrhea,diarrhea,sneezing,0
dog,yorkshire terrier,9.3,6.1,chronic illness,weakness,lethargy,anorexia,weight loss,anorexia,chronic illness,weakness,lethargy,anorexia,weight loss,anorexia,0
dog,bulldog,4.2,20.4,skin conditions history,coughing,weight loss,coughing,vomiting,diarrhea,skin conditions history,coughing,weight loss,coughing,vomiting,diarrhea,1
dog,bulldog,9.9,13.6,vaccinated,sneezing,fever,difficulty breathing,lethargy,coughing,vaccinated,sneezing,fever,difficulty breathing,lethargy,coughing,0
dog,poodle,9.8,3.2,parasite history,upset stomach,diarrhea,coughing,weight loss,anaemia,parasite history,upset stomach,diarrhea,coughing,weight loss,anaemia,0
dog,beagle,14.9,22.1,dental issues,pain,coughing,coughing,diarrhea,vomiting,dental issues,pain,coughing,coughing,diarrhea,vomiting,0
dog,yorkshire terrier,9.5,7.5,dental issues,diarrhea,sneezing,anorexia,sneezing,vomiting,dental issues,diarrhea,sneezing,anorexia,sneezing,vomiting,0
dog,rottweiler,13.4,31.8,parasite history,frequent eye infections,vomiting,chewing,pain,lethargy,parasite history,frequent eye infections,vomiting,chewing,pain,lethargy,0
dog,german shepherd,6.4,25.0,skin conditions history,blindness,anorexia,vomiting,difficulty in rising,sneezing,skin conditions history,blindness,anorexia,vomiting,difficulty in rising,sneezing,1
dog,rottweiler,7.8,34.1,dental issues,pain,diarrhea,vomiting,weight loss,weight loss,dental issues,pain,diarrhea,vomiting,weight loss,weight loss,0
dog,bulldog,7.3,15.0,previous heart condition,fever,coughing,diarrhea,coughing,anorexia,previous heart condition,fever,coughing,diarrhea,coughing,anorexia,0
dog,boxer,11.8,26.4,previous kidney disease,diarrhea,sneezing,sneezing,coughing,hyperexcitability,previous kidney disease,diarrhea,sneezing,sneezing,coughing,hyperexcitability,0
dog,golden retriever,2.1,42.2,parasite history,sneezing,weight loss,weakness,pain,lethargy,parasite history,sneezing,weight loss,weakness,pain,lethargy,0
dog,labrador retriever,10.8,42.1,previous kidney disease,skin color change,crusty,scaly skin,irritation,blister,previous kidney disease,skin color change,crusty,scaly skin,irritation,blister,1
dog,golden retriever,12.9,25.0,previous heart condition,scartching,weight loss,swelling of face or leg,fever,decreased stool production,previous heart condition,scartching,weight loss,swelling of face or leg,fever,decreased stool production,0
dog,beagle,7.3,20.0,vaccinated,weight loss,vomiting,fever,pain,weight loss,vaccinated,weight loss,vomiting,fever,pain,weight loss,0
dog,bulldog,1.6,28.1,skin conditions history,fever,pox lession on skin,skin reashes,nasal discharge,mortality varies,skin conditions history,fever,pox lession on skin,skin reashes,nasal discharge,mortality varies,1
dog,german shepherd,12.4,40.0,previous kidney disease,lameness,pains,stop drinking,change their normal behaviour,stop eating,previous kidney disease,lameness,pains,stop drinking,change their normal behaviour,stop eating,0
dog,yorkshire terrier,6.8,6.2,previous kidney disease,haemorrhage,straw colored,abdominal pain,death,carcass decomposes,previous kidney disease,haemorrhage,straw colored,abdominal pain,death,carcass decomposes,0
dog,yorkshire terrier,12.5,8.7,dental issues,pain,lethargy,sneezing,diarrhea,inability to absorb nutrients,dental issues,pain,lethargy,sneezing,diarrhea,inability to absorb nutrients,0
dog,beagle,11.5,24.6,allergies,lame,vomiting,lethargy,sneezing,mortality varies,allergies,lame,vomiting,lethargy,sneezing,mortality varies,0
dog,boxer,9.1,19.8,not vaccinated,sneezing,lethargy,diarrhea,vomiting,lethargy,not vaccinated,sneezing,lethargy,diarrhea,vomiting,lethargy,0
dog,mixed breed,8.3,6.1,previous kidney disease,anorexia,coughing,ulcerated skin,anorexia,weight loss,previous kidney disease,anorexia,coughing,ulcerated skin,anorexia,weight loss,1
dog,boxer,0.5,30.0,no previous conditions,sneezing,sneezing,weakness,fever,coughing,no previous conditions,sneezing,sneezing,weakness,fever,coughing,0
dog,german shepherd,11.0,32.9,chronic illness,fever,difficultty in breathing,yellow eye,sneezing,diphtherictic,chronic illness,fever,difficultty in breathing,yellow eye,sneezing,diphtherictic,0
dog,labrador retriever,5.6,30.5,vaccinated,thivk skin,vomiting,coughing,sweat,red tinge,vaccinated,thivk skin,vomiting,coughing,sweat,red tinge,1
dog,mixed breed,7.8,19.6,parasite history,paralysis,anorexia,anorexia,sneezing,fever,parasite history,paralysis,anorexia,anorexia,sneezing,fever,0
dog,german shepherd,7.9,32.9,dental issues,sudden death,lethargy,fever,coughing,anversion to light,dental issues,sudden death,lethargy,fever,coughing,anversion to light,0
dog,poodle,4.6,7.6,recent surgery,fever,poor coat condition,infection of the skin,weight loss,fatique,recent surgery,fever,poor coat condition,infection of the skin,weight loss,fatique,1
dog,labrador retriever,9.7,30.1,dental issues,weakness,weight loss,coughing,weakness,vomiting,dental issues,weakness,weight loss,coughing,weakness,vomiting,0
dog,mixed breed,13.1,13.0,vaccinated,foul smelling,dullness,dirty,stained wool,tail shaking,vaccinated,foul smelling,dullness,dirty,stained wool,tail shaking,0
dog,german shepherd,6.6,33.9,recent surgery,sneezing,lethargy,lethargy,excessive eye watering,weakness,recent surgery,sneezing,lethargy,lethargy,excessive eye watering,weakness,0
dog,beagle,14.8,23.9,previous heart condition,lethargy,weight loss,weight loss,diarrhea,weight loss,previous heart condition,lethargy,weight loss,weight loss,diarrhea,weight loss,0
dog,mixed breed,4.1,27.6,recent surgery,diarrhea,coughing,lying down,anorexia,coughing,recent surgery,diarrhea,coughing,lying down,anorexia,coughing,0
dog,yorkshire terrier,0.8,3.0,skin conditions history,anorexia,vomiting,weakness,pain,bloody diarhhea,skin conditions history,anorexia,vomiting,weakness,pain,bloody diarhhea,1
dog,golden retriever,0.5,37.9,allergies,weight loss,vomiting,anorexia,diarrhea,pain,allergies,weight loss,vomiting,anorexia,diarrhea,pain,0
dog,bulldog,4.3,17.6,allergies,legness,paresis,coughing,weight loss,shortness of breath,allergies,legness,paresis,coughing,weight loss,shortness of breath,0
dog,rottweiler,11.0,28.3,not vaccinated,rhinitis,pneumonia,abscessess,torticollis,septicemia,not vaccinated,rhinitis,pneumonia,abscessess,torticollis,septicemia,0
dog,boxer,10.4,30.6,not vaccinated,emaciation,edema in lower jaw,coughing,shivering,anemia,not vaccinated,emaciation,edema in lower jaw,coughing,shivering,anemia,0
dog,yorkshire terrier,10.4,5.6,dental issues,fever,dyspnea,coughing,lethargy,weightloss,dental issues,fever,dyspnea,coughing,lethargy,weightloss,0
dog,mixed breed,1.7,25.9,chronic illness,eye discharges,nasal discharge,change their normal behaviour,high body temperature,lameness,chronic illness,eye discharges,nasal discharge,change their normal behaviour,high body temperature,lameness,0
dog,bulldog,12.6,18.5,dental issues,lethargy,pain,anorexia,anorexia,vomiting,dental issues,lethargy,pain,anorexia,anorexia,vomiting,0
dog,labrador retriever,5.6,45.0,chronic illness,fever,weekness,decreased milk,attacks,pain,chronic illness,fever,weekness,decreased milk,attacks,pain,0
dog,yorkshire terrier,5.7,3.9,skin conditions history,death,malpresentation,uteria inertia,fetopelvic dispropotion,pains,skin conditions history,death,malpresentation,uteria inertia,fetopelvic dispropotion,pains,1
dog,german shepherd,14.9,39.5,dental issues,fetopelvic dispropotion,uteria inertia,malpresentation,death,pains,dental issues,fetopelvic dispropotion,uteria inertia,malpresentation,death,pains,0
dog,golden retriever,2.8,39.3,recent surgery,fever,respiratory distress,seizuers,hyperesthesia,sudden death,recent surgery,fever,respiratory distress,seizuers,hyperesthesia,sudden death,0
dog,golden retriever,5.7,34.5,previous heart condition,coughing,heat,anorexia,anorexia,vomiting,previous heart condition,coughing,heat,anorexia,anorexia,vomiting,0
dog,labrador retriever,2.1,34.2,no previous conditions,achomotrica,poor immune function,death,dehydration,pains,no previous conditions,achomotrica,poor immune function,death,dehydration,pains,0
dog,rottweiler,5.0,42.6,not vaccinated,vomiting,pain,pains,weakness,pain,not vaccinated,vomiting,pain,pains,weakness,pain,0
dog,german shepherd,2.8,25.0,chronic illness,discharge from ear,anorexia,weakness,pain,coughing,chronic illness,discharge from ear,anorexia,weakness,pain,coughing,0
dog,beagle,5.0,17.7,allergies,weakness,decreased stool production,distended stomach,heavy breathing,restless movement,allergies,weakness,decreased stool production,distended stomach,heavy breathing,restless movement,0
dog,mixed breed,8.8,22.0,vaccinated,vomiting,sneezing,coughing,lethargy,vomiting,vaccinated,vomiting,sneezing,coughing,lethargy,vomiting,0
dog,poodle,7.4,4.8,parasite history,lethargy,diarrhea,pain,diarrhea,weight loss,parasite history,lethargy,diarrhea,pain,diarrhea,weight loss,0
dog,yorkshire terrier,4.0,4.7,previous kidney disease,lethargy,fever,diarrhea,fever,diarrhea,previous kidney disease,lethargy,fever,diarrhea,fever,diarrhea,0
dog,golden retriever,0.7,44.0,skin conditions history,pawing at the face or nose,bad breath,cough,sneezing,bleeding from the nose,skin conditions history,pawing at the face or nose,bad breath,cough,sneezing,bleeding from the nose,1
dog,poodle,7.2,5.8,previous heart condition,poor immune function,fever,weakness,anorexia,lethargy,previous heart condition,poor immune function,fever,weakness,anorexia,lethargy,0
dog,golden retriever,12.3,36.8,previous kidney disease,extreme thirst,pain,anorexia,anorexia,epistaxis,previous kidney disease,extreme thirst,pain,anorexia,anorexia,epistaxis,0
dog,german shepherd,4.2,28.7,parasite history,pains,malpresentation,fetopelvic dispropotion,death,uteria inertia,parasite history,pains,malpresentation,fetopelvic dispropotion,death,uteria inertia,0
dog,beagle,13.8,24.0,recent surgery,ulcers,diarrhea,back pain,tarry stool,enlarged lymph nodes,recent surgery,ulcers,diarrhea,back pain,tarry stool,enlarged lymph nodes,1
dog,beagle,8.9,28.9,recent surgery,scabs on feet,redness,trachea,thickening of skin,pains,recent surgery,scabs on feet,redness,trachea,thickening of skin,pains,1
dog,golden retriever,8.2,41.0,dental issues,tremors,anorexia,attempt to urinate,diarrhea,gasc,dental issues,tremors,anorexia,attempt to urinate,diarrhea,gasc,0
dog,boxer,4.1,18.3,chronic illness,fever,week legs,sneezing,sneezing,diarrhea,chronic illness,fever,week legs,sneezing,sneezing,diarrhea,0
dog,mixed breed,5.6,31.6,previous kidney disease,pain,vomiting,anorexia,weight loss,weakness,previous kidney disease,pain,vomiting,anorexia,weight loss,weakness,0
dog,bulldog,5.9,15.7,no previous conditions,weakness,weakness,fever,anorexia,lethargy,no previous conditions,weakness,weakness,fever,anorexia,lethargy,0
dog,german shepherd,1.6,25.1,chronic illness,pain,weakness,excessive grooming,fever,diarrhea,chronic illness,pain,weakness,excessive grooming,fever,diarrhea,0
dog,german shepherd,7.7,35.4,no previous conditions,shortness of breath.,fatigue,chirping,loss of appetite,swollen abdomen,no previous conditions,shortness of breath.,fatigue,chirping,loss of appetite,swollen abdomen,0
dog,mixed breed,2.5,31.8,previous heart condition,lethargy,sneezing,weight loss,pain,vomiting,previous heart condition,lethargy,sneezing,weight loss,pain,vomiting,0
dog,mixed breed,5.1,12.2,allergies,weakness,loss of appetite,excitability,nervousness,hyper sensitivity,allergies,weakness,loss of appetite,excitability,nervousness,hyper sensitivity,0
dog,german shepherd,6.8,26.7,chronic illness,poor coat apperence,diarrhea,vomiting,weight loss,dehydration,chronic illness,poor coat apperence,diarrhea,vomiting,weight loss,dehydration,0
dog,boxer,13.8,18.7,skin conditions history,fever,fluif filled blisters,los of the ability to walk,weakened legs,mammary glads,skin conditions history,fever,fluif filled blisters,los of the ability to walk,weakened legs,mammary glads,1
dog,yorkshire terrier,10.1,7.5,not vaccinated,loss of appetite,nause,abdonormal pain,upset stomach,weight loss,not vaccinated,loss of appetite,nause,abdonormal pain,upset stomach,weight loss,0
dog,poodle,4.2,4.1,previous heart condition,formation of vesicles,pain,sneezing,drooping wings,weight loss,previous heart condition,formation of vesicles,pain,sneezing,drooping wings,weight loss,0
dog,boxer,7.1,28.5,skin conditions history,bloody diarhhea,depression,dullness,death,weakness,skin conditions history,bloody diarhhea,depression,dullness,death,weakness,1
dog,mixed breed,7.9,18.5,not vaccinated,anorexia,coughing,vomiting,fever,pain,not vaccinated,anorexia,coughing,vomiting,fever,pain,0
dog,german shepherd,14.2,32.4,recent surgery,coughing,panting,"facial swelling,",production of mucus,fatigue,recent surgery,coughing,panting,"facial swelling,",production of mucus,fatigue,0
dog,german shepherd,7.9,38.0,previous heart condition,sneezing,fever,colic,diarrhea,weight loss,previous heart condition,sneezing,fever,colic,diarrhea,weight loss,0
dog,bulldog,2.8,16.3,chronic illness,sick,watery diarrhea dispropotion,corneal ulceration,death,loss of appetite,chronic illness,sick,watery diarrhea dispropotion,corneal ulceration,death,loss of appetite,1
dog,labrador retriever,6.4,33.2,not vaccinated,fever,inflammed eye,coughing,depression,limping,not vaccinated,fever,inflammed eye,coughing,depression,limping,0
dog,mixed breed,4.4,27.9,vaccinated,air sacculitis,halitosis,coughing,enteritis,weight loss,vaccinated,air sacculitis,halitosis,coughing,enteritis,weight loss,0
dog,rottweiler,8.3,30.2,not vaccinated,fever,difficulty in breathing,rub,coughing,sneezing,not vaccinated,fever,difficulty in breathing,rub,coughing,sneezing,0
dog,labrador retriever,7.5,45.0,parasite history,pain,fever,black stool,pain,eventually death,parasite history,pain,fever,black stool,pain,eventually death,0
dog,beagle,12.1,16.8,chronic illness,abortion at the end of gestation,lethargy,fever,pain,lethargy,chronic illness,abortion at the end of gestation,lethargy,fever,pain,lethargy,0
dog,rottweiler,1.5,27.2,not vaccinated,weight loss,sneezing,vomiting,weakness,pain,not vaccinated,weight loss,sneezing,vomiting,weakness,pain,0
dog,rottweiler,10.9,33.6,not vaccinated,diarrhea,nosebleeds,weight loss,anorexia,vomiting,not vaccinated,diarrhea,nosebleeds,weight loss,anorexia,vomiting,0
dog,german shepherd,1.0,45.0,allergies,death,muscus,diarrhea,fever,weight loss,allergies,death,muscus,diarrhea,fever,weight loss,0
dog,rottweiler,4.9,38.8,allergies,weight loss,weakness,diarrhea,sneezing,diarrhea,allergies,weight loss,weakness,diarrhea,sneezing,diarrhea,0
dog,yorkshire terrier,12.3,4.1,recent surgery,swelling,loss of appetite,lethargy,nasal discharge,blindness,recent surgery,swelling,loss of appetite,lethargy,nasal discharge,blindness,0
dog,golden retriever,7.2,43.7,previous kidney disease,weakness,vomiting,fever,pain,splenomegaly,previous kidney disease,weakness,vomiting,fever,pain,splenomegaly,0
dog,mixed breed,12.7,15.1,parasite history,severe,diarrhea,blood on faces,appetite,milk reduce,parasite history,severe,diarrhea,blood on faces,appetite,milk reduce,0
dog,yorkshire terrier,10.6,8.8,not vaccinated,blood from mouth,diarrhea,coughing,lethargy,weight loss,not vaccinated,blood from mouth,diarrhea,coughing,lethargy,weight loss,0
dog,boxer,12.4,27.0,parasite history,pain and bloating,burning ache or pain,loss of appetite,vomiting,experiencing changes in weight,parasite history,pain and bloating,burning ache or pain,loss of appetite,vomiting,experiencing changes in weight,0
dog,boxer,6.6,25.0,allergies,fever,loss of appetite,ear infection,depression,nasal discharge,allergies,fever,loss of appetite,ear infection,depression,nasal discharge,0
dog,mixed breed,2.4,11.6,skin conditions history,barren ewes,abortion,poor conformation,hairy fleeces,weight loss,skin conditions history,barren ewes,abortion,poor conformation,hairy fleeces,weight loss,1
dog,boxer,8.0,16.7,allergies,weight loss,anorexia,pain,diarrhea,vomiting,allergies,weight loss,anorexia,pain,diarrhea,vomiting,0
dog,german shepherd,6.1,36.6,previous heart condition,pain,vomiting,sneezing,diarrhea,diarrhea,previous heart condition,pain,vomiting,sneezing,diarrhea,diarrhea,0
dog,mixed breed,0.5,34.5,parasite history,kicking,fever,coughing,fever,pain,parasite history,kicking,fever,coughing,fever,pain,0
dog,labrador retriever,7.6,25.6,previous heart condition,bluish white opacity,aversion to light,tear produce,blindness,weakness,previous heart condition,bluish white opacity,aversion to light,tear produce,blindness,weakness,0
dog,poodle,5.9,7.6,previous kidney disease,red on affected area,horny growth,wart-like growth,red skin,lesions on ear,previous kidney disease,red on affected area,horny growth,wart-like growth,red skin,lesions on ear,1
dog,golden retriever,9.1,26.5,vaccinated,straining,diarrhea,vomiting,weight loss,blindness,vaccinated,straining,diarrhea,vomiting,weight loss,blindness,0
dog,yorkshire terrier,10.0,7.3,previous kidney disease,diarrhea,discharge from ear,weight loss,diarrhea,coughing,previous kidney disease,diarrhea,discharge from ear,weight loss,diarrhea,coughing,0
dog,poodle,1.9,6.0,dental issues,coughing,vomiting,lllthrift,pain,vomiting,dental issues,coughing,vomiting,lllthrift,pain,vomiting,0
dog,german shepherd,11.0,38.4,allergies,stop eating,stop drinking,change their normal behaviour,lameness,pains,allergies,stop eating,stop drinking,change their normal behaviour,lameness,pains,0
dog,german shepherd,7.3,25.0,skin conditions history,weakness,coughing,vomiting,lethargy,weakness,skin conditions history,weakness,coughing,vomiting,lethargy,weakness,1
dog,rottweiler,10.0,25.0,recent surgery,pain,sneezing,diarrhea,hairy fleeces,pain,recent surgery,pain,sneezing,diarrhea,hairy fleeces,pain,0
dog,yorkshire terrier,6.2,9.0,vaccinated,retained placenda,vomiting,anorexia,weakness,polyuria,vaccinated,retained placenda,vomiting,anorexia,weakness,polyuria,0
dog,yorkshire terrier,3.3,5.9,previous kidney disease,weight loss,smell of ammonia,fever,recumbency,weight loss,previous kidney disease,weight loss,smell of ammonia,fever,recumbency,weight loss,0
dog,mixed breed,5.4,22.6,previous heart condition,pain,diarrhea,pain,anorexia,tenderness,previous heart condition,pain,diarrhea,pain,anorexia,tenderness,0
dog,german shepherd,3.6,35.5,recent surgery,lethargy,coughing,ring shaped lesion,fever,pain,recent surgery,lethargy,coughing,ring shaped lesion,fever,pain,1
dog,rottweiler,8.3,26.2,dental issues,tear production,anversion to light,bluish white opacity,blindness,pains,dental issues,tear production,anversion to light,bluish white opacity,blindness,pains,0
dog,mixed breed,12.5,11.6,vaccinated,foul smelling,dullness,dirty,stained wool,tail shaking,vaccinated,foul smelling,dullness,dirty,stained wool,tail shaking,0
dog,poodle,13.3,7.5,parasite history,abortion at the end of gestation,fatigue,weak calves,join pains,swelling of internal organs,parasite history,abortion at the end of gestation,fatigue,weak calves,join pains,swelling of internal organs,0
dog,mixed breed,10.7,5.0,skin conditions history,sneezing,fever,anorexia,vomiting,diarrhea,skin conditions history,sneezing,fever,anorexia,vomiting,diarrhea,1
dog,rottweiler,7.7,28.9,allergies,fever,depression,attack,bite other animals,pain,allergies,fever,depression,attack,bite other animals,pain,0
dog,golden retriever,6.2,42.6,previous heart condition,cough,sneeze,droopy wings,twisted neck,droopy wings,previous heart condition,cough,sneeze,droopy wings,twisted neck,droopy wings,0
dog,bulldog,5.2,20.2,vaccinated,difficulty in walking,coughing,sneezing,diarrhea,sneezing,vaccinated,difficulty in walking,coughing,sneezing,diarrhea,sneezing,0
dog,bulldog,2.4,20.0,dental issues,weakness,vomiting,coughing,urination,chirping,dental issues,weakness,vomiting,coughing,urination,chirping,0
dog,labrador retriever,1.2,35.8,dental issues,swelling of internal organs,weak calves,join pains,fatigue,abortion at the end of gestation,dental issues,swelling of internal organs,weak calves,join pains,fatigue,abortion at the end of gestation,0
dog,mixed breed,0.5,40.0,allergies,fluif faeces on blood and muscle,diarrhea,fever,skin irritation,fever,allergies,fluif faeces on blood and muscle,diarrhea,fever,skin irritation,fever,1
dog,labrador retriever,15.1,23.3,dental issues,swollen lymph nodes,difficulty walking,back pain,lethargy,vaginal discharge,dental issues,swollen lymph nodes,difficulty walking,back pain,lethargy,vaginal discharge,0
dog,rottweiler,6.1,33.1,previous heart condition,fever,pain,anorexia,anorexia,chills,previous heart condition,fever,pain,anorexia,anorexia,chills,0
dog,labrador retriever,2.1,41.8,skin conditions history,listless,bottle jaw,malpresentation,death,oxygen defiency,skin conditions history,listless,bottle jaw,malpresentation,death,oxygen defiency,1
dog,golden retriever,2.2,40.3,not vaccinated,restless movement,anorexia,lethargy,weight loss,convulsion,not vaccinated,restless movement,anorexia,lethargy,weight loss,convulsion,0
dog,german shepherd,1.5,25.4,not vaccinated,shock,fever,blood from mouth,diarrhea,vomiting,not vaccinated,shock,fever,blood from mouth,diarrhea,vomiting,0
dog,yorkshire terrier,12.5,5.8,dental issues,fever,difficulty in breathing,lethargy,death,pains,dental issues,fever,difficulty in breathing,lethargy,death,pains,0
dog,german shepherd,11.2,39.3,not vaccinated,fever,larynx,sour throat,lethargy,vomiting,not vaccinated,fever,larynx,sour throat,lethargy,vomiting,0
dog,rottweiler,14.8,34.4,not vaccinated,coughing,ruffled coat,vomiting,sneezing,weakness,not vaccinated,coughing,ruffled coat,vomiting,sneezing,weakness,0
dog,labrador retriever,13.6,34.6,chronic illness,restlessness,weakness,blue straws,death,pain,chronic illness,restlessness,weakness,blue straws,death,pain,0
dog,rottweiler,1.4,36.1,chronic illness,loss of appetite,diarrhea,ruffled feathers,weight loss,inability to absorb nutrients,chronic illness,loss of appetite,diarrhea,ruffled feathers,weight loss,inability to absorb nutrients,0
dog,beagle,9.3,24.4,vaccinated,weight loss,sneezing,lession on the skin,anorexia,weight loss,vaccinated,weight loss,sneezing,lession on the skin,anorexia,weight loss,1
dog,poodle,6.5,6.0,no previous conditions,fever,tiredness,headache,skin rashes,pain,no previous conditions,fever,tiredness,headache,skin rashes,pain,1
dog,bulldog,5.6,26.2,previous kidney disease,lethargy,greenish-yellow nasal discharge,sneezing,pain on face,lack of pigmentation,previous kidney disease,lethargy,greenish-yellow nasal discharge,sneezing,pain on face,lack of pigmentation,0
dog,beagle,0.5,22.6,vaccinated,diarrhea,coughing,weight loss,weakness,coughing,vaccinated,diarrhea,coughing,weight loss,weakness,coughing,0
dog,beagle,6.1,17.6,dental issues,weight loss,diphtherictic,sneezing,emaciation,vomiting,dental issues,weight loss,diphtherictic,sneezing,emaciation,vomiting,0
dog,rottweiler,12.6,36.6,chronic illness,lethargy,bleeding from wounds,sneezing,loss of appetite,diarrhea,chronic illness,lethargy,bleeding from wounds,sneezing,loss of appetite,diarrhea,0
dog,poodle,6.0,8.1,skin conditions history,diarrhea,weakness,sneezing,fever,kidney failure,skin conditions history,diarrhea,weakness,sneezing,fever,kidney failure,1
dog,golden retriever,5.9,36.6,chronic illness,vomiting,coughing,fever,anorexia,diarrhea,chronic illness,vomiting,coughing,fever,anorexia,diarrhea,0
dog,golden retriever,1.7,34.4,parasite history,swelling,pain,fever,dysentery,immediate death,parasite history,swelling,pain,fever,dysentery,immediate death,0
dog,beagle,10.0,17.6,parasite history,malpresentation,death,pains,fetopelvic dispropotion,uteria inertia,parasite history,malpresentation,death,pains,fetopelvic dispropotion,uteria inertia,0
dog,mixed breed,10.8,11.9,allergies,swelling on leg,painfull,nasal discharge,broken bones,nasal discharge,allergies,swelling on leg,painfull,nasal discharge,broken bones,nasal discharge,0
dog,boxer,7.4,26.3,skin conditions history,pain,pain,weight loss,sneezing,weight loss,skin conditions history,pain,pain,weight loss,sneezing,weight loss,1
dog,golden retriever,4.5,43.0,vaccinated,weakness,stiffness,trembling,white mark on the muscle,loss of vitamin e,vaccinated,weakness,stiffness,trembling,white mark on the muscle,loss of vitamin e,0
dog,boxer,15.0,24.2,previous heart condition,pain,jaundice,diarrhea,coughing,weakness,previous heart condition,pain,jaundice,diarrhea,coughing,weakness,0
dog,german shepherd,1.1,32.9,not vaccinated,sneezing,weakness,defienciency in vitamin,attack,weight loss,not vaccinated,sneezing,weakness,defienciency in vitamin,attack,weight loss,0
dog,yorkshire terrier,6.9,8.0,previous kidney disease,fever,lack of coordination,depression,salivation,facial paralysis,previous kidney disease,fever,lack of coordination,depression,salivation,facial paralysis,0
dog,bulldog,11.2,17.7,not vaccinated,coughing,acting unnaturally tame,coughing,tachypea,fever,not vaccinated,coughing,acting unnaturally tame,coughing,tachypea,fever,0
dog,labrador retriever,11.3,40.5,skin conditions history,flank,pain,diarrhea,lethargy,anorexia,skin conditions history,flank,pain,diarrhea,lethargy,anorexia,1
dog,german shepherd,5.0,34.9,not vaccinated,vomiting,diarrhea,weakness,coughing,diarrhea,not vaccinated,vomiting,diarrhea,weakness,coughing,diarrhea,0
dog,bulldog,7.1,17.5,previous heart condition,fever,loss of appetite,eyeproblem,liver disease,nuerological,previous heart condition,fever,loss of appetite,eyeproblem,liver disease,nuerological,0
dog,bulldog,7.9,28.9,vaccinated,fever,anorexia,vomiting,pain,sneezing,vaccinated,fever,anorexia,vomiting,pain,sneezing,0
dog,boxer,11.6,24.3,allergies,sneezing,weakness,sneezing,weakness,weakness,allergies,sneezing,weakness,sneezing,weakness,weakness,0
dog,labrador retriever,9.4,40.6,parasite history,fever,depression,loss of appetite,loss of appetite,pains,parasite history,fever,depression,loss of appetite,loss of appetite,pains,0
dog,beagle,2.2,25.3,allergies,pains,death,malpresentation,fetopelvic dispropotion,uteria inertia,allergies,pains,death,malpresentation,fetopelvic dispropotion,uteria inertia,0
dog,boxer,4.6,15.8,recent surgery,watery stool,flatulence,tensemus,diarrhea with muscus,pains,recent surgery,watery stool,flatulence,tensemus,diarrhea with muscus,pains,0
dog,golden retriever,15.0,36.5,allergies,sneezing,pain,vomiting,weight loss,drooping ears,allergies,sneezing,pain,vomiting,weight loss,drooping ears,0
dog,rottweiler,11.0,41.2,allergies,lepatomegaly,shaking oh head,swollen,vomiting,splenomegaly,allergies,lepatomegaly,shaking oh head,swollen,vomiting,splenomegaly,0
dog,boxer,9.6,20.0,no previous conditions,ataxia,blindness,listless,difficulty in walking,grinding of teeth,no previous conditions,ataxia,blindness,listless,difficulty in walking,grinding of teeth,0
dog,bulldog,6.3,18.6,recent surgery,incoordination,fever,coughing,weakness,behaviour change,recent surgery,incoordination,fever,coughing,weakness,behaviour change,0
dog,german shepherd,6.3,35.7,chronic illness,coughing,grinding teeth,paralysis,vomiting,mortality,chronic illness,coughing,grinding teeth,paralysis,vomiting,mortality,0
dog,mixed breed,8.9,19.8,dental issues,pain,pale gums,pain,anorexia,weight loss,dental issues,pain,pale gums,pain,anorexia,weight loss,0
dog,bulldog,5.1,23.9,skin conditions history,abnormally long leg,vomiting,fever,sneezing,fever,skin conditions history,abnormally long leg,vomiting,fever,sneezing,fever,1
dog,boxer,8.4,18.4,dental issues,pain,lethargy,weight loss,fever,anorexia,dental issues,pain,lethargy,weight loss,fever,anorexia,0
dog,beagle,14.0,26.3,skin conditions history,vomiting,coughing,vomiting,pain,vomiting,skin conditions history,vomiting,coughing,vomiting,pain,vomiting,1
dog,beagle,7.4,25.6,vaccinated,abortion on late pregancy,stillbirth,retained placenda,endomeritis,decrease appetite,vaccinated,abortion on late pregancy,stillbirth,retained placenda,endomeritis,decrease appetite,0
dog,poodle,8.1,4.8,previous heart condition,vomiting,pain,wheezing,"facial swelling,",weakness,previous heart condition,vomiting,pain,wheezing,"facial swelling,",weakness,0
dog,labrador retriever,8.5,31.6,previous kidney disease,coughing,pain,coughing,weight loss,fever,previous kidney disease,coughing,pain,coughing,weight loss,fever,0
dog,rottweiler,10.4,42.4,parasite history,red on affected area,horny growth,wart-like growth,red skin,lesions on ear,parasite history,red on affected area,horny growth,wart-like growth,red skin,lesions on ear,1
dog,golden retriever,9.8,27.9,skin conditions history,straining,diarrhea,vomiting,weight loss,blindness,skin conditions history,straining,diarrhea,vomiting,weight loss,blindness,1
dog,golden retriever,12.1,31.6,no previous conditions,nasal,increased in breathing,vomiting,diarrhea,vomiting,no previous conditions,nasal,increased in breathing,vomiting,diarrhea,vomiting,0
dog,rottweiler,7.3,31.5,chronic illness,anversion to light,tear production,bluish white opacity,pains,blindness,chronic illness,anversion to light,tear production,bluish white opacity,pains,blindness,0
dog,golden retriever,1.7,42.9,parasite history,fever,dysentery,swelling,immediate death,pain,parasite history,fever,dysentery,swelling,immediate death,pain,0
dog,yorkshire terrier,9.2,4.0,skin conditions history,fever,fever,anorexia,coughing,weight loss,skin conditions history,fever,fever,anorexia,coughing,weight loss,1
dog,german shepherd,13.0,38.9,recent surgery,vomiting,weakness,sneezing,weakness,pain,recent surgery,vomiting,weakness,sneezing,weakness,pain,0
dog,golden retriever,8.4,41.7,not vaccinated,slightly swollen,lession on the skin,papules appear on teats anad udder,milky hard,fever,not vaccinated,slightly swollen,lession on the skin,papules appear on teats anad udder,milky hard,fever,1
dog,golden retriever,15.0,29.0,vaccinated,coughing,pain,diarrhea,anorexia,sneezing,vaccinated,coughing,pain,diarrhea,anorexia,sneezing,0
dog,labrador retriever,10.3,36.4,skin conditions history,weakness,coughing,loss of powder down,lethargy,white mark on the muscle,skin conditions history,weakness,coughing,loss of powder down,lethargy,white mark on the muscle,1
dog,bulldog,9.0,23.6,allergies,diarrhea,noisy breathing,lethargy,anorexia,fever,allergies,diarrhea,noisy breathing,lethargy,anorexia,fever,0
dog,golden retriever,9.7,40.0,chronic illness,lethargy,kick,scratching,nible at their wool,restlessness,chronic illness,lethargy,kick,scratching,nible at their wool,restlessness,0
dog,german shepherd,9.4,43.7,previous kidney disease,vomiting,anorexia,anorexia,weight loss,diarrhea,previous kidney disease,vomiting,anorexia,anorexia,weight loss,diarrhea,0
dog,golden retriever,4.7,31.9,allergies,exessive urination,anorexia,swollen belly,pain,fever,allergies,exessive urination,anorexia,swollen belly,pain,fever,0
dog,poodle,7.9,5.7,not vaccinated,fever,swelling of face or leg,coughing,depression,pains,not vaccinated,fever,swelling of face or leg,coughing,depression,pains,0
dog,mixed breed,7.6,15.4,recent surgery,lethargy,fever,diarrhea,nose bleeds,raw,recent surgery,lethargy,fever,diarrhea,nose bleeds,raw,0
dog,yorkshire terrier,13.6,6.8,chronic illness,swelling,larynx,swelling on jaw,hoarseness,neck vein swelling,chronic illness,swelling,larynx,swelling on jaw,hoarseness,neck vein swelling,0
dog,german shepherd,10.2,25.8,skin conditions history,fever,nasal discharge,respiratory distress,pox lesion,pain,skin conditions history,fever,nasal discharge,respiratory distress,pox lesion,pain,1
dog,german shepherd,9.7,37.7,dental issues,swelling on leg,painfull,nasal discharge,broken bones,nasal discharge,dental issues,swelling on leg,painfull,nasal discharge,broken bones,nasal discharge,0
dog,poodle,8.3,8.9,not vaccinated,pain,jaundice,pneumonia,lession on the skin,vomitting,not vaccinated,pain,jaundice,pneumonia,lession on the skin,vomitting,1
dog,rottweiler,7.3,33.8,not vaccinated,lethargy,scabs,fever,anorexia,tender to touch,not vaccinated,lethargy,scabs,fever,anorexia,tender to touch,1
dog,beagle,2.2,24.6,vaccinated,fetopelvic dispropotion,death,pains,uteria inertia,malpresentation,vaccinated,fetopelvic dispropotion,death,pains,uteria inertia,malpresentation,0
dog,golden retriever,11.5,34.3,parasite history,weight loss,fever,pain,diarrhea,coughing,parasite history,weight loss,fever,pain,diarrhea,coughing,0
dog,bulldog,10.1,28.1,previous kidney disease,coughing,prostrat,weakness,diarrhea,shortness of breath,previous kidney disease,coughing,prostrat,weakness,diarrhea,shortness of breath,0
dog,yorkshire terrier,8.1,3.9,previous kidney disease,anorexia,sleeping excessively,lethargy,vomiting,cessation of eructation,previous kidney disease,anorexia,sleeping excessively,lethargy,vomiting,cessation of eructation,0
dog,beagle,9.2,25.4,previous kidney disease,droopy wings,cough,twisted neck,droopy wings,sneeze,previous kidney disease,droopy wings,cough,twisted neck,droopy wings,sneeze,0
dog,boxer,8.2,17.7,allergies,difficulty in swallowing,weakness,diarrhea,diarrhea,vomiting,allergies,difficulty in swallowing,weakness,diarrhea,diarrhea,vomiting,0
dog,labrador retriever,4.7,34.5,no previous conditions,nausea,loss of appetite,vomiting,firm,distended stomach,no previous conditions,nausea,loss of appetite,vomiting,firm,distended stomach,0
dog,poodle,3.9,9.2,no previous conditions,fetopelvic dispropotion,uteria inertia,malpresentation,death,pains,no previous conditions,fetopelvic dispropotion,uteria inertia,malpresentation,death,pains,0
dog,bulldog,2.6,15.7,previous kidney disease,fever,diarrhea,coughing,lethargy,blue eye,previous kidney disease,fever,diarrhea,coughing,lethargy,blue eye,0
dog,bulldog,6.9,19.0,parasite history,scabs,scaly patches of skin,hair loss,sore,scartch,parasite history,scabs,scaly patches of skin,hair loss,sore,scartch,1
dog,poodle,3.8,4.6,skin conditions history,fever,walking problem,pain,fever,coughing,skin conditions history,fever,walking problem,pain,fever,coughing,1
dog,rottweiler,4.7,37.0,not vaccinated,hair loss,dandruff,darkened skin,crusting of the skin,ulcerated skin,not vaccinated,hair loss,dandruff,darkened skin,crusting of the skin,ulcerated skin,1
dog,labrador retriever,2.9,43.3,allergies,tail wagging,straining,lethargy,weakness,diarrhea,allergies,tail wagging,straining,lethargy,weakness,diarrhea,0
dog,golden retriever,4.0,39.3,chronic illness,pain,nose bleeds,acting unnaturally tame,weakness,fever,chronic illness,pain,nose bleeds,acting unnaturally tame,weakness,fever,0
dog,yorkshire terrier,1.5,5.6,chronic illness,coughing,diarrhea,weakness,sneezing,diarrhea,chronic illness,coughing,diarrhea,weakness,sneezing,diarrhea,0
dog,mixed breed,0.7,39.2,skin conditions history,vomiting,vomiting,coughing,sneezing,diarrhea,skin conditions history,vomiting,vomiting,coughing,sneezing,diarrhea,1
dog,yorkshire terrier,3.9,4.7,chronic illness,pain,diarrhea,fever,sheep often bites,diarrhea,chronic illness,pain,diarrhea,fever,sheep often bites,diarrhea,0
dog,golden retriever,11.1,36.7,no previous conditions,weight loss,lethargy,nasal bleeding,lameness,fever,no previous conditions,weight loss,lethargy,nasal bleeding,lameness,fever,0
dog,german shepherd,15.0,38.1,vaccinated,hyperexcitability,vomiting,weakness,bloody diarrhea,pain,vaccinated,hyperexcitability,vomiting,weakness,bloody diarrhea,pain,0
dog,labrador retriever,4.8,25.6,not vaccinated,anorexia,coughing,lethargy,anaemia,anorexia,not vaccinated,anorexia,coughing,lethargy,anaemia,anorexia,0
dog,labrador retriever,7.1,29.2,no previous conditions,fever,inflammed eye,coughing,depression,limping,no previous conditions,fever,inflammed eye,coughing,depression,limping,0
dog,labrador retriever,6.3,37.1,allergies,diarrhea,horny growth,coughing,swelling of internal organs,weight loss,allergies,diarrhea,horny growth,coughing,swelling of internal organs,weight loss,0
dog,labrador retriever,1.1,33.7,no previous conditions,diarrhea,coughing,sneezing,pain,weakness,no previous conditions,diarrhea,coughing,sneezing,pain,weakness,0
dog,yorkshire terrier,14.5,6.0,vaccinated,poor wool,loss of appetite,lameness,small size,poor body condition,vaccinated,poor wool,loss of appetite,lameness,small size,poor body condition,0
dog,boxer,4.4,21.2,vaccinated,sneezing,weakness,sneezing,extreme thirst,fever,vaccinated,sneezing,weakness,sneezing,extreme thirst,fever,0
dog,bulldog,11.1,26.3,allergies,cough,gasping for air,weight loss,gasping for breath,extending its neck,allergies,cough,gasping for air,weight loss,gasping for breath,extending its neck,0
dog,german shepherd,9.7,34.6,recent surgery,dyspnea,difficulty in breathing,coughing,lethargy,nasal discharge,recent surgery,dyspnea,difficulty in breathing,coughing,lethargy,nasal discharge,0
dog,poodle,8.4,8.2,vaccinated,sneezing,lethargy,change their normal behaviour,vomiting,coughing,vaccinated,sneezing,lethargy,change their normal behaviour,vomiting,coughing,0
dog,german shepherd,3.3,34.8,allergies,vomiting,vomiting,coughing,coughing,anorexia,allergies,vomiting,vomiting,coughing,coughing,anorexia,0
dog,poodle,11.2,4.4,previous heart condition,lethargy,sneezing,fever,diarrhea,lethargy,previous heart condition,lethargy,sneezing,fever,diarrhea,lethargy,0
dog,mixed breed,1.1,12.6,not vaccinated,rub,anorexia,lethargy,weight loss,weight loss,not vaccinated,rub,anorexia,lethargy,weight loss,weight loss,0
dog,mixed breed,12.5,17.1,not vaccinated,edematous,fever,weight loss,weakness,eye redness,not vaccinated,edematous,fever,weight loss,weakness,eye redness,0
dog,rottweiler,6.6,33.2,parasite history,vomiting,coughing,coughing,weakness,easily damage shell,parasite history,vomiting,coughing,coughing,weakness,easily damage shell,0
dog,yorkshire terrier,7.3,4.9,skin conditions history,ruffled appearance,weight loss,pain,lesions,fever,skin conditions history,ruffled appearance,weight loss,pain,lesions,fever,1
dog,bulldog,9.5,16.9,dental issues,excessive eye watering,fever,anorexia,sneezing,coughing,dental issues,excessive eye watering,fever,anorexia,sneezing,coughing,0
dog,yorkshire terrier,2.3,7.1,chronic illness,fever,convulsion,trembling,distress,staggering,chronic illness,fever,convulsion,trembling,distress,staggering,0
dog,boxer,3.4,28.4,not vaccinated,fever,difficulty in breathing,rub,coughing,sneezing,not vaccinated,fever,difficulty in breathing,rub,coughing,sneezing,0
dog,boxer,4.8,22.0,no previous conditions,unable to exercise,coughing,fever,difficulty breathing,eye and skin change,no previous conditions,unable to exercise,coughing,fever,difficulty breathing,eye and skin change,1
dog,beagle,5.2,15.8,allergies,distended stomach,decreased stool production,heavy breathing,weakness,restless movement,allergies,distended stomach,decreased stool production,heavy breathing,weakness,restless movement,0
dog,bulldog,2.2,23.1,chronic illness,pain,pain,diarrhea,coughing,pain,chronic illness,pain,pain,diarrhea,coughing,pain,0
dog,bulldog,11.1,23.6,recent surgery,anorexia,pain,weight loss,fever,distended chest,recent surgery,anorexia,pain,weight loss,fever,distended chest,0
dog,boxer,12.1,25.5,no previous conditions,swelling,heat,flank,pain,nasal discharge,no previous conditions,swelling,heat,flank,pain,nasal discharge,0
dog,beagle,3.5,14.6,dental issues,labored breathing,dyspnea,coughing,depression,anorexia,dental issues,labored breathing,dyspnea,coughing,depression,anorexia,0
dog,bulldog,4.5,30.0,parasite history,lethargy,pain,pain,weakness,pain,parasite history,lethargy,pain,pain,weakness,pain,0
dog,labrador retriever,13.5,33.8,allergies,fever,diarrhea,coughing,tiredness,pains,allergies,fever,diarrhea,coughing,tiredness,pains,0
dog,beagle,6.7,15.0,parasite history,sneezing,weakness,lethargy,vomiting,vomiting,parasite history,sneezing,weakness,lethargy,vomiting,vomiting,0
dog,yorkshire terrier,4.7,7.1,vaccinated,vomiting,sneezing,distended chest,pain,fever,vaccinated,vomiting,sneezing,distended chest,pain,fever,0
dog,boxer,8.2,29.3,previous heart condition,lethargy,lethargy,fever,anorexia,pain,previous heart condition,lethargy,lethargy,fever,anorexia,pain,0
dog,boxer,0.9,27.3,recent surgery,swollen,red-colored,hot udder,milk getting out more watery,milk getting out more thick,recent surgery,swollen,red-colored,hot udder,milk getting out more watery,milk getting out more thick,0
dog,yorkshire terrier,5.9,6.9,chronic illness,vomitting,head shking,diarrhea,anorexia,anorexia,chronic illness,vomitting,head shking,diarrhea,anorexia,anorexia,0
dog,beagle,11.4,19.5,dental issues,fever,diarrhea,nasal discharge,lethargy,blue eye,dental issues,fever,diarrhea,nasal discharge,lethargy,blue eye,0
dog,labrador retriever,15.0,32.0,vaccinated,vomiting,fatique,fever,anorexia,coughing,vaccinated,vomiting,fatique,fever,anorexia,coughing,0
dog,labrador retriever,12.1,38.2,previous kidney disease,self mutilation,acting aggressive,acting unnaturally tame,partial paralysis,staggering as drunk,previous kidney disease,self mutilation,acting aggressive,acting unnaturally tame,partial paralysis,staggering as drunk,0
dog,rottweiler,10.6,40.0,vaccinated,inability to stand,diarrhea,bottle jaw,pot belly,dry hair coat,vaccinated,inability to stand,diarrhea,bottle jaw,pot belly,dry hair coat,0
dog,bulldog,1.2,33.8,parasite history,fleece become thin,death,sheep often bites,pains,loss of wool,parasite history,fleece become thin,death,sheep often bites,pains,loss of wool,0
dog,mixed breed,3.5,32.7,previous kidney disease,coughing,pain,anorexia,ulcers,weight loss,previous kidney disease,coughing,pain,anorexia,ulcers,weight loss,1
dog,poodle,10.9,7.9,parasite history,weight loss,anorexia,pain,anorexia,fever,parasite history,weight loss,anorexia,pain,anorexia,fever,0
dog,poodle,3.4,4.2,not vaccinated,excessive blood loss,dizziness and fainting,slow growth,watery eyes,blurry vision,not vaccinated,excessive blood loss,dizziness and fainting,slow growth,watery eyes,blurry vision,0
dog,rottweiler,4.2,40.0,allergies,fever,dyspnea,coughing,lethargy,anorexia,allergies,fever,dyspnea,coughing,lethargy,anorexia,0
dog,boxer,6.0,26.6,allergies,fever,loss of appetite,ear infection,depression,nasal discharge,allergies,fever,loss of appetite,ear infection,depression,nasal discharge,0
dog,labrador retriever,6.5,42.0,parasite history,diarrhea with muscus,tensemus,watery stool,flatulence,pains,parasite history,diarrhea with muscus,tensemus,watery stool,flatulence,pains,0
dog,yorkshire terrier,1.0,6.1,vaccinated,vomiting,dribbling of saliva,lethargy,anorexia,pain,vaccinated,vomiting,dribbling of saliva,lethargy,anorexia,pain,0
dog,german shepherd,10.8,42.1,parasite history,abdominal pain,diarrhea,malpresentation,shock,anorexia,parasite history,abdominal pain,diarrhea,malpresentation,shock,anorexia,0
dog,yorkshire terrier,7.2,7.3,previous kidney disease,fever,lack of coordination,depression,salivation,facial paralysis,previous kidney disease,fever,lack of coordination,depression,salivation,facial paralysis,0
dog,yorkshire terrier,8.6,10.0,chronic illness,excessive eye watering,lymphosarcoma,vomiting,fever,diarrhea,chronic illness,excessive eye watering,lymphosarcoma,vomiting,fever,diarrhea,0
dog,rottweiler,7.3,43.3,not vaccinated,weight loss,sneezing,pain,pain,anorexia,not vaccinated,weight loss,sneezing,pain,pain,anorexia,0
dog,boxer,14.0,18.9,chronic illness,fever,weakened legs,los of the ability to walk,mammary glads,fluif filled blisters,chronic illness,fever,weakened legs,los of the ability to walk,mammary glads,fluif filled blisters,0
dog,poodle,11.9,4.3,allergies,stress,sneezing,fever,feather plucking,muscus,allergies,stress,sneezing,fever,feather plucking,muscus,0
dog,mixed breed,9.3,24.6,previous kidney disease,bloody discharge,chirping,anoxeria,pain,lethargy,previous kidney disease,bloody discharge,chirping,anoxeria,pain,lethargy,0
dog,yorkshire terrier,6.3,7.2,vaccinated,abnormal conformation,diarrhea,fever,infection,diarrhea,vaccinated,abnormal conformation,diarrhea,fever,infection,diarrhea,0
dog,bulldog,9.3,19.1,skin conditions history,weight loss,diarrhea,fever,depression,scratches,skin conditions history,weight loss,diarrhea,fever,depression,scratches,1
dog,labrador retriever,4.0,34.3,recent surgery,weakness,diarrhea,fever,salivating,anorexia,recent surgery,weakness,diarrhea,fever,salivating,anorexia,0
dog,mixed breed,2.9,23.1,dental issues,coughing,panting,"facial swelling,",production of mucus,fatigue,dental issues,coughing,panting,"facial swelling,",production of mucus,fatigue,0
dog,rottweiler,4.1,34.0,recent surgery,lethargy,coughing,anorexia,dyspnea,fever,recent surgery,lethargy,coughing,anorexia,dyspnea,fever,0
dog,mixed breed,13.4,14.0,skin conditions history,swollen lymph nodes,difficulty walking,back pain,lethargy,vaginal discharge,skin conditions history,swollen lymph nodes,difficulty walking,back pain,lethargy,vaginal discharge,1
dog,mixed breed,4.6,20.0,not vaccinated,diarrhea,vomiting,forthy eye,relunctance to move,fever,not vaccinated,diarrhea,vomiting,forthy eye,relunctance to move,fever,0
dog,beagle,7.0,23.7,chronic illness,sneezing,convulsion,seizuers,weight loss,nasal discharge,chronic illness,sneezing,convulsion,seizuers,weight loss,nasal discharge,0
dog,bulldog,1.6,27.4,chronic illness,legness,paresis,coughing,weight loss,shortness of breath,chronic illness,legness,paresis,coughing,weight loss,shortness of breath,0
dog,bulldog,13.9,19.2,chronic illness,difficulty in feeding,preening,weakness,beak overgrowth,anemia,chronic illness,difficulty in feeding,preening,weakness,beak overgrowth,anemia,0
dog,bulldog,12.0,22.3,previous kidney disease,fever,loss of appetite,ear infection,depression,nasal discharge,previous kidney disease,fever,loss of appetite,ear infection,depression,nasal discharge,0
dog,beagle,3.6,15.0,recent surgery,vomiting,weight loss,diarrhea,coughing,pain,recent surgery,vomiting,weight loss,diarrhea,coughing,pain,0
dog,yorkshire terrier,12.6,5.1,no previous conditions,pain,vomiting,pain,weakness,weakness,no previous conditions,pain,vomiting,pain,weakness,weakness,0
dog,bulldog,2.8,17.3,previous kidney disease,fever,diarrhea,coughing,lethargy,blue eye,previous kidney disease,fever,diarrhea,coughing,lethargy,blue eye,0
dog,mixed breed,7.7,18.8,not vaccinated,pain,sneezing,weight loss,anorexia,sneezing,not vaccinated,pain,sneezing,weight loss,anorexia,sneezing,0
dog,mixed breed,1.6,21.5,allergies,decreased eyelid,very cold skin,lethargy,lip,fever,allergies,decreased eyelid,very cold skin,lethargy,lip,fever,1
dog,labrador retriever,7.4,36.0,recent surgery,coughing,pain,vomiting,coughing,vomiting,recent surgery,coughing,pain,vomiting,coughing,vomiting,0
dog,rottweiler,5.0,35.7,skin conditions history,pain,coughing,anorexia,anorexia,pain,skin conditions history,pain,coughing,anorexia,anorexia,pain,1
dog,rottweiler,13.0,28.5,no previous conditions,constant pacing,facial muscle twitching,abnormalalities,blindness,muscle pain,no previous conditions,constant pacing,facial muscle twitching,abnormalalities,blindness,muscle pain,1
dog,labrador retriever,9.0,34.7,previous kidney disease,anorexia,preening,lethargy,sneezing,drop on egg production,previous kidney disease,anorexia,preening,lethargy,sneezing,drop in egg production,0
dog,boxer,7.1,30.0,skin conditions history,anorexia,anorexia,weakness,coughing,anorexia,skin conditions history,anorexia,anorexia,weakness,coughing,anorexia,1
dog,beagle,13.5,25.4,recent surgery,ulcers,diarrhea,back pain,tarry stool,enlarged lymph nodes,recent surgery,ulcers,diarrhea,back pain,tarry stool,enlarged lymph nodes,1
dog,poodle,0.5,8.3,chronic illness,lethargy,lethargy,diarrhea,coughing,nausea,chronic illness,lethargy,lethargy,diarrhea,coughing,nausea,0
dog,yorkshire terrier,2.6,4.3,no previous conditions,fetopelvic dispropotion,uteria inertia,malpresentation,death,pains,no previous conditions,fetopelvic dispropotion,uteria inertia,malpresentation,death,pains,0
dog,mixed breed,11.6,21.7,previous heart condition,diarrhea,weakness,sneezing,lethargy,anorexia,previous heart condition,diarrhea,weakness,sneezing,lethargy,anorexia,0
dog,german shepherd,14.5,33.9,skin conditions history,loss of appetite,diarrhea,swollen purple wattle,swollen comb,lameness,skin conditions history,loss of appetite,diarrhea,swollen purple wattle,swollen comb,lameness,1
dog,german shepherd,7.5,37.9,skin conditions history,mortality varies,spread of infection,weight loss,weight loss,lethargy,skin conditions history,mortality varies,spread of infection,weight loss,weight loss,lethargy,1
dog,yorkshire terrier,10.6,4.8,previous heart condition,weakness,weakness,nervous,fever,lethargy,previous heart condition,weakness,weakness,nervous,fever,lethargy,0
dog,boxer,0.6,15.0,previous heart condition,diarrhea,diarrhea,weight loss,fever,sneezing,previous heart condition,diarrhea,diarrhea,weight loss,fever,sneezing,0
dog,yorkshire terrier,13.6,3.8,dental issues,coughing,vomiting,anorexia,fever,diarrhea,dental issues,coughing,vomiting,anorexia,fever,diarrhea,0
dog,rottweiler,11.3,39.0,allergies,weakness,diarrhea,anorexia,sneezing,vomiting,allergies,weakness,diarrhea,anorexia,sneezing,vomiting,0
dog,boxer,5.6,22.4,vaccinated,ulcers,weight loss,weakness,vomiting,pain,vaccinated,ulcers,weight loss,weakness,vomiting,pain,1
dog,mixed breed,9.3,35.7,not vaccinated,most often none,sneezing,nasal discharge,dyspnea,pain,not vaccinated,most often none,sneezing,nasal discharge,dyspnea,pain,0
dog,mixed breed,10.9,9.4,vaccinated,rhinitis,pneumonia,abscessess,torticollis,septicemia,vaccinated,rhinitis,pneumonia,abscessess,torticollis,septicemia,0
dog,yorkshire terrier,3.1,9.6,skin conditions history,fetopelvic dispropotion,uteria inertia,malpresentation,death,pains,skin conditions history,fetopelvic dispropotion,uteria inertia,malpresentation,death,pains,1
dog,beagle,14.8,22.1,chronic illness,fever,lack of coordination,depression,salivation,facial paralysis,chronic illness,fever,lack of coordination,depression,salivation,facial paralysis,0
dog,golden retriever,2.2,37.2,parasite history,weight loss,weight loss,weight loss,fever,vomiting,parasite history,weight loss,weight loss,weight loss,fever,vomiting,0
dog,beagle,12.8,27.9,skin conditions history,weakness,pain,coughing,fever,diarrhea,skin conditions history,weakness,pain,coughing,fever,diarrhea,1
dog,beagle,2.6,23.3,vaccinated,vomiting,rapid heartbeats,lethargy,pain,lethargy,vaccinated,vomiting,rapid heartbeats,lethargy,pain,lethargy,0
dog,labrador retriever,2.5,25.0,dental issues,dark or black face,anorexia,weakness,increased in breathing,weight loss,dental issues,dark or black face,anorexia,weakness,increased in breathing,weight loss,0
dog,rottweiler,5.5,44.4,recent surgery,fever,poor coat condition,infection of the skin,weight loss,fatique,recent surgery,fever,poor coat condition,infection of the skin,weight loss,fatique,1
dog,boxer,9.6,17.1,not vaccinated,coughing,anorexia,pain,fever,diarrhea,not vaccinated,coughing,anorexia,pain,fever,diarrhea,0
dog,yorkshire terrier,14.6,6.1,chronic illness,weakened legs,weight loss,diarrhea,depression,anorexia,chronic illness,weakened legs,weight loss,diarrhea,depression,anorexia,0
dog,mixed breed,15.9,38.8,recent surgery,dullness,lacrimation,coughing,diarrhea,seizures,recent surgery,dullness,lacrimation,coughing,diarrhea,seizures,0
dog,golden retriever,6.8,36.3,previous kidney disease,anorexia,weakness,rhinorrhea,coughing,pain,previous kidney disease,anorexia,weakness,rhinorrhea,coughing,pain,0
dog,yorkshire terrier,10.2,4.8,previous kidney disease,fetopelvic dispropotion,uteria inertia,malpresentation,death,pains,previous kidney disease,fetopelvic dispropotion,uteria inertia,malpresentation,death,pains,0
dog,beagle,8.2,24.5,no previous conditions,fever,dullness,dullness,skin rashes,pains,no previous conditions,fever,dullness,dullness,skin rashes,pains,1
dog,boxer,5.0,17.7,allergies,fever,feline infections,ear infection,pain,diarrhea,allergies,fever,feline infections,ear infection,pain,diarrhea,0
dog,rottweiler,2.7,36.6,recent surgery,coughing,pain,sneezing,weight loss,sneezing,recent surgery,coughing,pain,sneezing,weight loss,sneezing,0
dog,golden retriever,1.7,27.5,skin conditions history,coughing,lethargy,pain,sneezing,sneezing,skin conditions history,coughing,lethargy,pain,sneezing,sneezing,1
dog,mixed breed,13.6,16.8,skin conditions history,difficulty walking,vaginal discharge,lethargy,swollen lymph nodes,back pain,skin conditions history,difficulty walking,vaginal discharge,lethargy,swollen lymph nodes,back pain,1
dog,rottweiler,14.2,40.2,skin conditions history,depression,swelling of face or leg,fever,poor appetite,pains,skin conditions history,depression,swelling of face or leg,fever,poor appetite,pains,1
dog,german shepherd,10.4,43.5,previous heart condition,air sacculitis,halitosis,coughing,enteritis,weight loss,previous heart condition,air sacculitis,halitosis,coughing,enteritis,weight loss,0
dog,boxer,7.8,15.0,recent surgery,fever,dark colored bloody,incoordination,difficulty in breathing,terminal convulsion,recent surgery,fever,dark colored bloody,incoordination,difficulty in breathing,terminal convulsion,0
dog,golden retriever,9.4,29.1,skin conditions history,straining,diarrhea,vomiting,weight loss,blindness,skin conditions history,straining,diarrhea,vomiting,weight loss,blindness,1
dog,bulldog,4.0,18.3,skin conditions history,fever,sour throat,mortality,muscle aches,abnormalities,skin conditions history,fever,sour throat,mortality,muscle aches,abnormalities,1
dog,bulldog,7.2,15.0,not vaccinated,lesions,diarrhea,anorexia,sneezing,inability to rise,not vaccinated,lesions,diarrhea,anorexia,sneezing,inability to rise,1
dog,bulldog,12.4,18.1,no previous conditions,weight loss,diarrhea,difficult in walking,lethargy,poor condition,no previous conditions,weight loss,diarrhea,difficult in walking,lethargy,poor condition,0
dog,mixed breed,10.4,5.0,recent surgery,pain,weight loss,diarrhea,weakness,vomiting,recent surgery,pain,weight loss,diarrhea,weakness,vomiting,0
dog,beagle,14.0,29.7,vaccinated,stop eating,stop drinking,change their normal behaviour,lameness,pains,vaccinated,stop eating,stop drinking,change their normal behaviour,lameness,pains,0
dog,golden retriever,6.3,25.0,allergies,lethargy,fever,horny growth,vomiting,sneezing,allergies,lethargy,fever,horny growth,vomiting,sneezing,0
dog,boxer,10.5,18.9,vaccinated,listless,difficulty in walking,grinding of teeth,blindness,ataxia,vaccinated,listless,difficulty in walking,grinding of teeth,blindness,ataxia,0
dog,poodle,8.3,3.2,parasite history,red skin,loss of appetite,moist,lameness,pains,parasite history,red skin,loss of appetite,moist,lameness,pains,1
dog,beagle,2.2,29.2,parasite history,anorexia,anorexia,neck paralysis,anorexia,coughing,parasite history,anorexia,anorexia,neck paralysis,anorexia,coughing,0
dog,german shepherd,0.9,39.8,skin conditions history,excessive blood loss,dizziness and fainting,blurry vision,watery eyes,slow growth,skin conditions history,excessive blood loss,dizziness and fainting,blurry vision,watery eyes,slow growth,1
dog,bulldog,11.5,26.1,dental issues,vomiting,sneezing,fever,diarrhea,gums,dental issues,vomiting,sneezing,fever,diarrhea,gums,0
dog,poodle,6.8,3.7,chronic illness,weight loss,coughing,weight loss,willnot run to jump,puffed_up feather,chronic illness,weight loss,coughing,weight loss,willnot run to jump,puffed_up feather,0
dog,rottweiler,5.5,41.5,dental issues,fever,fever,lethargy,coughing,sneezing,dental issues,fever,fever,lethargy,coughing,sneezing,0
dog,yorkshire terrier,12.2,7.5,not vaccinated,weakness,shock,lethargy,severe headache,weight loss,not vaccinated,weakness,shock,lethargy,severe headache,weight loss,0
dog,boxer,11.4,20.9,previous kidney disease,pain,vomiting,lethargy,fever,diarrhea,previous kidney disease,pain,vomiting,lethargy,fever,diarrhea,0
dog,boxer,0.9,22.1,no previous conditions,fever,depression,relunctance to move,salivation,nasal discharge,no previous conditions,fever,depression,relunctance to move,salivation,nasal discharge,0
dog,mixed breed,13.0,25.1,allergies,weight loss,floopy muscle,milk getting out more watery,anorexia,weight loss,allergies,weight loss,floopy muscle,milk getting out more watery,anorexia,weight loss,0
dog,german shepherd,5.9,33.1,skin conditions history,fever,fever,anorexia,pain,vomiting,skin conditions history,fever,fever,anorexia,pain,vomiting,1
dog,beagle,10.0,30.0,parasite history,weight loss,swelling  in the bite area,diarrhea,periodic vommiting,weight loss,parasite history,weight loss,swelling in the bite area,diarrhea,periodic vommiting,weight loss,0
dog,labrador retriever,4.1,35.5,recent surgery,excessive blood loss,weight loss,abdominal pain,pain,fever,recent surgery,excessive blood loss,weight loss,abdominal pain,pain,fever,0
dog,beagle,7.1,25.1,recent surgery,diarrhea,diarrhea,anorexia,decrease appetite,pain,recent surgery,diarrhea,diarrhea,anorexia,decrease appetite,pain,0
dog,german shepherd,6.3,33.0,parasite history,pain,anorexia,diarrhea,sneezing,sneezing,parasite history,pain,anorexia,diarrhea,sneezing,sneezing,0
dog,bulldog,10.3,26.0,previous heart condition,bloody discharge,itches,swollen,tenderness,testical pain,previous heart condition,bloody discharge,itches,swollen,tenderness,testical pain,1
dog,rottweiler,6.5,29.4,allergies,lethargy,sneezing,weakness,sneezing,secondary infection,allergies,lethargy,sneezing,weakness,sneezing,secondary infection,0
dog,labrador retriever,7.9,31.9,no previous conditions,vomiting,fever,emaciation,sneezing,lethargy,no previous conditions,vomiting,fever,emaciation,sneezing,lethargy,0
dog,bulldog,0.8,26.2,vaccinated,pain,diarrhea,uncharacteristic hiding,sneezing,diffculty breathing,vaccinated,pain,diarrhea,uncharacteristic hiding,sneezing,diffculty breathing,0
dog,poodle,2.0,4.5,previous kidney disease,trembling,sneezing,diarrhea,bleeding from other parts of the body,vomiting,previous kidney disease,trembling,sneezing,diarrhea,bleeding from other parts of the body,vomiting,0
dog,rottweiler,4.5,29.7,not vaccinated,hair loss,dandruff,darkened skin,crusting of the skin,ulcerated skin,not vaccinated,hair loss,dandruff,darkened skin,crusting of the skin,ulcerated skin,1
dog,beagle,8.0,16.7,skin conditions history,fever,diffulty swallowing,excessive drooling,staggering,seizures,skin conditions history,fever,diffulty swallowing,excessive drooling,staggering,seizures,1
dog,labrador retriever,8.0,38.4,recent surgery,vomiting,pain,fever,fever,weakness,recent surgery,vomiting,pain,fever,fever,weakness,0
dog,beagle,2.2,24.2,parasite history,normal appetite,diarrhea,swelling may occur under jaw,weight loss,drop in milk production,parasite history,normal appetite,diarrhea,swelling may occur under jaw,weight loss,drop in milk production,0
dog,labrador retriever,14.1,39.5,not vaccinated,gasping,coughing,mild weakness,droopy wings,twisted neck,not vaccinated,gasping,coughing,mild weakness,droopy wings,twisted neck,0
dog,golden retriever,3.8,39.2,allergies,sneezing,vomiting,sneezing,thrist and urination,pain,allergies,sneezing,vomiting,sneezing,thrist and urination,pain,0
dog,german shepherd,6.6,28.0,recent surgery,diarrhea,sneezing,weight gain,diarrhea,nesting behaviour,recent surgery,diarrhea,sneezing,weight gain,diarrhea,nesting behaviour,0
dog,german shepherd,5.3,31.7,chronic illness,abortion,mummification,stillbirth,weak kids,pain,chronic illness,abortion,mummification,stillbirth,weak kids,pain,0
dog,mixed breed,10.6,32.9,previous kidney disease,pain,pain,vomiting,weight loss,anorexia,previous kidney disease,pain,pain,vomiting,weight loss,anorexia,0
dog,yorkshire terrier,4.7,5.2,parasite history,coughing,loss od appetite,fever,weakness,coughing,parasite history,coughing,loss od appetite,fever,weakness,coughing,0
dog,yorkshire terrier,10.9,3.6,allergies,fever,dullness,dullness,skin rashes,pains,allergies,fever,dullness,dullness,skin rashes,pains,1
dog,yorkshire terrier,3.6,4.0,dental issues,pain,weakness,vomiting,ring shaped lesion,coughing,dental issues,pain,weakness,vomiting,ring shaped lesion,coughing,1
dog,rottweiler,9.4,25.0,previous kidney disease,pain,fever,pain,pain,diarrhea,previous kidney disease,pain,fever,pain,pain,diarrhea,0
dog,golden retriever,9.0,41.2,allergies,fatty stool,diarrhea,vomiting,weight loss,pain,allergies,fatty stool,diarrhea,vomiting,weight loss,pain,0
dog,labrador retriever,8.8,31.2,not vaccinated,enlarged thymus,obstructed lungs,lethargy,skin rashes,weight loss,not vaccinated,enlarged thymus,obstructed lungs,lethargy,skin rashes,weight loss,1
dog,poodle,13.6,3.1,skin conditions history,lethargy,recumbency,weakness,vomiting,sneezing,skin conditions history,lethargy,recumbency,weakness,vomiting,sneezing,1
dog,bulldog,2.9,15.5,recent surgery,chronic eye inflamation,poor appetite,fever,lethargy,neurologic abnormalities,recent surgery,chronic eye inflamation,poor appetite,fever,lethargy,neurologic abnormalities,0
dog,labrador retriever,2.8,32.9,chronic illness,radip onset,stiff,muscle trembling,weakness,death,chronic illness,radip onset,stiff,muscle trembling,weakness,death,0
dog,mixed breed,5.9,32.8,previous kidney disease,bottle jaw,weight loss,coughing,sneezing,diarrhea,previous kidney disease,bottle jaw,weight loss,coughing,sneezing,diarrhea,0
dog,golden retriever,4.2,45.0,vaccinated,weakness,stiffness,trembling,white mark on the muscle,loss of vitamin e,vaccinated,weakness,stiffness,trembling,white mark on the muscle,loss of vitamin e,0
dog,beagle,8.3,27.7,no previous conditions,lethargy,diarrhea,lethargy,diarrhea,vomiting,no previous conditions,lethargy,diarrhea,lethargy,diarrhea,vomiting,0
dog,yorkshire terrier,10.0,7.1,vaccinated,anorexia,vomiting,weakness,pain,coughing,vaccinated,anorexia,vomiting,weakness,pain,coughing,0
dog,beagle,8.5,18.0,not vaccinated,fever,diffulty swallowing,excessive drooling,staggering,seizures,not vaccinated,fever,diffulty swallowing,excessive drooling,staggering,seizures,0
dog,poodle,5.8,6.3,no previous conditions,weight loss,vomiting,lethargy,swelling on joints,diarrhea,no previous conditions,weight loss,vomiting,lethargy,swelling on joints,diarrhea,0
dog,yorkshire terrier,7.3,7.8,recent surgery,muscle aches,abnormal behaviour,diarrhea,red diarrhea,pain,recent surgery,muscle aches,abnormal behaviour,diarrhea,red diarrhea,pain,0
dog,poodle,4.4,5.7,allergies,sneezing,severe headache,weakness,muscle trembling,anorexia,allergies,sneezing,severe headache,weakness,muscle trembling,anorexia,0
dog,golden retriever,8.9,33.0,skin conditions history,weight loss,coughing,pain,fever,vomiting,skin conditions history,weight loss,coughing,pain,fever,vomiting,1
dog,boxer,7.8,20.9,chronic illness,diarrhea,pain,vomiting,paralysis,weight loss,chronic illness,diarrhea,pain,vomiting,paralysis,weight loss,0
dog,boxer,3.5,15.9,previous heart condition,facial swelling,bloody drool,abdominal pain,unable to eat,lossened teeth,previous heart condition,facial swelling,bloody drool,abdominal pain,unable to eat,lossened teeth,0
dog,beagle,3.5,17.8,previous heart condition,coughing,fever,endomeritis,redness,weight loss,previous heart condition,coughing,fever,endomeritis,redness,weight loss,0
dog,mixed breed,6.3,19.0,dental issues,diarrhea,fever,weight loss,weakness,vomiting,dental issues,diarrhea,fever,weight loss,weakness,vomiting,0
dog,bulldog,11.0,23.5,previous kidney disease,swollen,testical pain,itches,bloody discharge,tenderness,previous kidney disease,swollen,testical pain,itches,bloody discharge,tenderness,1
dog,mixed breed,4.9,30.3,recent surgery,pain,diarrhea,diarrhea,chronic eye inflamation,fever,recent surgery,pain,diarrhea,diarrhea,chronic eye inflamation,fever,0
dog,boxer,3.7,29.8,previous kidney disease,fever,weakness,larynx,pain,sneezing,previous kidney disease,fever,weakness,larynx,pain,sneezing,0
dog,poodle,8.4,3.6,parasite history,red skin,pains,loss of appetite,lameness,moist,parasite history,red skin,pains,loss of appetite,lameness,moist,1
dog,mixed breed,1.2,12.5,not vaccinated,change their normal behaviour,stop drinking,pains,diarrhea,stop eating,not vaccinated,change their normal behaviour,stop drinking,pains,diarrhea,stop eating,0
dog,poodle,3.9,5.9,chronic illness,puffed_up feather,less eat,headache,half-closed eye,seizures,chronic illness,puffed_up feather,less eat,headache,half-closed eye,seizures,0
dog,golden retriever,2.9,27.9,vaccinated,anorexia,lethargy,weight loss,weight loss,pain,vaccinated,anorexia,lethargy,weight loss,weight loss,pain,0
dog,bulldog,4.2,21.1,previous kidney disease,fever,diarrhea,vomiting,stomach cramps,nausea,previous kidney disease,fever,diarrhea,vomiting,stomach cramps,nausea,0
dog,bulldog,12.2,24.5,previous kidney disease,staggering as drunk,diarrhea,pain,anorexia,fever,previous kidney disease,staggering as drunk,diarrhea,pain,anorexia,fever,0
dog,poodle,6.6,6.1,previous heart condition,pain,coughing,pain,weakness,weight loss,previous heart condition,pain,coughing,pain,weakness,weight loss,0
dog,german shepherd,8.1,35.2,recent surgery,coughing,fluffed feather,fever,skin lesion,weakness,recent surgery,coughing,fluffed feather,fever,skin lesion,weakness,1
dog,yorkshire terrier,11.0,7.7,recent surgery,vomiting,pain,sneezing,weight loss,weight loss,recent surgery,vomiting,pain,sneezing,weight loss,weight loss,0
dog,bulldog,10.3,22.1,skin conditions history,egg production decreases,stunted growth,blindness,distinctive bumps,facial swelling,skin conditions history,egg production decreases,stunted growth,blindness,distinctive bumps,facial swelling,1
dog,golden retriever,8.1,36.4,previous kidney disease,vomiting,anorexia,vomiting,sneezing,sneezing,previous kidney disease,vomiting,anorexia,vomiting,sneezing,sneezing,0
dog,german shepherd,5.5,31.2,not vaccinated,vomiting,pain,fever,sneezing,pain,not vaccinated,vomiting,pain,fever,sneezing,pain,0
dog,golden retriever,0.5,31.9,dental issues,vomiting,pain,fever,fever,fever,dental issues,vomiting,pain,fever,fever,fever,0
dog,labrador retriever,2.3,39.4,not vaccinated,pain,diarrhea,weight loss,kicking at the belly,diarrhea,not vaccinated,pain,diarrhea,weight loss,kicking at the belly,diarrhea,0
dog,poodle,14.3,8.8,vaccinated,fever,loss of  appetite,coughing,lethargy,joint pain,vaccinated,fever,loss of appetite,coughing,lethargy,joint pain,0
dog,labrador retriever,13.4,39.1,skin conditions history,coughing,anorexia,sneezing,lethargy,coughing,skin conditions history,coughing,anorexia,sneezing,lethargy,coughing,1
dog,golden retriever,10.6,43.0,allergies,inflammed eye,lethargy,diarrhea,fever,undigested in their feces,allergies,inflammed eye,lethargy,diarrhea,fever,undigested in their feces,0
dog,beagle,8.5,15.4,recent surgery,vomiting,diarrhea,coughing,fever,fever,recent surgery,vomiting,diarrhea,coughing,fever,fever,0
dog,rottweiler,4.9,25.9,skin conditions history,paresis,paralysis,weakness,stomach cramps,diarrhea,skin conditions history,paresis,paralysis,weakness,stomach cramps,diarrhea,1
dog,mixed breed,15.1,32.4,dental issues,crusting of the skin,dandruff,ulcerated skin,vomiting,hair loss,dental issues,crusting of the skin,dandruff,ulcerated skin,vomiting,hair loss,1
dog,mixed breed,6.9,8.9,recent surgery,diarrhea with muscus,tensemus,nose bleeds,flatulence,pains,recent surgery,diarrhea with muscus,tensemus,nose bleeds,flatulence,pains,0
dog,golden retriever,6.6,45.0,previous heart condition,cough,sneeze,droopy wings,twisted neck,droopy wings,previous heart condition,cough,sneeze,droopy wings,twisted neck,droopy wings,0
dog,rottweiler,9.0,36.4,vaccinated,inability to stand,diarrhea,bottle jaw,pot belly,dry hair coat,vaccinated,inability to stand,diarrhea,bottle jaw,pot belly,dry hair coat,0
dog,poodle,14.7,4.9,not vaccinated,vomiting,vomiting,weight loss,weight loss,lethargy,not vaccinated,vomiting,vomiting,weight loss,weight loss,lethargy,0
dog,rottweiler,7.5,35.2,not vaccinated,weakness,anorexia,pain,pain,weakness,not vaccinated,weakness,anorexia,pain,pain,weakness,0
dog,boxer,3.4,27.9,not vaccinated,fever,difficulty in breathing,rub,coughing,sneezing,not vaccinated,fever,difficulty in breathing,rub,coughing,sneezing,0
dog,boxer,0.9,25.0,not vaccinated,puffed_up feather,less eat,headache,half-closed eye,seizures,not vaccinated,puffed_up feather,less eat,headache,half-closed eye,seizures,0
dog,rottweiler,10.6,27.2,previous heart condition,fever,animal become lame,prostrat,painfull swalling,lameness,previous heart condition,fever,animal become lame,prostrat,painfull swalling,lameness,0
dog,rottweiler,5.0,34.8,no previous conditions,immediate death,difficulty in breathing,blue colored lip,bloody discharge,neurologic abnormalities,no previous conditions,immediate death,difficulty in breathing,blue colored lip,bloody discharge,neurologic abnormalities,0
dog,poodle,10.2,8.7,recent surgery,swelling,fever,sneezing,coughing,pain,recent surgery,swelling,fever,sneezing,coughing,pain,0
dog,beagle,4.8,20.7,vaccinated,excessive blood loss,urination,weight loss,weakness,lethargy,vaccinated,excessive blood loss,urination,weight loss,weakness,lethargy,0
dog,poodle,2.6,3.8,no previous conditions,pains,fleece become thin,death,loss of wool,sheep often bites,no previous conditions,pains,fleece become thin,death,loss of wool,sheep often bites,0
dog,beagle,2.3,22.7,previous heart condition,weight loss,pain,anorexia,sneezing,nervousness,previous heart condition,weight loss,pain,anorexia,sneezing,nervousness,0
dog,rottweiler,1.6,38.4,recent surgery,abortion,mummification,stillbirth,pain,weak kids,recent surgery,abortion,mummification,stillbirth,pain,weak kids,0
dog,poodle,3.0,4.8,not vaccinated,jaundice,coughing,loss of appetite,rough hair coat,death,not vaccinated,jaundice,coughing,loss of appetite,rough hair coat,death,0
dog,mixed breed,6.9,34.3,previous heart condition,shaking oh head,seizures,pain,pain,pain,previous heart condition,shaking oh head,seizures,pain,pain,pain,0
dog,labrador retriever,6.3,33.4,dental issues,anorexia,weight loss,sneezing,anorexia,sneezing,dental issues,anorexia,weight loss,sneezing,anorexia,sneezing,0
dog,rottweiler,2.9,33.1,previous kidney disease,wandering,partial paralysis,weakness,pain,vomiting,previous kidney disease,wandering,partial paralysis,weakness,pain,vomiting,0
dog,golden retriever,7.3,39.9,chronic illness,lack of walking,rump,weight loss,diarrhea,fever,chronic illness,lack of walking,rump,weight loss,diarrhea,fever,0
dog,rottweiler,10.0,35.9,previous kidney disease,weight loss,pain,sneezing,infection of the skin,anorexia,previous kidney disease,weight loss,pain,sneezing,infection of the skin,anorexia,1
dog,bulldog,4.1,19.7,skin conditions history,weakness,vomiting,weight loss,weight loss,coughing,skin conditions history,weakness,vomiting,weight loss,weight loss,coughing,1
dog,bulldog,15.0,24.1,vaccinated,weight loss,lethargy,lethargy,coughing,pain,vaccinated,weight loss,lethargy,lethargy,coughing,pain,0
dog,mixed breed,2.3,5.8,previous heart condition,hemopytsis,diarrhea,asymptomatic,death,epistaxis,previous heart condition,hemopytsis,diarrhea,asymptomatic,death,epistaxis,0
dog,labrador retriever,5.6,25.2,no previous conditions,diarrhea,sneezing,anorexia,weight loss,muscular spasms,no previous conditions,diarrhea,sneezing,anorexia,weight loss,muscular spasms,0
dog,golden retriever,11.3,30.4,recent surgery,weight loss,anorexia,sneezing,weakness,weight loss,recent surgery,weight loss,anorexia,sneezing,weakness,weight loss,0
dog,rottweiler,2.5,42.8,allergies,anorexia,coughing,weight loss,excitability,sneezing,allergies,anorexia,coughing,weight loss,excitability,sneezing,0
dog,rottweiler,5.4,23.7,not vaccinated,fever,chills,sweat,head ache,fatique,not vaccinated,fever,chills,sweat,head ache,fatique,0
dog,mixed breed,7.9,28.0,vaccinated,fever,malaise,weakness,weight loss,pain,vaccinated,fever,malaise,weakness,weight loss,pain,0
dog,labrador retriever,2.5,45.0,previous heart condition,pain,weight loss,weight loss,bald patches,red eye,previous heart condition,pain,weight loss,weight loss,bald patches,red eye,0
dog,rottweiler,4.7,36.4,allergies,weakness,weakness,weight loss,drop on egg production,difficulty breating,allergies,weakness,weakness,weight loss,drop in egg production,difficulty breating,0
dog,poodle,1.8,5.4,recent surgery,greenish-yellow nasal discharge,lack of pigmentation,sneezing,lethargy,pain on face,recent surgery,greenish-yellow nasal discharge,lack of pigmentation,sneezing,lethargy,pain on face,0
dog,bulldog,12.5,21.3,no previous conditions,paresis,diarrhea,stomach cramps,paralysis,weakness,no previous conditions,paresis,diarrhea,stomach cramps,paralysis,weakness,0
dog,yorkshire terrier,9.5,5.0,no previous conditions,loss of appettite,difficulty in breathing,coughing,runny nose,weakness,no previous conditions,loss of appettite,difficulty in breathing,coughing,runny nose,weakness,0
dog,beagle,5.7,30.9,skin conditions history,excession salivation,ulcerated ear,fever,abnormal conformation,ulcerated muscle,skin conditions history,excession salivation,ulcerated ear,fever,abnormal conformation,ulcerated muscle,1
dog,yorkshire terrier,6.1,7.8,recent surgery,fever,mild sneezing,coughing,nasal,ocular discharge,recent surgery,fever,mild sneezing,coughing,nasal,ocular discharge,0
dog,labrador retriever,10.1,43.1,not vaccinated,fever,weakness,discomfort,diarrhea,vomiting,not vaccinated,fever,weakness,discomfort,diarrhea,vomiting,0
dog,yorkshire terrier,9.7,4.6,no previous conditions,runny nose,difficulty in breathing,coughing,weakness,loss of appettite,no previous conditions,runny nose,difficulty in breathing,coughing,weakness,loss of appettite,0
dog,mixed breed,9.1,36.2,previous kidney disease,anorexia,diarrhea,fever,lip,anorexia,previous kidney disease,anorexia,diarrhea,fever,lip,anorexia,0
dog,mixed breed,1.7,22.5,chronic illness,eye discharges,nasal discharge,change their normal behaviour,high body temperature,lameness,chronic illness,eye discharges,nasal discharge,change their normal behaviour,high body temperature,lameness,0
dog,boxer,14.1,28.2,skin conditions history,burning ache or pain,vomiting,loss of appetite,experiencing changes in weight,pain and bloating,skin conditions history,burning ache or pain,vomiting,loss of appetite,experiencing changes in weight,pain and bloating,1
dog,golden retriever,11.3,41.7,dental issues,weakness,pain,sneezing,weakness,thicked skin,dental issues,weakness,pain,sneezing,weakness,thicked skin,1
dog,yorkshire terrier,2.7,3.9,no previous conditions,fetopelvic dispropotion,uteria inertia,malpresentation,death,pains,no previous conditions,fetopelvic dispropotion,uteria inertia,malpresentation,death,pains,0
dog,labrador retriever,5.8,36.9,previous heart condition,lethargy,bloody,coughing,vomiting,diarrhea,previous heart condition,lethargy,bloody,coughing,vomiting,diarrhea,0
dog,german shepherd,11.0,32.8,previous kidney disease,stop eating,stop drinking,change their normal behaviour,lameness,pains,previous kidney disease,stop eating,stop drinking,change their normal behaviour,lameness,pains,0
dog,yorkshire terrier,7.3,7.6,allergies,short term lethargy,week pulse,rapid heart rate,poor appetite,loss of  appetite,allergies,short term lethargy,week pulse,rapid heart rate,poor appetite,loss of appetite,0
dog,bulldog,10.5,20.8,not vaccinated,fever,diarrhea,bloody droping,abdominal discomfort,lethargy,not vaccinated,fever,diarrhea,bloody droping,abdominal discomfort,lethargy,0
dog,german shepherd,0.8,37.7,recent surgery,excessive blood loss,dizziness and fainting,blurry vision,watery eyes,slow growth,recent surgery,excessive blood loss,dizziness and fainting,blurry vision,watery eyes,slow growth,0
dog,beagle,9.1,19.9,not vaccinated,diffulty swallowing,seizures,fever,excessive drooling,staggering,not vaccinated,diffulty swallowing,seizures,fever,excessive drooling,staggering,0
dog,bulldog,0.5,24.3,parasite history,skinallergy,lethargy,vomiting,scartch,vomiting,parasite history,skinallergy,lethargy,vomiting,scartch,vomiting,1
dog,rottweiler,8.3,30.3,not vaccinated,diarrhea,coughing,weakness,sneezing,coughing,not vaccinated,diarrhea,coughing,weakness,sneezing,coughing,0
dog,mixed breed,0.5,5.8,chronic illness,sneezing,vomiting,pain,sneezing,weakness,chronic illness,sneezing,vomiting,pain,sneezing,weakness,0
dog,german shepherd,11.0,42.3,allergies,crusting of the skin,anorexia,rough hair coat,vomiting,coughing,allergies,crusting of the skin,anorexia,rough hair coat,vomiting,coughing,1
dog,beagle,4.4,20.7,skin conditions history,sneezing,fever,coughing,weakness,lethargy,skin conditions history,sneezing,fever,coughing,weakness,lethargy,1
dog,beagle,9.8,30.0,vaccinated,muscle pain,diarrhea,wart-like growth,sneezing,weakness,vaccinated,muscle pain,diarrhea,wart-like growth,sneezing,weakness,0
dog,yorkshire terrier,4.3,6.6,vaccinated,sneezing,torticollis,weakness,weight loss,dry scabs,vaccinated,sneezing,torticollis,weakness,weight loss,dry scabs,1
dog,boxer,0.8,24.2,no previous conditions,fever,depression,relunctance to move,salivation,nasal discharge,no previous conditions,fever,depression,relunctance to move,salivation,nasal discharge,0
dog,beagle,1.4,19.6,allergies,vomiting,anorexia,fever,sneezing,difficulty breating,allergies,vomiting,anorexia,fever,sneezing,difficulty breating,0
dog,labrador retriever,11.4,40.9,no previous conditions,swelling of joints,lameness,fever,coughing,loss of  appetite,no previous conditions,swelling of joints,lameness,fever,coughing,loss of appetite,0
dog,german shepherd,9.8,38.0,dental issues,swelling on leg,painfull,nasal discharge,broken bones,nasal discharge,dental issues,swelling on leg,painfull,nasal discharge,broken bones,nasal discharge,0
dog,golden retriever,8.3,25.9,previous heart condition,vomiting,vomiting,anorexia,fever,bleeding from the nose,previous heart condition,vomiting,vomiting,anorexia,fever,bleeding from the nose,0
dog,golden retriever,5.4,40.5,no previous conditions,fever,dyspnea,coughing,lethargy,anorexia,no previous conditions,fever,dyspnea,coughing,lethargy,anorexia,0
dog,poodle,12.4,8.0,recent surgery,sneezing,appetite varies,appetite varies,sneezing,stamping and pedding of hind eye,recent surgery,sneezing,appetite varies,appetite varies,sneezing,stamping and pedding of hind eye,0
dog,rottweiler,0.5,34.5,previous heart condition,muscle pain,sneezing,anorexia,broody behavior,pain,previous heart condition,muscle pain,sneezing,anorexia,broody behavior,pain,0
dog,bulldog,6.7,19.8,skin conditions history,hair loss,sore,scaly patches of skin,scartch,scabs,skin conditions history,hair loss,sore,scaly patches of skin,scartch,scabs,1
dog,beagle,9.1,29.7,no previous conditions,weight loss,poor growth,vomiting,anorexia,weight loss,no previous conditions,weight loss,poor growth,vomiting,anorexia,weight loss,0
dog,golden retriever,9.1,28.8,chronic illness,sneezing,anorexia,pains to walk,pain,pain,chronic illness,sneezing,anorexia,pains to walk,pain,pain,0
dog,golden retriever,9.6,40.6,dental issues,fever,vomiting,anorexia,weakness,anorexia,dental issues,fever,vomiting,anorexia,weakness,anorexia,0
dog,labrador retriever,11.7,37.5,no previous conditions,fever,loss of  appetite,coughing,lameness,swelling of joints,no previous conditions,fever,loss of appetite,coughing,lameness,swelling of joints,0
dog,boxer,13.7,26.3,not vaccinated,blood in urine,diarrhea,vomiting,lethargy,bleeding in eye and skin,not vaccinated,blood in urine,diarrhea,vomiting,lethargy,bleeding in eye and skin,1
