AnimalName,Breed,Age,Weight_kg,MedicalHistory,Symptom_1,Symptom_2,Symptom_3,Symptom_4,Symptom_5
dog,rottweiler,6.0,32.1,chronic illness,anorexia,hydrophobia,drooping ears,diarrhea,shyness or aggression
dog,bulldog,9.9,18.5,vaccinated,lethargy,weakness,horny growth,fever,coughing
dog,beagle,13.9,18.9,parasite history,pain,weight loss,weight loss,sneezing,drop on egg production
dog,mixed breed,4.2,13.4,chronic illness,weakness,diarrhea,weight loss,diarrhea,weight loss
dog,boxer,2.6,27.6,dental issues,indigestion,abdminal pain,constipation,diarrhea,nausea
dog,yorkshire terrier,12.4,3.8,previous heart condition,weakness,weight loss,muscle twiching,shivering,vomiting
dog,beagle,1.7,16.2,allergies,fever,loss of  appetite,reduce energy,lameness,swelling of joints
dog,golden retriever,11.4,38.4,skin conditions history,weakness,pain,vomiting,pain,shaking head
dog,yorkshire terrier,11.0,5.1,parasite history,vomiting,pain,fever,weight loss,anorexia
dog,beagle,7.6,23.6,vaccinated,abortion on late pregancy,stillbirth,retained placenda,endomeritis,decrease appetite
dog,boxer,0.9,29.8,chronic illness,swollen,red-colored,hot udder,milk getting out more watery,milk getting out more thick
dog,golden retriever,9.1,37.2,vaccinated,discharge from eyes,blindness,scartches,redness of eye,pains
dog,poodle,3.3,4.5,recent surgery,excessive blood loss,dizziness and fainting,blurry vision,watery eyes,slow growth
dog,bulldog,5.4,15.0,no previous conditions,weakness,weight loss,lethargy,weakness,lethargy
dog,rottweiler,2.8,25.0,dental issues,weight loss,fever,fever,vomiting,fever
dog,boxer,9.2,24.1,dental issues,weight loss,fever,pain,poor immune function,inflammed eye
dog,beagle,12.1,21.0,previous kidney disease,stand with head droping,weight loss,fever,abnormal behaviour,pneumonia
dog,yorkshire terrier,13.2,7.3,allergies,fever,loss of appetite,depression,loss of appetite,pains
dog,bulldog,6.7,15.0,allergies,sneezing,coughing,diarrhea,retarded growth,weakness
dog,beagle,14.6,29.7,previous heart condition,weakness,anorexia,anorexia,pain,shivering
dog,boxer,2.7,27.9,not vaccinated,restless movement,weakness,decreased stool production,heavy breathing,distended stomach
dog,yorkshire terrier,13.5,4.4,previous heart condition,lethargy,loss of appetite,swelling,nasal discharge,blindness
dog,mixed breed,4.5,27.5,skin conditions history,enteritis,weight loss,halitosis,air sacculitis,coughing
dog,boxer,14.0,16.8,parasite history,loss of eat,weakness,sneezing,pain,fever
dog,yorkshire terrier,8.7,8.8,recent surgery,pain,weakness,difficulty breating,coughing,pain
dog,rottweiler,4.1,36.3,skin conditions history,sneezing,coughing,fever,weakness,coughing
dog,rottweiler,5.3,25.4,allergies,labored breathing,dyspnea,coughing,depression,anorexia
dog,german shepherd,5.3,43.6,not vaccinated,fever,fever,weakness,coughing,nasal
dog,mixed breed,2.4,10.9,recent surgery,barren ewes,abortion,poor conformation,hairy fleeces,weight loss
dog,beagle,9.2,32.3,recent surgery,redness,pains,trachea,scabs on feet,thickening of skin
dog,bulldog,8.7,21.1,allergies,abdominal discomfort,anorexia,milky hard,pain,sneezing
dog,boxer,15.0,20.5,dental issues,diarrhea,weight loss,lethargy,succumb,pain
dog,bulldog,8.5,22.4,skin conditions history,blindness,distinctive bumps,facial swelling,stunted growth,egg production decreases
dog,yorkshire terrier,15.5,4.3,not vaccinated,discomfort,diarrhea,dry or dull hair,grinding teeth,pain
dog,rottweiler,0.5,28.2,vaccinated,anorexia,fever,weight loss,coughing,pain
dog,yorkshire terrier,4.6,6.4,previous heart condition,thivk skin,excessive eye watering,coughing,aggressiveness,sneezing
dog,mixed breed,13.9,16.4,not vaccinated,difficulty swallowing,cough,difficulty swallowing,gasping for air,extending its neck
dog,poodle,4.3,7.7,no previous conditions,eyeproblem,weight loss,sneezing,weakness,reduce lamp marking
dog,poodle,9.9,3.9,no previous conditions,coughing,pain,deability,eyeproblem,pain
dog,rottweiler,1.2,29.5,chronic illness,upset stomach,diarrhea,vomiting,muscle pain,muscle stiffness
dog,yorkshire terrier,7.7,10.0,vaccinated,coughing,diarrhea,sneezing,diarrhea,excession salivation
dog,german shepherd,8.0,35.8,vaccinated,fever,sour throat,mortality,muscle aches,abnormalities
dog,rottweiler,4.0,37.9,skin conditions history,weight loss,urine retention,fever,sudden death,convulsion
dog,boxer,8.2,24.1,previous kidney disease,anorexia,fell unwell,flatulence,anorexia,coughing
dog,boxer,10.0,19.9,allergies,diarrhea,limp,pain,anorexia,weight loss
dog,labrador retriever,8.0,35.2,dental issues,unable to exercise,fever,anorexia,tensemus,pain
dog,german shepherd,9.7,45.0,allergies,coughing,halitosis,enteritis,air sacculitis,weight loss
dog,bulldog,10.2,26.3,allergies,cough,gasping for air,weight loss,gasping for breath,extending its neck
dog,boxer,0.5,17.0,chronic illness,sneezing,pain,crusty eye lashes and matting of eyelashes,anorexia,vomiting
dog,bulldog,6.8,18.8,not vaccinated,nuerological,loss of appetite,fever,eyeproblem,liver disease
dog,labrador retriever,9.9,24.7,recent surgery,emaciation,loss in weight,loss of appetite,weakness,diarrhoea
dog,yorkshire terrier,8.0,6.0,recent surgery,haemorrhage,straw colored,abdominal pain,death,carcass decomposes
dog,yorkshire terrier,8.6,6.0,skin conditions history,diffuse,diarrhea,scartch,pain,vomiting
dog,yorkshire terrier,5.3,5.6,parasite history,weight loss,depression,sneezing,anorexia,lethargy
dog,german shepherd,13.6,42.9,no previous conditions,sneezing,eye closed,sneezing,vomiting,lethargy
dog,poodle,11.3,3.7,not vaccinated,respiratory distress,seizuers,hyperesthesia,fever,sudden death
dog,labrador retriever,8.0,29.9,previous kidney disease,vomiting,weakness,coughing,sneezing,pain
dog,mixed breed,8.8,7.1,no previous conditions,strong cough,runny nose,sneezing,lethargy,loss of appettite
dog,beagle,7.0,23.1,no previous conditions,weakness,sneezing,pain,swelling may occur under jaw,yellow or green dropping
dog,boxer,5.0,23.7,skin conditions history,anorexia,fever,vomiting,weakness,fever
dog,boxer,1.7,26.2,previous heart condition,fever,difficulty breathing,thrist and urination,weight loss,enlarged lymph nodes or swelling
dog,beagle,6.9,15.0,chronic illness,coughing,anorexia,coughing,coughing,hot udder
dog,german shepherd,4.6,45.0,previous kidney disease,weakness,distended chest,lethargy,anorexia,coughing
dog,mixed breed,11.3,22.2,no previous conditions,pain,weakness,sneezing,diarrhea,sneezing
dog,bulldog,9.4,20.9,skin conditions history,egg production decreases,stunted growth,blindness,distinctive bumps,facial swelling
dog,rottweiler,15.0,42.8,vaccinated,watery eye,vomiting,vomiting,diarrhea,anorexia
dog,bulldog,5.6,19.3,allergies,reluctant move,loss of appetite,lameness,death,weakness
dog,bulldog,8.1,19.5,allergies,fever,dull,hind quarted soil,animal stop feed,decrease in milk production
dog,yorkshire terrier,14.3,8.6,no previous conditions,weight loss,weakness,lethargy,weight loss,sneezing
dog,mixed breed,0.9,9.9,allergies,fever,difficulty in breathing,lethargy,death,pains
dog,german shepherd,9.4,41.2,recent surgery,swollen lymph nodes,difficulty walking,watery stool,lethargy,vaginal discharge
dog,bulldog,14.3,21.3,not vaccinated,limping,willnot run to jump,swelling,week legs,pain on leg
dog,golden retriever,8.6,29.6,dental issues,back pain,pain,diarrhea,vomiting,weight loss
dog,labrador retriever,15.0,33.2,dental issues,abdominal pain,vomiting,weakness,swollen abdomen,swollen teats
dog,bulldog,5.1,19.6,no previous conditions,weakness,sneezing,weakness,weight loss,anorexia
dog,rottweiler,6.3,45.0,no previous conditions,sneezing,weight loss,weakness,fever,sneezing
dog,rottweiler,5.7,33.3,no previous conditions,coughing,fever,diarrhea,weakness,pain
dog,beagle,3.0,17.7,vaccinated,allergic reaction,poor appetite,coughing,weight loss,distended chest
dog,rottweiler,5.2,27.5,chronic illness,weakness,fever,weight loss,anorexia,lethargy
dog,rottweiler,1.2,29.2,chronic illness,upset stomach,diarrhea,vomiting,muscle pain,muscle stiffness
dog,beagle,3.7,25.8,recent surgery,vomiting,diarrhea,dehydration,weight loss,poor coat apperence
dog,rottweiler,5.0,30.3,no previous conditions,immediate death,difficulty in breathing,blue colored lip,bloody discharge,neurologic abnormalities
dog,german shepherd,9.1,38.9,allergies,air sacculitis,halitosis,coughing,enteritis,weight loss
dog,rottweiler,0.5,45.0,chronic illness,lethargy,ulcer on gum,weight loss,anorexia,sneezing
dog,german shepherd,5.5,32.4,previous kidney disease,lethargy,coughing,weight loss,diarrhea,blood from mouth
dog,beagle,3.2,31.5,recent surgery,poor coat apperence,diarrhea,vomiting,weight loss,dehydration
dog,mixed breed,14.2,18.7,recent surgery,lesions in the nasal cavity,lesions on nose,vomiting,noisy breathing,lesions on nose
dog,rottweiler,6.1,29.6,vaccinated,isolation from flock,stealing,nesting behaviour,pawing at bedding,pains
dog,beagle,11.0,23.1,vaccinated,jaundice,loss of appetite,rough hair coat,coughing,death
dog,beagle,6.3,28.9,recent surgery,coughing,gurgling sound,diarrhea,lethargy,vomiting
dog,poodle,3.8,5.6,recent surgery,sneezing,pain,weakness,skeleten abnormalities,weakness
dog,golden retriever,9.5,31.5,vaccinated,anorexia,constipation,fever,weakness,lethargy
dog,beagle,5.4,27.4,not vaccinated,anorexia,vomiting,weight loss,anorexia,vomiting
dog,boxer,6.5,29.8,skin conditions history,bloody diarhhea,depression,dullness,death,weakness
dog,labrador retriever,12.8,28.9,no previous conditions,loss in weight,emaciation,loss of appetite,weakness,diarrhoea
dog,rottweiler,10.1,25.0,no previous conditions,coughing,diarrhea,diarrhea,coughing,vomiting
dog,rottweiler,5.8,25.0,allergies,anorexia,diarrhea,coughing,diarrhea,weakness
dog,poodle,1.9,6.0,recent surgery,extension of neck,weakness,coughing,weight loss,lethargy
dog,rottweiler,8.7,43.2,not vaccinated,eye redness,frequent eye infections,crusty eye lashes and matting of eyelashes,foul smelling stools,increased passing gas
dog,labrador retriever,3.5,42.7,chronic illness,vomiting,weight loss,drooling,sneezing,coughing
dog,mixed breed,2.6,11.4,no previous conditions,weakness,sneezing,hematuria,lethargy,sickness
dog,mixed breed,13.2,19.3,dental issues,fetopelvic dispropotion,uteria inertia,malpresentation,death,pains
dog,german shepherd,10.8,34.9,vaccinated,lethargy,anorexia,weakness,vomiting,weakness
dog,poodle,6.0,8.0,previous kidney disease,horny growth,red on affected area,red skin,lesions on ear,wart-like growth
dog,golden retriever,13.8,28.7,previous kidney disease,fever,loss of appetite,rapid pulse and heart rates,lameness in affected leg,depression
dog,yorkshire terrier,14.8,6.2,dental issues,fever,difficulty in breathing,dribbling of saliva,inability of swalllon feeding,moist and painfull
dog,mixed breed,1.6,24.0,skin conditions history,decreased eyelid,very cold skin,lethargy,lip,fever
dog,rottweiler,1.6,34.0,recent surgery,mummification,pain,abortion,weak kids,stillbirth
dog,beagle,15.0,21.1,not vaccinated,pain,pain,weakness,weight loss,anorexia
dog,boxer,4.6,23.6,previous kidney disease,difficulty breathing,coughing,unable to exercise,fever,eye and skin change
dog,bulldog,12.5,26.9,previous heart condition,coughing,vomiting,fever,sneezing,coughing
dog,bulldog,5.3,23.1,chronic illness,vomiting,fever,anorexia,poor appetite,weakness
dog,mixed breed,12.9,13.3,skin conditions history,swollen lymph nodes,difficulty walking,back pain,lethargy,vaginal discharge
dog,mixed breed,5.5,11.5,recent surgery,decreased growth of bone,pain,sneezing,swelling,diarrhea
dog,bulldog,9.2,23.2,parasite history,egg production decreases,stunted growth,blindness,distinctive bumps,facial swelling
dog,rottweiler,7.6,24.2,recent surgery,bluish white opacity,blindness,anversion to light,tear production,pains
dog,labrador retriever,8.5,42.2,parasite history,vomiting,sneezing,loss of consciousness,lethargy,vomiting
dog,rottweiler,4.4,36.3,previous kidney disease,weakness,moist,weight loss,lethargy,muscular spasms
dog,rottweiler,5.8,41.0,recent surgery,poor coat condition,fever,fatique,weight loss,infection of the skin
dog,bulldog,3.9,19.3,no previous conditions,coughing,coughing,weight loss,salivating,bloody diarrhea
dog,bulldog,12.2,21.1,chronic illness,swollen eyelids,weight loss,weight loss,weakness,vomiting
dog,labrador retriever,1.6,41.7,recent surgery,fever,chronic eye inflamation,poor appetite,lethargy,neurologic abnormalities
dog,bulldog,6.8,31.6,allergies,haemorrhage,straw colored,abdominal pain,death,carcass decomposes
dog,bulldog,13.0,25.0,allergies,watering diarrhea,depression,emaciation,ruffled coat,lethargy
dog,golden retriever,5.5,42.5,no previous conditions,dyspnea,coughing,fever,anorexia,lethargy
dog,labrador retriever,8.7,27.8,recent surgery,sneezing,vomiting,weakness,sneezing,weight loss
dog,yorkshire terrier,12.2,11.2,skin conditions history,blood from mouth,diarrhea,coughing,lethargy,weight loss
dog,yorkshire terrier,11.5,5.7,dental issues,fever,difficulty in breathing,dribbling of saliva,inability of swalllon feeding,moist and painfull
dog,yorkshire terrier,5.3,9.2,chronic illness,decreased milk,holding limbs off the ground,weight loss,lameness,wool production
dog,yorkshire terrier,4.9,6.2,dental issues,weight loss,fever,anorexia,lethargy,anorexia
dog,yorkshire terrier,11.0,5.6,dental issues,fever,difficulty in breathing,dribbling of saliva,inability of swalllon feeding,moist and painfull
dog,rottweiler,7.1,45.0,vaccinated,nasal discharge,vomiting,sneezing,fever,sneezing
dog,rottweiler,7.2,36.5,previous heart condition,vomiting,weight loss,sneezing,fever,weight loss
dog,poodle,3.9,8.9,vaccinated,fetopelvic dispropotion,uteria inertia,malpresentation,death,pains
dog,german shepherd,0.8,35.3,not vaccinated,coughing,dyspnea,depression,anorexia,neurologic sign
dog,golden retriever,7.2,37.0,dental issues,diarrhea,sneezing,diffuse,coughing,obstructed lungs
dog,rottweiler,11.8,45.0,previous heart condition,lack of walking,lack of flying,roughened,dehydration,pains
dog,poodle,8.2,7.2,no previous conditions,sneezing,decreased eyelid,weakness,anorexia,pain
dog,golden retriever,2.4,35.9,parasite history,diarrhea,lethargy,weight loss,coughing,sneezing
dog,boxer,10.4,20.3,allergies,weakness,pain,sneezing,sneezing,pain
dog,mixed breed,1.8,25.9,parasite history,unable to eat,lossened teeth,bloody drool,foul breath,facial swelling
dog,bulldog,10.2,21.1,previous heart condition,egg production decreases,stunted growth,blindness,distinctive bumps,facial swelling
dog,labrador retriever,9.9,32.9,not vaccinated,stripped remiges,less feather growth,ruffled feathers,defienciency in vitamin,diarrhea
dog,german shepherd,0.8,42.0,skin conditions history,excessive blood loss,dizziness and fainting,blurry vision,watery eyes,slow growth
dog,mixed breed,9.6,32.6,parasite history,weight loss,weight loss,weakness,fast breathing,animal gets uneasy
dog,beagle,0.5,15.0,previous kidney disease,rectal bleeding,flaky,weight loss,coughing,coughing
dog,yorkshire terrier,4.5,9.3,dental issues,heavy breathing,yellow in beak,tail_bobbing,weakness,sleeping excessively
dog,golden retriever,6.2,38.4,vaccinated,fever,coughing,weight loss,vomiting,pain
dog,poodle,13.4,8.2,parasite history,abortion at the end of gestation,fatigue,weak calves,join pains,swelling of internal organs
dog,boxer,0.9,22.9,no previous conditions,fever,depression,relunctance to move,salivation,nasal discharge
dog,german shepherd,8.3,33.1,no previous conditions,swollen lymph nodes,lethargy,watery stool,difficulty walking,vaginal discharge
dog,bulldog,3.0,16.7,previous heart condition,loss of eat,fever,fever,weakness,fever
dog,rottweiler,2.2,28.2,allergies,listlessness,lethargy,anorexia,heavy breathing,diarrhea
dog,labrador retriever,10.6,34.7,parasite history,weakness,weight loss,vomiting,pain,scabs on feet
dog,boxer,0.9,18.8,no previous conditions,fever,depression,relunctance to move,salivation,nasal discharge
dog,beagle,5.3,29.4,skin conditions history,ulcerated muscle,excession salivation,fever,abnormal conformation,ulcerated ear
dog,beagle,15.0,15.0,no previous conditions,coughing,blood in faces,pain,ring shaped lesion,anorexia
dog,labrador retriever,8.3,45.0,recent surgery,fever,depression,loss of appetite,loss of appetite,pains
dog,golden retriever,12.1,34.3,previous kidney disease,coughing,diarrhea,convulsion,pain,vomiting
dog,labrador retriever,3.6,38.7,previous kidney disease,diarrhea,bleeding in eye and skin,vomiting,blood in urine,lethargy
dog,german shepherd,10.5,32.8,chronic illness,painfull to touch,diarrhea,fever,loss od appetite,weakness
dog,labrador retriever,10.0,38.9,skin conditions history,pains,loss of appetite,fever,depression,loss of appetite
dog,bulldog,3.1,19.1,no previous conditions,fluffed feather,loss of appetite,coughing,vomiting,snoring
dog,poodle,9.9,3.5,parasite history,upset stomach,diarrhea,coughing,weight loss,anaemia
dog,mixed breed,3.0,26.8,chronic illness,holding limbs off the ground,lameness,decreased milk,wool production,weight loss
dog,beagle,1.7,27.7,chronic illness,stop eating,stop drinking,change their normal behaviour,weight loss,pains
dog,bulldog,9.7,24.7,parasite history,fever,diarrhea,abdominal pain,stiffness,severe weekness and depression
dog,yorkshire terrier,5.9,6.8,parasite history,dry skin,coughing,anorexia,diffulty chewing,pain
dog,german shepherd,11.7,33.2,not vaccinated,abdominal pain,diarrhea,malpresentation,shock,anorexia
dog,rottweiler,9.7,25.0,vaccinated,pain,coughing,weight loss,vomiting,weakness
dog,bulldog,4.3,17.6,skin conditions history,fever,sour throat,mortality,muscle aches,abnormalities
dog,bulldog,12.9,23.0,chronic illness,difficulty breathing,unable to exercise,coughing,eye and skin change,fever
dog,bulldog,7.5,21.1,chronic illness,stiffness,anaemia,sneezing,fever,diarrhea
dog,mixed breed,0.8,8.4,allergies,fever,difficulty in breathing,lethargy,death,pains
dog,mixed breed,9.6,37.8,parasite history,lethargy,upset stomach,weakness,wool is clumped,diarrhea
dog,bulldog,10.1,16.2,dental issues,weight loss,diarrhea,lethargy,weakness,lethargy
dog,rottweiler,7.2,45.0,parasite history,loss of tail tone,lethargy,weight loss,lethargy,diarrhea
dog,yorkshire terrier,7.9,9.5,allergies,short term lethargy,loss of  appetite,poor appetite,rapid heart rate,week pulse
dog,german shepherd,6.9,31.7,allergies,vomiting,heavy breathing,fever,anorexia,weakness
dog,labrador retriever,8.9,37.1,parasite history,pruritis,diarrhea,inability to digest,dull,fever
dog,bulldog,13.7,27.5,skin conditions history,weight loss,green dropping,fever,anorexia,excess sleeping
dog,labrador retriever,2.1,38.5,previous kidney disease,pains,achomotrica,dehydration,poor immune function,death
dog,yorkshire terrier,8.5,5.8,previous heart condition,retarded growth,colic,lethargy,diarrhea,poor coat condition
dog,bulldog,3.8,17.3,allergies,fever,sour throat,mortality,muscle aches,abnormalities
dog,beagle,8.6,26.2,allergies,itchiness,watery eye,thick crusting,pain,hair loss
dog,beagle,7.6,18.2,previous kidney disease,diarrhea,coughing,weakness,pain,pain
dog,golden retriever,9.6,36.6,vaccinated,difficulty swallowing,cough,difficulty swallowing,gasping for air,extending its neck
dog,bulldog,9.4,25.5,allergies,gasping,coughing,mild weakness,droopy wings,twisted neck
dog,beagle,11.5,15.7,recent surgery,fever,diarrhea,enteritis,weight loss,stomach  cramps
dog,bulldog,3.4,27.9,allergies,weakness,pain,oral lesion,eye redness,diarrhea
dog,poodle,15.0,3.8,previous heart condition,weakness,animal gets uneasy,fever,forthy eye,weakness
dog,rottweiler,11.4,36.0,allergies,lethargy,anorexia,diarrhea,sneezing,coughing
dog,beagle,12.7,23.9,previous heart condition,pain,anorexia,trauma,coughing,coughing
dog,labrador retriever,8.9,32.0,previous kidney disease,fever,formation of vesicles,fever,weight loss,weight loss
dog,beagle,2.2,21.6,vaccinated,fetopelvic dispropotion,uteria inertia,malpresentation,death,pains
dog,mixed breed,3.2,26.3,chronic illness,weight loss,wool production,holding limbs off the ground,decreased milk,lameness
dog,rottweiler,8.9,27.2,parasite history,vomitting,weakness,loss of appetite,fever,weight loss
dog,beagle,11.3,30.0,dental issues,diarrhea,coughing,diarrhea,pain,coughing
dog,yorkshire terrier,14.5,5.5,recent surgery,forthy eye,torticollis,weakness,swelling,emaciation
dog,rottweiler,5.6,45.0,skin conditions history,crusty eye lashes and matting of eyelashes,weight loss,coughing,weight loss,weight loss
dog,german shepherd,4.5,30.6,no previous conditions,weakness,coughing,diarrhea,drooping wings,coughing
dog,boxer,13.1,18.1,skin conditions history,nosebleed,trauma,mild weakness,nose picking,dry air
dog,bulldog,5.1,23.3,skin conditions history,vomiting,kick,weakness,raised growth or bump,anorexia
dog,german shepherd,6.4,29.4,dental issues,forthy eye,torticollis,weakness,swelling,emaciation
dog,german shepherd,6.4,29.0,not vaccinated,crusting of the skin,ulcerated skin,hair loss,darkened skin,dandruff
dog,poodle,7.7,5.5,parasite history,fever,fever,vomiting,lethargy,weakness
dog,yorkshire terrier,5.9,5.9,chronic illness,lethargy,bloody diarhhea,pain,pain,sneezing
dog,bulldog,4.0,22.9,skin conditions history,anorexia,sneezing,distended stomach,coughing,weight loss
dog,german shepherd,10.4,37.0,allergies,severe kerititis,anorexia,weight loss,sneezing,weight loss
dog,yorkshire terrier,4.9,8.7,chronic illness,pain,weight loss,ruminal stasis,coughing,urine retention
dog,bulldog,3.1,17.7,recent surgery,fever,chronic eye inflamation,poor appetite,lethargy,neurologic abnormalities
dog,yorkshire terrier,10.6,9.2,not vaccinated,fever,diarrhea,swelling,weight loss,pain
dog,mixed breed,2.5,17.1,recent surgery,anorexia,sneezing,fever,heat,loss of appetite
dog,rottweiler,5.9,25.3,skin conditions history,death,uteria inertia,malpresentation,pains,fetopelvic dispropotion
dog,rottweiler,6.6,40.8,dental issues,sneezing,experiencing changes in weight,weakness,weight loss,anorexia
dog,rottweiler,1.2,32.7,skin conditions history,weight loss,vomiting,coughing,pain,pain
dog,rottweiler,1.5,33.2,previous heart condition,loss of appetite,diarrhea,ruffled feathers,weight loss,inability to absorb nutrients
dog,mixed breed,0.8,14.9,recent surgery,fever,reduce growth,kid moratality,weakness,dullness
dog,labrador retriever,10.8,33.6,dental issues,sneezing,vomiting,diarrhea,unilateral nasal discharge,weight loss
dog,bulldog,9.8,23.3,parasite history,fever,diarrhea,abdominal pain,stiffness,severe weekness and depression
dog,beagle,5.7,27.1,recent surgery,strong cough,runny nose,darkened skin,lethargy,loss of appettite
dog,mixed breed,10.6,10.4,chronic illness,rhinitis,pneumonia,abscessess,torticollis,septicemia
dog,bulldog,2.8,14.4,allergies,watery diarrhea dispropotion,sick,corneal ulceration,loss of appetite,death
dog,beagle,8.6,24.2,vaccinated,fever,scratches,diarrhea,weight loss,depression
dog,mixed breed,7.8,35.8,previous heart condition,vomiting,anorexia,lethargy,fever,coughing
dog,boxer,9.0,24.0,previous kidney disease,loss of eye,wattles,weakness,vomiting,vomiting
dog,labrador retriever,13.6,44.4,not vaccinated,gasping,coughing,mild weakness,droopy wings,twisted neck
dog,rottweiler,5.9,36.1,recent surgery,sneezing,pain,rapid heartbeats,fever,uncharacteristic hiding
dog,rottweiler,11.7,25.9,parasite history,coughing,vomiting,weakness,discharge,fever
dog,labrador retriever,8.7,34.1,parasite history,sneezing,vomiting,fever,diarrhea,anorexia
dog,labrador retriever,13.5,30.8,no previous conditions,coughing,sneezing,vomiting,weakness,lethargy
dog,labrador retriever,10.1,37.1,no previous conditions,vomitting,fever,anorexia,fever,diarrhea
dog,golden retriever,7.9,41.3,previous kidney disease,vomiting,sneezing,vomiting,undernutrition,fever
dog,mixed breed,9.3,38.7,vaccinated,vomiting,pain,excessive eye watering,fever,nostrils
dog,poodle,8.1,3.5,parasite history,red skin,loss of appetite,moist,lameness,pains
dog,mixed breed,13.6,25.2,chronic illness,fever,uncharacteristic hiding,depression,dehydration,stopped eat
dog,german shepherd,5.1,39.1,previous kidney disease,swelling,heat,flank,pain,nasal discharge
dog,poodle,11.1,6.8,not vaccinated,fever,fever,dull,sneezing,vomiting
dog,german shepherd,14.8,25.7,dental issues,foul smelling,diarrhea,colic,bloody discharge,blood clots
dog,yorkshire terrier,7.1,5.3,no previous conditions,sneezing,weakness,fever,anorexia,fever
dog,rottweiler,9.7,39.7,vaccinated,inability to stand,diarrhea,bottle jaw,pot belly,dry hair coat
dog,yorkshire terrier,10.4,4.9,no previous conditions,fever,weakness,morbidity,anorexia,diarrhea
dog,golden retriever,9.7,37.7,chronic illness,restlessness,kick,lethargy,nible at their wool,scratching
dog,boxer,11.7,28.5,not vaccinated,immediate death,difficulty in breathing,blue colored lip,bloody discharge,neurologic abnormalities
dog,beagle,3.0,15.8,vaccinated,allergic reaction,poor appetite,coughing,weight loss,distended chest
dog,mixed breed,12.8,31.9,previous heart condition,swelling on thebody,lllthrift,weight loss,skin lesion,lameness
dog,golden retriever,13.1,33.0,skin conditions history,death,uteria inertia,fetopelvic dispropotion,fast breathing,pains
dog,boxer,9.3,15.0,previous kidney disease,coughing,weight loss,weakness,fever,sluggish
dog,golden retriever,4.6,32.1,skin conditions history,coughing,anorexia,weight loss,deability,diarrhea
dog,labrador retriever,14.6,44.1,previous heart condition,gasping,coughing,mild weakness,droopy wings,twisted neck
dog,labrador retriever,6.7,40.9,parasite history,pain,fever,anorexia,vomiting,dullness
dog,beagle,7.2,15.0,dental issues,weakness,weakness,weight loss,vomiting,fever
dog,rottweiler,12.1,26.1,chronic illness,reduce reproductive potential,loss of milk production,sloughing of the tail,fever,agalactia
dog,bulldog,9.2,15.4,vaccinated,fever,difficulty breathing,coughing,lethargy,sneezing
dog,german shepherd,4.9,31.7,not vaccinated,lethargy,weight loss,vomiting,sneezing,diarrhea
dog,yorkshire terrier,1.0,10.0,previous heart condition,swelling on leg,painfull,poor appetite,broken bones,nasal discharge
dog,bulldog,3.1,18.8,allergies,fever,loss of  appetite,lession on the skin,lethargy,joint pain
dog,mixed breed,0.9,8.9,allergies,fever,difficulty in breathing,lethargy,death,pains
dog,labrador retriever,1.1,32.8,skin conditions history,swelling of internal organs,fatigue,abortion at the end of gestation,join pains,weak calves
dog,beagle,4.9,23.1,skin conditions history,anorexia,pain,vomiting,coughing,weakness
dog,beagle,6.7,28.9,recent surgery,runny nose,darkened skin,lethargy,strong cough,loss of appettite
dog,poodle,8.3,4.0,no previous conditions,fever,pain,emaciation,berberi,pain
dog,labrador retriever,1.5,32.5,recent surgery,stand with head droping,pain,weakness,weakness,blooody fluid
dog,mixed breed,9.2,27.7,not vaccinated,most often none,sneezing,nasal discharge,dyspnea,pain
dog,rottweiler,8.1,28.6,recent surgery,tear production,anversion to light,bluish white opacity,blindness,pains
dog,mixed breed,5.5,38.9,dental issues,scartch,high moratality,coughing,anorexia,sneezing
dog,mixed breed,10.9,22.5,chronic illness,weight loss,coughing,vomiting,vomiting,weakness
dog,mixed breed,11.8,9.8,recent surgery,fever,diarrhea,poor appetite,weight loss,vomitting
dog,mixed breed,7.9,29.6,previous kidney disease,lethargy,anorexia,weakness,pain,weakness
dog,german shepherd,15.0,39.1,skin conditions history,coughing,sneezing,weakness,coughing,sick
dog,yorkshire terrier,12.2,8.8,skin conditions history,uteria inertia,pains,fetopelvic dispropotion,death,malpresentation
dog,yorkshire terrier,5.5,4.8,no previous conditions,diarrhea,polydipsa,undernutrition,weakness,incoordination
dog,german shepherd,12.9,23.4,parasite history,fever,dyspnea,coughing,weakness,anorexia
dog,poodle,9.3,5.8,allergies,weight loss,eye ulcer,anorexia,lethargy,coughing
dog,german shepherd,8.1,30.8,no previous conditions,eventually death,coughing,weight loss,vomiting,lethargy
dog,bulldog,9.8,17.8,chronic illness,egg production decreases,stunted growth,blindness,distinctive bumps,facial swelling
dog,mixed breed,15.0,29.5,allergies,lethargy,sneezing,lesions in the nasal cavity,coughing,anorexia
dog,labrador retriever,4.4,31.9,allergies,pain,pain,weight loss,weakness,anorexia
dog,golden retriever,5.5,45.0,not vaccinated,anorexia,coughing,lethargy,fever,dyspnea
dog,yorkshire terrier,1.1,9.5,previous heart condition,nasal discharge,poor appetite,swelling on leg,broken bones,painfull
dog,bulldog,14.9,29.1,recent surgery,lesion,pain,sores on lower leg and teats,sores on lip,infection
dog,yorkshire terrier,2.5,7.6,dental issues,fever,dysentery,swelling,immediate death,pain
dog,mixed breed,10.3,12.3,chronic illness,apathy,depression,dilation of duodenum,cloacal pasting,congestion
dog,bulldog,7.5,19.3,previous kidney disease,scaly patches of skin,sore,scabs,scartch,hair loss
dog,yorkshire terrier,13.2,8.0,allergies,loss of appetite,fever,depression,pains,loss of appetite
dog,labrador retriever,4.2,38.4,no previous conditions,distended stomach,loss of appetite,firm,vomiting,nausea
dog,poodle,10.2,7.4,dental issues,diarrhea,pain,pain,fever,diarrhea
dog,yorkshire terrier,5.9,4.0,allergies,fetopelvic dispropotion,uteria inertia,malpresentation,death,pains
dog,german shepherd,5.8,36.9,parasite history,weakness,swelling of udder,fever,lethargy,coughing
dog,german shepherd,14.2,30.7,skin conditions history,skin infection,secondary infection,coughing,depression,shaking oh head
dog,rottweiler,1.5,30.1,previous heart condition,loss of appetite,diarrhea,ruffled feathers,weight loss,inability to absorb nutrients
dog,poodle,2.5,5.5,recent surgery,weakness,diarrhea,fever,dandruff in cat coat,pain
dog,labrador retriever,9.4,45.0,not vaccinated,abortion on late pregancy,stillbirth,retained placenda,endomeritis,decrease appetite
dog,poodle,2.7,3.9,dental issues,scabs,deability,weakness,lethargy,diarrhea
dog,bulldog,6.0,23.2,not vaccinated,fever,loss of appetite,lameness,rump,weight loss
dog,beagle,6.1,26.2,recent surgery,darkened skin,lethargy,runny nose,strong cough,loss of appettite
dog,german shepherd,5.2,30.5,not vaccinated,pain and bloating,coughing,loss of earing,discharge from eye,vomiting
dog,mixed breed,1.3,10.1,not vaccinated,stop eating,stop drinking,pains,change their normal behaviour,diarrhea
dog,beagle,14.6,30.0,no previous conditions,stop eating,stop drinking,change their normal behaviour,lameness,pains
dog,german shepherd,9.9,33.1,dental issues,fever,sick,abdonormal discomfort,edema,vomiting
dog,bulldog,3.8,29.1,recent surgery,anorexia,urine dribbling,vomiting,facial swelling,puffed_up feather
dog,golden retriever,4.6,43.5,vaccinated,weakness,stiffness,trembling,white mark on the muscle,loss of vitamin e
dog,yorkshire terrier,13.9,5.8,vaccinated,poor wool,loss of appetite,lameness,small size,poor body condition
dog,german shepherd,15.0,32.2,previous kidney disease,diarrhea,vomiting,anorexia,pain,lethargy
dog,boxer,3.6,14.3,previous heart condition,facial swelling,bloody drool,abdominal pain,unable to eat,lossened teeth
dog,mixed breed,12.4,18.8,recent surgery,black on ear,weakness,salivating,blister,ulcerated ear
dog,bulldog,7.4,16.4,previous kidney disease,weight loss,pain,coughing,lethargy,fever
dog,german shepherd,5.1,32.5,allergies,weight loss,coughing,pain,lethargy,coughing
dog,rottweiler,3.5,45.0,previous kidney disease,fever,convulsion,sudden death,urine retention,weight loss
dog,mixed breed,6.3,17.2,skin conditions history,hyperexcitability,muscular spasms,gums,death,pains
dog,german shepherd,5.9,30.4,skin conditions history,fever,diarrhea,vomiting,weight loss,dehydration
dog,poodle,4.7,3.9,allergies,vomiting,pain,vomiting,diarrhea,lethargy
dog,german shepherd,1.3,41.6,recent surgery,diarrhea,tarry stool,ulcers,poor appetite,enlarged lymph nodes
dog,yorkshire terrier,2.9,3.9,no previous conditions,uteria inertia,malpresentation,death,pains,fetopelvic dispropotion
dog,german shepherd,13.8,33.3,previous heart condition,radip onset,weight loss,consistency of milk,sneezing,pain
dog,labrador retriever,10.0,34.1,not vaccinated,decrease in milk production,stomach  cramps,swollen abdomen,short term lethargy,vomiting
dog,beagle,2.3,19.3,recent surgery,inappentence,diarrhea,tremors of the head,dehydration,weight loss
dog,mixed breed,3.1,24.7,chronic illness,decreased milk,holding limbs off the ground,weight loss,lameness,wool production
dog,golden retriever,6.0,38.2,chronic illness,lethargy,pain,facial swelling,vomiting,high body temperature
dog,beagle,10.1,15.0,skin conditions history,weight loss,weight loss,walking problem,lethargy,pain
dog,labrador retriever,11.9,34.9,vaccinated,anorexia,anorexia,lethargy,diarrhea,weight loss
dog,beagle,15.2,26.3,previous kidney disease,stop eating,stop drinking,change their normal behaviour,lameness,pains
dog,yorkshire terrier,7.7,4.7,skin conditions history,stop eating,stop drinking,change their normal behaviour,weight loss,pains
dog,labrador retriever,8.4,26.9,previous heart condition,weakness,diarrhea,weakness,sneezing,ruffled feathers
dog,rottweiler,9.1,25.9,allergies,vomiting,weakness,anorexia,diarrhea,lethargy
dog,bulldog,12.8,30.0,allergies,unable to eat,vomiting,coughing,anorexia,ulcer on gum
dog,rottweiler,8.0,25.3,not vaccinated,abdominal destention,weight loss,pains,neck paralysis,balance problem
dog,yorkshire terrier,11.8,8.3,no previous conditions,fever,weakened legs,los of the ability to walk,weight loss,lameness
dog,beagle,9.2,22.8,parasite history,weakness,sneezing,fever,fever,anorexia
dog,mixed breed,11.5,29.9,previous heart condition,anorexia,sneezing,anorexia,pain,coughing
dog,german shepherd,2.4,36.7,chronic illness,difficulty in feeding,abdominal pain,vomiting,watery diarrhea dispropotion,weakness
dog,boxer,5.2,18.2,recent surgery,diarrhea with muscus,tensemus,watery stool,flatulence,pains
dog,labrador retriever,3.7,34.1,allergies,jaundice,pulmonary congestion,hemoglobinuria,hemolytic anemia,fever
dog,rottweiler,7.6,25.8,not vaccinated,fever,difficulty in breathing,rub,coughing,sneezing
dog,bulldog,4.9,25.8,no previous conditions,pain,gasping for air,vomiting,anorexia,vomiting
dog,rottweiler,7.9,25.6,allergies,fever,depression,attack,bite other animals,pain
dog,poodle,9.7,8.3,dental issues,diarrhea,fever,anorexia,diarrhea,overweight
dog,labrador retriever,6.7,32.3,vaccinated,sneezing,pain,lethargy,weight loss,weight loss
dog,mixed breed,0.5,40.0,parasite history,anorexia,mild colic,lack of appetite,vomiting,weight loss
dog,rottweiler,12.6,45.0,recent surgery,fever,pain,lethargy,weight loss,vomiting
dog,boxer,0.5,26.9,chronic illness,weakness,sneezing,pain,fever,coughing
dog,rottweiler,5.2,39.7,previous heart condition,difficulty in breathing,neurologic abnormalities,immediate death,bloody discharge,blue colored lip
dog,rottweiler,2.9,30.1,recent surgery,weight loss,diarrhea,anorexia,pain,weight loss
dog,yorkshire terrier,5.1,8.6,dental issues,decreased milk,holding limbs off the ground,weight loss,lameness,wool production
dog,golden retriever,4.7,37.5,no previous conditions,lethargy,fever,coughing,dyspnea,anorexia
dog,rottweiler,5.3,34.5,no previous conditions,stand with head droping,sneezing,vomiting,fever,diarrhea
dog,bulldog,13.7,21.8,dental issues,sneezing,folded ears,anorexia,lethargy,weakness
dog,yorkshire terrier,10.8,5.4,previous kidney disease,fever,pain,anorexia,pain,diarrhea
dog,german shepherd,9.2,29.4,recent surgery,fever,difficulty breathing,thrist and urination,weight loss,enlarged lymph nodes or swelling
dog,boxer,12.6,22.3,not vaccinated,stunted growth,vomiting,diarrhea,discomfort,fetopelvic dispropotion
dog,german shepherd,6.1,26.3,skin conditions history,weight loss,diarrhea,fever,vomiting,dehydration
dog,bulldog,8.9,15.0,dental issues,diarrhea,vomiting,pain,severe inflammation,diarrhea
dog,beagle,7.7,16.3,skin conditions history,swollen left abdomen,lying down,staggering,urination,extension of neck
dog,labrador retriever,6.8,29.0,chronic illness,vomiting,bloody diarrhea,lethargy,dehydration,anorexia
dog,golden retriever,6.2,43.1,recent surgery,lethargy,inability of swalllon feeding,vomiting,fever,drooping ears
dog,bulldog,13.4,17.2,chronic illness,difficulty in feeding,preening,weakness,beak overgrowth,anemia
dog,yorkshire terrier,3.9,3.4,parasite history,sneezing,pain,vomiting,weakness,lethargy
dog,rottweiler,11.1,31.2,vaccinated,vomiting,pain,lethargy,weight loss,weight loss
dog,rottweiler,8.7,36.4,no previous conditions,increased passing gas,crusty eye lashes and matting of eyelashes,eye redness,frequent eye infections,foul smelling stools
dog,poodle,1.9,6.8,no previous conditions,lepatomegaly,swollen,splenomegaly,shaking oh head,vomiting
dog,german shepherd,1.3,32.5,no previous conditions,diarrhea,coughing,diarrhea,diarrhea,weight loss
dog,rottweiler,7.9,38.5,chronic illness,coughing,sneezing,weakness,enlargement of bones,coughing
dog,bulldog,9.0,19.0,no previous conditions,fever,pneumonia,congestion,lethargy,nasal discharge
dog,poodle,12.0,6.2,allergies,lethargy,diarrhea,pain,weakness,diarrhea
dog,bulldog,8.8,15.1,not vaccinated,fever,difficulty breathing,coughing,lethargy,sneezing
dog,beagle,16.0,24.8,not vaccinated,lack of coordination,facial paralysis,salivation,depression,fever
dog,yorkshire terrier,13.4,5.1,previous kidney disease,fever,pox lession on skin,skin reashes,nasal discharge,mortality varies
dog,yorkshire terrier,5.0,4.5,previous kidney disease,diarrhea,anorexia,coughing,sneezing,diarrhea
dog,bulldog,10.7,30.0,dental issues,muscles ache,pain,anorexia,pain,weight loss
dog,german shepherd,5.3,36.3,dental issues,coughing,sneezing,malaise,diarrhea,weakness
dog,bulldog,0.7,18.1,skin conditions history,poor growth,short stature,enlargement of bones,weigth bearing long bones,lameness
dog,german shepherd,9.0,29.2,chronic illness,fetopelvic dispropotion,malpresentation,uteria inertia,pains,death
dog,mixed breed,9.8,30.6,skin conditions history,pain,sneezing,dyspnea,nasal discharge,most often none
dog,boxer,11.6,28.3,no previous conditions,coughing,inflammed eye,fever,depression,limping
dog,german shepherd,13.5,36.1,skin conditions history,fever,lethargy,weakness,lethargy,vomiting
dog,golden retriever,6.6,32.8,parasite history,anorexia,lethargy,stomach  cramps,pain,diarrhea
dog,bulldog,9.7,15.1,vaccinated,fever,difficulty breathing,coughing,lethargy,sneezing
dog,poodle,10.0,3.4,parasite history,coughing,anaemia,diarrhea,weight loss,upset stomach
dog,boxer,13.9,29.2,not vaccinated,blood in urine,diarrhea,vomiting,lethargy,bleeding in eye and skin
dog,mixed breed,12.8,15.0,parasite history,lesions in the nasal cavity,lesions on nose,vomiting,noisy breathing,lesions on nose
dog,rottweiler,1.2,41.9,allergies,weight loss,weakness,coughing,lethargy,weight loss
dog,labrador retriever,2.0,38.3,skin conditions history,death,bottle jaw,oxygen defiency,malpresentation,listless
dog,boxer,3.5,16.3,allergies,pain,weakness,coughing,coughing,anorexia
dog,yorkshire terrier,5.3,3.3,parasite history,nausea,hair tining,fever,weakness,coughing
dog,german shepherd,13.5,37.4,recent surgery,coughing,fever,pains,tiredness,diarrhea
dog,labrador retriever,9.2,26.0,parasite history,hemopytsis,diarrhea,asymptomatic,death,epistaxis
dog,boxer,4.7,17.2,recent surgery,flatulence,watery stool,tensemus,pains,diarrhea with muscus
dog,poodle,12.4,5.7,no previous conditions,stiffness,swollen lymph nodes,anorexia,weight loss,dry air
dog,golden retriever,4.0,37.2,chronic illness,dyspnea,difficulty in breathing,coughing,lethargy,nasal discharge
dog,golden retriever,2.9,25.0,parasite history,nible at their wool,lethargy,anorexia,weakness,weight loss
dog,boxer,1.8,19.9,parasite history,lethargy,sneezing,weight loss,diarrhea,anorexia
dog,boxer,1.9,20.3,not vaccinated,production of mucus,cough,anorexia,sneezing,sneezing
dog,german shepherd,1.8,29.6,vaccinated,coughing,vomiting,fluffed feathers,lethargy,anorexia
dog,golden retriever,1.7,33.7,skin conditions history,pain,diarrhea,pain,weight loss,hardness
dog,boxer,11.3,21.6,chronic illness,coughing,anorexia,weakness,most often none,sneezing
dog,german shepherd,8.6,40.2,previous kidney disease,flabby,lethargy,fever,weight loss,discharge from eyes
dog,golden retriever,2.9,39.1,previous kidney disease,tiredness,weight loss,distended stomach,weakness,lethargy
dog,labrador retriever,12.0,27.4,dental issues,pain,fever,anorexia,anorexia,pain
dog,mixed breed,6.1,5.9,vaccinated,nasal discharge,tiredness,swelling,fever,drooling
dog,beagle,2.5,21.7,recent surgery,inappentence,diarrhea,tremors of the head,dehydration,weight loss
dog,rottweiler,6.4,28.2,allergies,diarrhea,weakness,anorexia,pain,despression
dog,yorkshire terrier,4.4,9.2,dental issues,yellow in beak,weakness,tail_bobbing,heavy breathing,sleeping excessively
dog,beagle,9.2,22.9,skin conditions history,difficult in walking,fever,pain,excess salivary,wound lesion
dog,yorkshire terrier,11.3,5.6,parasite history,sneezing,oral lesion,pain,los of the ability to walk,diarrhea
dog,german shepherd,9.3,41.0,parasite history,weight loss,lethargy,weight loss,sneezing,fever
dog,golden retriever,8.3,34.8,dental issues,anorexia,weight loss,chest pain,fever,diarrhea
dog,bulldog,2.7,18.1,previous kidney disease,fever,diarrhea,coughing,lethargy,blue eye
dog,bulldog,5.5,17.6,vaccinated,convulsion,fever,trembling,distress,staggering
dog,rottweiler,2.7,29.6,allergies,coughing,anorexia,vomiting,diarrhea,anorexia
dog,boxer,9.2,16.9,chronic illness,anorexia,shallow breathing,pain,sneezing,pain
dog,boxer,12.8,18.3,skin conditions history,nose picking,trauma,mild weakness,nosebleed,dry air
dog,boxer,3.5,24.5,not vaccinated,fever,difficulty in breathing,rub,coughing,sneezing
dog,rottweiler,1.6,38.5,recent surgery,abortion,mummification,stillbirth,weak kids,pain
dog,boxer,15.0,24.7,dental issues,fever,sneezing,skin irritation,nosebleeds,weight loss
dog,bulldog,1.6,25.9,skin conditions history,legness,paresis,coughing,weight loss,shortness of breath
dog,yorkshire terrier,1.5,3.8,recent surgery,fever,difficulty breathing,thrist and urination,lethargy,sneezing
dog,boxer,9.6,22.6,dental issues,pyrexia,oral lesion,swelling,lameness,death
dog,boxer,3.3,13.6,not vaccinated,swelling of udder,change in milk,swollen,tender to touch,pain
dog,mixed breed,7.2,7.4,parasite history,grinding teeth,undigested in their feces,weight loss,anorexia,anorexia
dog,golden retriever,6.0,31.2,previous kidney disease,lethargy,weight loss,weight loss,vomiting,pain
dog,yorkshire terrier,11.5,3.3,allergies,dullness,fever,dullness,skin rashes,pains
dog,poodle,7.9,5.2,not vaccinated,anorexia,vomiting,anorexia,weight loss,pain
dog,bulldog,5.8,25.0,previous kidney disease,greenish-yellow nasal discharge,lack of pigmentation,sneezing,lethargy,pain on face
dog,boxer,13.4,22.3,recent surgery,changed gait,vomiting,lethargy,sneezing,diarrhea
dog,yorkshire terrier,0.5,6.1,chronic illness,fever,pain,diarrhea,discharge,diarrhea
dog,beagle,5.9,27.9,skin conditions history,fever,excession salivation,abnormal conformation,ulcerated muscle,ulcerated ear
dog,german shepherd,10.6,27.3,previous heart condition,egg production stops,broody behavior,loss of appetite,weight loss,constipation
dog,golden retriever,2.1,45.0,chronic illness,weakness,sneezing,swollen,lethargy,fell unwell
dog,golden retriever,13.5,40.6,vaccinated,weakness,weakness,pain,darkened skin,vomiting
dog,golden retriever,14.2,37.0,dental issues,fetopelvic dispropotion,uteria inertia,fast breathing,death,pains
dog,poodle,6.5,6.9,parasite history,coughing,anorexia,lack of vocalizations,anorexia,pain
dog,boxer,14.9,14.6,no previous conditions,fever,tachypea,swelling of head and neck,anorexia,nasal discharge
dog,boxer,2.2,20.4,skin conditions history,rapid heart rate,lethargy,vomiting,lethargy,anorexia
dog,rottweiler,13.8,26.8,parasite history,diarrhea,fever,facial defects,pain,sneezing
dog,yorkshire terrier,10.9,7.9,previous kidney disease,crusty eye lashes and matting of eyelashes,weakness,lethargy,diarrhea,sneezing
dog,poodle,11.5,6.9,skin conditions history,lethargy,weight loss,anorexia,vomiting,weight loss
dog,german shepherd,12.2,23.3,dental issues,weakness,dyspnea,fever,coughing,anorexia
dog,poodle,6.4,5.5,vaccinated,fever,regurgitation of food,weakness,diarrhea,sneezing
dog,labrador retriever,15.0,35.3,not vaccinated,infected navels,sneezing,pain,sneezing,distended stomach
dog,rottweiler,9.6,42.4,dental issues,coughing,weakness,weight loss,coughing,fever
dog,beagle,7.1,26.7,allergies,coughing,sneezing,coughing,fever,pain
dog,golden retriever,4.8,31.7,skin conditions history,diarrhea,occular discharge,watery faeces,coughing,vomiting
dog,bulldog,4.2,26.4,recent surgery,vomiting,eye ulcer,berberi,pain,weakness
dog,beagle,2.5,27.4,recent surgery,fever,loss of appetite,swollen teats,lameness in affected leg,depression
dog,german shepherd,2.6,32.6,chronic illness,unable to exercise,difficulty breathing,fever,eye and skin change,poor appetite
dog,mixed breed,8.6,12.9,skin conditions history,facial edema,dyspnea,conjuctivtis,weakness,pharyngitis
dog,poodle,5.1,3.6,previous heart condition,fever,fever,anorexia,fever,weakness
dog,golden retriever,10.1,42.0,chronic illness,fatty stool,diarrhea,vomiting,weight loss,pain
dog,beagle,7.7,30.0,skin conditions history,lethargy,coughing,gasping,vomiting,dizziness and fainting
dog,german shepherd,4.2,32.2,allergies,fetopelvic dispropotion,uteria inertia,malpresentation,death,pains
dog,poodle,2.4,5.4,allergies,weakness,lethargy,stopped eat,weight loss,weakness
dog,poodle,9.4,4.3,dental issues,fever,weight loss,blue colored lip,fever,weight loss
dog,yorkshire terrier,2.3,5.4,dental issues,behaviour change,sneezing,discharge from eyes,fever,weight loss
dog,german shepherd,10.4,36.6,no previous conditions,diarrhea,labored breathing,lethargy,weight loss,weakness
dog,german shepherd,1.4,37.7,no previous conditions,vomiting,vomiting,ruffled coat,anorexia,tiredness
dog,bulldog,7.3,28.2,allergies,haemorrhage,straw colored,abdominal pain,death,carcass decomposes
dog,rottweiler,5.7,31.3,no previous conditions,anorexia,coughing,labored breathing,depression,dyspnea
dog,boxer,0.9,20.0,no previous conditions,fever,nasal discharge,relunctance to move,salivation,depression
dog,mixed breed,1.8,29.7,chronic illness,eye discharges,lameness,high body temperature,change their normal behaviour,nasal discharge
dog,labrador retriever,12.4,29.9,parasite history,diarrhoea,emaciation,loss in weight,loss of appetite,weakness
dog,golden retriever,4.9,42.4,previous kidney disease,pain,coughing,fever,weight loss,weight loss
dog,bulldog,0.7,17.1,vaccinated,poor growth,short stature,enlargement of bones,lameness,weigth bearing long bones
dog,german shepherd,1.0,31.7,no previous conditions,poor wool,loss of appetite,lameness,small size,poor body condition
dog,mixed breed,6.7,7.8,previous kidney disease,flatulence,diarrhea with muscus,tensemus,pains,nose bleeds
dog,beagle,9.1,23.1,skin conditions history,fever,wound lesion,excess salivary,difficult in walking,pain
dog,german shepherd,6.7,32.1,previous kidney disease,weight loss,sneezing,weight loss,fever,pain
dog,golden retriever,6.3,33.2,skin conditions history,vomiting,wheezing,pain,diarrhea,anorexia
dog,bulldog,7.5,22.8,skin conditions history,anorexia,anorexia,vomiting,vomiting,holding limbs off the ground
dog,mixed breed,6.8,30.6,recent surgery,diarrhea,lethargy,weight loss,weight loss,anorexia
dog,yorkshire terrier,4.6,8.6,parasite history,groosly enlarged,skin may thicken,convulsion,edematous,pains
dog,german shepherd,4.7,36.8,no previous conditions,vomiting,weakness,coughing,weight loss,weakness
dog,bulldog,14.1,25.8,vaccinated,fever,anorexia,weakness,fever,diarrhea
dog,german shepherd,9.7,36.5,recent surgery,lethargy,difficulty in breathing,coughing,dyspnea,nasal discharge
dog,mixed breed,2.6,15.3,allergies,vomiting,weight loss,anorexia,sneezing,eye and skin change
dog,boxer,9.3,15.0,not vaccinated,labored breathing,lethargy,lethargy,anorexia,vomiting
dog,bulldog,0.7,15.7,vaccinated,poor growth,short stature,enlargement of bones,lameness,weigth bearing long bones
dog,bulldog,15.0,16.3,allergies,weakness,ruffled coat,weakness,wool production,fever
dog,labrador retriever,4.4,33.5,no previous conditions,nausea,loss of appetite,vomiting,firm,distended stomach
dog,mixed breed,8.1,17.2,skin conditions history,inflammation,diarrhea,fever,diarrhea,diarrhea
dog,poodle,8.1,7.0,parasite history,discharge,lethargy,round patches,lethargy,pain
dog,mixed breed,2.8,21.8,dental issues,lameness,holding limbs off the ground,wool production,decreased milk,weight loss
dog,golden retriever,14.7,34.6,dental issues,fetopelvic dispropotion,uteria inertia,fast breathing,death,pains
dog,rottweiler,4.8,39.4,allergies,attempt to urinate,vomiting,anorexia,anorexia,sneezing
dog,labrador retriever,8.3,37.3,chronic illness,weakness,weakness,fever,weakness,pain
dog,yorkshire terrier,13.7,6.4,vaccinated,swelling on jaw,larynx,swelling,neck vein swelling,hoarseness
dog,bulldog,4.2,32.3,not vaccinated,vomiting,bloody diarrhea,lethargy,dehydration,anorexia
dog,rottweiler,11.4,26.6,skin conditions history,lesions in the nasal cavity,lesions on nose,nose bleeds,noisy breathing,lesions on nose
dog,rottweiler,7.7,27.2,allergies,depression,pain,fever,bite other animals,attack
dog,german shepherd,5.6,27.5,dental issues,neck paralysis,pains,abdominal destention,weight loss,balance problem
dog,german shepherd,10.8,37.0,parasite history,sneezing,sneezing,weight loss,fever,diarrhea
dog,yorkshire terrier,7.6,7.2,chronic illness,weakness,watery eyes,coughing,diarrhea,weight loss
dog,poodle,4.1,9.4,dental issues,facial paralysis,diarrhea,anorexia,blood in stool,coughing
dog,german shepherd,15.0,38.6,skin conditions history,stamping and pedding of hind eye,weight loss,pain,vomiting,coughing
dog,yorkshire terrier,11.8,4.9,previous heart condition,fever,pox lession on skin,nasal discharge,skin reashes,mortality varies
dog,poodle,13.1,4.2,no previous conditions,weight loss,weight loss,weakness,liver disease,short term lethargy
dog,labrador retriever,0.5,33.2,skin conditions history,pain,weakness,scratching,coughing,vomiting
dog,poodle,12.8,3.2,previous heart condition,eye redness,frequent eye infections,crusty eye lashes and matting of eyelashes,foul smelling stools,increased passing gas
dog,german shepherd,5.6,38.5,no previous conditions,pain,loss of wariness,diarrhea,sneezing,weight loss
dog,bulldog,0.5,30.0,not vaccinated,jaw is dropped,weakness,weakness,weight loss,anorexia
dog,poodle,7.8,8.3,previous kidney disease,weakness,weight loss,weight loss,fever,vomiting
dog,bulldog,8.1,27.7,parasite history,fever,inflamed nostrils,diarrhea,pain,enlarged skulls
dog,beagle,2.2,26.9,parasite history,normal appetite,diarrhea,swelling may occur under jaw,weight loss,drop in milk production
dog,mixed breed,1.5,28.8,no previous conditions,nosebleed,trauma,mild weakness,nose picking,dry air
dog,yorkshire terrier,5.6,5.9,dental issues,fever,anorexia,anorexia,anorexia,swelling  in the bite area
dog,boxer,4.4,30.0,parasite history,sneezing,weakness,fever,diarrhea,anorexia
dog,yorkshire terrier,14.7,5.8,recent surgery,forthy eye,swelling,weakness,torticollis,emaciation
dog,labrador retriever,7.9,31.4,chronic illness,coughing,anorexia,lethargy,sneezing,anorexia
dog,mixed breed,0.5,30.7,recent surgery,upset stomach,lethargy,sneezing,lethargy,fever
dog,boxer,0.5,27.2,no previous conditions,pain,weakness,lethargy,anorexia,fever
dog,labrador retriever,11.6,40.6,recent surgery,limping,raw,flabby,sensitive to touch,skin colour change
dog,german shepherd,11.6,29.1,vaccinated,egg production stops,constipation,loss of appetite,broody behavior,weight loss
dog,beagle,8.2,28.5,not vaccinated,fever,weight loss,coughing,rectal bleeding,vomiting
dog,mixed breed,11.7,14.0,parasite history,dullness,stained wool,dirty,tail shaking,foul smelling
dog,boxer,9.4,26.0,dental issues,swelling on leg,anorexia,testical pain,coughing,fever
dog,beagle,9.4,24.5,parasite history,pain,stop eating,lethargy,"bumps(black,grey or red)",coughing
dog,poodle,5.7,7.1,parasite history,rapid pulse and heart rates,lethargy,thrist and urination,pain,vomiting
dog,boxer,5.2,21.5,parasite history,anorexia,weakness,fever,diarrhea,diarrhea
dog,golden retriever,10.1,41.8,no previous conditions,fetopelvic dispropotion,uteria inertia,malpresentation,death,pains
dog,golden retriever,12.4,30.0,vaccinated,fever,respiratory distress,mucous discharge,reduce feed,weight gain
dog,bulldog,9.1,21.4,skin conditions history,fever,diarrhea,depression,scratches,weight loss
dog,bulldog,13.9,24.4,not vaccinated,swelling,week legs,willnot run to jump,pain on leg,limping
dog,yorkshire terrier,13.1,7.6,no previous conditions,fever,weakened legs,los of the ability to walk,weight loss,lameness
dog,poodle,9.2,8.4,previous heart condition,vomiting,weight loss,sneezing,yellow eye,sneezing
dog,yorkshire terrier,0.5,4.9,parasite history,diarrhea,weight loss,lethargy,pain,abortion
dog,yorkshire terrier,4.6,7.0,no previous conditions,weight loss,weakness,coughing,anorexia,lesions
dog,bulldog,14.0,18.9,recent surgery,lethargy,anorexia,anorexia,diarrhea,coughing
dog,boxer,0.9,16.1,previous kidney disease,partial paralysis,staggering as drunk,self mutilation,acting aggressive,acting unnaturally tame
dog,bulldog,7.0,23.4,chronic illness,lethargy,painfull to touch,sneezing,weight loss,pain
dog,yorkshire terrier,10.4,6.6,vaccinated,sneezing,lethargy,lethargy,diarrhea,fever
dog,golden retriever,9.2,30.2,parasite history,fluif faeces on blood and muscle,sudden death,blooody fluid,red diarrhea,faeces are streake with blood
dog,beagle,1.3,17.1,dental issues,tremor,viability,coughing,anorexia,weight loss
dog,poodle,9.4,7.4,no previous conditions,weight loss,diarrhea,pain,diarrhea,weight loss
dog,labrador retriever,7.8,37.1,no previous conditions,fever,inflammed eye,sneezing,depression,limping
dog,beagle,11.1,24.1,allergies,bloody discharge,fever,diarrhea,recumbency,diarrhea
dog,boxer,0.5,16.3,vaccinated,milk reduce,vomiting,sneezing,scartching ear,lesions on nose
dog,poodle,5.4,4.0,chronic illness,lethargy,weakness,tremor,uncharacteristic hiding,fever
dog,labrador retriever,3.4,44.8,previous kidney disease,fever,fever,aggressiveness,weakness,poor appetite
dog,golden retriever,12.7,44.7,skin conditions history,fever,anorexia,excess sleeping,anorexia,weakness
dog,german shepherd,11.8,30.5,recent surgery,weakness,weight loss,weight loss,anorexia,fever
dog,golden retriever,12.0,32.3,dental issues,vomiting,lethargy,weakness,fever,vomiting
dog,rottweiler,3.8,25.0,no previous conditions,lethargy,scartching ear,anorexia,weakness,weight loss
dog,beagle,7.2,26.4,not vaccinated,diarrhea,weight loss,pain,anorexia,anorexia
dog,boxer,0.5,23.3,parasite history,facial muscle twitching,coughing,coughing,pain,vomiting
dog,beagle,5.6,15.0,parasite history,pain,diarrhea,pain,sneezing,anemia
dog,beagle,5.5,27.7,dental issues,weight loss,vomiting,joint pain,diarrhea,diarrhea
dog,labrador retriever,5.3,34.4,no previous conditions,weight loss,weakness,anorexia,lethargy,fever
dog,boxer,14.9,15.4,no previous conditions,fever,tachypea,swelling of head and neck,anorexia,nasal discharge
dog,golden retriever,6.8,37.4,not vaccinated,pain,vomiting,coughing,pain,diarrhea
dog,golden retriever,5.2,40.1,allergies,lethargy,weakness,vomiting,pain,weakness
dog,labrador retriever,2.6,41.3,skin conditions history,oedema,swelling of neck,swelling of face or leg,pain,weight loss
dog,boxer,4.1,16.0,previous heart condition,vomiting,vomiting,diarrhea,vomiting,weight loss
dog,labrador retriever,1.7,42.9,recent surgery,fever,chronic eye inflamation,poor appetite,lethargy,neurologic abnormalities
dog,rottweiler,0.8,38.4,previous kidney disease,short term lethargy,loss of  appetite,weekness in the back legs,rapid heart rate,week pulse
dog,poodle,8.6,9.7,previous kidney disease,weight loss,weight loss,fever,diarrhea,lethargy
dog,golden retriever,8.6,30.8,parasite history,fluif faeces on blood and muscle,sudden death,blooody fluid,red diarrhea,faeces are streake with blood
dog,golden retriever,8.4,35.3,no previous conditions,stop eating,stop drinking,change their normal behaviour,depression,pains
dog,poodle,12.5,6.2,skin conditions history,fever,coughing,disharge from affected eye,diarrhea,anorexia
dog,mixed breed,8.2,15.7,no previous conditions,coughing,sores on lip,hoarseness,weakness,vomiting
dog,rottweiler,12.4,39.9,not vaccinated,poor immune function,achomotrica,dehydration,death,pains
dog,beagle,9.1,15.9,no previous conditions,malpresentation,death,uteria inertia,fetopelvic dispropotion,pains
dog,poodle,7.6,3.9,parasite history,eye discharges,diarrhea,lethargy,bleeding from other parts of the body,coughing
dog,mixed breed,11.3,24.8,dental issues,fever,fever,weight loss,diarrhea,swollen
dog,german shepherd,1.0,27.2,no previous conditions,lameness,loss of appetite,poor wool,poor body condition,small size
dog,boxer,4.5,22.0,recent surgery,sneezing,undigested seeds,pain,pain,hyperesthesia
dog,yorkshire terrier,2.5,3.0,dental issues,acting aggressive,endomeritis,weight loss,pain,weight loss
dog,poodle,2.0,7.0,no previous conditions,lepatomegaly,splenomegaly,vomiting,swollen,shaking oh head
dog,mixed breed,6.1,27.9,previous heart condition,lacrimation,diarrhea,dullness,coughing,seizures
dog,boxer,7.2,21.7,recent surgery,weakness,sneezing,watering of eyes,fever,diarrhea
dog,golden retriever,3.0,25.0,allergies,weight loss,lethargy,sores on lip,sleeping excessively,pain
dog,golden retriever,1.6,34.3,not vaccinated,weight loss,lethargy,vomiting,vomiting,weight loss
dog,boxer,3.2,17.1,not vaccinated,anorexia,anorexia,weight loss,anorexia,regurgitation of food
dog,rottweiler,5.3,29.9,no previous conditions,lethargy,sneezing,fever,hot udder,weight loss
dog,beagle,9.0,27.8,no previous conditions,pain,weakness,vomiting,edematous,coughing
dog,beagle,4.7,21.1,recent surgery,anorexia,vomiting,fever,weight loss,weakness
dog,golden retriever,2.2,39.4,previous heart condition,vomiting,weakness,weakness,pain,vomiting
dog,bulldog,12.1,27.4,skin conditions history,vomiting,coughing,fever,sneezing,coughing
dog,boxer,8.6,18.7,no previous conditions,forthy eye,coughing,sneezing,diarrhea,coughing
dog,mixed breed,6.9,22.5,parasite history,weight loss,weakness,fever,lethargy,vomiting
dog,yorkshire terrier,6.3,4.1,skin conditions history,fetopelvic dispropotion,uteria inertia,malpresentation,death,pains
dog,yorkshire terrier,8.1,8.0,previous kidney disease,anorexia,thirst,fever,fever,weakness
dog,rottweiler,1.5,37.2,parasite history,fever,weakness,diarrhea,stealing,weakness
dog,labrador retriever,11.5,42.4,skin conditions history,fetopelvic dispropotion,uteria inertia,malpresentation,death,pains
dog,beagle,8.2,17.5,skin conditions history,swollen left abdomen,lying down,staggering,urination,extension of neck
dog,german shepherd,11.6,40.2,chronic illness,coughing,diarrhea,coughing,anorexia,fever
dog,labrador retriever,1.2,25.0,parasite history,weight loss,pain,sneezing,weakness,weight loss
dog,boxer,2.1,27.9,parasite history,bleeding from other parts of the body,confusion,nasal discharge,loss of alertness,dizziness and fainting
dog,labrador retriever,12.9,34.7,previous kidney disease,weight loss,diarrhea,vomiting,pain,decrease appetite
dog,golden retriever,3.5,43.9,previous heart condition,lethargy,fever,sluggish,sneezing,pain
dog,yorkshire terrier,6.8,4.1,no previous conditions,anorexia,pain,weight loss,anorexia,weakness
dog,yorkshire terrier,12.6,5.5,recent surgery,forthy eye,torticollis,weakness,swelling,emaciation
dog,mixed breed,7.0,26.9,chronic illness,anorexia,weakness,anorexia,fever,sneezing
dog,bulldog,3.6,20.3,not vaccinated,anorexia,fever,loss in weight,pain,sneezing
dog,labrador retriever,13.1,34.4,recent surgery,restlessness,weakness,blue straws,death,pain
dog,german shepherd,14.5,36.4,parasite history,loss of appetite,diarrhea,swollen purple wattle,swollen comb,lameness
dog,boxer,8.7,23.9,chronic illness,vomiting,weight loss,diarrhea,weakness,weight loss
dog,golden retriever,1.8,38.8,not vaccinated,fever,dysentery,swelling,immediate death,pain
dog,yorkshire terrier,2.9,3.9,no previous conditions,fetopelvic dispropotion,uteria inertia,malpresentation,death,pains
dog,beagle,10.4,27.0,not vaccinated,mortality varies,weight loss,coughing,animal become lame,weakness
dog,golden retriever,7.7,39.4,not vaccinated,fever,slightly swollen,lession on the skin,milky hard,papules appear on teats anad udder
dog,german shepherd,15.0,26.8,no previous conditions,anorexia,sensitive to touch,sneezing,coughing,pain
dog,mixed breed,0.6,16.5,allergies,fever,reduce growth,kid moratality,weakness,dullness
dog,yorkshire terrier,12.8,3.0,chronic illness,lethargy,anorexia,vomiting,diarrhea,dizziness
dog,boxer,12.8,25.0,recent surgery,fever,inflammed eye,coughing,depression,limping
dog,rottweiler,7.3,30.6,chronic illness,tear production,anversion to light,bluish white opacity,blindness,pains
dog,mixed breed,1.9,40.0,no previous conditions,weakness,coughing,weakness,vomiting,diarrhea
dog,boxer,4.7,15.1,dental issues,lethargy,sloughing of the tail,fever,coughing,weight loss
dog,boxer,13.8,16.1,no previous conditions,anorexia,nasal discharge,tachypea,fever,swelling of head and neck
dog,golden retriever,8.4,34.0,parasite history,fever,hyperesthesia,lethargy,lying down,fever
dog,german shepherd,14.9,37.9,dental issues,vomiting,weakness,anorexia,diarrhea,pain
dog,rottweiler,0.9,45.0,allergies,weight loss,anorexia,anorexia,vomiting,tachypea
dog,boxer,11.7,24.6,previous kidney disease,pain,lethargy,weakness,diarrhea,stained wool
dog,labrador retriever,6.3,43.0,vaccinated,diarrhea with muscus,tensemus,watery stool,flatulence,pains
dog,labrador retriever,5.7,31.3,chronic illness,anorexia,animal stop feed,lethargy,pain,vomiting
dog,boxer,4.7,25.8,no previous conditions,fever,difficulty breathing,coughing,eye and skin change,unable to exercise
dog,german shepherd,15.0,45.0,no previous conditions,anorexia,weakness,anorexia,coughing,weight loss
dog,poodle,15.8,8.9,chronic illness,fever,loss of  appetite,coughing,lethargy,joint pain
dog,labrador retriever,15.1,36.1,allergies,fever,diarrhea,coughing,tiredness,pains
dog,german shepherd,0.9,45.0,allergies,fever,diarrhea,muscus,weight loss,death
dog,boxer,14.6,19.6,previous kidney disease,fever,weakened legs,los of the ability to walk,mammary glads,fluif filled blisters
dog,mixed breed,7.4,16.0,skin conditions history,facial edema,dyspnea,conjuctivtis,weakness,pharyngitis
dog,boxer,8.8,22.9,allergies,anorexia,fever,fever,coughing,anorexia
dog,german shepherd,8.4,37.9,parasite history,fever,diarrhea,bloody droping,abdominal discomfort,lethargy
dog,mixed breed,6.8,14.3,allergies,coughing,sneezing,anorexia,coughing,muscle pain
dog,mixed breed,3.8,16.4,vaccinated,weight loss,eye become dull,diarrhea,fever,outstretched neck
dog,boxer,12.9,17.5,skin conditions history,foul breath,bloody drool,facial swelling,lossened teeth,unable to eat
dog,yorkshire terrier,8.9,9.4,not vaccinated,fever,diarrhea,swelling,weight loss,pain
dog,poodle,9.0,7.2,parasite history,anorexia,loss of earing,weakness,fever,sneezing
dog,bulldog,10.1,21.4,no previous conditions,lethargy,headache,inability to fly,diarrhea,pain
dog,bulldog,6.3,15.0,vaccinated,frequent eye infections,discharge from ear,weight loss,sneezing,fever
dog,poodle,1.9,6.6,no previous conditions,lepatomegaly,splenomegaly,vomiting,swollen,shaking oh head
dog,boxer,15.0,26.1,skin conditions history,diarrhea,join pains,foul breath,coughing,anorexia
dog,bulldog,10.9,22.4,previous heart condition,weakness,flabby,sneezing,bloody diarhhea,anorexia
dog,rottweiler,5.4,35.9,parasite history,vomiting,weakness,coughing,sneezing,ulcers
dog,golden retriever,6.6,42.2,previous heart condition,cough,sneeze,droopy wings,twisted neck,droopy wings
dog,labrador retriever,2.9,33.4,chronic illness,radip onset,stiff,muscle trembling,weakness,death
dog,boxer,15.4,18.7,allergies,loss of appetite,depression,overweight,diarrhea,ruffled feathers
dog,mixed breed,5.9,26.1,previous kidney disease,dullness,lacrimation,coughing,diarrhea,seizures
dog,labrador retriever,3.1,41.3,allergies,tail wagging,straining,lethargy,weakness,diarrhea
dog,yorkshire terrier,9.9,7.2,dental issues,deability,coughing,weight loss,weight loss,weight loss
dog,german shepherd,11.4,26.8,previous heart condition,weight loss,constipation,loss of appetite,broody behavior,egg production stops
dog,golden retriever,5.4,41.0,recent surgery,mortality,weight loss,dull ness,vomiting,sneezing
dog,rottweiler,0.7,31.4,skin conditions history,coughing,lethargy,sneezing,diarrhea,lethargy
dog,bulldog,5.5,29.1,previous kidney disease,mucus discharge from the eye,lethargy,fever,anorexia,sneezing
dog,yorkshire terrier,7.8,4.0,previous kidney disease,fever,vomiting,vomiting,pain,weakness
dog,golden retriever,6.6,33.6,recent surgery,anorexia,anorexia,swollen abdomen,pain,diarrhea
dog,yorkshire terrier,2.0,4.7,allergies,anorexia,weakness,coughing,coughing,pain
dog,yorkshire terrier,7.3,9.5,previous kidney disease,lethargy,weight loss,weakness,pain,progressive weakness
dog,boxer,2.0,23.3,parasite history,bleeding from other parts of the body,confusion,nasal discharge,loss of alertness,dizziness and fainting
dog,mixed breed,1.2,5.3,skin conditions history,constant pacing,facial muscle twitching,abnormalalities,blindness,muscle pain
dog,rottweiler,13.9,32.3,not vaccinated,anorexia,diarrhea,vomiting,diarrhea,pain
dog,yorkshire terrier,11.3,9.9,skin conditions history,blood from mouth,diarrhea,coughing,lethargy,weight loss
dog,german shepherd,8.8,42.7,parasite history,lethargy,fever,diarrhea,abdominal discomfort,bloody droping
dog,beagle,6.4,19.6,vaccinated,coughing,pain,coughing,vomiting,sneezing
dog,labrador retriever,13.6,27.9,vaccinated,dejection,loss of appetite,stress,coughing,pains
dog,mixed breed,14.3,20.6,previous kidney disease,weakness,anorexia,fever,anorexia,trauma
dog,bulldog,0.5,30.0,recent surgery,dark colored bloody,weight loss,pain,coughing,pain
dog,rottweiler,0.8,34.6,previous kidney disease,short term lethargy,loss of  appetite,weekness in the back legs,rapid heart rate,week pulse
dog,golden retriever,8.0,33.8,not vaccinated,poor body condition,weight loss,sneezing,diarrhea,vomiting
dog,boxer,1.3,15.7,dental issues,sneezing,fever,bloody discharge,vomiting,weight loss
dog,beagle,2.2,15.0,recent surgery,coughing,pain,weight loss,pain,vomiting
dog,beagle,6.9,19.2,recent surgery,sneezing,weight loss,anorexia,lethargy,cough
dog,german shepherd,4.4,31.0,dental issues,lethargy,weight loss,weakness,greenish-yellow nasal discharge,fever
dog,rottweiler,15.0,35.1,dental issues,fever,diarrhea,diarrhea,unilateral nasal discharge,anorexia
dog,labrador retriever,6.6,29.9,not vaccinated,pain,pyrexia,weight loss,lethargy,vomiting
dog,rottweiler,3.5,27.0,allergies,fever,respiratory distress,weekness in the back legs,hyperesthesia,sudden death
dog,labrador retriever,1.4,43.1,chronic illness,cough,gasping for air,weight loss,gasping for breath,extending its neck
dog,mixed breed,2.3,25.5,no previous conditions,death,despression,uteria inertia,pains,fetopelvic dispropotion
dog,boxer,8.4,17.0,recent surgery,fever,dark colored bloody,incoordination,difficulty in breathing,terminal convulsion
dog,yorkshire terrier,11.5,6.5,not vaccinated,upset stomach,loss of appetite,nause,weight loss,abdonormal pain
dog,mixed breed,5.7,27.1,parasite history,deability,lethargy,vomiting,fever,sneezing
dog,poodle,10.8,7.6,dental issues,pain,difficult in respiration,good appetite,fever,fever
dog,rottweiler,8.1,23.9,allergies,fever,depression,attack,bite other animals,pain
dog,rottweiler,8.5,35.5,recent surgery,weakness,testical pain,weight loss,pain,coughing
dog,poodle,8.7,10.0,recent surgery,vomiting,diarrhea,sneezing,anorexia,bloody discharge
dog,yorkshire terrier,2.6,6.0,chronic illness,difficultty in breathing,jaundice,pain,pain,vomiting
dog,golden retriever,12.2,25.0,skin conditions history,fever,anorexia,fever,weight loss,pain
dog,beagle,9.1,17.3,not vaccinated,fever,diffulty swallowing,excessive drooling,staggering,seizures
dog,mixed breed,4.6,25.6,vaccinated,air sacculitis,halitosis,coughing,enteritis,weight loss
dog,bulldog,0.6,23.7,previous kidney disease,coughing,weight loss,weight loss,facial defects,vomiting
dog,bulldog,4.2,23.2,previous kidney disease,fever,loss of appetite,lameness,rump,weight loss
dog,rottweiler,11.0,28.3,no previous conditions,loss of appetite,diarrhea,ruffled feathers,weight loss,inability to absorb nutrients
dog,golden retriever,12.4,35.8,vaccinated,diarrhea,pain,nible at their wool,diarrhea,weakness
dog,boxer,1.0,17.8,previous heart condition,staggering as drunk,partial paralysis,acting unnaturally tame,self mutilation,acting aggressive
dog,poodle,5.8,4.2,dental issues,vomiting,sneezing,drooping wings,weight loss,twisted neck
dog,golden retriever,0.8,37.7,skin conditions history,bad breath,pawing at the face or nose,cough,sneezing,bleeding from the nose
dog,labrador retriever,1.1,35.0,allergies,fever,abscessess,weight loss,inflamed nostrils,pain
dog,rottweiler,9.1,36.9,recent surgery,fever,depression,small intestines,death,flock moratality
dog,mixed breed,1.5,24.5,dental issues,decreased eyelid,very cold skin,lethargy,lip,fever
dog,yorkshire terrier,14.1,5.5,recent surgery,abdminal pain,indigestion,nausea,diarrhea,constipation
dog,yorkshire terrier,7.3,6.5,recent surgery,haemorrhage,straw colored,abdominal pain,death,carcass decomposes
dog,rottweiler,5.6,45.0,recent surgery,poor coat condition,fever,fatique,infection of the skin,weight loss
dog,rottweiler,8.2,24.7,recent surgery,balance problem,abdominal destention,neck paralysis,weight loss,pains
dog,mixed breed,8.7,19.0,vaccinated,rub,diarrhea,vomiting,weakness,lethargy
dog,yorkshire terrier,14.0,7.9,allergies,fever,depression,loss of appetite,loss of appetite,pains
dog,mixed breed,3.3,13.5,vaccinated,pain,pain,weight loss,anorexia,pain
dog,mixed breed,1.7,40.0,dental issues,dry skin,pawing at the face or nose,pain,weakness,lethargy
dog,beagle,9.1,25.0,skin conditions history,fever,wound lesion,excess salivary,difficult in walking,pain
dog,bulldog,13.1,22.9,allergies,watering diarrhea,depression,emaciation,ruffled coat,lethargy
dog,german shepherd,10.0,42.6,allergies,air sacculitis,halitosis,coughing,enteritis,weight loss
dog,labrador retriever,10.7,35.6,no previous conditions,fever,loss of  appetite,coughing,lameness,swelling of joints
dog,german shepherd,1.7,33.7,no previous conditions,pain,fever,vomiting,decreased stool production,weight loss
dog,poodle,9.5,5.5,previous kidney disease,vomiting,fever,distended chest,weight loss,urination
dog,rottweiler,4.8,38.5,dental issues,muscle stiffness,weakness,small red bumps,lethargy,short stature
dog,yorkshire terrier,5.7,6.1,chronic illness,diarrhea,sneezing,diarrhea,lethargy,weakness
dog,yorkshire terrier,7.6,10.0,not vaccinated,enlarged thymus,obstructed lungs,lethargy,skin rashes,weight loss
dog,boxer,12.8,24.8,parasite history,loss of appetite,vomiting,pain and bloating,experiencing changes in weight,burning ache or pain
dog,boxer,13.2,26.4,previous heart condition,pain,lethargy,lethargy,weakness,smell of ammonia
dog,german shepherd,5.7,45.0,parasite history,pain,sneezing,weak pulse,sneezing,irritation
dog,golden retriever,10.1,35.4,allergies,diarrhea,swollen lymph nodes,diarrhea,distended stomach,coughing
dog,bulldog,11.3,22.7,previous kidney disease,fever,loss of appetite,ear infection,depression,nasal discharge
dog,labrador retriever,11.2,34.5,skin conditions history,pain,weight loss,anorexia,weakness,vomiting
dog,boxer,0.8,15.0,not vaccinated,weakness,coughing,pain,coughing,coughing
dog,golden retriever,9.7,42.2,chronic illness,restlessness,kick,lethargy,nible at their wool,scratching
dog,yorkshire terrier,12.1,8.3,skin conditions history,fetopelvic dispropotion,uteria inertia,malpresentation,death,pains
dog,labrador retriever,5.7,34.0,no previous conditions,fetopelvic dispropotion,uteria inertia,death,pains,malpresentation
dog,labrador retriever,2.8,36.9,skin conditions history,coughing,weight loss,anorexia,pain,weight loss
dog,poodle,11.1,6.3,no previous conditions,sudden death,loss of appetite,rapid heartbeats,fluffed feathers,lack of vocalizations
dog,poodle,9.4,3.8,not vaccinated,skin rashes,stripped remiges,coughing,weakness,fever
dog,beagle,9.7,23.1,previous kidney disease,vomiting,weakness,vomiting,gasc,weight loss
dog,rottweiler,5.8,30.4,allergies,fetopelvic dispropotion,uteria inertia,malpresentation,death,pains
dog,labrador retriever,8.9,37.7,recent surgery,sneezing,pain,anorexia,pain,loss of appettite
dog,poodle,4.4,4.4,allergies,vomiting,anorexia,stomach cramps,lightheadedness,weight loss
dog,poodle,1.1,4.0,dental issues,sneezing,diarrhea,weakness,weakness,weakness
dog,mixed breed,14.5,29.9,no previous conditions,anorexia,weight loss,poor body condition,sneezing,vomiting
dog,rottweiler,5.8,24.6,skin conditions history,weakness,stomach cramps,paresis,paralysis,diarrhea
dog,yorkshire terrier,1.0,10.3,previous heart condition,swelling on leg,painfull,poor appetite,broken bones,nasal discharge
dog,german shepherd,12.1,45.0,recent surgery,weakness,pain,weakness,diarrhea,pain
dog,german shepherd,1.3,38.1,parasite history,poor appetite,diarrhea,ulcers,enlarged lymph nodes,tarry stool
dog,bulldog,11.1,18.7,previous heart condition,consistency of milk,drooling,anorexia,sneezing,listlessness
dog,mixed breed,9.6,40.0,previous kidney disease,thrist and urination,muscle pain,vomiting,diarrhea,fever
dog,boxer,7.3,23.4,allergies,anorexia,lethargy,fever,abnormal conformation,weight loss
dog,labrador retriever,0.5,36.2,parasite history,coughing,stealing,pain,lethargy,anorexia
dog,mixed breed,10.2,11.4,chronic illness,rhinitis,pneumonia,abscessess,torticollis,septicemia
dog,poodle,0.5,4.2,recent surgery,sneezing,pain,coughing,weight loss,anorexia
dog,bulldog,2.7,27.1,previous heart condition,lethargy,anorexia,pain,distended chest,pain
dog,labrador retriever,15.0,37.4,parasite history,swelling,gas,coughing,broken bones,fever
dog,labrador retriever,3.0,32.5,chronic illness,death,weakness,stiff,radip onset,muscle trembling
dog,bulldog,11.5,20.9,not vaccinated,fever,diarrhea,bloody droping,abdominal discomfort,lethargy
dog,bulldog,4.6,26.9,not vaccinated,unable to urinate,lightheadedness,droopiness,rectal bleeding,swollen abdomen
dog,labrador retriever,3.1,35.6,chronic illness,loss of appetite,rapid pulse and heart rates,fever,lameness in affected leg,depression
dog,rottweiler,15.0,32.1,not vaccinated,nesting behaviour,diarrhea,diarrhea,coughing,pain
dog,labrador retriever,5.9,45.0,not vaccinated,diarrhea,sneezing,weakness,coughing,weakness
dog,bulldog,1.7,18.4,skin conditions history,diarrhea,periodic vommiting,vomiting,redness of white of the eye,coughing
dog,bulldog,9.9,16.5,skin conditions history,weight loss,fever,diarrhea,depression,scratches
dog,bulldog,12.5,27.2,no previous conditions,anorexia,anorexia,sneezing,vomiting,pain
dog,mixed breed,9.6,12.2,dental issues,apathy,depression,dilation of duodenum,cloacal pasting,congestion
dog,boxer,0.5,20.2,no previous conditions,white mark on the muscle,diarrhea,pain,sneezing,diarrhea
dog,poodle,2.0,8.9,vaccinated,sneezing,diarrhea,fever,vomiting,fluif filled blisters
dog,mixed breed,7.0,14.3,chronic illness,death,hyperexcitability,muscular spasms,gums,pains
dog,rottweiler,11.0,38.9,allergies,lepatomegaly,splenomegaly,vomiting,swollen,shaking oh head
dog,bulldog,5.9,17.0,skin conditions history,fever,fever,fever,sneezing,weight loss
dog,yorkshire terrier,8.0,3.5,no previous conditions,trembling,stiffness,white mark on the muscle,loss of vitamin e,weakness
dog,labrador retriever,7.0,32.3,no previous conditions,weight loss,vomiting,anorexia,sneezing,vomiting
dog,german shepherd,13.4,37.7,recent surgery,fever,diarrhea,coughing,tiredness,pains
dog,bulldog,11.3,22.3,previous kidney disease,fever,loss of appetite,ear infection,depression,nasal discharge
dog,bulldog,4.3,24.8,skin conditions history,sores on lip,infection,sores on lower leg and teats,lesion,pain
dog,german shepherd,5.5,33.2,recent surgery,thirst,loss of appetite,ruffled feathers,diarrhea,closed eyes
dog,mixed breed,2.9,22.7,vaccinated,pain,weight loss,weakness,signs in rams,dry skin
dog,boxer,7.4,20.4,no previous conditions,vomiting,foul smelling,weight loss,pain,pain
dog,german shepherd,0.8,35.9,skin conditions history,blurry vision,watery eyes,dizziness and fainting,excessive blood loss,slow growth
dog,beagle,8.2,21.8,no previous conditions,weakness,diarrhea,tremors,weight loss,vomiting
dog,bulldog,0.5,18.5,previous heart condition,fever,weakness,anorexia,flat ribs,flatulence
dog,poodle,5.0,5.3,not vaccinated,extreme thirst,pain,hydrophobia,pain,weight loss
dog,beagle,13.0,26.5,recent surgery,ulcers,back pain,tarry stool,enlarged lymph nodes,diarrhea
dog,poodle,2.8,5.5,not vaccinated,jaundice,loss of appetite,rough hair coat,coughing,death
dog,beagle,11.1,28.4,parasite history,coughing,dry or tacky gums,weakness,pain,vomiting
dog,yorkshire terrier,7.4,6.5,dental issues,pain,swollen lymph nodes,swelling,weight loss,fever
dog,golden retriever,6.6,44.4,not vaccinated,loss of appetite,thirst,ruffled feathers,closed eyes,diarrhea
dog,bulldog,6.0,21.6,chronic illness,weight loss,carcass decomposes,inability to stand,weakness,pain
dog,golden retriever,6.5,45.0,chronic illness,coughing,excess sleeping,lethargy,anorexia,diarrhea
dog,mixed breed,3.2,23.1,dental issues,sneezing,lethargy,anversion to light,torticollis,lethargy
dog,labrador retriever,9.6,28.5,vaccinated,loss in weight,emaciation,loss of appetite,weakness,diarrhoea
dog,boxer,1.7,30.3,previous heart condition,fever,difficulty breathing,enlarged lymph nodes or swelling,thrist and urination,weight loss
dog,labrador retriever,15.0,42.1,allergies,fever,red and inflammation ear,weight loss,lethargy,diarrhea
dog,german shepherd,6.1,33.6,allergies,fever,sneezing,green dropping,fever,weakness
dog,rottweiler,2.3,25.0,parasite history,difficulty breathing,fever,sneezing,coughing,lethargy
dog,yorkshire terrier,3.2,7.0,vaccinated,firm,coughing,fever,lethargy,excessive eye watering
dog,german shepherd,5.6,35.4,chronic illness,stillbirth,pain,abortion,weak kids,mummification
dog,beagle,7.2,26.8,recent surgery,difficulty moving and eating,sneezing,vomiting,anorexia,head tilt
dog,poodle,2.9,6.0,not vaccinated,coughing,rough hair coat,death,loss of appetite,jaundice
dog,labrador retriever,11.6,25.0,recent surgery,diarrhea,pain,sneezing,lethargy,vomiting
dog,beagle,2.3,21.7,no previous conditions,normal appetite,diarrhea,swelling may occur under jaw,weight loss,drop in milk production
dog,german shepherd,4.6,31.0,previous kidney disease,vomiting,pain,coughing,weakness,signs in ewe
dog,boxer,10.3,26.1,previous heart condition,diarrhea,anorexia,tender to touch,weight loss,anorexia
dog,labrador retriever,4.3,35.1,previous heart condition,epistaxis,pain,pain,lethargy,septic arthritis
dog,german shepherd,12.5,31.4,dental issues,fetopelvic dispropotion,uteria inertia,malpresentation,death,pains
dog,bulldog,7.9,28.3,not vaccinated,fever,diarrhea,enteritis,weight loss,stomach  cramps
dog,german shepherd,2.7,27.1,chronic illness,fever,difficulty breathing,poor appetite,eye and skin change,unable to exercise
dog,labrador retriever,12.2,34.4,previous kidney disease,sneezing,diarrhea,lethargy,lack of coordination,weight loss
dog,poodle,13.5,3.0,skin conditions history,lethargy,pain,blue eye,coughing,fever
dog,bulldog,10.3,17.4,previous heart condition,fever,weakened legs,los of the ability to walk,mammary glads,fluif filled blisters
dog,rottweiler,5.8,31.1,chronic illness,weakness,coughing,pain,fever,pain
dog,poodle,8.7,4.0,recent surgery,weakness,abdominal destention,weight loss,gums,nesting behaviour
dog,german shepherd,2.7,37.1,allergies,vaginal discharge,sneezing,pain,coughing,vomiting
dog,rottweiler,5.9,38.3,allergies,coughing,lethargy,anorexia,vomiting,diarrhea
dog,golden retriever,5.2,28.5,recent surgery,pain,coughing,pain,lethargy,weight loss
dog,yorkshire terrier,5.3,7.5,dental issues,decreased milk,holding limbs off the ground,weight loss,lameness,wool production
dog,mixed breed,2.1,11.7,vaccinated,sneezing,undigested seeds,lethargy,lethargy,vomiting
dog,german shepherd,9.4,41.4,previous heart condition,vomiting,pain,pain,coughing,lethargy
dog,labrador retriever,5.3,27.4,recent surgery,diphtherictic,lethargy,raised growth or bump,weakness,sneezing
dog,bulldog,11.6,26.6,previous heart condition,diarrhea,weight loss,fever,coughing,lethargy
dog,labrador retriever,13.0,39.4,parasite history,diarrhea,sneezing,anorexia,anorexia,weakness
dog,rottweiler,1.8,38.7,no previous conditions,coughing,fever,weight loss,vomiting,willnot run to jump
dog,boxer,12.5,25.3,parasite history,pain,lethargy,fever,join pains,lethargy
dog,german shepherd,4.9,37.7,recent surgery,loss of appetite,thirst,ruffled feathers,closed eyes,diarrhea
dog,rottweiler,4.2,28.2,allergies,anorexia,feline infections,fever,vomiting,fever
dog,beagle,8.8,30.0,previous kidney disease,sleeping excessively,diarrhea,anorexia,appetite,diarrhea
dog,german shepherd,2.8,28.9,chronic illness,fever,difficulty breathing,poor appetite,eye and skin change,unable to exercise
dog,labrador retriever,0.5,25.0,previous heart condition,eye disharge,vomiting,erythema,lethargy,weight loss
dog,rottweiler,13.5,34.7,previous kidney disease,diarrhea,clouded cornea,sneezing,blue colored lip,fever
dog,mixed breed,8.5,5.3,parasite history,anorexia,vomiting,decreased growth of bone,seizuers,diarrhea
dog,mixed breed,10.3,5.0,previous kidney disease,pain,distress,weakness,lethargy,lethargy
dog,boxer,0.9,26.5,chronic illness,swollen,milk getting out more watery,hot udder,red-colored,milk getting out more thick
dog,german shepherd,12.6,31.4,recent surgery,pains,stop eating,stop drinking,change their normal behaviour,lameness
dog,poodle,0.5,8.2,parasite history,lethargy,pain,weakness,lethargy,pain
dog,beagle,0.9,19.2,not vaccinated,fever,loss of appetite,scartches,death,pains
dog,rottweiler,8.0,41.4,allergies,weakness,weight loss,sneezing,mouth lesion,sneezing
dog,poodle,14.1,5.9,chronic illness,weakness,weight loss,stealing,weight loss,fever
dog,yorkshire terrier,8.0,11.3,not vaccinated,enlarged thymus,obstructed lungs,lethargy,skin rashes,weight loss
dog,rottweiler,3.0,32.9,skin conditions history,pain,weakness,itchiness,pain,pain
dog,german shepherd,13.9,26.4,parasite history,weight loss,lesions on ear,diarrhea,sneezing,pain
dog,rottweiler,14.6,38.9,chronic illness,confusion,nasal discharge,dizziness and fainting,loss of alertness,bleeding from other parts of the body
dog,mixed breed,11.5,15.9,skin conditions history,weight loss,scartching ear,weight loss,lethargy,vomiting
dog,bulldog,11.7,20.5,vaccinated,lethargy,anorexia,lossened teeth,sneezing,fever
dog,mixed breed,3.9,34.7,allergies,anorexia,rubbing eye,paresis,fever,diarrhea
dog,rottweiler,11.7,45.0,previous kidney disease,lepatomegaly,swollen,vomiting,splenomegaly,shaking oh head
dog,poodle,8.9,9.9,not vaccinated,anorexia,diarrhea,anorexia,fever,weakness
dog,poodle,13.6,3.0,chronic illness,diarrhea,sneezing,anorexia,pox lesion,weight loss
dog,poodle,10.7,4.5,vaccinated,fever,willnot run to jump,weight loss,weakness,pain
dog,bulldog,13.3,20.0,vaccinated,vomiting,shallow breathing,pain,shivering,weight loss
dog,german shepherd,9.9,43.5,vaccinated,diarrhea,fever,lethargy,coughing,weakness
dog,labrador retriever,11.9,32.3,previous heart condition,vomiting,weight loss,morbidity,fever,beak overgrowth
dog,german shepherd,1.9,37.3,previous kidney disease,diarrhea,fever,weight loss,weight loss,pain
dog,bulldog,4.2,20.8,no previous conditions,weakness,pain,sneezing,sneezing,lack of vocalizations
dog,yorkshire terrier,9.9,6.9,parasite history,fever,weightloss,dyspnea,coughing,lethargy
dog,rottweiler,3.1,45.0,recent surgery,diarrhea,acting unnaturally tame,sore,anorexia,weakness
dog,rottweiler,3.0,37.8,vaccinated,coughing,pain,anorexia,fever,weight loss
dog,boxer,0.9,26.5,chronic illness,puffed_up feather,seizures,headache,half-closed eye,less eat
dog,rottweiler,9.5,42.4,recent surgery,apathy,depression,dilation of duodenum,cloacal pasting,congestion
dog,poodle,9.1,7.7,no previous conditions,fever,fever,coughing,skin colour change,discharge from ear
dog,german shepherd,3.9,41.8,skin conditions history,fever,loss of  appetite,reduce energy,lameness,swelling of joints
dog,labrador retriever,10.6,44.5,not vaccinated,abortion on late pregancy,stillbirth,retained placenda,endomeritis,decrease appetite
dog,mixed breed,11.9,25.5,recent surgery,nible at their wool,sneezing,weight loss,anorexia,diarrhea
dog,bulldog,9.4,27.8,no previous conditions,fever,loss of  appetite,coughing,lethargy,joint pain
dog,boxer,14.8,18.2,dental issues,overweight,depression,loss of appetite,ruffled feathers,diarrhea
dog,german shepherd,1.3,32.0,previous kidney disease,vomiting,anorexia,sneezing,weight loss,sneezing
dog,mixed breed,5.6,26.1,no previous conditions,vomiting,weight loss,pain,inflammation,weakness
dog,beagle,7.7,27.6,skin conditions history,puffed_up feather,weight loss,diarrhea,fever,diarrhea
dog,golden retriever,9.8,27.1,recent surgery,fever,respiratory distress,mucous discharge,reduce feed,weight gain
dog,yorkshire terrier,4.1,7.3,chronic illness,nosebleed,fever,fever,coughing,inability to stand
dog,rottweiler,8.7,37.2,recent surgery,apathy,depression,dilation of duodenum,cloacal pasting,congestion
dog,mixed breed,9.9,22.3,skin conditions history,fever,anorexia,fever,fever,sneezing
dog,german shepherd,8.7,37.3,recent surgery,swollen lymph nodes,difficulty walking,watery stool,lethargy,vaginal discharge
dog,golden retriever,0.8,37.2,skin conditions history,bad breath,pawing at the face or nose,cough,sneezing,bleeding from the nose
dog,yorkshire terrier,11.9,5.5,dental issues,dribbling of saliva,fever,moist and painfull,inability of swalllon feeding,difficulty in breathing
dog,yorkshire terrier,11.5,8.3,previous kidney disease,vomiting,vomiting,anorexia,coughing,weakness
dog,golden retriever,2.9,42.3,parasite history,sudden death,seizuers,hyperesthesia,respiratory distress,fever
dog,bulldog,4.4,24.7,previous kidney disease,fever,diarrhea,vomiting,stomach cramps,nausea
dog,poodle,2.9,5.3,not vaccinated,jaundice,loss of appetite,rough hair coat,coughing,death
dog,rottweiler,6.5,29.4,vaccinated,pains,pawing at bedding,stealing,isolation from flock,nesting behaviour
dog,bulldog,6.3,24.7,vaccinated,fever,loss of appetite,lameness,rump,weight loss
dog,boxer,10.0,26.7,dental issues,weight loss,fever,production of mucus,coughing,paresis
dog,rottweiler,8.1,30.8,not vaccinated,sneezing,lethargy,diarrhea,vomiting,oedema
dog,poodle,3.2,4.8,previous kidney disease,lethargy,anorexia,half-closed eye,dirty,lethargy
dog,poodle,3.6,4.4,vaccinated,coughing,fever,vomiting,depression,vomiting
dog,bulldog,11.5,19.8,no previous conditions,paresis,paralysis,weakness,stomach cramps,diarrhea
dog,yorkshire terrier,11.9,4.1,previous kidney disease,pox lession on skin,fever,skin reashes,mortality varies,nasal discharge
dog,labrador retriever,11.4,34.9,parasite history,weight loss,weakness,lethargy,coughing,anorexia
dog,golden retriever,8.8,30.0,chronic illness,continuous loss of weight,sneezing,fever,pain,pain
dog,yorkshire terrier,8.7,5.8,previous heart condition,diarrhea,pain,vomiting,occular discharge,fever
dog,beagle,7.6,22.7,dental issues,coughing,weakness,lethargy,fever,anorexia
dog,boxer,3.8,18.1,no previous conditions,unable to eat,lossened teeth,bloody drool,facial swelling,abdominal pain
dog,german shepherd,13.8,28.7,recent surgery,production of mucus,"facial swelling,",coughing,fatigue,panting
dog,golden retriever,2.4,31.3,skin conditions history,fluif faeces on blood and muscle,sudden death,blooody fluid,red diarrhea,faeces are streake with blood
dog,german shepherd,5.8,26.2,not vaccinated,hair loss,dandruff,darkened skin,crusting of the skin,ulcerated skin
dog,boxer,2.3,15.0,chronic illness,sneezing,diarrhea,coughing,vomiting,diarrhea
dog,bulldog,7.0,22.8,previous heart condition,diarrhea,vomiting,pain,weight loss,vomiting
dog,rottweiler,8.7,26.4,vaccinated,coughing,difficulty in breathing,fever,sneezing,rub
dog,golden retriever,9.6,45.0,no previous conditions,weight loss,coughing,facial edema,eye discharges,fever
dog,labrador retriever,7.2,25.3,previous heart condition,bluish white opacity,aversion to light,tear produce,blindness,weakness
dog,boxer,2.7,24.2,skin conditions history,lesions in the nasal cavity,lesions on nose,nose bleeds,noisy breathing,lesions on nose
dog,mixed breed,6.5,13.2,skin conditions history,death,muscular spasms,hyperexcitability,gums,pains
dog,poodle,2.7,5.5,previous kidney disease,fever,anorexia,production of mucus,weakness,anorexia
dog,golden retriever,2.8,33.7,no previous conditions,pain,appetite,ruffled coat,pain,viability
dog,boxer,10.2,23.3,skin conditions history,diarrhea,vomiting,vomiting,lethargy,pain
dog,bulldog,2.5,18.4,dental issues,rhinitis,pain,anorexia,changes in outer layer skin,weight loss
dog,labrador retriever,6.4,31.0,skin conditions history,diarrhea,facial defects,fever,vomiting,anorexia
dog,german shepherd,8.7,43.1,recent surgery,lethargy,weakness,diarrhea,pain,lack of pigmentation
dog,beagle,2.3,20.2,recent surgery,inappentence,tremors of the head,weight loss,diarrhea,dehydration
dog,golden retriever,2.2,39.1,no previous conditions,anorexia,lethargy,coughing,anorexia,anorexia
dog,yorkshire terrier,5.4,8.2,not vaccinated,anorexia,lethargy,weakness,diarrhea,anorexia
dog,rottweiler,0.5,31.1,not vaccinated,papules appear on teats anad udder,weight loss,air sacculitis,weakness,anorexia
dog,golden retriever,6.6,40.2,previous heart condition,droopy wings,droopy wings,cough,twisted neck,sneeze
dog,boxer,1.0,18.3,not vaccinated,diarrhea,diarrhea,weakness,diarrhea,weight loss
dog,german shepherd,15.0,42.2,no previous conditions,fever,lethargy,fatigue,lame,sneezing
dog,labrador retriever,7.9,32.3,vaccinated,anorexia,weakness,weight loss,vomiting,weakness
dog,rottweiler,6.9,34.8,previous heart condition,thick crusting,anorexia,weight loss,lying on the side,weight loss
dog,german shepherd,10.5,33.4,recent surgery,dyspnea,difficulty in breathing,coughing,lethargy,nasal discharge
dog,rottweiler,1.6,38.6,parasite history,beak overgrowth,sweating,diarrhea,half-closed eye,weakness
dog,german shepherd,8.7,45.0,no previous conditions,bubbles in the mouth,sneezing,lethargy,pain,pain
dog,mixed breed,5.0,6.4,previous kidney disease,reluctant move,loss of appetite,lameness,death,weakness
dog,poodle,11.3,4.4,dental issues,lethargy,anorexia,lethargy,sour throat,anorexia
dog,poodle,9.3,5.9,allergies,anorexia,diarrhea,pain,warm,weight loss
dog,poodle,15.0,4.8,skin conditions history,weakness,weight loss,vomiting,vomiting,lethargy
dog,yorkshire terrier,5.8,3.4,skin conditions history,fetopelvic dispropotion,uteria inertia,malpresentation,death,pains
dog,german shepherd,13.6,43.5,previous kidney disease,restlessness,weakness,blue straws,death,pain
dog,bulldog,9.7,25.9,no previous conditions,fever,loss of  appetite,coughing,lethargy,joint pain
dog,labrador retriever,10.0,28.5,parasite history,hemopytsis,diarrhea,asymptomatic,death,epistaxis
dog,poodle,4.6,6.6,vaccinated,coughing,anorexia,loss of eat,weakness,pain
dog,german shepherd,15.0,42.5,previous kidney disease,fever,milk getting out more watery,coughing,lethargy,anorexia
dog,mixed breed,2.0,26.9,parasite history,facial swelling,bloody drool,foul breath,unable to eat,lossened teeth
dog,mixed breed,12.3,33.2,not vaccinated,diarrhea,weakness,coughing,skin colour change,anorexia
dog,labrador retriever,12.6,27.1,chronic illness,fever,diarrhea,abdominal pain,stiffness,severe weekness and depression
dog,poodle,8.9,6.8,vaccinated,fever,death,coughing,dyspnea,anorexia
dog,boxer,3.5,14.5,chronic illness,facial swelling,bloody drool,abdominal pain,unable to eat,lossened teeth
dog,beagle,13.6,29.6,no previous conditions,watering,no appp,vomiting,lethargy,dehydration
dog,rottweiler,13.6,35.0,skin conditions history,lethargy,weight loss,coughing,lethargy,pain
dog,golden retriever,12.9,29.8,recent surgery,gastritis,discharge,respiratory noise,sneezing,pain
dog,beagle,2.3,19.8,recent surgery,diarrhea,weight loss,dehydration,tremors of the head,inappentence
dog,yorkshire terrier,13.3,7.9,no previous conditions,fever,weakened legs,los of the ability to walk,weight loss,lameness
dog,golden retriever,1.8,44.7,parasite history,fever,dysentery,swelling,immediate death,pain
dog,poodle,4.5,6.9,skin conditions history,sneezing,sneezing,diarrhea,throat and ear pain,weakness
dog,boxer,12.9,22.1,previous heart condition,lethargy,sneezing,diarrhea,lethargy,lethargy
dog,yorkshire terrier,2.9,6.7,chronic illness,watering of eyes,diarrhea,lethargy,gas,anorexia
dog,poodle,8.4,4.6,previous kidney disease,weight loss,red tinge,pain,pain,sneezing
dog,golden retriever,3.7,35.9,chronic illness,dyspnea,difficulty in breathing,coughing,lethargy,nasal discharge
dog,poodle,2.7,10.0,skin conditions history,coughing,anorexia,fever,fever,pink eye
dog,poodle,4.1,9.6,not vaccinated,sneezing,pain,pain,weight loss,diarrhea
dog,mixed breed,5.9,11.4,skin conditions history,diarrhea,fever,lethargy,coughing,lethargy
dog,german shepherd,6.0,27.0,not vaccinated,slim over the shell,prostrat,weight loss,anorexia,anorexia
dog,german shepherd,8.0,25.0,previous kidney disease,yellowish discharge,vomiting,weight loss,lethargy,weakness
dog,golden retriever,12.4,45.0,vaccinated,vomiting,weight loss,lethargy,weight loss,weakness
dog,mixed breed,8.3,7.2,no previous conditions,sneezing,lethargy,strong cough,runny nose,loss of appettite
dog,rottweiler,8.4,29.2,dental issues,heavy breathing,yellow in beak,tail_bobbing,weakness,sleeping excessively
dog,rottweiler,9.7,25.0,previous kidney disease,pain,dull ness,fever,weight loss,weakness
dog,mixed breed,6.6,18.4,no previous conditions,diarrhea,pot belly,weight loss,tarry stool,vomiting
dog,german shepherd,9.6,30.1,skin conditions history,fever,nasal discharge,respiratory distress,pox lesion,pain
dog,boxer,4.0,19.0,previous heart condition,lethargy,diarrhea,vomiting,throat and ear pain,walking problem
dog,rottweiler,5.8,43.1,chronic illness,sneezing,diarrhea,anorexia,weight loss,vomiting
dog,german shepherd,14.0,36.2,skin conditions history,pain,coughing,vomiting,iris prolapse,moist
dog,golden retriever,10.2,35.6,allergies,fatty stool,diarrhea,vomiting,weight loss,pain
dog,beagle,5.3,23.4,recent surgery,facial swelling,egg production decreases,stunted growth,blindness,distinctive bumps
dog,yorkshire terrier,12.6,8.8,skin conditions history,fetopelvic dispropotion,uteria inertia,malpresentation,death,pains
dog,poodle,1.2,8.8,dental issues,cessation of eructation,difficulty in breathing,depression,anorexia,colic
dog,mixed breed,9.6,8.8,no previous conditions,fever,weakened legs,los of the ability to walk,weight loss,lameness
dog,labrador retriever,9.0,34.5,not vaccinated,enlarged thymus,obstructed lungs,lethargy,skin rashes,weight loss
dog,bulldog,8.7,24.0,chronic illness,lethargy,pain,anorexia,diarrhea,diarrhea
dog,bulldog,5.7,30.0,parasite history,pain,weight loss,lethargy,diarrhea,weight loss
dog,labrador retriever,10.8,34.7,recent surgery,limping,skin colour change,flabby,raw,sensitive to touch
dog,golden retriever,3.8,33.9,chronic illness,dyspnea,difficulty in breathing,coughing,lethargy,nasal discharge
dog,boxer,3.2,15.4,skin conditions history,swelling of udder,change in milk,swollen,tender to touch,pain
dog,yorkshire terrier,8.6,4.9,previous heart condition,diarrhea,weakness,weakness,pox lession on skin,pain
dog,labrador retriever,2.7,37.5,chronic illness,radip onset,stiff,muscle trembling,weakness,death
dog,labrador retriever,9.3,30.2,allergies,hyperaestesia,coughing,pain,weight loss,sneezing
dog,yorkshire terrier,8.7,6.4,allergies,anorexia,diarrhea,coughing,weight loss,fever
dog,rottweiler,6.9,25.0,vaccinated,weight loss,anorexia,fever,wool is clumped,pains to walk
dog,poodle,4.3,5.1,previous kidney disease,weight loss,lethargy,weakness,vomiting,joint pain
dog,boxer,13.4,13.4,vaccinated,bloody drool,lossened teeth,foul breath,facial swelling,unable to eat
dog,german shepherd,7.9,37.8,parasite history,oedema,diarrhea,weakness,sneezing,sneezing
dog,labrador retriever,6.2,36.4,no previous conditions,fetopelvic dispropotion,uteria inertia,malpresentation,death,pains
dog,mixed breed,4.8,23.3,recent surgery,diarrhea,diarrhea,anorexia,diarrhea,diarrhea
dog,rottweiler,9.3,43.1,no previous conditions,eye redness,frequent eye infections,crusty eye lashes and matting of eyelashes,foul smelling stools,increased passing gas
dog,labrador retriever,8.7,36.6,skin conditions history,fever,inflammed eye,sneezing,depression,limping
dog,bulldog,3.4,19.4,allergies,watery diarrhea dispropotion,sick,corneal ulceration,loss of appetite,death
dog,boxer,3.2,16.2,previous kidney disease,swelling of udder,change in milk,swollen,tender to touch,pain
dog,mixed breed,11.8,22.1,recent surgery,fever,diarrhea,weight loss,coughing,lethargy
dog,bulldog,10.9,17.4,vaccinated,fever,coughing,anorexia,pain,coughing
dog,bulldog,8.0,17.0,skin conditions history,pain,pain,pain,vomiting,weakness
dog,bulldog,2.0,21.0,skin conditions history,extreme thirst,bloody discharge,loss of appetite,inability to fly,loss of wariness
dog,boxer,7.3,27.7,previous kidney disease,watery diarrhea dispropotion,sick,corneal ulceration,loss of appetite,death
dog,german shepherd,0.5,41.9,allergies,sneezing,anorexia,lethargy,mortality,blood in urine
dog,golden retriever,4.9,29.7,vaccinated,anorexia,anorexia,sneezing,vomiting,anorexia
dog,bulldog,13.5,22.9,not vaccinated,limping,willnot run to jump,swelling,week legs,pain on leg
dog,poodle,10.1,9.6,allergies,anorexia,respiratory noise,fever,ruffled feathers,coughing
dog,boxer,7.3,29.7,not vaccinated,anorexia,skin infection,weight loss,weakness,weakness
dog,yorkshire terrier,4.8,7.9,parasite history,decreased milk,holding limbs off the ground,weight loss,lameness,wool production
dog,yorkshire terrier,10.2,9.8,vaccinated,mortality varies,lethargy,egg production decreases,lethargy,lethargy
dog,labrador retriever,9.2,31.5,allergies,coughing,yellowish discharge,chronic eye inflamation,pain,sneezing
dog,poodle,3.1,4.8,skin conditions history,excessive blood loss,dizziness and fainting,blurry vision,watery eyes,slow growth
dog,poodle,12.0,6.6,previous heart condition,coughing,diarrhea,pain,vomiting,diarrhea
dog,beagle,15.0,29.7,chronic illness,rubbing eye,weakness,diarrhea,joint pain,lethargy
dog,mixed breed,9.0,32.3,not vaccinated,most often none,sneezing,nasal discharge,dyspnea,pain
dog,german shepherd,13.1,44.9,previous kidney disease,restlessness,weakness,blue straws,death,pain
dog,yorkshire terrier,8.3,6.8,skin conditions history,weight loss,weakness,swollen comb,vomiting,most often none
dog,labrador retriever,10.1,41.2,chronic illness,fever,pain,anorexia,high moratality,diarrhea
dog,yorkshire terrier,8.0,7.0,not vaccinated,vomiting,neck paralysis,diarrhea,anorexia,coughing
dog,boxer,13.4,15.5,allergies,heat,anorexia,wheezing,diarrhea,anorexia
dog,poodle,10.5,6.5,vaccinated,depression,anorexia,coughing,dyspnea,neurologic sign
dog,beagle,4.7,15.7,allergies,weakness,decreased stool production,distended stomach,heavy breathing,restless movement
dog,mixed breed,9.6,9.3,recent surgery,fever,weakened legs,los of the ability to walk,weight loss,lameness
dog,beagle,12.1,19.3,previous kidney disease,agalactia,tear production,teeth griding,anorexia,muscle pain
dog,yorkshire terrier,9.7,4.4,no previous conditions,lethargy,diarrhea,lethargy,sinuses,coughing
dog,poodle,8.0,3.4,parasite history,pyrexia,oral lesion,swelling,lameness,death
dog,beagle,3.3,15.5,skin conditions history,swollen,testical pain,itches,bloody discharge,tenderness
dog,beagle,8.8,23.7,vaccinated,fever,diarrhea,depression,scratches,weight loss
dog,labrador retriever,11.2,34.5,not vaccinated,pains,malpresentation,uteria inertia,fetopelvic dispropotion,death
dog,rottweiler,4.1,25.0,skin conditions history,lethargy,pain,pain,sneezing,weakness
dog,mixed breed,0.5,40.0,allergies,anorexia,vomiting,weight loss,coughing,gagging
dog,german shepherd,10.4,42.7,previous heart condition,pnemonia,coughing,fever,lethargy,vomiting
dog,boxer,14.0,26.8,dental issues,anorexia,weight loss,speech delay,pain,coughing
dog,bulldog,6.9,18.8,skin conditions history,scartch,scabs,hair loss,scaly patches of skin,sore
dog,poodle,4.5,7.9,not vaccinated,loss od appetite,wheezing,seizuers,skin rashes,fatique
dog,beagle,9.3,16.2,chronic illness,fetopelvic dispropotion,uteria inertia,malpresentation,death,pains
dog,boxer,4.4,23.8,previous heart condition,pain,anorexia,lethargy,weight loss,lethargy
dog,boxer,9.8,24.0,chronic illness,fever,tiredness,headache,skin rashes,pain
dog,german shepherd,10.1,40.6,previous kidney disease,fever,loss of appetite,rapid pulse and heart rates,lameness in affected leg,depression
dog,labrador retriever,15.3,36.1,allergies,tiredness,coughing,fever,pains,diarrhea
dog,labrador retriever,4.3,33.2,no previous conditions,nausea,loss of appetite,firm,distended stomach,vomiting
dog,boxer,6.8,26.4,no previous conditions,weight loss,weakness,diarrhea,vomiting,coughing
dog,boxer,6.3,15.0,chronic illness,lethargy,weight loss,weight loss,feels stiff,weight loss
dog,bulldog,11.6,28.2,recent surgery,swollen,testical pain,itches,bloody discharge,tenderness
dog,beagle,9.0,26.0,chronic illness,stripped remiges,less feather growth,ruffled feathers,defienciency in vitamin,diarrhea
dog,golden retriever,0.8,41.4,parasite history,bad breath,pawing at the face or nose,cough,sneezing,bleeding from the nose
dog,mixed breed,0.9,8.1,allergies,pains,difficulty in breathing,lethargy,fever,death
dog,beagle,5.1,30.0,allergies,weight loss,coughing,sneezing,vomiting,muscle trembling
dog,beagle,11.8,23.4,previous heart condition,pain,hydrophobia,diarrhea,pain,fever
dog,golden retriever,5.9,41.8,previous kidney disease,diarrhea,anorexia,weakness,sneezing,lethargy
dog,mixed breed,8.1,8.0,no previous conditions,strong cough,runny nose,sneezing,lethargy,loss of appettite
dog,golden retriever,2.9,30.0,previous heart condition,weight loss,exercise in tolerance,sneezing,bad smell,sneezing
dog,labrador retriever,11.5,35.3,parasite history,barren ewes,sneezing,pain,vomiting,sneezing
dog,yorkshire terrier,12.4,6.7,no previous conditions,weakened legs,fever,lameness,los of the ability to walk,weight loss
dog,labrador retriever,2.8,34.6,previous heart condition,lethargy,diarrhea,lameness,diarrhea,sneezing
dog,poodle,6.5,6.6,chronic illness,pain,skin rashes,fever,headache,tiredness
dog,mixed breed,1.4,9.5,not vaccinated,change their normal behaviour,diarrhea,stop eating,pains,stop drinking
dog,labrador retriever,14.9,37.4,dental issues,coughing,unilateral nasal discharge,pain,anorexia,weight loss
dog,beagle,6.7,25.6,recent surgery,strong cough,lethargy,darkened skin,loss of appettite,runny nose
dog,golden retriever,13.7,38.5,dental issues,watering diarrhea,depression,emaciation,ruffled coat,lethargy
dog,yorkshire terrier,6.9,6.8,previous heart condition,fever,depression,facial paralysis,lack of coordination,salivation
dog,mixed breed,8.2,40.0,parasite history,sneezing,pain,pain,lethargy,anorexia
dog,boxer,4.4,17.6,parasite history,diarrhea with muscus,tensemus,watery stool,flatulence,pains
dog,golden retriever,2.2,38.6,previous heart condition,lethargy,weight loss,weakness,anorexia,sneezing
dog,german shepherd,12.2,33.8,previous heart condition,vomiting,fever,anorexia,coughing,lethargy
dog,yorkshire terrier,11.1,5.2,vaccinated,malpresentation,fetopelvic dispropotion,uteria inertia,death,pains
dog,poodle,16.2,7.1,chronic illness,fever,loss of  appetite,coughing,lethargy,joint pain
dog,poodle,12.6,5.2,chronic illness,coughing,anorexia,pain,diarrhea,anorexia
dog,golden retriever,1.1,31.3,previous heart condition,fever,respiratory distress,occular discharge,mouth lesion,nasal discharge
dog,yorkshire terrier,15.0,3.0,skin conditions history,sneezing,coughing,anorexia,fever,lethargy
dog,golden retriever,14.8,36.0,dental issues,fast breathing,death,pains,fetopelvic dispropotion,uteria inertia
dog,bulldog,1.7,28.0,skin conditions history,fever,pox lession on skin,skin reashes,nasal discharge,mortality varies
dog,labrador retriever,1.0,27.4,no previous conditions,cessation of eructation,abnormal behaviour,sharp feather,fever,broody behavior
dog,rottweiler,8.0,26.5,dental issues,fever,difficulty in breathing,sneezing,coughing,rub
dog,rottweiler,2.1,21.9,allergies,fever,difficulty breathing,coughing,lethargy,sneezing
dog,mixed breed,13.8,33.4,previous heart condition,lllthrift,skin lesion,lameness,swelling on thebody,weight loss
dog,beagle,4.6,22.8,skin conditions history,egg production decreases,blindness,distinctive bumps,stunted growth,facial swelling
dog,beagle,2.3,18.2,recent surgery,inappentence,diarrhea,tremors of the head,dehydration,weight loss
dog,golden retriever,8.3,22.3,parasite history,fever,uncharacteristic hiding,depression,dehydration,stopped eat
dog,rottweiler,10.8,44.6,previous kidney disease,lepatomegaly,splenomegaly,vomiting,swollen,shaking oh head
dog,bulldog,8.5,16.3,allergies,fever,death,coughing,dyspnea,anorexia
dog,labrador retriever,2.3,39.4,no previous conditions,poor immune function,achomotrica,dehydration,death,pains
dog,bulldog,12.3,17.9,no previous conditions,paresis,paralysis,weakness,stomach cramps,diarrhea
dog,yorkshire terrier,2.6,4.1,no previous conditions,uteria inertia,death,fetopelvic dispropotion,pains,malpresentation
dog,labrador retriever,2.6,36.3,chronic illness,diarrhea,vomiting,weakness,cramps,retarded growth
dog,german shepherd,6.0,34.6,skin conditions history,fever,diarrhea,vomiting,weight loss,dehydration
dog,poodle,5.8,7.6,dental issues,weight loss,anorexia,weakness,lethargy,watering
dog,labrador retriever,11.9,38.4,previous kidney disease,weight loss,pain,coughing,weakness,diarrhea
dog,labrador retriever,10.5,36.0,not vaccinated,abortion on late pregancy,stillbirth,retained placenda,endomeritis,decrease appetite
dog,german shepherd,10.0,29.5,dental issues,fever,diarrhea,swollen abdomen,vomiting,difficulty in breathing
dog,poodle,2.4,4.2,dental issues,runny nose,difficulty in breathing,coughing,weakness,loss of appettite
dog,yorkshire terrier,1.4,3.6,recent surgery,fever,difficulty breathing,thrist and urination,lethargy,sneezing
dog,boxer,11.1,15.0,vaccinated,diarrhea,vomiting,retching,anorexia,lethargy
dog,yorkshire terrier,10.8,7.1,parasite history,lethargy,weightloss,coughing,dyspnea,fever
dog,bulldog,12.7,28.0,allergies,watering diarrhea,depression,emaciation,ruffled coat,lethargy
dog,poodle,1.7,4.7,recent surgery,greenish-yellow nasal discharge,lack of pigmentation,sneezing,lethargy,pain on face
dog,rottweiler,1.5,31.9,dental issues,stealing,gasping,sneezing,loss of powder down,diarrhea
dog,yorkshire terrier,4.5,7.5,not vaccinated,anorexia,pain,diarrhea,coughing,fever
dog,labrador retriever,5.7,37.4,previous kidney disease,sneezing,diarrhea,weakness,pain,weakness
dog,mixed breed,1.5,27.3,skin conditions history,lip,lethargy,very cold skin,fever,decreased eyelid
dog,beagle,8.7,21.1,allergies,weight loss,sneezing,weight loss,weakness,lethargy
dog,german shepherd,14.4,34.8,previous heart condition,loss of appetite,diarrhea,swollen purple wattle,swollen comb,lameness
dog,beagle,14.5,28.7,parasite history,ulcers,diarrhea,back pain,tarry stool,enlarged lymph nodes
dog,golden retriever,3.6,36.5,recent surgery,weakness,vomiting,weight loss,coughing,coughing
dog,golden retriever,2.6,25.0,recent surgery,diarrhea,diarrhea,tiredness,diarrhea,weight loss
dog,golden retriever,1.0,41.9,skin conditions history,lethargy,sneezing,blue straws,sneezing,sneezing
dog,golden retriever,10.3,30.4,recent surgery,weight gain,mucous discharge,fever,reduce feed,respiratory distress
dog,german shepherd,3.2,37.0,allergies,vomiting,anorexia,heavy breathing,vomiting,pain
dog,boxer,5.8,25.0,vaccinated,strong cough,runny nose,sneezing,lethargy,loss of appettite
dog,german shepherd,4.4,31.1,no previous conditions,fetopelvic dispropotion,uteria inertia,malpresentation,death,pains
dog,labrador retriever,8.4,23.8,allergies,no appp,dehydration,lethargy,vomiting,watering
dog,poodle,9.3,3.2,parasite history,upset stomach,diarrhea,coughing,weight loss,anaemia
dog,boxer,1.0,28.9,no previous conditions,puffed_up feather,less eat,headache,half-closed eye,seizures
dog,poodle,15.0,3.9,previous kidney disease,pain,sneezing,reduce reproductive potential,diarrhea,weight loss
dog,poodle,5.9,6.4,dental issues,anorexia,fever,inability to jump,weakness,fever
dog,golden retriever,3.8,35.6,no previous conditions,rapid pulse and heart rates,constant pacing,fever,urination,weight loss
dog,rottweiler,2.2,25.6,parasite history,fever,difficulty breathing,coughing,lethargy,sneezing
dog,yorkshire terrier,8.6,3.6,skin conditions history,anorexia,vomiting,coughing,diarrhea,vomiting
dog,beagle,3.7,15.4,dental issues,lethargy,pain,vomiting,pain,fever
dog,bulldog,3.2,21.7,recent surgery,fever,diarrhea,vomiting,blood from mouth,shock
dog,rottweiler,2.0,44.9,allergies,extending its neck,gasping for air,gasping for breath,difficulty swallowing,gasping for breath
dog,yorkshire terrier,15.0,8.0,previous kidney disease,vomiting,coughing,diarrhea,weakness,sneezing
dog,golden retriever,5.7,35.2,recent surgery,sneezing,weakness,fever,weight loss,loss of appettite
dog,bulldog,7.7,25.5,previous kidney disease,vomiting,week pulse,pain,diarrhea,anorexia
dog,beagle,3.0,15.0,parasite history,sensitivity to bright light,depression,lethargy,production of mucus,anorexia
dog,yorkshire terrier,10.4,7.9,previous kidney disease,fever,anorexia,diarrhea,lethargy,sneezing
dog,yorkshire terrier,12.8,5.6,parasite history,swelling,emaciation,forthy eye,torticollis,weakness
dog,golden retriever,0.5,25.1,vaccinated,joint pain,coughing,staggering as drunk,lethargy,hot joints
dog,labrador retriever,5.8,37.5,allergies,weakness,weakness,skin ulcer,nostrils,sensitive to touch
dog,yorkshire terrier,9.8,7.4,previous kidney disease,weakness,eye redness,excessive eye watering,mucus discharge from the eye,frequent eye infections
dog,boxer,10.1,30.0,skin conditions history,anorexia,weight loss,diarrhea,sneezing,anorexia
dog,rottweiler,11.2,43.8,allergies,foul smelling stools,coughing,diarrhea,pain,diarrhea
dog,rottweiler,2.5,37.0,previous heart condition,tail shaking,pain,difficulty walking,coughing,weight loss
dog,golden retriever,2.6,35.9,allergies,fever,respiratory distress,seizuers,hyperesthesia,sudden death
dog,labrador retriever,5.1,32.6,recent surgery,weakness,apathy,lethargy,weakness,pain
dog,beagle,5.2,19.2,parasite history,liquid dropping,vomiting,oedema,pain,anorexia
dog,golden retriever,4.7,28.5,dental issues,lethargy,sneezing,coughing,pain,tenderness
dog,beagle,2.1,25.0,parasite history,normal appetite,diarrhea,swelling may occur under jaw,weight loss,drop in milk production
dog,boxer,4.7,20.8,allergies,diarrhea with muscus,tensemus,watery stool,flatulence,pains
dog,golden retriever,4.1,38.9,not vaccinated,weakness,pain,vomiting,pain,vomiting
dog,bulldog,13.6,30.0,vaccinated,lethargy,sneezing,fever,weight loss,fever
dog,rottweiler,7.4,34.9,allergies,anorexia,pain,anorexia,easily damage shell,weakness
dog,german shepherd,8.7,36.3,parasite history,swollen lymph nodes,difficulty walking,watery stool,lethargy,vaginal discharge
dog,rottweiler,14.9,45.0,not vaccinated,loss of appetite,swelling,nasal discharge,blindness,lethargy
dog,poodle,5.1,6.4,dental issues,sneezing,exercise in tolerance,drooping ears,fever,coughing
dog,beagle,4.8,25.5,chronic illness,fever,sneezing,diarrhea,vomiting,oedema
dog,beagle,5.6,20.0,previous kidney disease,sneezing,weakness,stopped eat,swollen abdomen,coughing
dog,golden retriever,12.4,33.9,allergies,fever,pain,vomiting,diarrhea,anorexia
dog,mixed breed,7.8,35.7,parasite history,diarrhea,dizziness and fainting,scartching ear,weakness,coughing
dog,rottweiler,8.8,30.0,vaccinated,sneezing,anorexia,coughing,diarrhea,anorexia
dog,german shepherd,13.8,45.0,previous kidney disease,restlessness,weakness,blue straws,death,pain
dog,rottweiler,7.4,30.4,skin conditions history,fever,coughing,chronic eye inflamation,lethargy,neurologic abnormalities
dog,boxer,14.8,18.6,allergies,loss of appetite,ruffled feathers,overweight,diarrhea,depression
dog,german shepherd,14.9,39.0,dental issues,pains,death,malpresentation,uteria inertia,fetopelvic dispropotion
dog,beagle,8.6,23.3,no previous conditions,fever,dullness,dullness,skin rashes,pains
dog,golden retriever,7.0,33.7,vaccinated,weakness,lethargy,vomiting,sneezing,pain
dog,mixed breed,12.8,5.0,previous heart condition,weight loss,fever,vomiting,pain,fever
dog,yorkshire terrier,5.9,7.4,dental issues,coughing,vomiting,pain,dry or tacky gums,anorexia
dog,yorkshire terrier,5.6,4.8,recent surgery,intellectual disability,fever,skin infection,abortion on late pregancy,weakness
dog,bulldog,0.5,22.6,not vaccinated,sneezing,milk getting out more watery,fever,sneezing,weakness
dog,beagle,11.3,24.0,skin conditions history,foot hot,weight loss,anorexia,vomiting,headache
dog,bulldog,0.7,19.0,vaccinated,poor growth,short stature,enlargement of bones,lameness,weigth bearing long bones
dog,mixed breed,13.8,5.0,chronic illness,fever,sneezing,enlarged lymph nodes or swelling,coughing,vomiting
dog,rottweiler,1.2,38.7,parasite history,sneezing,weakness,coughing,lethargy,dejection
dog,boxer,7.8,23.3,previous heart condition,reduce growth,ocular discharge,gas,lethargy,pain
dog,beagle,0.5,21.3,skin conditions history,pain,diarrhea,sneezing,fever,coughing
dog,mixed breed,4.8,21.0,vaccinated,weight loss,weight loss,fever,gas or bloating,berberi
dog,labrador retriever,10.0,33.1,skin conditions history,fever,diffuse,vomiting,anorexia,pain
dog,poodle,5.3,4.5,vaccinated,weakness,coughing,painfull swalling,lethargy,diarrhea
dog,rottweiler,6.0,25.1,no previous conditions,weight loss,weakness,sneezing,diarrhea,weakness
dog,golden retriever,3.9,37.0,previous kidney disease,vomiting,sneezing,reduce lamp marking,anorexia,pale gums
dog,german shepherd,7.6,30.7,allergies,weight loss,anorexia,coughing,vomiting,vomiting
dog,bulldog,10.5,26.5,parasite history,weight loss,fever,weight loss,fever,weakness
dog,bulldog,2.2,16.7,skin conditions history,anversion to light,fever,sneezing,ulcerated muscle,severe
dog,rottweiler,7.2,34.1,dental issues,weakness,weight loss,sneezing,muscular stiffness,red skin
dog,german shepherd,7.1,36.4,dental issues,fever,pain,swollen lymph nodes,weakness,vomiting
dog,golden retriever,0.5,32.9,vaccinated,sneezing,anorexia,pain,weakness,fast breathing
dog,poodle,9.7,3.0,chronic illness,scabs,weight loss,fever,vomiting,fever
dog,poodle,0.5,3.5,previous kidney disease,diarrhea,fever,lethargy,weakness,bloody droping
dog,labrador retriever,7.9,30.8,skin conditions history,limping,depression,inflammed eye,sneezing,fever
dog,german shepherd,10.3,43.8,parasite history,abdominal pain,diarrhea,malpresentation,shock,anorexia
dog,yorkshire terrier,8.0,3.4,no previous conditions,weakness,stiffness,trembling,white mark on the muscle,loss of vitamin e
dog,golden retriever,3.0,37.3,not vaccinated,anorexia,sneezing,crusty,diarrhea,aneamia
dog,bulldog,6.7,15.8,dental issues,pain,pain,vomiting,milky hard,coughing
dog,bulldog,0.5,30.0,previous heart condition,coughing,vomiting,diarrhea,cell damage,drooping ears
dog,german shepherd,8.5,39.4,chronic illness,weight loss,coughing,nesting behaviour,swelling of udder,swelling of internal organs
dog,golden retriever,7.7,25.8,vaccinated,fever,uncharacteristic hiding,depression,dehydration,stopped eat
dog,yorkshire terrier,2.5,7.7,chronic illness,gums,swelling,fever,weight loss,coughing
dog,poodle,7.0,9.1,not vaccinated,vomiting,fever,nausea,diarrhea,stomach cramps
dog,golden retriever,7.1,45.0,not vaccinated,loss of appetite,thirst,ruffled feathers,closed eyes,diarrhea
dog,boxer,12.5,29.7,not vaccinated,immediate death,difficulty in breathing,blue colored lip,bloody discharge,neurologic abnormalities
dog,german shepherd,9.1,40.7,previous kidney disease,depression,lameness in affected leg,loss of appetite,rapid pulse and heart rates,fever
dog,rottweiler,8.9,30.4,parasite history,weight loss,fever,loss of appetite,vomitting,weakness
dog,poodle,14.6,9.7,skin conditions history,sneezing,weight loss,immediate death,fever,weakness
dog,german shepherd,15.0,29.8,chronic illness,weight loss,fever,diarrhea,vomiting,bloody
dog,yorkshire terrier,4.6,5.0,chronic illness,anorexia,anorexia,diarrhea,lethargy,fever
dog,boxer,13.7,16.4,chronic illness,fever,weakened legs,los of the ability to walk,mammary glads,fluif filled blisters
dog,german shepherd,8.7,28.3,recent surgery,fever,difficulty breathing,thrist and urination,weight loss,enlarged lymph nodes or swelling
dog,rottweiler,10.5,25.0,vaccinated,weakness,swaying,weakness,weight loss,sweat
dog,mixed breed,3.0,36.4,previous heart condition,pain,diarrhea,anorexia,diarrhea,fever
dog,mixed breed,5.4,12.0,skin conditions history,loss of appetite,hyper sensitivity,excitability,nervousness,weakness
dog,bulldog,7.1,15.0,chronic illness,anorexia,difficult in walking,sneezing,easily damage shell,diarrhea
dog,labrador retriever,3.8,39.2,allergies,lethargy,bleeding in eye and skin,vomiting,blood in urine,diarrhea
dog,rottweiler,7.5,33.7,parasite history,diarrhea,anorexia,diarrhea,coughing,increased in breathing
dog,beagle,10.4,20.0,dental issues,sneezing,weakness,weight loss,sneezing,tremors
dog,poodle,1.0,6.8,dental issues,diarrhea,anorexia,weakness,vomiting,lethargy
dog,bulldog,0.5,17.4,not vaccinated,sneezing,sneezing,cessation of eructation,fever,vomiting
dog,bulldog,1.8,25.1,chronic illness,legness,paresis,weight loss,shortness of breath,coughing
dog,golden retriever,0.5,38.7,parasite history,pain,pain,stealing,coughing,stillbirth
dog,beagle,7.6,23.2,previous kidney disease,weight loss,nasal discharge,seizuers,convulsion,sneezing
dog,golden retriever,7.4,42.9,recent surgery,weakness,fever,milk getting out more thick,fever,weight loss
dog,golden retriever,3.9,35.1,chronic illness,dyspnea,difficulty in breathing,coughing,lethargy,nasal discharge
dog,labrador retriever,14.9,45.0,no previous conditions,gasping,coughing,twisted neck,mild weakness,droopy wings
dog,poodle,6.3,5.6,no previous conditions,fever,tiredness,skin rashes,pain,headache
dog,labrador retriever,7.4,44.5,no previous conditions,vomiting,fever,weakness,sneezing,diarrhea
dog,labrador retriever,8.1,24.9,recent surgery,watering,no appp,vomiting,lethargy,dehydration
dog,boxer,9.1,21.0,chronic illness,coughing,coughing,anorexia,coughing,anorexia
dog,beagle,7.8,15.0,previous heart condition,weakness,pot belly,anorexia,vomiting,discharge from eye
dog,poodle,8.1,6.0,dental issues,fever,swelling of face or leg,coughing,depression,pains
dog,rottweiler,4.9,38.0,not vaccinated,vomiting,vomiting,vomiting,loss of activity,weight loss
dog,bulldog,8.3,15.0,parasite history,stained wool,anorexia,coughing,fever,coughing
dog,poodle,0.5,5.3,recent surgery,lethargy,coughing,chest pain,weakness,weight loss
dog,labrador retriever,7.2,34.5,dental issues,weight loss,pain,lethargy,weight loss,lethargy
dog,rottweiler,3.8,42.4,previous kidney disease,fever,dyspnea,coughing,lethargy,anorexia
dog,boxer,7.8,26.9,skin conditions history,pain,coughing,weight loss,fever,weight loss
dog,beagle,5.8,24.5,allergies,vomiting,pain,poor coat condition,coughing,sneezing
dog,poodle,4.0,3.0,dental issues,listlessness,watering diarrhea,diarrhea,sheep often bites,fever
dog,german shepherd,6.0,35.2,allergies,lethargy,sneezing,diarrhea,enlarged thymus,lethargy
dog,golden retriever,9.7,26.2,allergies,inappentence,diarrhea,tremors of the head,dehydration,weight loss
dog,boxer,4.2,21.8,vaccinated,fever,diarrhea,no appp,fever,vomiting
dog,german shepherd,11.1,30.8,chronic illness,fever,difficultty in breathing,yellow eye,sneezing,diphtherictic
dog,mixed breed,9.3,9.5,no previous conditions,bad breath,pawing at the face or nose,cough,sneezing,bleeding from the nose
dog,german shepherd,7.8,33.1,recent surgery,head tossing,wool loss,fast breathing,bleeding wounds,skin issue
dog,beagle,5.8,15.0,not vaccinated,lethargy,coughing,overweight,fever,sneezing
dog,bulldog,5.7,23.3,parasite history,pain,coughing,coughing,coughing,chills
dog,mixed breed,3.5,32.3,no previous conditions,coughing,vomiting,diarrhea,weight loss,weakness
dog,german shepherd,13.0,34.8,previous kidney disease,stop eating,stop drinking,change their normal behaviour,lameness,pains
dog,golden retriever,4.9,26.9,previous heart condition,anorexia,diarrhea,fever,skin issue,anorexia
dog,german shepherd,12.9,30.3,chronic illness,frequent yawning,diarrhea,weakness,fever,diarrhea
dog,boxer,13.0,27.6,dental issues,weakness,muscular stiffness,weakness,fever,anorexia
dog,golden retriever,10.2,37.8,not vaccinated,discharge from eyes,redness of eye,blindness,scartches,pains
dog,boxer,10.2,16.6,previous kidney disease,weight loss,fever,anorexia,diarrhea,pain
dog,beagle,6.7,15.0,recent surgery,weakness,fever,sneezing,sneezing,pain
dog,rottweiler,7.8,28.0,chronic illness,tear production,anversion to light,bluish white opacity,blindness,pains
dog,yorkshire terrier,10.7,4.4,recent surgery,weight loss,diarrhea,vomiting,weight loss,sneezing
dog,mixed breed,13.2,25.5,chronic illness,hair loss,dandruff,vomiting,crusting of the skin,ulcerated skin
dog,rottweiler,5.6,25.6,not vaccinated,fever,chills,sweat,head ache,fatique
dog,beagle,0.8,23.7,dental issues,flabby,vomiting,fever,vomiting,anorexia
dog,bulldog,1.3,33.6,allergies,pains,loss of wool,death,sheep often bites,fleece become thin
dog,yorkshire terrier,5.1,4.9,chronic illness,anorexia,vomiting,fever,coughing,grinding of teeth
dog,boxer,11.5,20.5,recent surgery,fever,lethargy,uteria inertia,sneezing,anorexia
dog,golden retriever,3.9,45.0,parasite history,hepatic failure,difficulty in walking,weakness,lethargy,roughened
dog,golden retriever,0.5,34.0,no previous conditions,coughing,vomiting,fever,ruffled coat,high body temperaure
dog,labrador retriever,9.5,28.5,parasite history,loss in weight,emaciation,loss of appetite,weakness,diarrhoea
dog,bulldog,2.8,18.4,not vaccinated,anorexia,weight loss,pain,sneezing,pain
dog,yorkshire terrier,5.8,8.4,recent surgery,fever,mild sneezing,coughing,nasal,ocular discharge
dog,yorkshire terrier,1.8,4.4,recent surgery,skin reashes,weakness,weight loss,weakness,vomiting
dog,bulldog,5.8,15.0,no previous conditions,diarrhea,sneezing,anorexia,red patches,sneezing
dog,boxer,6.4,27.4,allergies,loss of appetite,fever,nasal discharge,ear infection,depression
dog,bulldog,9.1,16.1,previous kidney disease,vomiting,anorexia,diarrhea,weight loss,sneezing
dog,poodle,3.8,6.3,chronic illness,puffed_up feather,less eat,headache,half-closed eye,seizures
dog,boxer,7.8,15.0,not vaccinated,sneezing,fever,lethargy,skin reashes,pain
dog,rottweiler,7.4,29.0,recent surgery,fever,weight loss,vomiting,anorexia,rapid heartbeats
dog,mixed breed,11.0,28.9,no previous conditions,extending its neck,gasping for breath,gasping for air,gasping for breath,difficulty swallowing
dog,yorkshire terrier,12.3,6.3,recent surgery,fever,difficulty in breathing,dribbling of saliva,inability of swalllon feeding,moist and painfull
dog,yorkshire terrier,11.4,4.5,previous kidney disease,fever,pox lession on skin,skin reashes,nasal discharge,mortality varies
dog,mixed breed,14.4,26.0,skin conditions history,lameness,skin lesion,lllthrift,weight loss,swelling on thebody
dog,mixed breed,15.0,32.8,recent surgery,weight loss,anorexia,pain,sneezing,diarrhea
dog,rottweiler,8.3,33.6,recent surgery,apathy,depression,dilation of duodenum,cloacal pasting,congestion
dog,rottweiler,11.3,33.2,no previous conditions,anorexia,anaemia,lethargy,sneezing,weight loss
dog,poodle,5.4,7.7,previous kidney disease,red on affected area,horny growth,wart-like growth,red skin,lesions on ear
dog,poodle,5.3,10.2,allergies,loss of appetite,diarrhea,swollen purple wattle,swollen comb,lameness
dog,golden retriever,5.3,31.4,not vaccinated,weight loss,fever,diarrhea,coughing,lethargy
dog,rottweiler,7.9,37.5,previous heart condition,fever,reduce growth,edema in lower jaw,weight loss,anemia
dog,poodle,1.2,8.0,dental issues,cessation of eructation,difficulty in breathing,depression,anorexia,colic
dog,beagle,3.9,25.4,parasite history,coughing,pox lesion,weakness,sneezing,fever
dog,mixed breed,3.5,25.8,allergies,lightheadedness,coughing,coughing,weight loss,runny nose
dog,mixed breed,4.8,28.6,vaccinated,air sacculitis,halitosis,coughing,enteritis,weight loss
dog,german shepherd,3.1,36.4,previous kidney disease,ring shaped lesion,coughing,lethargy,coughing,epistaxis
dog,german shepherd,13.2,41.1,recent surgery,swollen purple wattle,lameness,diarrhea,loss of appetite,swollen comb
dog,beagle,9.6,25.8,skin conditions history,fever,wound lesion,excess salivary,difficult in walking,pain
dog,bulldog,10.5,17.1,recent surgery,weight loss,weight loss,lethargy,chills,sneezing
dog,golden retriever,4.7,45.0,previous kidney disease,weakness,stiffness,trembling,white mark on the muscle,loss of vitamin e
dog,bulldog,4.2,23.4,previous kidney disease,weakness,lethargy,swollen belly,vomiting,fever
dog,poodle,1.5,7.5,skin conditions history,head shking,discharge from ear,scartching ear,odor to ear,redness on ear
dog,bulldog,6.6,18.4,skin conditions history,fever,loss of appetite,eyeproblem,liver disease,nuerological
dog,bulldog,12.1,20.5,vaccinated,coughing,weakness,weakness,anorexia,weight loss
dog,boxer,14.5,16.2,allergies,loss of appetite,ruffled feathers,diarrhea,overweight,depression
dog,yorkshire terrier,7.8,8.1,vaccinated,lethargy,sneezing,fever,pain,vomiting
dog,rottweiler,2.6,29.7,chronic illness,anorexia,diarrhea,vomiting,pain,weight loss
dog,mixed breed,2.4,28.4,recent surgery,fetopelvic dispropotion,uteria inertia,despression,death,pains
dog,yorkshire terrier,5.6,3.0,not vaccinated,diarrhea,anorexia,milk reduce,weight loss,vomiting
dog,mixed breed,13.0,17.4,parasite history,lesions in the nasal cavity,lesions on nose,vomiting,noisy breathing,lesions on nose
dog,rottweiler,12.7,42.1,recent surgery,lack of walking,lack of flying,roughened,dehydration,pains
dog,boxer,9.0,21.8,parasite history,weight loss,anorexia,fever,weakness,lethargy
dog,mixed breed,2.1,35.1,allergies,vomiting,diarrhea,coughing,anorexia,coughing
dog,poodle,0.5,4.9,dental issues,diarrhea,stained wool,feels stiff,coughing,weakness
dog,beagle,3.5,23.3,no previous conditions,vomiting,vomiting,fever,vomiting,diarrhea
dog,bulldog,0.7,18.4,vaccinated,poor growth,short stature,enlargement of bones,lameness,weigth bearing long bones
dog,german shepherd,10.8,26.7,previous heart condition,broody behavior,weight loss,egg production stops,loss of appetite,constipation
dog,yorkshire terrier,4.5,9.3,dental issues,heavy breathing,weakness,yellow in beak,sleeping excessively,tail_bobbing
dog,poodle,9.2,4.4,previous kidney disease,lethargy,anorexia,weight loss,coughing,diarrhea
dog,beagle,2.6,33.3,dental issues,fever,loss of appetite,swollen teats,lameness in affected leg,depression
dog,yorkshire terrier,12.3,4.4,previous heart condition,loss of appetite,swelling,nasal discharge,blindness,lethargy
dog,bulldog,8.7,21.8,parasite history,coughing,eye ulcer,vomiting,weight loss,pain
dog,golden retriever,10.3,31.9,previous heart condition,discharge,mummification,anorexia,sneezing,anorexia
dog,yorkshire terrier,11.8,5.1,recent surgery,swelling,lethargy,nasal discharge,loss of appetite,blindness
dog,boxer,5.3,28.1,allergies,pain,swollen,swelling of udder,tender to touch,change in milk
dog,mixed breed,11.1,34.4,allergies,lethargy,diarrhea,vomiting,pharyngitis,wasting
dog,yorkshire terrier,3.4,4.6,dental issues,weight loss,sneezing,diarrhea,sneezing,coughing
dog,rottweiler,7.4,27.1,not vaccinated,pain,fever,depression,attack,bite other animals
dog,mixed breed,2.9,40.0,parasite history,fever,weakness,lesions on ear,attempt to urinate,sharp feather
dog,mixed breed,8.9,20.9,previous heart condition,weakness,pain,coughing,lethargy,sneezing
dog,yorkshire terrier,10.4,5.0,allergies,fetopelvic dispropotion,malpresentation,death,uteria inertia,pains
dog,labrador retriever,3.2,32.3,chronic illness,radip onset,stiff,muscle trembling,weakness,death
dog,mixed breed,5.8,27.2,previous kidney disease,diarrhea,fever,diarrhea,diarrhea,coughing
dog,german shepherd,7.2,31.6,not vaccinated,milk getting out more watery,anorexia,coughing,pain,diarrhea
dog,beagle,11.2,15.0,parasite history,weight loss,pain,vomiting,anorexia,jerky limb movements
dog,yorkshire terrier,5.6,3.8,vaccinated,fever,pain,coughing,half-closed eye,fever
dog,yorkshire terrier,13.1,5.5,vaccinated,loss of appetite,small size,poor body condition,poor wool,lameness
dog,german shepherd,0.5,31.7,vaccinated,vomiting,lethargy,lethargy,shallow breathing,pain
dog,rottweiler,8.8,44.9,parasite history,anorexia,diarrhea,lethargy,weight loss,anorexia
dog,mixed breed,9.7,10.0,recent surgery,fever,weakened legs,los of the ability to walk,weight loss,lameness
dog,yorkshire terrier,7.2,5.0,recent surgery,diarrhea,vomitting,fever,poor appetite,weight loss
dog,mixed breed,1.9,25.8,parasite history,facial swelling,bloody drool,foul breath,unable to eat,lossened teeth
dog,labrador retriever,13.0,36.0,previous heart condition,lethargy,lethargy,sneezing,infection,fever
dog,bulldog,5.5,15.1,allergies,reluctant move,loss of appetite,lameness,death,weakness
dog,german shepherd,3.9,34.2,previous kidney disease,weakness,diarrhea,coughing,nausea,sneezing
dog,poodle,9.0,7.1,vaccinated,lethargy,diarrhea,lethargy,pain,vomiting
dog,mixed breed,13.1,18.0,dental issues,fetopelvic dispropotion,death,uteria inertia,malpresentation,pains
dog,mixed breed,6.7,26.9,recent surgery,pain,diarrhea,sneezing,weight loss,coughing
dog,bulldog,0.5,25.6,recent surgery,sneezing,diarrhea,anorexia,lethargy,pain
dog,bulldog,7.2,28.1,chronic illness,weight loss,weight loss,coughing,vomiting,sneezing
dog,mixed breed,0.5,32.4,recent surgery,bloody drool,pain,anorexia,lethargy,anorexia
dog,golden retriever,8.6,27.3,allergies,lethargy,vomiting,weakness,weakness,vomiting
dog,bulldog,8.7,17.7,allergies,anorexia,coughing,dyspnea,fever,death
dog,bulldog,7.3,19.5,skin conditions history,loss of appetite,nuerological,liver disease,fever,eyeproblem
dog,yorkshire terrier,11.1,6.5,dental issues,fever,dyspnea,coughing,lethargy,weightloss
dog,rottweiler,13.0,31.7,allergies,nervous,diarrhea,weakness,difficulty breating,lethargy
dog,mixed breed,7.9,8.1,previous kidney disease,bad breath,pawing at the face or nose,cough,sneezing,bleeding from the nose
dog,mixed breed,5.1,11.4,allergies,excitability,nervousness,loss of appetite,hyper sensitivity,weakness
dog,beagle,14.1,22.6,dental issues,sneezing,dizziness,weakness,secondary infection,vomiting
dog,german shepherd,5.7,30.8,not vaccinated,fever,diarrhea,vomiting,weight loss,dehydration
dog,german shepherd,8.7,39.0,vaccinated,head tossing,wool loss,fast breathing,bleeding wounds,skin issue
dog,mixed breed,7.5,38.8,vaccinated,abdominal pain,fever,diarrhea,anorexia,blue straws
dog,poodle,8.8,4.9,parasite history,anorexia,sneezing,lethargy,yellow or green dropping,lethargy
dog,labrador retriever,6.5,31.7,chronic illness,vomiting,bloody diarrhea,lethargy,dehydration,anorexia
dog,poodle,8.9,5.9,vaccinated,coughing,diarrhea,coughing,diarrhea,diarrhea
dog,mixed breed,4.5,26.8,recent surgery,air sacculitis,halitosis,coughing,enteritis,weight loss
dog,poodle,12.5,3.1,not vaccinated,fever,respiratory distress,sudden death,hyperesthesia,seizuers
dog,rottweiler,11.0,36.9,recent surgery,coughing,coughing,lethargy,ruffled appearance,coughing
dog,mixed breed,8.0,20.9,parasite history,vomiting,weight loss,hemopytsis,dark colored bloody,vomiting
dog,bulldog,11.2,16.1,previous heart condition,fever,weakened legs,los of the ability to walk,mammary glads,fluif filled blisters
dog,bulldog,12.6,27.5,vaccinated,reluctant move,weight loss,weight loss,straw colored,fever
dog,beagle,9.5,32.6,previous kidney disease,cough,sneeze,droopy wings,twisted neck,droopy wings
dog,german shepherd,3.8,35.2,dental issues,anorexia,coughing,eyeproblem,pain,fever
dog,beagle,9.8,15.5,parasite history,fetopelvic dispropotion,uteria inertia,malpresentation,death,pains
dog,poodle,5.7,8.0,recent surgery,anorexia,anorexia,coughing,sneezing,pain
dog,yorkshire terrier,8.3,3.4,allergies,fever,anorexia,vomiting,lethargy,diarrhea
dog,rottweiler,1.7,38.3,recent surgery,abortion,mummification,stillbirth,weak kids,pain
dog,labrador retriever,14.2,32.1,vaccinated,loss of appetite,stress,pains,dejection,coughing
dog,boxer,14.3,16.0,not vaccinated,lethargy,fever,weight loss,lying down,kid moratality
dog,german shepherd,10.3,26.7,recent surgery,fever,swelling,loss of appetite,anorexia,weight loss
dog,labrador retriever,7.2,32.3,skin conditions history,weakness,fever,puffed_up feather,sneezing,weight loss
dog,beagle,8.9,28.4,previous kidney disease,jaundice,purplish combs,bloody droping,diarrhea,abortion on late pregancy
dog,bulldog,9.2,15.0,skin conditions history,weight loss,weakness,weight loss,diarrhea,weight loss
dog,rottweiler,15.0,35.2,skin conditions history,anorexia,lethargy,muscle weakness,lethargy,poor condition
dog,golden retriever,9.6,36.1,chronic illness,restlessness,kick,lethargy,nible at their wool,scratching
dog,boxer,11.6,23.6,no previous conditions,flank,swelling,pain,nasal discharge,heat
dog,poodle,9.4,7.6,no previous conditions,weakness,swelling problem,weight loss,weakness,sneezing
dog,rottweiler,10.1,31.9,no previous conditions,loss of appetite,diarrhea,ruffled feathers,weight loss,inability to absorb nutrients
dog,yorkshire terrier,12.3,4.7,previous kidney disease,fever,pox lession on skin,skin reashes,nasal discharge,mortality varies
dog,labrador retriever,10.0,31.5,parasite history,hemopytsis,diarrhea,asymptomatic,death,epistaxis
dog,yorkshire terrier,3.1,8.6,parasite history,anorexia,diarrhea,pain,diarrhea,sudden death
dog,german shepherd,8.3,41.2,parasite history,fever,diarrhea,bloody droping,abdominal discomfort,lethargy
dog,golden retriever,5.8,36.6,recent surgery,weight loss,hemoglobinuria,weight loss,weight loss,difficulty in walk
dog,rottweiler,1.9,41.9,no previous conditions,extending its neck,gasping for air,gasping for breath,difficulty swallowing,gasping for breath
dog,golden retriever,4.9,44.8,vaccinated,stiffness,white mark on the muscle,weakness,trembling,loss of vitamin e
dog,golden retriever,13.1,36.9,vaccinated,tender to touch,pain,nosebleed,scabs on feet,lethargy
dog,rottweiler,5.1,27.4,not vaccinated,fever,chills,sweat,head ache,fatique
dog,rottweiler,12.7,43.3,chronic illness,anorexia,closed eyes,nervous,dullness,diarrhea
dog,german shepherd,4.8,44.2,previous heart condition,pain,weight loss,anorexia,weakness,foot hot
dog,beagle,9.8,26.4,recent surgery,diarrhea,behaviour change,abortion at the end of gestation,diarrhea,weight loss
dog,labrador retriever,3.4,38.1,previous heart condition,kidney failure,weakness,weight loss,fever,coughing
dog,german shepherd,6.5,31.1,no previous conditions,anorexia,eventually death,watery eyes,vomiting,pain
dog,mixed breed,8.7,8.4,no previous conditions,weakness,anemia,preening,beak overgrowth,difficulty in feeding
dog,rottweiler,2.0,37.3,chronic illness,fever,swelling,weight loss,anorexia,loss of appetite
dog,labrador retriever,2.3,42.1,recent surgery,exhaustion,fever,skin ulcer,swollen and painfull,chills
dog,beagle,8.4,30.0,chronic illness,lethargy,diarrhea,weight loss,lethargy,despression
dog,bulldog,5.7,17.1,dental issues,fever,staggering,distress,convulsion,trembling
dog,german shepherd,10.5,31.7,parasite history,coughing,vomiting,lethargy,weakness,sneezing
dog,labrador retriever,6.3,41.2,previous heart condition,diarrhea,anorexia,anorexia,weakness,lethargy
dog,labrador retriever,2.2,37.0,recent surgery,fever,chills,skin ulcer,exhaustion,swollen and painfull
dog,rottweiler,4.6,35.2,allergies,weakness,sneezing,ruffled coat,sneezing,lethargy
dog,german shepherd,8.8,26.6,no previous conditions,stop eating,stop drinking,change their normal behaviour,depression,pains
dog,german shepherd,10.8,28.3,skin conditions history,diarrhea,lethargy,pain,lethargy,vomiting
dog,bulldog,10.5,17.2,recent surgery,vomiting,pain,weight loss,weight loss,restless movement
dog,boxer,2.3,24.3,skin conditions history,lesions in the nasal cavity,lesions on nose,nose bleeds,noisy breathing,lesions on nose
dog,bulldog,15.0,30.0,previous kidney disease,vomiting,paresis,weakness,nostrils,sneezing
dog,bulldog,14.2,22.9,chronic illness,fever,difficulty breathing,coughing,eye and skin change,unable to exercise
dog,rottweiler,9.8,25.0,not vaccinated,sneezing,diarrhea,sneezing,diarrhea,coughing
dog,boxer,8.4,26.6,allergies,weight loss,diarrhea,coughing,pain,vomiting
dog,golden retriever,3.2,33.0,previous kidney disease,poor condition,lethargy,coughing,weakness,vomiting
dog,mixed breed,4.9,40.0,no previous conditions,pain,weakness,anorexia,swelling of neck,weight loss
dog,bulldog,15.0,28.0,not vaccinated,pain,coughing,weakness,weight loss,weight loss
dog,labrador retriever,8.7,39.6,recent surgery,grunting,pain,pain,vomiting,sneezing
dog,yorkshire terrier,7.6,3.8,parasite history,diarrhea,anorexia,weight loss,diarrhea,lethargy
dog,german shepherd,6.2,43.0,not vaccinated,skin rashes,small and yellow bumps,swelling,dry scabs,lameness
dog,rottweiler,12.0,44.4,previous heart condition,lack of walking,lack of flying,roughened,dehydration,pains
dog,german shepherd,4.1,44.8,previous kidney disease,lethargy,diarrhea,coughing,pain,kick
dog,golden retriever,11.0,40.6,no previous conditions,fetopelvic dispropotion,uteria inertia,malpresentation,death,pains
dog,rottweiler,12.4,27.9,no previous conditions,blindness,abnormalalities,muscle pain,facial muscle twitching,constant pacing
dog,boxer,5.3,15.0,not vaccinated,diarrhea,hyperaestesia,poor appetite,blue colored lip,diarrhea
dog,bulldog,7.5,24.9,parasite history,coughing,weakness,lethargy,coughing,fever
dog,bulldog,4.2,22.5,previous kidney disease,fever,diarrhea,vomiting,stomach cramps,nausea
dog,rottweiler,10.6,24.3,not vaccinated,rhinitis,pneumonia,abscessess,torticollis,septicemia
dog,poodle,10.2,3.7,skin conditions history,nausea,vomiting,loss of appetite,experiencing changes in weight,pain and bloating
dog,mixed breed,12.8,28.7,chronic illness,dehydration,fever,uncharacteristic hiding,depression,stopped eat
dog,rottweiler,12.5,27.9,dental issues,fever,reduce reproductive potential,agalactia,loss of milk production,sloughing of the tail
dog,labrador retriever,13.0,40.8,vaccinated,coughing,fever,vomiting,weakness,sneezing
dog,golden retriever,1.8,38.9,parasite history,fever,dysentery,swelling,immediate death,pain
dog,yorkshire terrier,6.1,4.1,not vaccinated,vomiting,dandruff,vomiting,egg production decreases,heat
dog,bulldog,10.5,17.2,not vaccinated,fever,weakened legs,los of the ability to walk,mammary glads,fluif filled blisters
dog,mixed breed,7.5,31.2,allergies,fever,periodic vommiting,chest pain,weakness,vomiting
dog,german shepherd,15.0,37.8,dental issues,shaking oh head,depression,secondary infection,skin infection,coughing
dog,poodle,12.6,6.3,not vaccinated,coughing,infection,anorexia,reduce milk,difficulty swallowing
dog,boxer,6.6,15.8,no previous conditions,animal gets uneasy,pain on leg,lethargy,trauma,vomiting
dog,mixed breed,4.8,40.0,no previous conditions,fever,lethargy,lethargy,fever,speech delay
dog,labrador retriever,5.2,37.8,skin conditions history,lllthrift,skin lesion,lameness,swelling on thebody,weight loss
dog,labrador retriever,10.7,40.6,no previous conditions,fever,loss of  appetite,coughing,lameness,swelling of joints
dog,yorkshire terrier,7.4,9.9,previous heart condition,enlarged thymus,obstructed lungs,lethargy,skin rashes,weight loss
dog,mixed breed,0.9,8.0,skin conditions history,fever,difficulty in breathing,lethargy,death,pains
dog,labrador retriever,5.5,45.0,recent surgery,vomiting,weight loss,anorexia,pain,sneezing
dog,poodle,10.7,7.0,vaccinated,dyspnea,neurologic sign,coughing,depression,anorexia
dog,golden retriever,13.1,31.1,skin conditions history,coughing,weight loss,coughing,weight loss,abortion
dog,yorkshire terrier,10.8,6.1,not vaccinated,upset stomach,loss of appetite,nause,weight loss,abdonormal pain
dog,beagle,12.8,23.3,parasite history,fever,swelling,lameness,heat,pains
dog,mixed breed,1.3,40.0,no previous conditions,weakness,diarrhea,pain,tender to touch,pain
dog,poodle,9.6,6.3,previous heart condition,lethargy,anorexia,bleeding in eye and skin,lethargy,diarrhea
dog,boxer,15.3,18.3,chronic illness,depression,loss of appetite,overweight,ruffled feathers,diarrhea
dog,boxer,5.8,21.4,vaccinated,pain,weight loss,vomiting,diarrhea,pain
dog,bulldog,2.9,16.9,vaccinated,watery diarrhea dispropotion,loss of appetite,death,sick,corneal ulceration
dog,yorkshire terrier,4.5,8.6,no previous conditions,tail_bobbing,yellow in beak,heavy breathing,weakness,sleeping excessively
dog,rottweiler,9.5,35.8,recent surgery,ulcers,diarrhea,poor appetite,tarry stool,enlarged lymph nodes
dog,golden retriever,7.4,34.7,not vaccinated,kidney failure,fever,weakness,coughing,uncharacteristic hiding
dog,mixed breed,11.4,9.2,recent surgery,fever,diarrhea,poor appetite,weight loss,vomitting
dog,rottweiler,2.5,27.6,not vaccinated,pain,pain,weight loss,weight loss,weakness
dog,poodle,0.5,4.7,recent surgery,weight loss,diarrhea,sneezing,blurry vision,coughing
dog,poodle,0.5,6.6,parasite history,weakness,fever,lethargy,diarrhea,anorexia
dog,mixed breed,2.0,26.3,parasite history,facial swelling,bloody drool,foul breath,unable to eat,lossened teeth
dog,boxer,12.5,21.3,recent surgery,vomiting,fever,lethargy,anorexia,anorexia
dog,golden retriever,3.7,42.4,chronic illness,lethargy,dyspnea,difficulty in breathing,nasal discharge,coughing
dog,rottweiler,9.9,39.3,vaccinated,inability to stand,diarrhea,bottle jaw,pot belly,dry hair coat
dog,mixed breed,15.0,23.1,vaccinated,sneezing,blood in stool,diarrhea,sneezing,drooling
dog,labrador retriever,15.0,35.0,parasite history,abdominal discomfort,lethargy,loss of appetite,vomiting,weight loss
dog,golden retriever,3.7,33.2,vaccinated,fever,fleece become thin,pain and bloating,diarrhea,abnormal behaviour
dog,poodle,10.8,6.3,vaccinated,dyspnea,neurologic sign,coughing,depression,anorexia
dog,mixed breed,9.7,21.1,vaccinated,vomiting,coughing,lethargy,vomiting,anorexia
dog,poodle,2.7,6.2,previous heart condition,sneezing,pain,lethargy,diarrhea,diarrhea
dog,mixed breed,1.9,23.0,parasite history,bloody drool,facial swelling,foul breath,unable to eat,lossened teeth
dog,golden retriever,2.8,27.6,allergies,fluif faeces on blood and muscle,sudden death,blooody fluid,red diarrhea,faeces are streake with blood
dog,yorkshire terrier,2.1,5.6,chronic illness,weakness,lethargy,diarrhea,lethargy,anorexia
dog,boxer,12.9,20.1,previous heart condition,sneezing,lethargy,weakness,diarrhea,tear production
dog,german shepherd,6.1,25.4,not vaccinated,dehydration,diarrhea,poor coat apperence,vomiting,weight loss
dog,rottweiler,12.0,26.2,no previous conditions,blindness,muscle pain,abnormalalities,constant pacing,facial muscle twitching
dog,boxer,11.7,23.3,parasite history,most often none,sneezing,nasal discharge,dyspnea,pain
dog,beagle,8.5,29.9,allergies,weakness,pain,weakness,diarrhea,fever
dog,beagle,10.5,24.2,dental issues,weight loss,pain,lethargy,fever,fever
dog,mixed breed,4.0,27.7,not vaccinated,weight loss,pain,diarrhea,swelling,fever
dog,bulldog,5.9,15.0,not vaccinated,diarrhea,weakness,sneezing,diarrhea,vomiting
dog,golden retriever,4.8,38.6,previous heart condition,coughing,fever,fever,heavy breathing,coughing
dog,rottweiler,10.8,22.5,not vaccinated,rhinitis,pneumonia,abscessess,torticollis,septicemia
dog,labrador retriever,3.8,40.0,allergies,vomiting,bleeding in eye and skin,diarrhea,blood in urine,lethargy
dog,poodle,2.6,4.0,no previous conditions,sheep often bites,fleece become thin,loss of wool,death,pains
dog,poodle,0.5,10.0,recent surgery,diarrhea,pain,fever,diarrhea,weakness
dog,boxer,9.3,27.9,parasite history,lethargy,berberi,diarrhea,anorexia,coughing
dog,boxer,4.6,18.3,not vaccinated,vomiting,vomiting,weakness,weight loss,blood in stool
dog,labrador retriever,6.6,40.0,chronic illness,pain,edema,carcass decomposes,wattles,red tinge
dog,poodle,8.1,6.2,not vaccinated,weight loss,coughing,weakness,lethargy,changes in outer layer skin
dog,rottweiler,11.5,27.9,not vaccinated,pneumonia,torticollis,abscessess,septicemia,rhinitis
dog,mixed breed,1.0,32.2,allergies,pain,swelling on leg,redness,heat,hardness
dog,beagle,2.5,28.0,vaccinated,diarrhea,vomiting,weight loss,constant pacing,fever
dog,boxer,9.6,15.8,recent surgery,diffulty swallowing,coughing,anorexia,vomiting,pain
dog,yorkshire terrier,13.5,5.7,chronic illness,swelling,larynx,swelling on jaw,hoarseness,neck vein swelling
dog,labrador retriever,9.9,29.6,parasite history,hemopytsis,diarrhea,asymptomatic,death,epistaxis
dog,yorkshire terrier,6.6,9.4,allergies,rapid heart rate,loss of  appetite,week pulse,poor appetite,short term lethargy
dog,mixed breed,4.4,33.4,no previous conditions,diarrhea,foul breath,diarrhea,preening,pain
dog,yorkshire terrier,3.0,5.9,no previous conditions,hydrophobia,pain,lethargy,lethargy,jaw is dropped
dog,labrador retriever,12.0,27.7,vaccinated,eye discharges,nasal discharge,change their normal behaviour,high body temperature,lameness
dog,rottweiler,5.7,22.0,previous kidney disease,chills,fever,sweat,fatique,head ache
dog,beagle,13.0,17.3,skin conditions history,sneezing,bloody in feather,weight loss,burning ache or pain,swelling of eyelid
dog,labrador retriever,13.6,36.2,previous heart condition,diarrhea,pain,weakness,weakness,coughing
dog,mixed breed,4.3,12.1,previous heart condition,lack of walking,lack of flying,roughened,dehydration,pains
dog,beagle,1.8,28.7,previous heart condition,pain,animal gets uneasy,coughing,coughing,swollen left abdomen
dog,german shepherd,6.8,30.1,dental issues,forthy eye,torticollis,weakness,swelling,emaciation
dog,labrador retriever,10.9,26.1,no previous conditions,diarrhea,occular discharge,weight loss,flat ribs,vomiting
dog,boxer,14.9,25.4,not vaccinated,pain,fever,pain,lethargy,weight loss
dog,yorkshire terrier,12.9,5.7,dental issues,pain,pain,sneezing,coughing,pain
dog,mixed breed,8.8,7.9,dental issues,vomiting,sneezing,weakness,weight loss,diarrhea
dog,bulldog,8.5,19.6,previous heart condition,fever,tiredness,indigestion,weight loss,anorexia
dog,boxer,11.6,20.8,chronic illness,lethargy,diarrhea,fever,fever,weakness
dog,poodle,5.2,6.3,vaccinated,pain,anorexia,abortion on late pregancy,diarrhea,diarrhea
dog,yorkshire terrier,5.5,3.0,chronic illness,vomiting,vomiting,fever,fever,weight loss
dog,rottweiler,8.0,28.3,skin conditions history,bite other animals,fever,depression,pain,attack
dog,rottweiler,8.3,37.7,previous heart condition,lethargy,lethargy,vomiting,pain,sneezing
dog,beagle,6.3,22.0,allergies,diarrhea,diarrhea,fell unwell,oxygen defiency,anorexia
dog,german shepherd,8.1,33.2,dental issues,overweight,pain,anorexia,diarrhea,pain
dog,german shepherd,4.7,25.7,chronic illness,blood from mouth,diarrhea,coughing,lethargy,weight loss
dog,yorkshire terrier,15.0,6.6,previous kidney disease,weakness,weakness,lethargy,sneezing,anorexia
dog,german shepherd,3.6,44.9,skin conditions history,fever,loss of  appetite,reduce energy,lameness,swelling of joints
dog,beagle,9.0,20.9,not vaccinated,diarrhea,kid moratality,less feather growth,coughing,lethargy
dog,golden retriever,12.5,25.0,vaccinated,blue colored lip,fever,straining,weight loss,coughing
dog,mixed breed,4.9,12.7,allergies,nervousness,hyper sensitivity,excitability,loss of appetite,weakness
dog,labrador retriever,11.5,27.9,chronic illness,fever,diarrhea,abdominal pain,stiffness,severe weekness and depression
dog,golden retriever,12.5,44.2,previous heart condition,weight loss,anorexia,fever,vomiting,exhaustion
dog,german shepherd,7.6,33.5,previous heart condition,coughing,discharge,diarrhea,weakness,fever
dog,german shepherd,3.9,44.1,skin conditions history,fever,loss of  appetite,reduce energy,lameness,swelling of joints
dog,beagle,5.1,15.9,skin conditions history,weight loss,sudden abortion,coughing,anorexia,pain
dog,labrador retriever,3.4,25.0,previous kidney disease,bluish white opacity,black on ear,anorexia,pain,red-colored
dog,rottweiler,1.8,43.4,not vaccinated,extending its neck,gasping for air,gasping for breath,difficulty swallowing,gasping for breath
dog,rottweiler,7.5,29.6,chronic illness,bluish white opacity,blindness,anversion to light,pains,tear production
dog,german shepherd,10.7,39.3,dental issues,swelling on leg,painfull,nasal discharge,broken bones,nasal discharge
dog,golden retriever,7.6,36.6,parasite history,vomiting,vomiting,weakness,coughing,coughing
dog,labrador retriever,12.0,35.8,recent surgery,limping,skin colour change,flabby,raw,sensitive to touch
dog,rottweiler,2.1,29.8,allergies,muscle loss,diarrhea,diarrhea,anorexia,distended chest
dog,bulldog,3.2,15.0,vaccinated,los of the ability to walk,fever,anorexia,sneezing,lethargy
dog,german shepherd,15.0,42.2,parasite history,unilateral nasal discharge,sneezing,periodic vommiting,bloody diarrhea,weight loss
dog,poodle,11.0,3.9,previous heart condition,weakness,lethargy,coughing,weakness,cough
dog,yorkshire terrier,5.2,6.0,previous kidney disease,lethargy,pain,fever,pale comb,anorexia
dog,poodle,12.3,3.9,allergies,anorexia,coughing,diarrhea,vomiting,polyuria
dog,beagle,0.8,22.4,previous kidney disease,swelling of eyelid,sneezing,diarrhea,weight loss,weight loss
dog,yorkshire terrier,9.9,5.5,parasite history,coughing,dyspnea,fever,weightloss,lethargy
dog,bulldog,10.2,15.0,chronic illness,fever,pain,coughing,diarrhea,vomiting
dog,mixed breed,4.7,5.9,allergies,reluctant move,loss of appetite,lameness,death,weakness
dog,beagle,13.1,25.1,not vaccinated,pain,lethargy,fever,coughing,lethargy
dog,rottweiler,10.1,36.5,recent surgery,ulcers,diarrhea,poor appetite,tarry stool,enlarged lymph nodes
dog,mixed breed,12.9,29.2,dental issues,hair loss,dandruff,vomiting,crusting of the skin,ulcerated skin
dog,rottweiler,8.2,38.7,not vaccinated,fever,reduce growth,edema in lower jaw,weight loss,anemia
dog,poodle,8.0,7.6,parasite history,anorexia,anorexia,weakness,weight loss,pain
dog,labrador retriever,5.8,35.7,previous kidney disease,greenish-yellow nasal discharge,lack of pigmentation,vomiting,lethargy,pain on face
dog,beagle,0.5,19.1,dental issues,vomiting,vomiting,weight loss,pain,pain
dog,golden retriever,4.2,38.9,allergies,forthy eye,pain,sneezing,weakness,diarrhea
dog,yorkshire terrier,2.0,7.8,chronic illness,fever,distress,trembling,staggering,convulsion
dog,german shepherd,10.7,40.0,previous heart condition,weakness,pain,diarrhea,ear infection,lethargy
dog,yorkshire terrier,3.1,3.6,skin conditions history,vomiting,weight loss,fever,weight loss,diarrhea
dog,german shepherd,6.7,36.0,skin conditions history,fever,liver disease,pain,diarrhea,diarrhea
dog,yorkshire terrier,4.6,8.0,recent surgery,weakness,lethargy,weight loss,anorexia,anorexia
dog,boxer,7.5,26.8,previous kidney disease,watery diarrhea dispropotion,sick,corneal ulceration,loss of appetite,death
dog,boxer,8.3,28.1,vaccinated,anorexia,coughing,vomiting,pain,sneezing
dog,beagle,9.8,30.0,previous heart condition,gasc,pain,excitability,skin infection,fever
dog,bulldog,10.8,28.2,allergies,cough,gasping for air,weight loss,gasping for breath,extending its neck
dog,bulldog,8.6,29.3,dental issues,fever,sneezing,pain,anorexia,weakness
dog,labrador retriever,10.4,39.9,previous kidney disease,blister,skin color change,scaly skin,crusty,irritation
dog,bulldog,11.9,18.8,not vaccinated,fever,diarrhea,bloody droping,abdominal discomfort,lethargy
dog,mixed breed,3.4,29.7,chronic illness,fever,vomiting,mild sneezing,fever,nasal discharge
dog,bulldog,3.5,27.8,no previous conditions,anorexia,anorexia,vomiting,diarrhea,fever
dog,bulldog,11.1,25.0,dental issues,lethargy,coughing,pain,vomiting,pawing at the face or nose
dog,mixed breed,15.0,20.3,vaccinated,pain,anorexia,vomiting,coughing,loss of eat
dog,yorkshire terrier,6.6,6.3,no previous conditions,shaking oh head,weakness,weight loss,pain,weakness
dog,boxer,7.9,18.6,allergies,pain,pain,weight loss,reduce reproductive potential,intellectual disability
dog,bulldog,5.7,18.0,previous kidney disease,nasal bleeding,sneezing,vomiting,lethargy,lethargy
dog,rottweiler,5.3,45.0,recent surgery,fever,poor coat condition,infection of the skin,weight loss,fatique
dog,boxer,1.8,24.4,previous heart condition,fever,difficulty breathing,thrist and urination,weight loss,enlarged lymph nodes or swelling
dog,german shepherd,0.9,45.0,previous kidney disease,sneezing,sneezing,diarrhea,weight loss,diarrhea
dog,bulldog,1.9,26.1,no previous conditions,legness,paresis,coughing,weight loss,shortness of breath
dog,german shepherd,0.5,37.4,dental issues,lethargy,sneezing,lethargy,fever,coughing
dog,boxer,10.1,15.8,vaccinated,anorexia,coughing,lesions in the nasal cavity,coughing,fever
dog,labrador retriever,6.4,25.0,recent surgery,thivk skin,wool is clumped,weakness,diarrhea,sneezing
dog,yorkshire terrier,6.3,3.6,skin conditions history,fetopelvic dispropotion,uteria inertia,malpresentation,death,pains
dog,boxer,13.1,23.8,no previous conditions,swollen abdomen,loss of appetite,fatigue,chirping,shortness of breath.
dog,poodle,10.8,3.0,dental issues,fluffed feather,vomiting,lethargy,vomiting,vomiting
dog,golden retriever,5.2,44.1,no previous conditions,fever,dyspnea,coughing,lethargy,anorexia
dog,boxer,2.7,27.2,vaccinated,weakness,decreased stool production,distended stomach,heavy breathing,restless movement
dog,poodle,15.0,8.3,chronic illness,weight loss,vomiting,lethargy,fever,weakness
dog,poodle,3.7,3.0,allergies,weakness,fever,dejection,sneezing,sneezing
dog,boxer,8.2,25.9,recent surgery,sick,death,watery diarrhea dispropotion,loss of appetite,corneal ulceration
dog,rottweiler,6.6,25.0,chronic illness,aggressiveness,sneezing,pain,weight loss,vomiting
dog,boxer,13.9,22.8,chronic illness,fever,difficultty in breathing,yellow eye,sneezing,diphtherictic
dog,rottweiler,6.1,44.2,chronic illness,sneezing,vomiting,weight loss,weakness,sneezing
dog,beagle,5.7,25.4,recent surgery,edema,sneezing,vomiting,weight loss,pain
dog,poodle,7.9,10.6,dental issues,fever,diarrhea,vomiting,stomach cramps,nausea
dog,bulldog,8.2,20.7,no previous conditions,fever,pneumonia,congestion,lethargy,nasal discharge
dog,yorkshire terrier,15.0,6.0,previous heart condition,weight loss,diarrhea,weakened legs,throat and ear pain,weight loss
dog,boxer,13.1,27.4,no previous conditions,swelling,heat,flank,pain,nasal discharge
dog,boxer,9.2,23.8,previous heart condition,green dropping,exhaustion,anorexia,wasting,coughing
dog,labrador retriever,8.4,27.2,parasite history,lession on the skin,diarrhea,pain,vomiting,weakness
dog,rottweiler,3.5,31.6,parasite history,fever,skeleten pain,weight loss,wasting,muscle loss
dog,bulldog,8.9,30.0,no previous conditions,vomiting,weight loss,weight loss,diarrhea,occular discharge
dog,boxer,4.5,26.9,previous kidney disease,pain,weight loss,anaemia,pain,anorexia
dog,poodle,3.9,5.6,chronic illness,faeces are streake with blood,pain,weakness,sneezing,fever
dog,poodle,1.8,7.4,no previous conditions,vomiting,lepatomegaly,shaking oh head,splenomegaly,swollen
dog,beagle,3.8,23.7,recent surgery,weight loss,sneezing,diarrhea,lethargy,weakness
dog,german shepherd,7.6,40.4,parasite history,lethargy,vomiting,coughing,weight loss,undigested in their feces
dog,poodle,9.6,6.0,no previous conditions,weight loss,weakness,gasc,lethargy,sneezing
dog,poodle,7.8,6.2,chronic illness,gas,bloody diarrhea,lethargy,lethargy,weight loss
dog,poodle,10.1,5.1,previous kidney disease,diarrhea,weight loss,diarrhea,weakness,bloody diarrhea
dog,boxer,15.3,21.9,dental issues,fever,dull,hind quarted soil,animal stop feed,decrease in milk production
dog,rottweiler,7.1,37.0,skin conditions history,fever,coughing,lethargy,neurologic abnormalities,chronic eye inflamation
dog,german shepherd,7.1,29.7,vaccinated,sneezing,diarrhea,sneezing,fever,coughing
dog,mixed breed,1.0,5.0,vaccinated,fever,animal gets uneasy,vomiting,anorexia,coughing
dog,german shepherd,12.0,28.5,previous heart condition,splenomegaly,weight loss,weight loss,sneezing,weakness
dog,mixed breed,10.0,12.1,chronic illness,apathy,depression,dilation of duodenum,cloacal pasting,congestion
dog,labrador retriever,7.3,24.7,previous heart condition,bluish white opacity,aversion to light,tear produce,blindness,weakness
dog,beagle,15.1,27.8,not vaccinated,fetopelvic dispropotion,uteria inertia,despression,death,pains
dog,beagle,14.4,19.1,chronic illness,fever,lack of coordination,depression,salivation,facial paralysis
dog,rottweiler,10.9,25.3,allergies,rhinitis,pneumonia,abscessess,torticollis,septicemia
dog,rottweiler,8.6,28.4,dental issues,heavy breathing,yellow in beak,tail_bobbing,weakness,sleeping excessively
dog,german shepherd,6.1,33.1,skin conditions history,vomiting,weight loss,fever,dehydration,diarrhea
dog,boxer,9.6,21.2,skin conditions history,anorexia,diarrhea,erythema,weight loss,weakness
dog,mixed breed,10.3,22.1,recent surgery,sneezing,diarrhea,fever,vomiting,vomiting
dog,beagle,10.8,29.3,vaccinated,weakness,jaundice,animal gets uneasy,weakness,lethargy
dog,golden retriever,7.1,38.0,not vaccinated,papules appear on teats anad udder,slightly swollen,milky hard,lession on the skin,fever
dog,mixed breed,1.8,26.6,chronic illness,eye discharges,nasal discharge,change their normal behaviour,high body temperature,lameness
dog,mixed breed,11.0,30.8,vaccinated,weight loss,sneezing,lethargy,sneezing,grinding teeth
dog,boxer,1.0,15.0,previous kidney disease,lethargy,dark colored bloody,lameness in affected leg,coughing,weight loss
dog,beagle,9.3,27.2,parasite history,scabs on feet,redness,trachea,thickening of skin,pains
dog,mixed breed,9.3,11.9,chronic illness,cloacal pasting,dilation of duodenum,congestion,depression,apathy
dog,german shepherd,6.6,28.6,not vaccinated,poor coat apperence,diarrhea,vomiting,weight loss,dehydration
dog,beagle,8.1,30.0,allergies,weight loss,bloody discharge,pain,sneezing,diarrhea
dog,boxer,1.0,15.0,recent surgery,tiredness,weakness,diarrhea,vomiting,sneezing
dog,rottweiler,12.7,39.4,parasite history,limping,swelling of head and neck,inability to digest,sneezing,redness
dog,beagle,1.5,24.5,skin conditions history,coughing,swallowing,anorexia,vomiting,weight loss
dog,beagle,10.2,24.9,previous heart condition,hyperaestesia,weakness,diarrhea,coughing,diarrhea
dog,beagle,4.7,16.0,allergies,weakness,heavy breathing,distended stomach,decreased stool production,restless movement
dog,beagle,11.6,15.0,recent surgery,weakness,eye redness,diarrhea,diarrhea,anorexia
dog,bulldog,13.3,30.1,dental issues,sores on lip,infection,sores on lower leg and teats,lesion,pain
dog,boxer,0.7,18.2,not vaccinated,weakness,sneezing,sneezing,coughing,coughing
dog,bulldog,14.3,19.2,not vaccinated,limping,willnot run to jump,swelling,week legs,pain on leg
dog,bulldog,1.2,29.7,parasite history,sheep often bites,fleece become thin,loss of wool,death,pains
dog,mixed breed,12.2,24.5,not vaccinated,vomiting,diarrhea,pain,vomiting,fever
dog,mixed breed,15.0,33.3,previous heart condition,vomiting,inflammation,pain,lethargy,"bumps(black,grey or red)"
dog,yorkshire terrier,9.6,10.0,previous kidney disease,lethargy,fever,lethargy,lethargy,diarrhea
dog,golden retriever,6.4,29.8,previous heart condition,coughing,fever,swollen abdomen,fever,anorexia
dog,yorkshire terrier,12.2,6.4,vaccinated,fever,difficulty in breathing,lethargy,death,pains
dog,yorkshire terrier,2.6,3.4,no previous conditions,fetopelvic dispropotion,pains,uteria inertia,malpresentation,death
dog,labrador retriever,13.9,28.9,not vaccinated,swollen lymph nodes,difficulty walking,back pain,lethargy,vaginal discharge
dog,mixed breed,4.5,32.0,allergies,air sacculitis,halitosis,coughing,enteritis,weight loss
dog,mixed breed,0.5,40.0,recent surgery,lethargy,diarrhea,coughing,heavy infection,weight loss
dog,mixed breed,5.4,9.0,recent surgery,abdominal pain,diarrhea,malpresentation,shock,anorexia
dog,beagle,6.8,27.6,dental issues,coughing,vomiting,anorexia,diarrhea,fever
dog,boxer,6.9,29.0,allergies,death,bloody diarhhea,weakness,depression,dullness
dog,golden retriever,7.4,36.0,recent surgery,vomiting,lethargy,small intestines,sneezing,lethargy
dog,rottweiler,6.2,31.2,vaccinated,pawing at bedding,isolation from flock,pains,stealing,nesting behaviour
dog,poodle,6.1,6.7,no previous conditions,fever,tiredness,headache,skin rashes,pain
dog,beagle,3.1,20.6,skin conditions history,coughing,vomiting,weight loss,diarrhea,lethargy
dog,yorkshire terrier,8.5,8.9,skin conditions history,mucus discharge from the eye,weakness,excessive eye watering,eye redness,frequent eye infections
dog,beagle,3.6,15.3,dental issues,labored breathing,dyspnea,coughing,depression,anorexia
dog,poodle,2.5,3.6,skin conditions history,pains,death,sheep often bites,loss of wool,fleece become thin
dog,mixed breed,9.0,14.2,previous kidney disease,fetopelvic dispropotion,uteria inertia,malpresentation,death,pains
dog,golden retriever,4.2,41.5,chronic illness,difficulty in breathing,coughing,lethargy,dyspnea,nasal discharge
dog,boxer,11.4,20.2,skin conditions history,sneezing,nosebleeds,coughing,lethargy,coughing
dog,bulldog,10.3,25.6,parasite history,fever,stiffness,abdominal pain,severe weekness and depression,diarrhea
dog,rottweiler,10.8,29.9,previous heart condition,fever,animal become lame,prostrat,painfull swalling,lameness
dog,rottweiler,5.4,31.4,parasite history,diarrhea,diarrhea,decreased growth of bone,vomiting,weight loss
dog,boxer,12.5,28.9,not vaccinated,bleeding in eye and skin,blood in urine,diarrhea,lethargy,vomiting
dog,yorkshire terrier,13.3,5.1,skin conditions history,lethargy,diarrhea,fluif faeces on blood and muscle,lethargy,fever
dog,bulldog,6.0,22.1,allergies,diarrhea,excession salivation,weakness,diarrhea,diarrhea
dog,mixed breed,8.5,18.5,parasite history,sneezing,lethargy,weight loss,pain,sneezing
dog,mixed breed,14.4,28.6,skin conditions history,tail shaking,lethargy,pain,fever,weight loss
dog,rottweiler,1.5,28.0,previous heart condition,weight loss,lethargy,vomiting,vomiting,sneezing
dog,beagle,1.8,21.6,chronic illness,weight loss,pains,stop eating,change their normal behaviour,stop drinking
dog,rottweiler,0.5,40.0,allergies,hepatic failure,sneezing,sneezing,eye disharge,anorexia
dog,labrador retriever,4.4,45.0,allergies,bleeding in eye and skin,lethargy,diarrhea,vomiting,blood in urine
dog,boxer,15.0,17.3,vaccinated,weakness,dullness,anorexia,fever,pain
dog,bulldog,13.5,28.3,dental issues,infection,pain,sores on lip,lesion,sores on lower leg and teats
dog,mixed breed,0.9,10.0,parasite history,flock moratality,depression,small intestines,death,fever
dog,yorkshire terrier,5.6,8.0,recent surgery,fever,mild sneezing,coughing,nasal,ocular discharge
dog,german shepherd,10.1,31.2,vaccinated,weight loss,anorexia,lethargy,papules appear on teats anad udder,pain
dog,golden retriever,8.4,33.0,not vaccinated,sneezing,weakness,anorexia,anorexia,sneezing
dog,labrador retriever,4.0,43.5,allergies,blood in urine,diarrhea,vomiting,lethargy,bleeding in eye and skin
dog,bulldog,3.9,18.6,chronic illness,flabby,weight loss,anorexia,septicemia,weakness
dog,yorkshire terrier,5.1,9.3,allergies,anorexia,pain,sneezing,fever,sneezing
dog,german shepherd,10.9,28.1,previous kidney disease,coughing,fever,weight loss,experiencing changes in weight,weakness
dog,golden retriever,13.2,45.0,not vaccinated,pain,sneezing,faeces are streake with blood,lethargy,weakness
dog,boxer,3.2,16.0,not vaccinated,swelling of udder,change in milk,swollen,tender to touch,pain
dog,german shepherd,14.6,25.0,not vaccinated,fever,anorexia,vomiting,pharyngitis,pain
dog,boxer,5.0,22.0,dental issues,pox lesion,anorexia,weakness,coughing,coughing
dog,german shepherd,7.0,33.3,previous kidney disease,lethargy,weakness,pain,anorexia,anorexia
dog,golden retriever,11.9,35.9,previous heart condition,fever,respiratory distress,mucous discharge,reduce feed,weight gain
dog,mixed breed,14.1,18.6,skin conditions history,malpresentation,death,uteria inertia,pains,fetopelvic dispropotion
dog,beagle,10.7,14.7,parasite history,diarrhea,weight loss,stomach  cramps,enteritis,fever
dog,poodle,11.9,3.5,previous heart condition,eye redness,frequent eye infections,crusty eye lashes and matting of eyelashes,foul smelling stools,increased passing gas
dog,mixed breed,5.6,26.2,no previous conditions,fever,diarrhea,coughing,vomiting,anorexia
dog,poodle,7.8,3.9,parasite history,pyrexia,oral lesion,swelling,lameness,death
dog,labrador retriever,6.9,27.1,recent surgery,fever,diarrhea,vomiting,weight loss,dehydration
dog,mixed breed,1.0,33.1,allergies,swelling on leg,heat,hardness,redness,pain
dog,boxer,1.1,15.3,previous kidney disease,self mutilation,staggering as drunk,acting aggressive,partial paralysis,acting unnaturally tame
dog,beagle,5.7,18.3,dental issues,papules appear on teats anad udder,teeth griding,pain,confusion,weight loss
dog,boxer,8.8,15.4,chronic illness,listlessness,pain,fever,fever,weight loss
dog,poodle,7.7,8.9,chronic illness,sneezing,coughing,diarrhea,weakness,vomiting
dog,mixed breed,9.4,17.9,skin conditions history,bleeding from the nose,dull ness,hairy fleeces,nosebleed,vomiting
dog,beagle,9.9,21.7,previous kidney disease,weight loss,weakness,vomiting,vomiting,lethargy
dog,poodle,9.2,4.7,allergies,vomiting,droopy wings,vomiting,darkened skin,diarrhea
dog,rottweiler,5.3,39.9,recent surgery,skinallergy,fever,fever,pain,coughing
dog,german shepherd,14.6,35.8,recent surgery,fever,diarrhea,coughing,tiredness,pains
dog,poodle,5.8,4.5,vaccinated,lethargy,vomiting,weight loss,lethargy,fever
dog,boxer,13.5,23.4,skin conditions history,weight loss,vomiting,sneezing,sneezing,sneezing
dog,golden retriever,0.5,35.7,vaccinated,pain,fever,coughing,fever,pain
dog,german shepherd,8.2,30.3,no previous conditions,shortness of breath.,fatigue,chirping,loss of appetite,swollen abdomen
dog,rottweiler,12.0,34.8,not vaccinated,coughing,weakness,watery eyes,anorexia,vomiting
dog,boxer,11.0,24.2,parasite history,dyspnea,most often none,sneezing,nasal discharge,pain
dog,bulldog,0.7,18.3,vaccinated,lameness,poor growth,weigth bearing long bones,enlargement of bones,short stature
dog,labrador retriever,12.9,30.8,chronic illness,diarrhea,lethargy,coughing,lethargy,lethargy
dog,golden retriever,10.1,34.4,previous heart condition,sneezing,fever,weakness,diarrhea,drop on egg production
dog,yorkshire terrier,7.3,3.7,no previous conditions,weakness,stiffness,trembling,white mark on the muscle,loss of vitamin e
dog,labrador retriever,5.4,25.0,not vaccinated,vomiting,pain,paresis,weight loss,weakness
dog,beagle,8.1,21.1,skin conditions history,sneezing,weight loss,lethargy,vomiting,weight loss
dog,rottweiler,13.3,26.9,skin conditions history,weakness,coughing,diarrhea,weakness,lethargy
dog,golden retriever,14.3,33.3,dental issues,watering diarrhea,depression,emaciation,ruffled coat,lethargy
dog,mixed breed,8.0,40.0,parasite history,weight loss,coughing,anorexia,fever,weakness
dog,golden retriever,0.5,39.3,no previous conditions,pain,sneezing,anorexia,vomiting,lethargy
dog,golden retriever,7.7,33.3,vaccinated,diarrhea,pain,urination problem,lethargy,diarrhea
dog,german shepherd,11.7,43.2,allergies,anorexia,lethargy,loss of tail tone,sneezing,weight loss
dog,bulldog,3.3,22.6,dental issues,weakness,weight loss,pain,weight loss,anorexia
dog,rottweiler,10.6,27.1,vaccinated,weakness,hot joints,weakness,diarrhea,sneezing
dog,labrador retriever,7.5,32.0,skin conditions history,itches,coughing,lethargy,loss of wool,pain
dog,german shepherd,13.0,32.4,parasite history,pain,septic arthritis,weight loss,pain,retching
dog,rottweiler,4.7,32.1,chronic illness,vomiting,weight loss,sneezing,vomiting,carcass decomposes
dog,labrador retriever,0.6,33.9,skin conditions history,coughing,diarrhea,diarrhea,anorexia,coughing
dog,beagle,3.4,28.4,recent surgery,poor coat apperence,diarrhea,vomiting,weight loss,dehydration
dog,labrador retriever,11.3,39.7,allergies,weight loss,weakness,coughing,fever,anorexia
dog,bulldog,5.2,23.5,not vaccinated,watering diarrhea,anorexia,fever,change their normal behaviour,pain
dog,yorkshire terrier,8.2,8.8,allergies,coughing,anorexia,lethargy,poor conformation,fever
dog,rottweiler,8.7,31.9,chronic illness,weight loss,severe colic,vomiting,diarrhea,vomiting
dog,labrador retriever,9.0,37.2,dental issues,sneezing,lethargy,coughing,fever,diarrhea
dog,boxer,8.5,18.0,recent surgery,sneezing,vomiting,fever,pain,coughing
dog,mixed breed,12.4,15.2,skin conditions history,swollen lymph nodes,difficulty walking,back pain,lethargy,vaginal discharge
dog,poodle,14.0,7.2,previous kidney disease,lethargy,weight loss,weakness,sneezing,weakness
dog,boxer,3.2,16.7,parasite history,weakness,weakness,vomiting,sneezing,pain
dog,rottweiler,9.5,34.2,vaccinated,inability to stand,diarrhea,bottle jaw,pot belly,dry hair coat
dog,poodle,0.5,6.4,vaccinated,weakness,stop eating,lethargy,fever,sneezing
dog,labrador retriever,12.2,34.6,parasite history,loss in weight,emaciation,loss of appetite,weakness,diarrhoea
dog,rottweiler,8.0,25.7,not vaccinated,balance problem,abdominal destention,neck paralysis,weight loss,pains
dog,yorkshire terrier,6.0,8.0,vaccinated,coughing,diarrhea,changes in outer layer skin,pustulses,pain
dog,boxer,11.6,24.4,not vaccinated,immediate death,difficulty in breathing,blue colored lip,bloody discharge,neurologic abnormalities
dog,labrador retriever,4.2,35.4,vaccinated,anorexia,pain,coughing,sneezing,fever
dog,mixed breed,4.6,40.0,dental issues,anorexia,fever,lethargy,diarrhea,diarrhea
dog,poodle,3.7,6.6,previous kidney disease,diarrhea,pain,vomiting,fever,anorexia
dog,bulldog,12.3,21.7,vaccinated,pain,pain,sneezing,enlarged lymph nodes or swelling,attempt to urinate
dog,labrador retriever,10.4,32.6,previous kidney disease,diarrhea,anorexia,pain,coughing,tear production
dog,boxer,0.5,15.8,recent surgery,weakness,anorexia,hemoglobinuria,vomiting,faeces are streake with blood
dog,mixed breed,5.5,26.5,previous heart condition,pain,weakness,diarrhea,sneezing,dandruff
dog,golden retriever,0.8,38.8,vaccinated,vomiting,lethargy,pain,ulcer on gum,coughing
dog,beagle,14.0,24.2,recent surgery,ulcers,diarrhea,back pain,tarry stool,enlarged lymph nodes
dog,german shepherd,2.7,45.0,no previous conditions,fever,malaise,weakness,weight loss,pain
dog,rottweiler,11.7,26.1,previous heart condition,loss of appetite,diarrhea,ruffled feathers,weight loss,inability to absorb nutrients
dog,beagle,3.9,15.6,skin conditions history,swollen,testical pain,itches,bloody discharge,tenderness
dog,labrador retriever,4.0,38.8,allergies,fever,hemolytic anemia,hemoglobinuria,pulmonary congestion,jaundice
dog,german shepherd,4.4,35.9,parasite history,fever,pain,thick crusting,weight loss,vomiting
dog,bulldog,10.4,20.8,chronic illness,diarrhea,pain,redness of white of the eye,sneezing,swelling of udder
dog,beagle,11.6,26.0,skin conditions history,lethargy,weakness,sneezing,diarrhea,weakness
dog,mixed breed,6.7,16.0,parasite history,diarrhea,lethargy,difficulty breating,fever,lethargy
dog,german shepherd,10.6,25.0,recent surgery,fever,lethargy,vomiting,diarrhea,tachypea
dog,golden retriever,9.5,37.5,allergies,fatty stool,diarrhea,vomiting,weight loss,pain
dog,golden retriever,8.7,36.5,chronic illness,diarrhea,vomiting,indigestion,ring shaped lesion,vomiting
dog,poodle,2.8,3.0,no previous conditions,anorexia,exercise in tolerance,anorexia,fever,anorexia
dog,labrador retriever,12.1,40.6,dental issues,limping,skin colour change,flabby,raw,sensitive to touch
dog,rottweiler,1.5,24.1,recent surgery,severe kerititis,conjunctive,discharge,iris prolapse,loss of eye
dog,rottweiler,1.6,38.2,allergies,short term lethargy,loss of  appetite,weekness in the back legs,rapid heart rate,week pulse
dog,labrador retriever,13.6,40.6,dental issues,swelling of eye,fever,swelling problem,weakness,dejection
dog,poodle,7.9,8.6,previous heart condition,diarrhea,anorexia,irritation,sneezing,abdminal pain
dog,yorkshire terrier,6.6,4.6,allergies,fever,diarrhea,poor appetite,weight loss,vomitting
dog,yorkshire terrier,5.9,7.5,not vaccinated,congestion,fever,fever,sneezing,facial swelling
dog,boxer,13.7,19.7,no previous conditions,shortness of breath.,fatigue,chirping,loss of appetite,swollen abdomen
dog,german shepherd,10.9,31.5,skin conditions history,septicemia,agalactia,vomiting,fever,sneezing
dog,poodle,12.6,9.2,vaccinated,vomiting,pain,coughing,lethargy,diarrhea
dog,german shepherd,9.2,32.8,chronic illness,pains,malpresentation,uteria inertia,death,fetopelvic dispropotion
dog,boxer,7.4,26.9,recent surgery,weakness,weight loss,sneezing,runny nose,weight loss
dog,beagle,8.4,17.2,not vaccinated,fever,diffulty swallowing,excessive drooling,staggering,seizures
dog,rottweiler,9.5,43.3,skin conditions history,pain,bloody discharge,pain,fever,lethargy
dog,yorkshire terrier,5.5,6.4,no previous conditions,lethargy,severe swellimg,fever,rapid pulse and heart rates,coughing
dog,beagle,1.4,17.6,recent surgery,tremor,viability,coughing,anorexia,weight loss
dog,beagle,9.5,28.0,allergies,thick crusting,itchiness,hair loss,watery eye,pain
dog,boxer,8.0,16.2,parasite history,dark colored bloody,terminal convulsion,difficulty in breathing,incoordination,fever
dog,poodle,9.8,4.6,vaccinated,stained wool,sneezing,anorexia,vomiting,vomiting
dog,labrador retriever,4.1,43.4,previous kidney disease,jaundice,hemoglobinuria,fever,hemolytic anemia,pulmonary congestion
dog,mixed breed,2.1,12.8,previous heart condition,coughing,folded ears,diarrhea,lethargy,sneezing
dog,beagle,3.2,23.5,chronic illness,weakness,fever,weight loss,coughing,legness
dog,poodle,2.3,3.4,no previous conditions,pains,fleece become thin,death,loss of wool,sheep often bites
dog,poodle,5.1,6.8,previous kidney disease,diarrhea,sneezing,diarrhea,lethargy,pain
dog,yorkshire terrier,13.0,7.2,not vaccinated,fever,depression,loss of appetite,loss of appetite,pains
dog,bulldog,10.7,22.9,previous kidney disease,diarrhea,pain,diarrhea,coughing,coughing
dog,labrador retriever,0.5,32.2,parasite history,anorexia,weakness,diarrhea,wheezing,diarrhea
dog,german shepherd,4.7,30.2,dental issues,lethargy,pain,diarrhea,diarrhea,coughing
dog,boxer,6.0,21.1,vaccinated,smell,diarrhea,pain,fever,weakness
dog,german shepherd,14.4,41.0,recent surgery,weight loss,vomiting,diarrhea,diarrhea,misshapen beak
dog,rottweiler,7.5,40.4,parasite history,weight loss,weakness,severe inflammation,anorexia,sneezing
dog,golden retriever,1.7,28.4,skin conditions history,weakness,aneamia,coughing,poor growth,lethargy
dog,yorkshire terrier,5.9,6.6,recent surgery,sneezing,diarrhea,diarrhea,fever,lethargy
dog,yorkshire terrier,7.8,4.4,parasite history,weight loss,anorexia,skeleten abnormalities,vomiting,pain
dog,golden retriever,8.3,32.5,vaccinated,weakness,fever,vomiting,weight loss,pain
dog,poodle,3.6,4.0,not vaccinated,blurry vision,slow growth,excessive blood loss,watery eyes,dizziness and fainting
dog,poodle,0.5,6.0,chronic illness,vomiting,pain,fever,vomiting,vomiting
dog,boxer,5.4,23.3,no previous conditions,fever,diarrhea,vomiting,diarrhea,weakness
dog,labrador retriever,8.6,34.0,allergies,fever,inflammed eye,sneezing,depression,limping
dog,yorkshire terrier,12.6,3.3,skin conditions history,skin rashes,fever,dullness,pains,dullness
dog,poodle,1.7,4.4,recent surgery,lack of pigmentation,greenish-yellow nasal discharge,sneezing,pain on face,lethargy
dog,beagle,8.5,17.5,not vaccinated,fever,diffulty swallowing,excessive drooling,staggering,seizures
dog,labrador retriever,9.9,32.8,allergies,sneezing,coughing,anorexia,vomiting,pain
dog,yorkshire terrier,13.4,5.5,recent surgery,forthy eye,torticollis,weakness,swelling,emaciation
dog,poodle,5.0,9.0,parasite history,loss of appetite,diarrhea,swollen purple wattle,swollen comb,lameness
dog,golden retriever,8.4,37.3,not vaccinated,fever,slightly swollen,lession on the skin,milky hard,papules appear on teats anad udder
dog,rottweiler,3.7,25.9,previous kidney disease,sneezing,pain,fever,anorexia,difficulty in walk
dog,german shepherd,1.4,33.9,no previous conditions,red tinge,weakness,diarrhea,coughing,sneezing
dog,beagle,13.5,22.6,previous heart condition,ulcers,diarrhea,back pain,tarry stool,enlarged lymph nodes
dog,boxer,2.7,28.0,parasite history,weakness,decreased stool production,distended stomach,heavy breathing,restless movement
dog,golden retriever,5.8,38.1,previous heart condition,fever,deability,fever,hind quarted soil,vomiting
dog,yorkshire terrier,4.7,9.5,vaccinated,groosly enlarged,skin may thicken,convulsion,edematous,pains
dog,boxer,6.2,26.7,allergies,fever,loss of appetite,ear infection,depression,nasal discharge
dog,mixed breed,6.0,14.5,dental issues,normal appetite,red diarrhea,lethargy,vomiting,pain
dog,rottweiler,1.1,26.9,chronic illness,upset stomach,diarrhea,vomiting,muscle pain,muscle stiffness
dog,german shepherd,12.1,44.1,previous kidney disease,restlessness,weakness,blue straws,death,pain
dog,golden retriever,13.9,37.2,allergies,watering diarrhea,depression,emaciation,ruffled coat,lethargy
dog,yorkshire terrier,9.7,8.0,skin conditions history,excessive eye watering,eye redness,weakness,mucus discharge from the eye,frequent eye infections
dog,rottweiler,14.5,34.6,skin conditions history,depression,poor appetite,pains,swelling of face or leg,fever
dog,bulldog,5.2,21.2,no previous conditions,fluffed feathers,weakness,weight loss,bloody,inappetence
dog,golden retriever,0.5,36.7,vaccinated,pain,weight loss,fever,swelling of face or leg,weight loss
dog,labrador retriever,10.2,41.9,not vaccinated,abortion on late pregancy,stillbirth,retained placenda,endomeritis,decrease appetite
dog,mixed breed,1.0,29.0,allergies,swelling on leg,heat,hardness,redness,pain
dog,golden retriever,5.6,39.8,parasite history,fever,anorexia,anorexia,scabs on feet,coughing
dog,bulldog,5.8,29.5,skin conditions history,weight loss,anorexia,weakness,fever,pain
dog,boxer,4.9,16.5,chronic illness,coughing,pain,coughing,sneezing,weakness
dog,bulldog,8.9,33.3,skin conditions history,droopy wings,coughing,twisted neck,gasping,mild weakness
dog,mixed breed,5.2,29.3,no previous conditions,fever,diarrhea,coughing,vomiting,anorexia
dog,boxer,1.8,28.5,parasite history,vomiting,anorexia,fever,anorexia,ear infection
dog,boxer,5.0,20.6,previous kidney disease,animal stop feed,tremors,lethargy,fever,anorexia
dog,bulldog,3.0,17.5,previous kidney disease,fever,coughing,lethargy,blue eye,diarrhea
dog,beagle,5.4,17.2,chronic illness,anorexia,vomiting,lethargy,pain,swaying
dog,mixed breed,1.6,23.1,vaccinated,coughing,lethargy,diarrhea,diarrhea,lethargy
dog,mixed breed,1.2,5.6,vaccinated,abnormalalities,blindness,facial muscle twitching,muscle pain,constant pacing
dog,bulldog,9.9,33.3,allergies,coughing,droopy wings,twisted neck,mild weakness,gasping
dog,golden retriever,8.0,25.0,no previous conditions,strong cough,lethargy,weakness,pain,abnormalalities
dog,labrador retriever,8.6,42.9,recent surgery,lethargy,weight loss,anorexia,weight loss,loss of consciousness
dog,mixed breed,10.5,22.5,dental issues,weight loss,diarrhea,pain,lethargy,facial edema
dog,beagle,15.0,29.8,no previous conditions,stop eating,stop drinking,change their normal behaviour,lameness,pains
dog,labrador retriever,12.6,45.0,skin conditions history,anorexia,sneezing,lethargy,weight loss,fever
dog,bulldog,1.6,24.1,recent surgery,mortality varies,fever,skin reashes,nasal discharge,pox lession on skin
dog,golden retriever,7.5,39.5,previous kidney disease,pain,lethargy,anorexia,vomiting,diarrhea
dog,bulldog,0.7,25.7,previous kidney disease,excessive eye watering,lethargy,diarrhea,sneezing,swollen
dog,rottweiler,9.0,35.4,chronic illness,frequent eye infections,eye redness,crusty eye lashes and matting of eyelashes,foul smelling stools,increased passing gas
dog,bulldog,0.5,22.1,no previous conditions,lethargy,pain,lethargy,coughing,anorexia
dog,german shepherd,0.5,36.6,previous heart condition,fever,fever,pain,lethargy,fever
dog,rottweiler,15.6,45.0,dental issues,loss of appetite,swelling,nasal discharge,blindness,lethargy
dog,beagle,9.3,15.0,recent surgery,anorexia,coughing,diarrhea,vomiting,lethargy
dog,bulldog,9.3,22.9,parasite history,fever,sneezing,coughing,paralyzed leg,fever
dog,beagle,14.0,30.7,no previous conditions,lameness,stop eating,stop drinking,pains,change their normal behaviour
dog,beagle,6.9,22.8,chronic illness,fluffed feathers,watery eye,anorexia,weight loss,sneezing
dog,beagle,8.5,25.7,previous heart condition,weakness,gas or bloating,fever,morbidity,fever
dog,beagle,8.8,29.6,recent surgery,scabs on feet,redness,trachea,thickening of skin,pains
dog,golden retriever,4.5,39.1,no previous conditions,coughing,lethargy,sneezing,weakness,diarrhea
dog,mixed breed,4.6,14.2,no previous conditions,lack of walking,lack of flying,roughened,dehydration,pains
dog,boxer,3.9,26.8,chronic illness,tear produce,diarrhea,weight loss,anorexia,lethargy
dog,labrador retriever,1.7,45.0,parasite history,lethargy,neurologic abnormalities,poor appetite,chronic eye inflamation,fever
dog,labrador retriever,0.5,36.4,previous kidney disease,anorexia,coughing,fever,weight loss,pain
dog,mixed breed,5.2,12.2,no previous conditions,hyper sensitivity,weakness,loss of appetite,excitability,nervousness
dog,poodle,10.5,6.6,previous kidney disease,coughing,recumbency,fever,sneezing,weight loss
dog,labrador retriever,11.1,39.6,no previous conditions,fever,loss of  appetite,coughing,lameness,swelling of joints
dog,rottweiler,8.9,30.5,not vaccinated,pain,flaking of the scutes,lethargy,weakness,anorexia
dog,boxer,13.4,19.9,not vaccinated,anorexia,lllthrift,lack of appetite,vomiting,sneezing
dog,bulldog,6.3,15.1,not vaccinated,not eating,lethargy,pain,anorexia,weight loss
dog,golden retriever,12.3,31.9,no previous conditions,discharge from eyes,sneezing,pain,anorexia,lethargy
dog,beagle,12.9,21.5,dental issues,fever,swelling,lameness,heat,pains
dog,labrador retriever,9.9,35.3,previous kidney disease,diarrhea,lethargy,coughing,anorexia,lethargy
dog,poodle,1.3,8.2,dental issues,cessation of eructation,difficulty in breathing,depression,anorexia,colic
dog,golden retriever,12.8,39.1,skin conditions history,anorexia,anorexia,weakness,ulcerated muscle,pain
dog,rottweiler,9.5,28.2,no previous conditions,weight loss,lethargy,lethargy,diarrhea,sneezing
dog,rottweiler,3.6,34.8,previous kidney disease,fever,muscle loss,skeleten pain,weight loss,wasting
dog,beagle,5.3,21.6,parasite history,coughing,sneezing,fever,lethargy,fever
dog,golden retriever,5.2,33.9,vaccinated,weakness,coughing,sneezing,weakness,anorexia
dog,rottweiler,0.5,33.6,vaccinated,nosebleeds,sneezing,increased passing gas,loss of eye,weakness
dog,beagle,5.7,22.7,no previous conditions,sneezing,hyperexcitability,vomiting,lethargy,weight loss
dog,rottweiler,7.0,40.0,parasite history,vomiting,pain,lethargy,anorexia,lethargy
dog,rottweiler,11.5,30.9,previous heart condition,pain,joint pain,coughing,weight loss,lethargy
dog,rottweiler,10.2,28.2,previous heart condition,diarrhea,vomiting,diarrhea,vomiting,vomiting
dog,boxer,5.8,23.8,allergies,fever,loss of appetite,ear infection,depression,nasal discharge
dog,labrador retriever,15.5,28.5,vaccinated,stress,loss of appetite,dejection,pains,coughing
dog,german shepherd,8.7,25.1,no previous conditions,pain,fever,lethargy,weight loss,diarrhea
dog,boxer,4.2,30.0,previous kidney disease,difficultty in breathing,weakness,weight loss,vomiting,weight loss
dog,labrador retriever,8.3,36.4,previous kidney disease,coughing,diarrhea,fever,loss of appetite,diarrhea
dog,yorkshire terrier,7.8,4.2,previous kidney disease,fever,diarrhea,poor appetite,weight loss,vomitting
dog,poodle,8.7,5.8,parasite history,vomiting,weakness,swelling of eyelid,coughing,weight loss
dog,poodle,1.0,8.5,parasite history,fever,self-isolation,diarrhea,listlessness,vomiting
dog,yorkshire terrier,9.3,4.4,chronic illness,runny nose,difficulty in breathing,coughing,weakness,loss of appettite
dog,rottweiler,5.5,25.6,skin conditions history,weakness,paralysis,paresis,diarrhea,stomach cramps
dog,mixed breed,3.1,8.5,dental issues,vomiting,pain,weight loss,weight loss,vomiting
dog,german shepherd,11.3,37.7,allergies,anorexia,coughing,semen examination,weight loss,pain
dog,bulldog,11.1,17.9,vaccinated,edema,lethargy,blister,pain,sneezing
dog,rottweiler,8.9,42.0,dental issues,anorexia,vomiting,fever,lack of pigmentation,head pressing
dog,yorkshire terrier,11.1,4.3,previous kidney disease,blue colored lip,weight loss,fever,vomiting,fever
dog,yorkshire terrier,15.3,6.7,vaccinated,poor wool,loss of appetite,lameness,small size,poor body condition
dog,poodle,11.6,8.2,no previous conditions,coughing,pain,lethargy,sneezing,anorexia
dog,labrador retriever,3.1,34.2,dental issues,fever,loss of appetite,rapid pulse and heart rates,lameness in affected leg,depression
dog,boxer,3.5,30.0,allergies,weakness,sneezing,pain,pain,diarrhea
dog,beagle,14.1,21.8,no previous conditions,gurgling sound,fever,sneezing,weakness,weight loss
dog,golden retriever,3.0,44.5,recent surgery,hyperesthesia,fever,seizuers,respiratory distress,sudden death
dog,german shepherd,5.7,43.9,skin conditions history,red skin,loss of appetite,moist,lameness,pains
dog,beagle,15.0,26.5,previous heart condition,vomiting,coughing,pain,weakness,weakness
dog,german shepherd,0.5,34.0,skin conditions history,pain,sneezing,infection,vomiting,scartching
dog,poodle,12.3,7.3,recent surgery,sudden death,loss of appetite,rapid heartbeats,fluffed feathers,lack of vocalizations
dog,poodle,4.8,6.1,skin conditions history,coughing,coughing,coughing,weakness,fever
dog,labrador retriever,1.5,39.9,previous kidney disease,cough,gasping for air,weight loss,gasping for breath,extending its neck
dog,bulldog,10.4,18.6,recent surgery,weakness,weakness,vomiting,rectal bleeding,pain
dog,beagle,13.9,20.5,chronic illness,fever,lack of coordination,depression,salivation,facial paralysis
dog,beagle,15.0,20.7,no previous conditions,weakness,lethargy,defienciency in vitamin,folded ears,pain
dog,german shepherd,7.7,38.2,allergies,diarrhea,vomiting,sneezing,anorexia,weakness
dog,yorkshire terrier,8.8,5.6,no previous conditions,diarrhea,coughing,coughing,pain,muscular spasms
dog,labrador retriever,9.9,34.9,not vaccinated,stripped remiges,defienciency in vitamin,less feather growth,diarrhea,ruffled feathers
dog,mixed breed,5.7,25.6,skin conditions history,fever,weight loss,urine retention,convulsion,sudden death
dog,rottweiler,9.1,31.2,parasite history,fever,loss of appetite,weakness,weight loss,vomitting
dog,rottweiler,4.2,42.3,dental issues,muscle trembling,weakness,diarrhea,lethargy,fever
dog,mixed breed,8.3,8.6,no previous conditions,beak overgrowth,difficulty in feeding,preening,anemia,weakness
dog,german shepherd,10.8,37.2,vaccinated,sneezing,coughing,pain,fast breathing,sneezing
dog,rottweiler,11.2,29.3,skin conditions history,blood clots,sneezing,coughing,pain,pain
dog,yorkshire terrier,5.0,5.2,dental issues,weight loss,sneezing,pain,diarrhea,lethargy
dog,golden retriever,3.6,36.2,chronic illness,nasal discharge,dyspnea,coughing,difficulty in breathing,lethargy
dog,boxer,7.5,24.8,dental issues,anorexia,lethargy,coughing,skin color change,coughing
dog,golden retriever,8.4,45.0,previous heart condition,fever,pain,lethargy,coughing,fever
dog,yorkshire terrier,7.7,10.0,not vaccinated,obstructed lungs,weight loss,enlarged thymus,skin rashes,lethargy
dog,rottweiler,8.2,36.9,previous heart condition,fever,reduce growth,edema in lower jaw,weight loss,anemia
dog,boxer,10.8,25.3,previous kidney disease,fever,weight loss,coughing,pain,coughing
dog,beagle,5.6,18.1,previous kidney disease,pain,weakness,anorexia,weakness,coughing
dog,boxer,12.5,15.7,previous heart condition,nosebleed,trauma,mild weakness,nose picking,dry air
dog,poodle,7.3,5.8,previous heart condition,coughing,anorexia,anorexia,weakness,weakness
dog,german shepherd,0.8,38.4,parasite history,dyspnea,neurologic sign,coughing,depression,anorexia
dog,mixed breed,6.1,13.2,no previous conditions,vomiting,pain,sneezing,vomiting,fever
dog,rottweiler,11.9,25.0,parasite history,coughing,diarrhea,lethargy,lethargy,pox lesion
dog,bulldog,11.7,13.8,previous heart condition,fluif filled blisters,mammary glads,los of the ability to walk,weakened legs,fever
dog,yorkshire terrier,6.6,3.4,skin conditions history,malpresentation,uteria inertia,death,pains,fetopelvic dispropotion
dog,yorkshire terrier,10.2,6.5,not vaccinated,nause,weight loss,upset stomach,abdonormal pain,loss of appetite
dog,labrador retriever,14.5,33.7,vaccinated,coughing,stress,pains,loss of appetite,dejection
dog,yorkshire terrier,8.0,10.1,not vaccinated,skin rashes,weight loss,lethargy,enlarged thymus,obstructed lungs
dog,golden retriever,7.8,42.7,chronic illness,skin rashes,small and yellow bumps,swelling,dry scabs,lameness
dog,german shepherd,12.6,45.0,allergies,fever,animal become lame,prostrat,painfull swalling,lameness
dog,bulldog,14.2,16.3,skin conditions history,lethargy,anorexia,difficulty in feeding,arthritis,forthy eye
dog,poodle,3.8,10.0,not vaccinated,uteria inertia,malpresentation,death,fetopelvic dispropotion,pains
dog,labrador retriever,10.8,31.6,previous heart condition,fever,hot udder,weakness,swollen eyelids,sneezing
dog,rottweiler,4.2,25.0,vaccinated,ulcerated skin,weakness,anorexia,anorexia,weakness
dog,labrador retriever,4.8,38.0,previous heart condition,weight loss,vomiting,weight loss,stumbling,vomiting
dog,yorkshire terrier,12.4,5.6,skin conditions history,weakness,lethargy,weakness,ruffled feathers,anorexia
dog,german shepherd,9.3,35.9,allergies,sneezing,pain,coughing,diarrhoea,fever
dog,rottweiler,5.2,28.3,allergies,labored breathing,dyspnea,coughing,depression,anorexia
dog,golden retriever,8.9,28.1,recent surgery,weight gain,reduce feed,fever,mucous discharge,respiratory distress
dog,rottweiler,3.0,34.7,vaccinated,vomiting,clouded cornea,weakness,diarrhea,coughing
dog,poodle,9.5,10.0,parasite history,weight loss,weakness,yellow in beak,lethargy,lethargy
dog,yorkshire terrier,10.4,5.5,skin conditions history,dyspnea,coughing,fever,lethargy,weightloss
dog,boxer,9.6,22.9,no previous conditions,coughing,noisy breathing,diarrhea,vomiting,vomiting
dog,german shepherd,6.2,32.6,chronic illness,weight loss,coughing,lethargy,fever,lethargy
dog,beagle,14.2,24.8,skin conditions history,vomiting,sharp feather,lethargy,anorexia,sneezing
dog,mixed breed,14.4,32.1,previous heart condition,lllthrift,skin lesion,lameness,swelling on thebody,weight loss
dog,boxer,13.3,32.8,parasite history,lethargy,diarrhea,blood in urine,vomiting,bleeding in eye and skin
dog,mixed breed,9.1,31.5,skin conditions history,most often none,sneezing,nasal discharge,dyspnea,pain
dog,labrador retriever,13.5,36.6,parasite history,emaciation,weakness,diarrhoea,loss in weight,loss of appetite
dog,rottweiler,13.0,25.0,no previous conditions,vomiting,diarrhea,diarrhea,diarrhea,lethargy
dog,bulldog,7.7,19.0,no previous conditions,diarrhea,fever,lethargy,eye redness,vomiting
dog,poodle,2.8,5.5,no previous conditions,coughing,sneezing,weight loss,flatulence,weakness
dog,beagle,12.3,17.4,vaccinated,sneezing,weight loss,vomiting,fever,sneezing
dog,bulldog,6.7,26.9,parasite history,haemorrhage,straw colored,abdominal pain,death,carcass decomposes
dog,mixed breed,10.6,29.5,dental issues,extending its neck,gasping for air,gasping for breath,difficulty swallowing,gasping for breath
dog,german shepherd,3.8,35.6,no previous conditions,lethargy,pain,fever,seizures,diarrhea
dog,golden retriever,13.0,34.7,previous kidney disease,emaciation,coughing,lethargy,sneezing,fever
dog,german shepherd,9.3,29.9,not vaccinated,fever,diarrhea,swollen abdomen,vomiting,difficulty in breathing
dog,german shepherd,7.3,36.4,parasite history,fatty stool,fever,vomiting,excess salivary,vomiting
dog,rottweiler,9.7,22.4,not vaccinated,septicemia,torticollis,pneumonia,rhinitis,abscessess
dog,german shepherd,13.0,31.6,skin conditions history,weight loss,weight loss,fever,coughing,coughing
dog,mixed breed,2.2,38.0,not vaccinated,lossened teeth,fever,weight loss,diarrhea,extreme thirst
dog,boxer,14.7,18.6,vaccinated,overweight,loss of appetite,ruffled feathers,depression,diarrhea
dog,boxer,13.0,17.7,chronic illness,mammary glads,fever,fluif filled blisters,weakened legs,los of the ability to walk
dog,rottweiler,12.9,29.4,dental issues,fever,reduce reproductive potential,agalactia,loss of milk production,sloughing of the tail
dog,golden retriever,11.3,37.8,no previous conditions,death,pains,fetopelvic dispropotion,uteria inertia,malpresentation
dog,boxer,10.8,30.0,dental issues,loss of milk production,lethargy,lethargy,wasting,weakness
dog,rottweiler,15.3,40.4,previous kidney disease,loss of appetite,swelling,nasal discharge,blindness,lethargy
dog,poodle,0.5,4.7,allergies,skin ulcer,diarrhea,weight loss,coughing,diarrhea
dog,beagle,8.3,27.8,no previous conditions,fever,dullness,dullness,skin rashes,pains
dog,mixed breed,7.3,15.9,not vaccinated,weakness,lethargy,coughing,coughing,weight loss
dog,golden retriever,6.2,28.8,allergies,behaviour change,muscular spasms,weakness,iris prolapse,pain
dog,bulldog,8.7,26.7,previous heart condition,weakness,pain,weakness,lethargy,anorexia
dog,beagle,5.6,30.5,skin conditions history,fever,excession salivation,abnormal conformation,ulcerated muscle,ulcerated ear
dog,rottweiler,12.2,26.8,allergies,lying down,fever,anorexia,fever,wound lesion
dog,mixed breed,0.6,15.0,allergies,kid moratality,reduce growth,dullness,weakness,fever
dog,bulldog,8.4,19.6,recent surgery,lethargy,scaly skin,frequent yawning,coughing,sour throat
dog,mixed breed,1.1,28.6,no previous conditions,swelling on leg,heat,hardness,redness,pain
dog,labrador retriever,6.3,32.9,no previous conditions,fetopelvic dispropotion,uteria inertia,malpresentation,death,pains
dog,yorkshire terrier,11.7,8.9,previous heart condition,fetopelvic dispropotion,uteria inertia,malpresentation,death,pains
dog,labrador retriever,6.8,32.9,no previous conditions,fetopelvic dispropotion,uteria inertia,malpresentation,death,pains
dog,beagle,8.6,26.9,skin conditions history,stripped remiges,less feather growth,ruffled feathers,defienciency in vitamin,diarrhea
dog,golden retriever,11.0,36.8,no previous conditions,pains,malpresentation,fetopelvic dispropotion,uteria inertia,death
dog,rottweiler,7.8,36.1,no previous conditions,diarrhea,vomiting,diarrhea,coughing,muscles ache
dog,mixed breed,2.9,36.7,chronic illness,bleeding in eye and skin,weight loss,inflammation,black stool,coughing
dog,beagle,8.5,15.0,skin conditions history,diarrhea,anorexia,rubbing eye,weight loss,shortness of breath.
dog,golden retriever,11.8,36.3,allergies,coughing,lethargy,fever,lethargy,sloughing of the tail
dog,yorkshire terrier,14.5,5.2,vaccinated,poor wool,loss of appetite,lameness,small size,poor body condition
dog,labrador retriever,1.3,40.7,skin conditions history,coughing,lethargy,vomiting,pain,lethargy
dog,mixed breed,6.5,23.8,vaccinated,weight loss,vomiting,cell damage,sneezing,vomiting
dog,golden retriever,5.9,36.8,previous kidney disease,coughing,pain,coughing,sneezing,anorexia
dog,labrador retriever,10.2,38.0,no previous conditions,weakness,vomiting,self-isolation,diarrhea,coughing
dog,german shepherd,9.6,24.4,allergies,constipation,weight loss,loss of appetite,broody behavior,egg production stops
dog,mixed breed,5.7,24.1,previous heart condition,dullness,coughing,diarrhea,seizures,lacrimation
dog,rottweiler,11.6,37.0,previous kidney disease,weight loss,decresed egg production,coughing,lethargy,vomiting
dog,poodle,12.4,10.0,chronic illness,vomiting,fever,anorexia,coughing,diarrhea
dog,bulldog,4.5,21.1,skin conditions history,wool production,coughing,weight loss,sneezing,lethargy
dog,poodle,3.2,6.2,previous kidney disease,fever,pain,lethargy,semen examination,diarrhea
dog,german shepherd,8.6,27.2,chronic illness,fetopelvic dispropotion,uteria inertia,malpresentation,death,pains
dog,mixed breed,1.8,23.8,chronic illness,eye discharges,nasal discharge,change their normal behaviour,high body temperature,lameness
dog,boxer,0.6,30.0,skin conditions history,sneezing,weight loss,hyperexcitability,weight loss,sneezing
dog,mixed breed,0.5,11.3,no previous conditions,berberi,coughing,pain,fatty stool,vomiting
dog,golden retriever,8.1,35.8,not vaccinated,fever,slightly swollen,lession on the skin,milky hard,papules appear on teats anad udder
dog,golden retriever,7.1,42.0,chronic illness,coughing,sneezing,hot udder,lethargy,vomiting
dog,labrador retriever,12.3,33.2,not vaccinated,pain,swelling of joints,coughing,weight loss,vomiting
dog,yorkshire terrier,9.2,10.4,not vaccinated,diarrhea,pain,weight loss,swelling,fever
dog,german shepherd,15.0,31.7,previous heart condition,anorexia,pain,sneezing,weight loss,bloody drool
dog,beagle,6.8,21.8,parasite history,diarrhea,anorexia,sneezing,diarrhea,distended chest
dog,labrador retriever,5.9,37.0,dental issues,discharge from eye,weakness,weakness,sneezing,weight loss
dog,yorkshire terrier,7.3,4.5,parasite history,sneezing,vomiting,fever,pain,rapid pulse and heart rates
dog,rottweiler,0.9,44.1,previous kidney disease,short term lethargy,loss of  appetite,weekness in the back legs,rapid heart rate,week pulse
dog,rottweiler,1.5,27.1,recent surgery,severe kerititis,conjunctive,discharge,iris prolapse,loss of eye
dog,rottweiler,7.9,36.2,skin conditions history,fever,diarrhea,coughing,pain,vomiting
dog,labrador retriever,10.0,38.0,not vaccinated,stripped remiges,less feather growth,ruffled feathers,defienciency in vitamin,diarrhea
dog,poodle,4.9,9.3,vaccinated,lameness,swollen comb,diarrhea,loss of appetite,swollen purple wattle
dog,bulldog,12.2,27.8,allergies,watering diarrhea,depression,emaciation,ruffled coat,lethargy
dog,beagle,3.6,16.9,dental issues,labored breathing,dyspnea,coughing,depression,anorexia
dog,bulldog,13.7,15.0,dental issues,fever,fever,lack of vocalizations,fever,weakness
dog,mixed breed,2.9,26.6,chronic illness,decreased milk,holding limbs off the ground,weight loss,lameness,wool production
dog,golden retriever,10.7,40.2,previous kidney disease,fever,fever,fever,nervous,undigested seeds
dog,mixed breed,12.1,11.9,recent surgery,dullness,dirty,tail shaking,stained wool,foul smelling
dog,golden retriever,11.5,44.7,vaccinated,weakness,anorexia,fever,sneezing,weakness
dog,beagle,13.1,25.2,no previous conditions,dehydration,vomiting,watering,no appp,lethargy
dog,german shepherd,12.8,27.1,skin conditions history,pain,weakness,weight loss,anorexia,rhinorrhea
dog,beagle,8.4,24.5,previous heart condition,lethargy,weakness,weight loss,sneezing,greenish diarrhea
dog,mixed breed,6.5,31.4,chronic illness,fever,convulsion,sudden death,urine retention,weight loss
dog,mixed breed,6.0,15.3,recent surgery,lethargy,fever,lethargy,weakness,vomiting
dog,poodle,11.7,6.6,previous heart condition,severe kerititis,conjunctive,discharge,iris prolapse,loss of eye
dog,golden retriever,12.6,28.1,dental issues,coughing,sneezing,vomiting,weakness,diarrhea
dog,rottweiler,9.4,41.0,vaccinated,indigestion,weight loss,weakness,weakness,pain
dog,labrador retriever,8.0,25.3,allergies,watering,no appp,vomiting,lethargy,dehydration
dog,rottweiler,12.1,44.5,vaccinated,fever,anorexia,fever,diarrhea,coughing
dog,german shepherd,12.6,24.0,parasite history,anorexia,coughing,dyspnea,weakness,fever
dog,german shepherd,14.6,41.1,no previous conditions,fever,diarrhea,coughing,tiredness,pains
dog,rottweiler,5.8,30.4,allergies,weakness,diarrhea,coughing,neck vein swelling,weight loss
dog,mixed breed,4.8,33.1,parasite history,anorexia,weight loss,anorexia,diarrhea,diarrhea
dog,bulldog,9.5,20.6,skin conditions history,egg production decreases,stunted growth,blindness,distinctive bumps,facial swelling
dog,boxer,8.1,27.5,previous kidney disease,watery diarrhea dispropotion,sick,corneal ulceration,loss of appetite,death
dog,mixed breed,9.1,23.0,not vaccinated,enlarged lymph nodes or swelling,lethargy,weakness,pain,fever
dog,mixed breed,5.6,21.2,allergies,trauma,weakness,odor to ear,pain,weakness
dog,beagle,8.2,27.5,skin conditions history,stripped remiges,less feather growth,ruffled feathers,defienciency in vitamin,diarrhea
dog,rottweiler,11.9,43.5,allergies,lepatomegaly,splenomegaly,vomiting,swollen,shaking oh head
dog,labrador retriever,7.3,32.4,dental issues,lethargy,bloody diarrhea,vomiting,dehydration,anorexia
dog,mixed breed,0.5,34.0,no previous conditions,pain,coughing,difficulty in walking,lethargy,lethargy
dog,boxer,1.7,28.1,previous heart condition,fever,difficulty breathing,thrist and urination,weight loss,enlarged lymph nodes or swelling
dog,boxer,3.3,16.2,previous kidney disease,change in milk,pain,tender to touch,swelling of udder,swollen
dog,yorkshire terrier,1.9,6.4,previous kidney disease,anorexia,coughing,coughing,sneezing,sneezing
dog,labrador retriever,6.4,27.0,allergies,defienciency in vitamin,weight loss,pain,diarrhea,fever
dog,labrador retriever,15.0,34.8,no previous conditions,coughing,coughing,pain,lethargy,pain
dog,bulldog,12.7,21.7,skin conditions history,weakness,coughing,fever,vomiting,sneezing
dog,rottweiler,3.8,35.4,recent surgery,anorexia,dyspnea,fever,coughing,lethargy
dog,mixed breed,9.1,31.1,skin conditions history,sour throat,coughing,weakness,diarrhea,blister
dog,yorkshire terrier,11.0,4.1,recent surgery,fever,dullness,skin rashes,pains,dullness
dog,rottweiler,14.9,45.0,dental issues,diarrhea,darkened skin,fever,coughing,vomiting
dog,yorkshire terrier,5.7,3.0,previous heart condition,excessive eye watering,fever,diarrhea,pain,pain
dog,rottweiler,10.8,27.5,no previous conditions,loss of appetite,diarrhea,ruffled feathers,weight loss,inability to absorb nutrients
dog,rottweiler,6.1,35.9,allergies,coughing,coughing,weakness,sneezing,nervous
dog,rottweiler,7.8,45.0,dental issues,pain,weight loss,sneezing,pain,fever
dog,german shepherd,3.0,28.8,chronic illness,difficulty breathing,unable to exercise,eye and skin change,fever,poor appetite
dog,bulldog,10.1,21.0,skin conditions history,pain,sneezing,"facial swelling,",weight loss,pain
dog,bulldog,6.6,18.1,skin conditions history,fever,eyeproblem,liver disease,loss of appetite,nuerological
dog,rottweiler,16.2,43.2,previous kidney disease,loss of appetite,swelling,nasal discharge,blindness,lethargy
dog,beagle,5.0,20.7,recent surgery,egg production decreases,stunted growth,blindness,distinctive bumps,facial swelling
dog,bulldog,10.8,23.8,previous kidney disease,loss of appetite,nasal discharge,fever,depression,ear infection
dog,german shepherd,6.2,37.3,no previous conditions,weight loss,weekness,attacks,coughing,bleeding wounds
dog,mixed breed,6.8,17.9,no previous conditions,head tossing,weakness,weight loss,sneezing,barren ewes
dog,bulldog,6.0,23.8,no previous conditions,weakness,vomiting,weakness,coughing,vomiting
dog,yorkshire terrier,14.6,8.0,recent surgery,fever,diarrhea,coughing,vomiting,enlarged lymph nodes or swelling
dog,golden retriever,11.5,32.7,dental issues,bloody in feather,vomiting,weight loss,anorexia,pain
dog,rottweiler,11.7,32.3,no previous conditions,pain,weakness,sneezing,vomiting,fever
dog,mixed breed,5.7,9.8,recent surgery,abdominal pain,diarrhea,malpresentation,shock,anorexia
dog,bulldog,7.4,15.1,previous kidney disease,swollen,red-colored,hot udder,milk getting out more watery,milk getting out more thick
dog,poodle,2.7,3.1,no previous conditions,sheep often bites,fleece become thin,loss of wool,death,pains
dog,mixed breed,10.7,23.7,dental issues,loss of powder down,lethargy,fever,lethargy,lethargy
dog,yorkshire terrier,5.0,6.5,previous heart condition,weakness,vomiting,weight loss,anorexia,droopy wings
dog,yorkshire terrier,12.7,3.6,allergies,fever,dullness,dullness,skin rashes,pains
dog,bulldog,11.6,20.6,dental issues,lethargy,abdominal discomfort,bloody droping,diarrhea,fever
dog,bulldog,6.3,27.3,previous heart condition,anorexia,diarrhea,rub,vomiting,weakness
dog,rottweiler,2.0,34.8,parasite history,testical pain,anorexia,inability to absorb nutrients,congestion,anorexia
dog,bulldog,10.7,27.2,parasite history,fever,diarrhea,abdominal pain,stiffness,severe weekness and depression
dog,mixed breed,9.6,15.9,chronic illness,pain,eye disharge,rapid heart rate,vomiting,vomiting
dog,rottweiler,9.7,30.4,recent surgery,scratches,pain,anorexia,coughing,retained placenda
dog,yorkshire terrier,7.4,6.6,recent surgery,facial swelling,coughing,vomiting,pain,anorexia
dog,labrador retriever,6.9,31.8,previous heart condition,lession on cat skin,profuse,smell,coughing,fever
dog,labrador retriever,8.1,26.7,not vaccinated,enlarged thymus,obstructed lungs,lethargy,skin rashes,weight loss
dog,german shepherd,7.6,41.6,not vaccinated,diarrhea,loss of wariness,anorexia,dribbling of saliva,vomiting
dog,beagle,10.8,18.8,previous kidney disease,fever,abnormal behaviour,weight loss,pneumonia,stand with head droping
dog,beagle,1.4,16.4,dental issues,tremor,viability,coughing,anorexia,weight loss
dog,labrador retriever,8.6,31.2,allergies,limping,sneezing,fever,inflammed eye,depression
dog,golden retriever,10.5,34.2,parasite history,weakness,fever,coughing,black stool,vomiting
dog,golden retriever,12.9,38.9,not vaccinated,weight loss,continuous loss of weight,diarrhea,weight loss,sneezing
dog,golden retriever,10.4,40.2,vaccinated,difficulty swallowing,cough,difficulty swallowing,gasping for air,extending its neck
dog,labrador retriever,7.0,30.0,allergies,fever,diarrhea,vomiting,weight loss,dehydration
dog,mixed breed,12.1,21.5,chronic illness,fetopelvic dispropotion,uteria inertia,malpresentation,death,pains
dog,german shepherd,4.4,42.4,not vaccinated,weight loss,pain,weight loss,anorexia,semen examination
dog,german shepherd,10.3,42.9,recent surgery,air sacculitis,halitosis,coughing,enteritis,weight loss
dog,golden retriever,4.6,32.8,dental issues,lethargy,fever,lethargy,weakness,weakness
dog,labrador retriever,2.1,41.2,previous heart condition,skin ulcer,chills,fever,swollen and painfull,exhaustion
dog,poodle,3.8,7.5,not vaccinated,fetopelvic dispropotion,uteria inertia,malpresentation,death,pains
dog,german shepherd,1.6,31.6,chronic illness,pain,anorexia,lession on the skin,fever,weight loss
dog,bulldog,7.2,17.0,skin conditions history,fever,loss of appetite,eyeproblem,liver disease,nuerological
dog,mixed breed,7.7,28.1,previous kidney disease,bloody diarhhea,depression,dullness,death,weakness
dog,poodle,2.0,3.2,recent surgery,sneezing,coughing,coughing,diarrhea,coughing
dog,mixed breed,2.1,5.8,dental issues,hemopytsis,diarrhea,asymptomatic,death,epistaxis
dog,boxer,14.4,22.1,no previous conditions,shortness of breath.,fatigue,chirping,loss of appetite,swollen abdomen
dog,german shepherd,9.1,27.8,previous heart condition,stop eating,stop drinking,change their normal behaviour,depression,pains
dog,bulldog,13.2,24.8,parasite history,watering diarrhea,depression,emaciation,ruffled coat,lethargy
dog,boxer,6.0,30.0,previous kidney disease,fever,weight loss,fever,diarrhea,lethargy
dog,mixed breed,13.1,13.2,skin conditions history,vomiting,vomiting,anorexia,sneezing,anorexia
dog,boxer,15.0,19.6,recent surgery,diarrhea,pain,diarrhea,back pain,scartching ear
dog,labrador retriever,13.7,37.3,recent surgery,coughing,lethargy,pain,diarrhea,anorexia
dog,bulldog,3.5,26.1,chronic illness,fever,diarrhea,vomiting,blood from mouth,shock
dog,german shepherd,8.7,32.1,recent surgery,swollen lymph nodes,difficulty walking,watery stool,lethargy,vaginal discharge
dog,golden retriever,6.3,40.7,parasite history,pain,coughing,green dropping,weight loss,fever
dog,bulldog,8.8,22.6,parasite history,lethargy,despression,weakness,pain,weakness
dog,bulldog,9.1,14.7,vaccinated,coughing,fever,lethargy,difficulty breathing,sneezing
dog,mixed breed,11.4,26.4,dental issues,difficulty swallowing,gasping for air,gasping for breath,extending its neck,gasping for breath
dog,german shepherd,8.4,32.1,parasite history,weakness,lethargy,weight loss,sneezing,weight loss
dog,german shepherd,7.9,34.4,allergies,shortness of breath,vomiting,diarrhea,anorexia,frequent eye infections
dog,boxer,1.3,20.1,vaccinated,diarrhea,anorexia,fever,weight loss,lethargy
dog,labrador retriever,2.9,25.0,no previous conditions,sneezing,pain,staggering,weight loss,sneezing
dog,rottweiler,3.5,35.7,allergies,weight loss,vomiting,weight loss,diarrhea,sneezing
dog,mixed breed,0.9,8.0,allergies,fever,difficulty in breathing,lethargy,death,pains
dog,yorkshire terrier,11.4,6.1,allergies,fever,difficulty in breathing,lethargy,death,pains
dog,beagle,6.1,29.8,vaccinated,loss of milk production,vomiting,sneezing,diarrhea,sneezing
dog,labrador retriever,6.5,36.0,recent surgery,urination problem,vomiting,coughing,pain,weakness
dog,golden retriever,2.7,38.9,no previous conditions,weight loss,vomiting,sneezing,diarrhea,short stature
dog,boxer,14.6,16.6,previous heart condition,overweight,ruffled feathers,diarrhea,loss of appetite,depression
dog,bulldog,3.9,22.4,previous kidney disease,fever,diarrhea,vomiting,stomach cramps,nausea
dog,golden retriever,15.0,34.9,previous heart condition,anorexia,weight loss,anorexia,weight loss,coughing
dog,labrador retriever,15.0,37.3,dental issues,fever,facial swelling,swelling,coughing,pain
dog,german shepherd,5.6,45.0,previous kidney disease,fever,weakness,excess sleeping,fever,pain
dog,poodle,5.4,7.0,recent surgery,anorexia,weight loss,anorexia,cough,fever
dog,poodle,11.8,5.4,vaccinated,diarrhea,anorexia,coughing,fever,coughing
dog,golden retriever,6.9,45.0,not vaccinated,loss of appetite,diarrhea,ruffled feathers,thirst,closed eyes
dog,bulldog,7.3,19.4,no previous conditions,coughing,sneezing,fever,weakness,sneezing
dog,mixed breed,9.9,10.7,allergies,swelling on leg,painfull,nasal discharge,broken bones,nasal discharge
dog,bulldog,4.2,23.6,dental issues,unable to urinate,lightheadedness,droopiness,rectal bleeding,swollen abdomen
dog,boxer,11.2,24.9,vaccinated,vomiting,fever,sneezing,pain,inability of swalllon feeding
dog,boxer,2.7,29.4,dental issues,constipation,diarrhea,nausea,indigestion,abdminal pain
dog,mixed breed,1.4,11.8,not vaccinated,stop eating,pains,change their normal behaviour,diarrhea,stop drinking
dog,german shepherd,6.4,39.8,chronic illness,stillbirth,abortion,pain,mummification,weak kids
dog,rottweiler,2.4,38.2,chronic illness,fever,nasal discharge,respiratory distress,pox lesion,pain
dog,golden retriever,9.1,26.7,skin conditions history,straining,diarrhea,vomiting,weight loss,blindness
dog,labrador retriever,10.4,39.4,not vaccinated,diarrhea,fever,pain,lethargy,anorexia
dog,labrador retriever,9.9,40.3,skin conditions history,lethargy,haemorrhage,coughing,diarrhea,vomiting
dog,mixed breed,4.8,17.8,previous heart condition,sneezing,fever,twisted neck,loss of alertness,diarrhea
dog,labrador retriever,10.6,45.0,chronic illness,skin color change,crusty,scaly skin,irritation,blister
dog,yorkshire terrier,5.1,9.6,recent surgery,fever,wasting,fever,diarrhea,anorexia
dog,bulldog,8.7,24.1,not vaccinated,fever,diarrhea,enteritis,weight loss,stomach  cramps
dog,poodle,3.9,10.0,vaccinated,anorexia,swollen eyelids,flatulence,weakness,vomiting
dog,german shepherd,0.5,30.2,previous heart condition,anorexia,facial muscle twitching,diarrhea,diarrhea,fever
dog,german shepherd,5.8,29.6,dental issues,balance problem,abdominal destention,neck paralysis,weight loss,pains
dog,rottweiler,2.5,37.0,chronic illness,fever,nasal discharge,respiratory distress,pox lesion,pain
dog,german shepherd,10.8,39.5,previous heart condition,coughing,coughing,lethargy,bloody diarhhea,diarrhea
dog,yorkshire terrier,9.5,6.4,previous kidney disease,lethargy,vomiting,dizzines,weakness,fever
dog,poodle,2.1,9.1,skin conditions history,pain,vomiting,sneezing,diarrhea,fever
dog,labrador retriever,2.8,28.7,chronic illness,radip onset,stiff,muscle trembling,weakness,death
dog,boxer,11.6,19.1,no previous conditions,vomiting,coughing,sneezing,vomiting,shallow breathing
dog,golden retriever,8.1,43.8,dental issues,pain,anorexia,pain,bad breath,anorexia
dog,boxer,9.0,19.4,vaccinated,vomiting,coughing,pain,coughing,weakness
dog,german shepherd,11.9,36.4,previous kidney disease,stop eating,stop drinking,change their normal behaviour,lameness,pains
dog,mixed breed,5.5,25.8,no previous conditions,fever,diarrhea,coughing,vomiting,anorexia
dog,bulldog,8.4,24.5,vaccinated,weight loss,anorexia,vomiting,coughing,diarrhea
dog,bulldog,9.3,23.0,recent surgery,shortness of breath.,weight loss,weekness in the back legs,lethargy,vomiting
dog,mixed breed,0.7,14.6,allergies,fever,reduce growth,kid moratality,weakness,dullness
dog,bulldog,13.5,15.3,skin conditions history,difficulty in feeding,preening,weakness,beak overgrowth,anemia
dog,bulldog,3.9,19.6,skin conditions history,nausea,diarrhea,black stool,diarrhea,sneezing
dog,labrador retriever,6.5,33.1,no previous conditions,swollen,pain,lethargy,fever,loss of appetite
dog,golden retriever,14.4,26.2,previous kidney disease,fever,loss of appetite,rapid pulse and heart rates,lameness in affected leg,depression
dog,poodle,6.9,4.9,no previous conditions,coughing,weight loss,pain,coughing,lethargy
dog,boxer,13.5,19.2,skin conditions history,nosebleed,trauma,mild weakness,nose picking,dry air
dog,golden retriever,9.0,29.7,not vaccinated,dull,fever,painfull swalling,diarrhea,vomiting
dog,mixed breed,14.2,27.4,chronic illness,fever,uncharacteristic hiding,depression,dehydration,stopped eat
dog,beagle,3.5,29.3,recent surgery,poor coat apperence,diarrhea,vomiting,weight loss,dehydration
dog,labrador retriever,4.2,44.4,allergies,fever,jaundice,pulmonary congestion,hemolytic anemia,hemoglobinuria
dog,bulldog,11.4,17.2,dental issues,paresis,paralysis,weakness,stomach cramps,diarrhea
dog,poodle,2.5,3.6,no previous conditions,sheep often bites,fleece become thin,loss of wool,death,pains
dog,poodle,12.1,3.0,previous kidney disease,anorexia,diarrhea,coughing,anorexia,coughing
dog,mixed breed,10.1,24.4,chronic illness,scabs on feet,redness,trachea,thickening of skin,pains
dog,boxer,14.5,28.4,skin conditions history,burning ache or pain,vomiting,loss of appetite,experiencing changes in weight,pain and bloating
dog,mixed breed,5.8,11.9,chronic illness,vomiting,sneezing,anorexia,sneezing,weakness
dog,bulldog,8.4,15.1,chronic illness,vomiting,vomiting,sneezing,lethargy,anorexia
dog,beagle,9.7,20.4,no previous conditions,diarrhea,folded ears,weight loss,weight loss,diarrhea
dog,mixed breed,1.2,25.4,recent surgery,weight loss,blue eye,coughing,eye ulcer,acting unnaturally tame
dog,beagle,7.0,21.0,previous kidney disease,lethargy,difficulty swallowing,sour throat,weakness,painfull to touch
dog,labrador retriever,12.4,32.2,parasite history,loss in weight,emaciation,loss of appetite,weakness,diarrhoea
dog,labrador retriever,5.9,31.5,recent surgery,wasting,sneezing,fever,lethargy,attacks
dog,yorkshire terrier,4.9,6.0,chronic illness,diarrhea,sneeze,weakness,pain,inability of swalllon feeding
dog,beagle,5.7,18.2,chronic illness,pain,stiff,weight loss,diarrhea,coughing
dog,bulldog,8.3,27.8,not vaccinated,fever,diarrhea,enteritis,weight loss,stomach  cramps
dog,poodle,12.5,3.5,dental issues,lame,swelling,diarrhea,drooping ears,fever
dog,boxer,15.0,16.3,no previous conditions,fever,tachypea,swelling of head and neck,anorexia,nasal discharge
dog,beagle,9.2,15.1,chronic illness,sneezing,pain,weight loss,sneezing,weight loss
dog,rottweiler,2.0,45.0,no previous conditions,gasping for air,gasping for breath,gasping for breath,extending its neck,difficulty swallowing
dog,bulldog,7.3,17.8,previous kidney disease,fever,anorexia,pain,pain,diarrhea
dog,golden retriever,9.4,41.4,dental issues,pains,loss of appetite,discomfort,bloody diarrhea,profuse
dog,bulldog,2.9,21.7,vaccinated,fever,chills,skin ulcer,exhaustion,swollen and painfull
dog,bulldog,5.8,28.7,parasite history,fever,loss of appetite,lameness,rump,weight loss
dog,golden retriever,13.7,35.3,dental issues,watering diarrhea,depression,emaciation,ruffled coat,lethargy
dog,golden retriever,2.6,26.8,skin conditions history,bloody discharge,sneezing,scabbing,passing of undigested food,sneezing
dog,yorkshire terrier,6.7,6.3,previous kidney disease,fever,lack of coordination,depression,salivation,facial paralysis
dog,mixed breed,8.7,8.5,previous kidney disease,bad breath,pawing at the face or nose,cough,sneezing,bleeding from the nose
dog,german shepherd,0.7,35.4,not vaccinated,dyspnea,neurologic sign,coughing,depression,anorexia
dog,golden retriever,1.1,28.0,previous heart condition,fever,respiratory distress,occular discharge,mouth lesion,nasal discharge
dog,beagle,7.5,24.1,chronic illness,seizuers,convulsion,sneezing,weight loss,nasal discharge
dog,german shepherd,0.9,43.6,allergies,fever,diarrhea,muscus,weight loss,death
dog,mixed breed,2.7,20.5,skin conditions history,coughing,panting,"facial swelling,",production of mucus,fatigue
dog,rottweiler,8.5,42.4,parasite history,apathy,depression,dilation of duodenum,cloacal pasting,congestion
dog,boxer,10.7,16.4,no previous conditions,listless,difficulty in walking,grinding of teeth,blindness,ataxia
dog,bulldog,2.2,22.2,skin conditions history,extreme thirst,bloody discharge,loss of appetite,inability to fly,loss of wariness
dog,german shepherd,11.7,36.4,chronic illness,fever,difficultty in breathing,yellow eye,sneezing,diphtherictic
dog,bulldog,4.8,15.4,skin conditions history,coughing,anorexia,coughing,pain,shyness or aggression
dog,rottweiler,5.6,42.5,chronic illness,vomiting,anorexia,foot hot,fever,reduce lamp marking
dog,german shepherd,11.7,35.1,vaccinated,sneezing,anorexia,fever,dizziness and fainting,weight loss
dog,beagle,5.4,28.0,previous heart condition,tear production,coughing,pain,lethargy,diarrhea
dog,german shepherd,6.5,37.8,previous heart condition,sharp feather,lethargy,hematuria,weakness,weakness
dog,golden retriever,8.0,29.9,allergies,anorexia,pain,anorexia,diarrhea,sneezing
dog,poodle,12.8,8.1,vaccinated,pain,weakness,vomiting,ulcerated muscle,redness
dog,beagle,5.1,17.0,allergies,weakness,decreased stool production,distended stomach,heavy breathing,restless movement
dog,german shepherd,5.8,36.0,allergies,loss od appetite,weight loss,fever,sneezing,bad breath
dog,beagle,2.2,22.1,recent surgery,inappentence,diarrhea,tremors of the head,dehydration,weight loss
dog,yorkshire terrier,15.2,6.7,dental issues,fever,difficulty in breathing,dribbling of saliva,inability of swalllon feeding,moist and painfull
dog,labrador retriever,9.6,27.9,parasite history,loss in weight,emaciation,diarrhoea,loss of appetite,weakness
dog,yorkshire terrier,3.8,4.2,no previous conditions,fever,distinctive bumps,coughing,anorexia,gas or bloating
dog,bulldog,12.8,21.6,chronic illness,unable to exercise,eye and skin change,coughing,fever,difficulty breathing
dog,rottweiler,8.0,38.8,parasite history,weight loss,dark or black face,pain,fever,thrist and urination
dog,poodle,9.7,7.5,allergies,vomiting,pain,abortion,lethargy,difficult in respiration
dog,yorkshire terrier,4.7,7.8,dental issues,heavy breathing,yellow in beak,tail_bobbing,weakness,sleeping excessively
dog,german shepherd,5.8,34.7,chronic illness,sneezing,pain,pain,muscles ache,vomiting
dog,rottweiler,12.4,29.2,dental issues,loss of milk production,agalactia,fever,sloughing of the tail,reduce reproductive potential
dog,yorkshire terrier,7.1,6.2,parasite history,jaundice,pain,fatigue,weakness,lethargy
dog,german shepherd,2.7,36.4,chronic illness,weight loss,fever,lethargy,anorexia,vomiting
dog,mixed breed,9.0,8.0,no previous conditions,difficulty in feeding,preening,weakness,beak overgrowth,anemia
dog,boxer,10.3,26.9,skin conditions history,emaciation,edema in lower jaw,coughing,shivering,anemia
dog,german shepherd,13.8,35.7,skin conditions history,skin infection,secondary infection,coughing,depression,shaking oh head
dog,german shepherd,0.8,42.4,previous heart condition,fever,coughing,vomiting,sneezing,diarrhea
dog,bulldog,10.3,21.3,recent surgery,weakness,weakness,coughing,vomiting,diarrhea
dog,bulldog,2.0,22.5,skin conditions history,extreme thirst,bloody discharge,loss of appetite,inability to fly,loss of wariness
dog,bulldog,9.9,34.3,recent surgery,gasping,coughing,mild weakness,droopy wings,twisted neck
dog,yorkshire terrier,11.7,5.2,dental issues,fever,difficulty in breathing,lethargy,death,pains
dog,poodle,4.1,5.1,vaccinated,vomiting,fever,anorexia,anorexia,abdonormal discomfort
dog,bulldog,9.0,19.8,skin conditions history,egg production decreases,stunted growth,blindness,distinctive bumps,facial swelling
dog,mixed breed,2.1,12.6,previous kidney disease,anorexia,sneezing,sneezing,weakness,lethargy
dog,labrador retriever,12.7,35.3,recent surgery,limping,skin colour change,flabby,raw,sensitive to touch
dog,boxer,14.1,20.5,skin conditions history,nosebleed,trauma,mild weakness,nose picking,dry air
dog,german shepherd,12.6,36.2,recent surgery,coughing,pains,diarrhea,fever,tiredness
dog,yorkshire terrier,7.4,6.2,parasite history,vomiting,pain,carcass decomposes,pain,fever
dog,german shepherd,0.8,39.4,not vaccinated,dyspnea,neurologic sign,coughing,depression,anorexia
dog,rottweiler,7.2,34.8,no previous conditions,watery eyes,weight loss,coughing,coughing,greenish diarrhea
dog,poodle,9.9,3.7,recent surgery,lethargy,coughing,lethargy,weight loss,difficulty breathing
dog,yorkshire terrier,15.0,5.9,vaccinated,weakness,weakness,anorexia,vomiting,pain
dog,yorkshire terrier,6.9,6.2,skin conditions history,warm,sneezing,anorexia,vomiting,swollen eyelids
dog,labrador retriever,5.8,33.2,chronic illness,weight loss,coughing,muscus,terminal convulsion,sneezing
dog,german shepherd,14.2,31.5,vaccinated,skin color change,coughing,anorexia,anorexia,weight loss
dog,mixed breed,1.0,9.2,parasite history,fever,depression,small intestines,death,flock moratality
dog,beagle,6.6,23.1,previous heart condition,vomiting,pain,diarrhea,vomiting,anorexia
dog,rottweiler,10.6,25.5,not vaccinated,abscessess,septicemia,rhinitis,torticollis,pneumonia
dog,beagle,6.3,28.3,recent surgery,strong cough,runny nose,darkened skin,lethargy,loss of appettite
dog,yorkshire terrier,8.2,3.1,allergies,diarrhea,sneezing,weakness,weight loss,formation of vesicles
dog,rottweiler,14.8,29.1,not vaccinated,vomiting,pain,weight gain,diarrhea,pain
dog,golden retriever,0.8,40.4,skin conditions history,bad breath,pawing at the face or nose,cough,sneezing,bleeding from the nose
dog,boxer,11.1,23.0,chronic illness,pain,weight loss,anorexia,sneezing,weight loss
dog,german shepherd,6.3,25.0,recent surgery,sneezing,fever,lethargy,diarrhea,vomiting
dog,bulldog,7.9,19.8,dental issues,coughing,cessation of eructation,decrease appetite,sneezing,pain
dog,labrador retriever,8.4,29.6,allergies,fever,inflammed eye,sneezing,depression,limping
dog,yorkshire terrier,1.0,9.5,previous heart condition,swelling on leg,painfull,poor appetite,broken bones,nasal discharge
dog,beagle,8.5,18.9,dental issues,swollen left abdomen,lying down,staggering,urination,extension of neck
dog,rottweiler,9.3,30.5,dental issues,heavy breathing,yellow in beak,tail_bobbing,weakness,sleeping excessively
dog,bulldog,8.9,16.1,parasite history,fever,lethargy,coughing,sneezing,difficulty breathing
dog,golden retriever,2.9,42.5,no previous conditions,fever,respiratory distress,seizuers,hyperesthesia,sudden death
dog,poodle,6.8,8.1,previous kidney disease,pain,moist and painfull,decreased growth of bone,weakness,fever
dog,labrador retriever,12.8,26.8,vaccinated,eye discharges,nasal discharge,change their normal behaviour,high body temperature,lameness
dog,mixed breed,4.8,14.6,recent surgery,lack of walking,lack of flying,roughened,dehydration,pains
dog,rottweiler,5.1,45.0,parasite history,fever,poor coat condition,infection of the skin,weight loss,fatique
dog,german shepherd,8.8,45.0,skin conditions history,lethargy,pain,sneezing,coughing,lethargy
dog,bulldog,7.8,22.8,previous heart condition,weight loss,scaly patches of skin,regurgitation of food,pain,lethargy
dog,beagle,9.2,23.7,skin conditions history,fever,wound lesion,excess salivary,difficult in walking,pain
dog,bulldog,2.9,16.6,chronic illness,vomiting,diarrhea,vomiting,weakness,weakness
dog,german shepherd,13.1,43.3,previous kidney disease,fever,animal become lame,prostrat,painfull swalling,lameness
dog,beagle,10.4,24.7,chronic illness,diarrhea,coughing,weight loss,diarrhea,sneezing
dog,labrador retriever,12.1,32.3,no previous conditions,fever,loss of  appetite,coughing,lameness,swelling of joints
dog,poodle,7.9,7.6,vaccinated,anorexia,lethargy,diarrhea,vomiting,diarrhea
dog,mixed breed,2.3,12.3,dental issues,barren ewes,abortion,poor conformation,hairy fleeces,weight loss
dog,rottweiler,13.7,26.5,no previous conditions,mouth lesion,tiredness,sneezing,weight loss,anorexia
dog,mixed breed,12.7,21.4,no previous conditions,fever,lethargy,weakness,weight loss,lethargy
dog,mixed breed,3.1,37.4,not vaccinated,sneezing,pain,fever,anorexia,stunted growth
dog,mixed breed,1.4,15.6,previous heart condition,fever,diarrhea,sneezing,stiffness,severe weekness and depression
dog,boxer,15.0,17.1,not vaccinated,hemopytsis,pain,coughing,lethargy,weakness
dog,beagle,3.8,17.1,recent surgery,pain,ocular discharge,anorexia,weight loss,weakness
dog,bulldog,8.2,20.0,not vaccinated,weight loss,lethargy,weight loss,pain,anorexia
dog,poodle,6.6,6.5,skin conditions history,anorexia,vomiting,sneezing,vomiting,fever
dog,beagle,3.6,15.1,skin conditions history,swollen,testical pain,itches,bloody discharge,tenderness
dog,boxer,5.9,21.8,vaccinated,strong cough,runny nose,sneezing,lethargy,loss of appettite
dog,yorkshire terrier,8.4,4.0,recent surgery,weight loss,anorexia,diarrhea,lethargy,diarrhea
dog,beagle,3.0,18.1,parasite history,fever,lethargy,bottle jaw,weight loss,anorexia
dog,boxer,5.3,25.7,no previous conditions,swelling of udder,change in milk,swollen,tender to touch,pain
dog,boxer,3.0,15.6,not vaccinated,change in milk,tender to touch,swollen,swelling of udder,pain
dog,poodle,8.4,6.2,recent surgery,sneezing,weakness,anorexia,pain,diarrhea
dog,poodle,9.5,3.0,previous heart condition,oral lesion,weakness,weakness,sneezing,sneezing
dog,german shepherd,5.1,28.7,not vaccinated,nervousness,sneezing,foul breath,lethargy,coughing
dog,yorkshire terrier,8.7,3.4,no previous conditions,abnormal behaviour,stand with head droping,pneumonia,weight loss,fever
dog,mixed breed,5.8,21.0,skin conditions history,anorexia,coughing,weight loss,rapid pulse and heart rates,weight loss
dog,golden retriever,4.0,41.8,chronic illness,dyspnea,lethargy,nasal discharge,difficulty in breathing,coughing
dog,labrador retriever,10.4,44.5,parasite history,diarrhea,weight loss,fever,skinallergy,weight loss
dog,labrador retriever,10.1,25.4,previous kidney disease,fever,diarrhea,sneezing,coughing,lethargy
dog,rottweiler,4.3,37.7,not vaccinated,hair loss,dandruff,darkened skin,crusting of the skin,ulcerated skin
dog,beagle,11.2,15.6,no previous conditions,pain,weight loss,pain,vomiting,sneezing
dog,labrador retriever,9.1,33.0,not vaccinated,less feather growth,ruffled feathers,defienciency in vitamin,diarrhea,stripped remiges
dog,yorkshire terrier,0.5,6.9,chronic illness,weakness,anorexia,weight loss,pain,weakness
dog,bulldog,3.2,24.8,not vaccinated,fever,swelling of face or leg,poor appetite,depression,pains
dog,poodle,4.9,7.9,recent surgery,fever,poor coat condition,infection of the skin,weight loss,fatique
dog,labrador retriever,0.5,31.9,vaccinated,flatulence,pain,fever,ruffled coat,pain
dog,beagle,14.3,30.3,no previous conditions,no appp,vomiting,watering,lethargy,dehydration
dog,german shepherd,10.5,25.0,previous kidney disease,weakness,scartching ear,anorexia,nervousness,ear infection
dog,yorkshire terrier,7.1,4.3,not vaccinated,fever,fever,vomiting,nasal discharge,weakness
dog,beagle,11.1,30.0,parasite history,sneezing,pain,sneezing,fever,anorexia
dog,yorkshire terrier,0.5,6.1,vaccinated,vomiting,vomiting,fever,diarrhea,anorexia
dog,mixed breed,4.8,10.2,allergies,excitability,nervousness,loss of appetite,hyper sensitivity,weakness
dog,labrador retriever,12.9,34.1,no previous conditions,anorexia,lethargy,anorexia,stomatitis,diarrhea
dog,golden retriever,8.2,24.2,no previous conditions,fever,uncharacteristic hiding,depression,dehydration,stopped eat
dog,bulldog,15.0,20.2,dental issues,weight loss,tremor,diarrhea,short stature,weight loss
dog,boxer,8.0,18.5,parasite history,weakness,sneezing,polydipsa,weakness,fever
dog,golden retriever,13.2,34.7,previous kidney disease,diarrhea,anorexia,pain,anorexia,anorexia
dog,mixed breed,13.8,23.3,chronic illness,stopped eat,dehydration,uncharacteristic hiding,depression,fever
dog,labrador retriever,15.0,30.4,dental issues,vomiting,lethargy,coughing,lethargy,lethargy
dog,poodle,13.8,6.1,parasite history,diarrhea,hot joints,coughing,weakness,conjunctive
dog,rottweiler,8.4,32.7,not vaccinated,dilation of duodenum,apathy,cloacal pasting,congestion,depression
dog,boxer,8.2,15.9,recent surgery,vomiting,coughing,coughing,anorexia,folded ears
dog,mixed breed,6.5,21.2,vaccinated,sneezing,diarrhea,fever,coughing,vomiting
dog,golden retriever,8.4,45.0,chronic illness,skin rashes,lameness,dry scabs,swelling,small and yellow bumps
dog,mixed breed,6.6,35.6,previous kidney disease,diffulty chewing,pain,viability,pain,anorexia
dog,boxer,6.1,28.8,skin conditions history,weakness,dullness,death,bloody diarhhea,depression
dog,bulldog,3.5,22.5,parasite history,lethargy,lethargy,dilation of duodenum,red diarrhea,sneezing
dog,labrador retriever,11.2,32.9,chronic illness,fever,sneezing,excession salivation,anorexia,anorexia
dog,german shepherd,7.6,32.3,chronic illness,fetopelvic dispropotion,uteria inertia,malpresentation,death,pains
dog,bulldog,6.8,20.9,previous heart condition,pain,weakness,weakness,vomiting,loss of tail tone
dog,beagle,10.3,30.0,previous heart condition,diarrhea,coughing,slow growth,vomiting,blister
dog,yorkshire terrier,12.3,8.5,previous heart condition,anorexia,anorexia,pain,diarrhea,weakness
dog,german shepherd,8.9,40.1,parasite history,fever,diarrhea,bloody droping,abdominal discomfort,lethargy
dog,boxer,1.4,19.6,no previous conditions,fever,vomiting,fever,anorexia,recumbency
dog,labrador retriever,15.0,34.1,parasite history,bubbles in the mouth,diarrhea,fever,sneezing,pain on face
dog,beagle,9.6,19.1,previous kidney disease,diarrhea,vomiting,red eye,fever,anorexia
dog,boxer,0.5,15.5,allergies,diffulty chewing,lethargy,vomiting,weight loss,reduced appetite
dog,rottweiler,5.9,43.1,parasite history,weight loss,sneezing,coughing,obscure lameness,sneezing
dog,bulldog,3.8,31.9,skin conditions history,sores on lip,infection,sores on lower leg and teats,lesion,pain
dog,beagle,12.8,27.2,not vaccinated,fetopelvic dispropotion,uteria inertia,despression,death,pains
dog,labrador retriever,4.1,30.3,vaccinated,strong cough,pain,sneezing,weight loss,muscular spasms
dog,mixed breed,4.1,40.0,previous heart condition,coughing,anorexia,coughing,vomiting,coughing
dog,labrador retriever,9.3,44.1,no previous conditions,depression,loss of appetite,pains,loss of appetite,fever
dog,mixed breed,13.3,31.4,dental issues,coughing,lethargy,weight loss,pain,weakness
dog,beagle,8.6,25.9,skin conditions history,fever,wound lesion,excess salivary,difficult in walking,pain
dog,bulldog,3.6,23.6,no previous conditions,sneezing,abortion,anoxeria,labored breathing,weight loss
dog,boxer,12.5,20.5,allergies,skin may thicken,weight loss,lethargy,weight loss,fever
dog,mixed breed,4.9,29.8,parasite history,weight loss,vomiting,vomiting,sneezing,swelling
dog,mixed breed,15.0,21.0,previous kidney disease,weight loss,lethargy,coughing,lethargy,excess salivary
dog,beagle,11.1,17.1,recent surgery,fever,diarrhea,enteritis,weight loss,stomach  cramps
dog,bulldog,11.8,25.9,allergies,vomiting,lethargy,lethargy,weakness,fast breathing
dog,rottweiler,12.3,39.7,no previous conditions,lethargy,sneezing,weight loss,sneezing,sneezing
dog,poodle,2.6,9.6,dental issues,fever,diarrhea,coughing,lethargy,blue eye
dog,poodle,2.4,9.8,dental issues,fever,diarrhea,coughing,lethargy,blue eye
dog,yorkshire terrier,13.3,5.0,previous heart condition,loss of appetite,swelling,nasal discharge,blindness,lethargy
dog,boxer,6.8,18.4,previous kidney disease,wound lesion,fever,diarrhea,pain,vomiting
dog,boxer,14.1,18.4,allergies,overweight,loss of appetite,ruffled feathers,depression,diarrhea
dog,rottweiler,5.5,26.8,allergies,fetopelvic dispropotion,uteria inertia,malpresentation,death,pains
dog,boxer,5.0,21.1,not vaccinated,fever,diarrhea,weight loss,sneezing,weakness
dog,golden retriever,6.9,34.6,recent surgery,pain,fever,slow growth,weight loss,coughing
dog,beagle,5.1,19.0,allergies,bleeding from the nose,fever,anorexia,sneezing,lethargy
dog,rottweiler,6.3,40.6,parasite history,diarrhea,constant pacing,fever,weakness,weakness
dog,golden retriever,12.2,38.6,recent surgery,dilation of duodenum,sneezing,pain,diarrhea,weakness
dog,labrador retriever,14.2,41.6,not vaccinated,droopy wings,gasping,coughing,mild weakness,twisted neck
dog,golden retriever,0.5,42.9,allergies,diarrhea,sneezing,fever,inability to absorb nutrients,fever
dog,mixed breed,0.9,8.7,allergies,difficulty in breathing,death,fever,pains,lethargy
dog,bulldog,3.9,22.8,previous kidney disease,fever,loss of appetite,lameness,rump,weight loss
dog,german shepherd,6.1,37.5,not vaccinated,skin rashes,dry scabs,lameness,small and yellow bumps,swelling
dog,bulldog,0.5,21.9,parasite history,pain,weight loss,weakness,vomiting,weight loss
dog,golden retriever,6.9,42.2,recent surgery,asymptomatic,coughing,body stiffness,coughing,sneezing
dog,yorkshire terrier,9.5,8.0,previous heart condition,anorexia,pain,coughing,mouth lesion,lethargy
dog,mixed breed,11.0,31.4,parasite history,lethargy,vomiting,pain,fever,red and inflammation ear
dog,mixed breed,1.3,10.7,not vaccinated,stop eating,stop drinking,change their normal behaviour,diarrhea,pains
dog,beagle,9.0,29.3,parasite history,sneezing,pain,anorexia,weight loss,coughing
dog,poodle,1.0,10.0,recent surgery,cell damage,lethargy,bluish white opacity,coughing,fever
dog,bulldog,5.7,24.7,chronic illness,achomotrica,lethargy,grinding teeth,weight loss,coughing
dog,rottweiler,2.8,45.0,previous kidney disease,sneezing,diarrhea,lethargy,sensitive to touch,lethargy
dog,yorkshire terrier,12.6,6.8,previous kidney disease,lethargy,reduce feed,lying down,thicked skin,pain
dog,boxer,4.4,24.2,parasite history,strong cough,diarrhea,weakness,fever,coughing
dog,german shepherd,1.3,31.0,no previous conditions,sneezing,sudden death,coughing,weight loss,lethargy
dog,mixed breed,12.7,13.2,vaccinated,foul smelling,dullness,dirty,stained wool,tail shaking
dog,bulldog,6.8,18.4,skin conditions history,weight loss,weight loss,anorexia,weight loss,sneezing
dog,beagle,5.0,26.2,previous heart condition,milky hard,weight loss,weight loss,lethargy,restless movement
dog,poodle,4.1,7.2,skin conditions history,lethargy,sneezing,lethargy,pain,lethargy
dog,beagle,3.7,13.8,recent surgery,swollen,testical pain,itches,tenderness,bloody discharge
dog,golden retriever,8.5,28.2,skin conditions history,diarrhea,paresis,vomiting,pain,weight loss
dog,bulldog,4.3,21.9,previous kidney disease,weight loss,diarrhea,weight loss,pain,vomiting
dog,boxer,8.0,27.9,previous kidney disease,sneezing,vomiting,weakness,loss of earing,pain
dog,mixed breed,8.4,31.2,previous kidney disease,bloody diarhhea,depression,dullness,death,weakness
dog,beagle,2.3,19.0,previous heart condition,pain,anorexia,weight loss,uncharacteristic hiding,diarrhea
dog,golden retriever,3.7,39.9,parasite history,vomiting,enteritis,outstretched neck,diarrhea,fever
dog,labrador retriever,6.3,31.7,previous heart condition,diarrhea,bloody in feather,vomiting,sneezing,coughing
dog,beagle,11.0,18.9,not vaccinated,weakness,lethargy,difficulty diagnosis,sneezing,lethargy
dog,german shepherd,7.1,44.1,no previous conditions,weakness,sneezing,sneezing,weakened legs,diarrhea
dog,german shepherd,6.7,29.4,not vaccinated,poor coat apperence,diarrhea,vomiting,weight loss,dehydration
dog,poodle,13.8,4.0,not vaccinated,diarrhea,vomiting,anorexia,diarrhea,pain
dog,beagle,14.7,24.6,vaccinated,fever,coughing,weakness,vomiting,vomiting
dog,beagle,1.8,25.3,chronic illness,stop eating,stop drinking,change their normal behaviour,weight loss,pains
dog,german shepherd,5.8,41.1,not vaccinated,skin rashes,small and yellow bumps,swelling,dry scabs,lameness
dog,poodle,6.2,6.0,dental issues,fever,coughing,cessation of eructation,weakness,coughing
dog,golden retriever,4.1,41.4,skin conditions history,diarrhea,coughing,pain,anorexia,anorexia
dog,mixed breed,5.7,8.4,dental issues,sneezing,coughing,lying down,twitching,vomiting
dog,beagle,1.8,14.3,allergies,fever,loss of  appetite,reduce energy,lameness,swelling of joints
dog,boxer,7.7,17.4,chronic illness,diarrhea,sneezing,anorexia,weakness,sneezing
dog,golden retriever,5.7,39.8,previous kidney disease,swelling on thebody,sneezing,watery diarrhea dispropotion,fever,diarrhea
dog,german shepherd,3.7,34.8,skin conditions history,diarrhea,fever,diarrhea,anorexia,weakness
dog,golden retriever,1.3,32.7,recent surgery,fever,anoxeria,weight loss,lethargy,pain
dog,yorkshire terrier,13.8,5.3,not vaccinated,pain,discomfort,grinding teeth,diarrhea,dry or dull hair
dog,beagle,8.3,24.2,parasite history,lethargy,pain,discharge,lethargy,lethargy
dog,mixed breed,11.2,28.6,allergies,weakness,rubbing eye,anorexia,vomiting,sneezing
dog,rottweiler,1.4,33.8,chronic illness,pain,fever,sneezing,anorexia,weight loss
dog,labrador retriever,2.9,34.7,not vaccinated,radip onset,stiff,muscle trembling,weakness,death
dog,yorkshire terrier,10.3,6.4,not vaccinated,vomiting,lethargy,vomiting,sneezing,weight loss
dog,poodle,0.5,3.9,vaccinated,fever,sneezing,pain,coughing,pain
dog,yorkshire terrier,6.1,6.3,dental issues,coughing,vomiting,diarrhea,weight loss,unusally thin
dog,bulldog,3.9,18.9,previous heart condition,fever,sour throat,abnormalities,muscle aches,mortality
dog,golden retriever,9.2,33.5,not vaccinated,discharge from eyes,redness of eye,blindness,scartches,pains
dog,boxer,2.5,27.7,dental issues,nausea,indigestion,constipation,abdminal pain,diarrhea
dog,beagle,12.2,18.4,recent surgery,fever,enteritis,stomach  cramps,diarrhea,weight loss
dog,bulldog,8.9,23.0,parasite history,sudden death,lethargy,pain,coughing,fluif filled blisters
dog,bulldog,3.5,16.7,chronic illness,diarrhea,pain,difficulty swallowing,anorexia,vomiting
dog,yorkshire terrier,14.9,5.8,recent surgery,indigestion,abdminal pain,constipation,diarrhea,nausea
dog,labrador retriever,14.6,30.5,allergies,pain,lethargy,weakness,sneezing,weight loss
dog,german shepherd,10.4,29.6,recent surgery,fever,swelling,loss of appetite,anorexia,weight loss
dog,boxer,2.9,16.5,allergies,swelling of udder,change in milk,swollen,tender to touch,pain
dog,mixed breed,11.8,12.5,chronic illness,vomitting,pneumonia,lession on the skin,jaundice,pain
dog,yorkshire terrier,15.0,4.2,not vaccinated,fleece become thin,sneezing,sneezing,stamping and pedding of hind eye,fever
dog,german shepherd,5.4,35.5,recent surgery,loss of appetite,closed eyes,diarrhea,ruffled feathers,thirst
dog,yorkshire terrier,9.8,3.0,previous heart condition,distended chest,skin colour change,inflammed eye,anorexia,vomiting
dog,rottweiler,9.1,37.6,parasite history,vomiting,anorexia,weight loss,lethargy,raw
dog,golden retriever,8.9,29.9,chronic illness,pain,diarrhea,pain,weight loss,loss of consciousness
dog,beagle,3.9,16.6,allergies,fever,anorexia,lession on cat skin,weakness,fever
dog,mixed breed,5.1,7.6,allergies,weight loss,coughing,sloughing of the tail,diarrhea,fever
dog,boxer,0.5,25.9,parasite history,puffed_up feather,anorexia,weight loss,diarrhea,diarrhea
dog,golden retriever,2.7,32.9,recent surgery,fever,dark colored bloody,incoordination,difficulty in breathing,terminal convulsion
dog,german shepherd,12.8,41.8,recent surgery,death,pain,weakness,blue straws,restlessness
dog,german shepherd,13.1,41.0,dental issues,fetopelvic dispropotion,uteria inertia,malpresentation,death,pains
dog,yorkshire terrier,3.0,7.5,no previous conditions,weight loss,egg production decreases,drooling,excess salivation,vomiting
dog,german shepherd,14.2,41.0,allergies,fever,diarrhea,coughing,tiredness,pains
dog,boxer,7.7,26.1,previous kidney disease,weakness,weakness,pain,mild colic,fever
dog,bulldog,2.8,17.2,parasite history,lethargy,weight loss,high temperature,fever,indigestion
dog,bulldog,3.1,22.9,parasite history,coughing,weight loss,diarrhea,weight loss,lethargy
dog,mixed breed,7.7,5.0,recent surgery,pain,nausea,fever,weight loss,pain
dog,bulldog,11.1,22.3,not vaccinated,bloody droping,lethargy,fever,abdominal discomfort,diarrhea
dog,poodle,0.5,7.6,allergies,coughing,diarrhea,constant pacing,coughing,diarrhea
dog,poodle,11.0,6.8,previous heart condition,severe kerititis,conjunctive,discharge,iris prolapse,loss of eye
dog,mixed breed,1.5,25.6,chronic illness,eye discharges,nasal discharge,change their normal behaviour,high body temperature,lameness
dog,yorkshire terrier,0.5,10.0,recent surgery,decreased eyelid,pain,lack of walking,coughing,anorexia
dog,golden retriever,3.7,37.1,no previous conditions,vomiting,swolling of joint,vomiting,pain,weakness
dog,bulldog,4.3,20.0,recent surgery,anorexia,sneezing,fever,pain,weakness
dog,german shepherd,9.9,42.7,allergies,halitosis,coughing,air sacculitis,weight loss,enteritis
dog,labrador retriever,1.2,35.2,skin conditions history,abortion at the end of gestation,fatigue,weak calves,join pains,swelling of internal organs
dog,yorkshire terrier,9.7,9.5,not vaccinated,fever,diarrhea,swelling,weight loss,pain
dog,labrador retriever,0.5,30.8,no previous conditions,weight loss,anorexia,coughing,fever,dark colored bloody
dog,german shepherd,12.7,38.2,recent surgery,anorexia,weakness,coughing,lethargy,diarrhea
dog,mixed breed,6.9,15.3,skin conditions history,hyperexcitability,muscular spasms,gums,death,pains
dog,bulldog,3.3,26.5,not vaccinated,fever,swelling of face or leg,poor appetite,depression,pains
dog,yorkshire terrier,13.3,3.5,previous kidney disease,coughing,vomiting,weight loss,sneezing,lethargy
dog,labrador retriever,15.0,35.1,parasite history,weakness,pain,animal become lame,anorexia,coughing
dog,boxer,6.6,24.7,previous kidney disease,anorexia,weakness,weight loss,fever,sneezing
dog,rottweiler,2.0,42.5,recent surgery,lethargy,weakness,coughing,fluffed feather,coughing
dog,beagle,9.7,22.0,previous heart condition,tear production,fever,dizziness and fainting,fever,sneezing
dog,bulldog,7.1,23.7,chronic illness,lethargy,vomiting,diarrhea,coughing,lethargy
dog,yorkshire terrier,2.2,7.2,chronic illness,fever,distress,trembling,staggering,convulsion
dog,beagle,3.5,28.0,chronic illness,sneezing,anorexia,sneezing,blood in faces,sneezing
dog,poodle,3.0,5.1,not vaccinated,jaundice,loss of appetite,rough hair coat,coughing,death
dog,labrador retriever,9.6,31.0,parasite history,loss in weight,emaciation,loss of appetite,weakness,diarrhoea
dog,poodle,8.0,4.5,no previous conditions,coughing,weakness,ulcer,weight loss,diarrhea
dog,mixed breed,0.5,21.9,parasite history,diarrhea,lethargy,weakness,fever,pain
dog,rottweiler,9.0,32.7,recent surgery,fever,depression,small intestines,death,flock moratality
dog,bulldog,4.6,27.8,parasite history,lethargy,vomiting,sneezing,fever,sneezing
dog,german shepherd,1.0,45.0,allergies,muscus,weight loss,diarrhea,fever,death
dog,beagle,4.8,22.4,skin conditions history,sneezing,terminal convulsion,weakness,pharyngitis,vomiting
dog,golden retriever,8.6,25.0,previous heart condition,weight loss,coughing,coughing,sneezing,weight loss
dog,beagle,2.4,32.1,recent surgery,fever,loss of appetite,swollen teats,lameness in affected leg,depression
dog,mixed breed,3.5,13.5,recent surgery,pain,congestion,pain,pain,lethargy
dog,poodle,4.2,8.5,not vaccinated,loss od appetite,wheezing,seizuers,skin rashes,fatique
dog,golden retriever,11.2,40.9,dental issues,anorexia,lethargy,anorexia,anorexia,weakness
dog,golden retriever,9.4,31.8,previous kidney disease,tail_bobbing,anorexia,coughing,coughing,diarrhea
dog,mixed breed,4.7,11.5,allergies,weakness,hyper sensitivity,loss of appetite,nervousness,excitability
dog,poodle,11.5,5.8,chronic illness,weakness,anorexia,discharge from ear,pain,pain
dog,german shepherd,10.8,42.4,vaccinated,nasal discharge,swelling on leg,broken bones,nasal discharge,painfull
dog,poodle,7.2,4.3,chronic illness,lethargy,lethargy,weakness,weakness,stumbling
dog,yorkshire terrier,10.6,5.6,previous kidney disease,coughing,sneezing,weight loss,fever,weight loss
dog,bulldog,3.9,20.2,chronic illness,vomiting,diarrhea,nausea,fever,stomach cramps
dog,rottweiler,4.1,43.3,previous heart condition,weakness,vomiting,lethargy,anorexia,diarrhea
dog,golden retriever,3.4,38.3,not vaccinated,fever,anorexia,diarrhea,dizziness,skin lesion
dog,rottweiler,5.7,41.1,chronic illness,vomiting,vomiting,pox lession on skin,fatique,weight loss
dog,yorkshire terrier,2.9,8.6,recent surgery,diarrhea,pain,sneezing,weight loss,weight loss
dog,rottweiler,2.1,43.5,no previous conditions,extending its neck,gasping for air,gasping for breath,difficulty swallowing,gasping for breath
dog,poodle,8.1,6.9,recent surgery,weight loss,weight loss,weakness,anorexia,swelling on leg
dog,boxer,12.1,27.4,not vaccinated,experiencing changes in weight,pain and bloating,burning ache or pain,vomiting,loss of appetite
dog,rottweiler,5.7,40.8,chronic illness,weight loss,vomiting,vomiting,diarrhea,weight loss
dog,german shepherd,11.2,35.9,dental issues,swelling on leg,painfull,nasal discharge,broken bones,nasal discharge
dog,poodle,7.2,7.0,dental issues,weakness,head ache,anorexia,lethargy,papules appear on teats anad udder
dog,german shepherd,12.1,45.0,allergies,fever,animal become lame,prostrat,painfull swalling,lameness
dog,german shepherd,1.5,29.4,not vaccinated,fever,diarrhea,vomiting,blood from mouth,shock
dog,yorkshire terrier,12.9,4.9,previous kidney disease,fever,pox lession on skin,skin reashes,nasal discharge,mortality varies
dog,mixed breed,3.5,25.8,previous kidney disease,difficulty in breathing,fever,coughing,sneezing,lethargy
dog,beagle,8.2,21.8,vaccinated,depression,weight loss,fever,scratches,diarrhea
dog,golden retriever,10.2,32.5,previous kidney disease,coughing,vomiting,sneezing,coughing,anorexia
dog,rottweiler,5.8,27.3,not vaccinated,fatique,sweat,head ache,fever,chills
dog,golden retriever,6.7,34.7,chronic illness,swollen abdomen,diarrhea,watery eyes,weight loss,weakness
dog,beagle,8.2,25.2,allergies,sneezing,pain,diarrhea,weakness,anorexia
dog,mixed breed,6.4,10.5,chronic illness,fever,anorexia,lethargy,vomiting,swelling of neck
dog,labrador retriever,3.0,45.0,allergies,lethargy,swelling  in the bite area,fever,limp,pain
dog,labrador retriever,2.2,36.6,no previous conditions,fever,swollen and painfull,exhaustion,skin ulcer,chills
dog,beagle,7.8,22.2,not vaccinated,anorexia,weight gain,anorexia,fever,diarrhea
dog,boxer,15.0,28.8,recent surgery,anorexia,diarrhea,fever,regurgitation of food,vomiting
dog,bulldog,10.3,27.3,parasite history,swollen,testical pain,itches,bloody discharge,tenderness
dog,yorkshire terrier,0.5,3.0,skin conditions history,diarrhea,hardness,diarrhea,fever,attack
dog,labrador retriever,7.1,39.6,recent surgery,weakness,fever,viability,fever,lethargy
dog,bulldog,1.7,27.0,skin conditions history,fever,pox lession on skin,skin reashes,nasal discharge,mortality varies
dog,german shepherd,5.6,25.4,dental issues,abortion on late pregancy,sneezing,weight loss,weakness,lethargy
dog,boxer,10.1,20.3,dental issues,pyrexia,oral lesion,swelling,lameness,death
dog,bulldog,2.2,25.7,vaccinated,coughing,outstretched neck,isolation from flock,forthy eye,hot udder
dog,boxer,4.7,21.5,skin conditions history,pain,fever,difficulty diagnosis,lethargy,lethargy
dog,mixed breed,9.4,27.3,parasite history,diarrhea,flat ribs,fever,clubbed feather,lethargy
dog,golden retriever,13.3,35.7,not vaccinated,sneezing,wasting,weight loss,continuous loss of weight,bleeding from the nose
dog,german shepherd,8.9,27.0,skin conditions history,fever,nasal discharge,respiratory distress,pox lesion,pain
dog,mixed breed,1.0,32.8,previous heart condition,pain,diarrhea,fever,diarrhea,lethargy
dog,bulldog,6.7,18.2,chronic illness,lethargy,diarrhea,weight loss,weakness,weight loss
dog,golden retriever,14.5,37.8,dental issues,watering diarrhea,depression,emaciation,ruffled coat,lethargy
dog,bulldog,3.5,17.5,recent surgery,vomiting,diarrhea,green dropping,weakness,lethargy
dog,yorkshire terrier,4.9,3.0,chronic illness,paresis,vomiting,swelling of internal organs,hair tining,vomiting
dog,poodle,11.5,7.5,previous heart condition,severe kerititis,conjunctive,discharge,iris prolapse,loss of eye
dog,german shepherd,9.2,33.0,previous heart condition,weakness,diarrhea,weakness,sneezing,weakness
dog,rottweiler,10.7,33.6,vaccinated,fever,animal become lame,prostrat,painfull swalling,lameness
dog,boxer,7.9,25.4,parasite history,pain,weakness,listlessness,diarrhea,diarrhea
dog,bulldog,11.7,22.1,not vaccinated,bloody droping,fever,abdominal discomfort,lethargy,diarrhea
dog,rottweiler,13.5,44.6,skin conditions history,loss of appetite,swelling,nasal discharge,blindness,lethargy
dog,boxer,5.5,21.9,chronic illness,weakness,anorexia,fever,diarrhea,fever
dog,golden retriever,7.7,25.8,parasite history,fever,uncharacteristic hiding,depression,dehydration,stopped eat
dog,boxer,2.5,26.3,recent surgery,decreased stool production,distended stomach,restless movement,heavy breathing,weakness
dog,golden retriever,3.7,35.9,no previous conditions,weight loss,loss of pigment,pain,coughing,anorexia
dog,bulldog,8.7,20.7,dental issues,aggressiveness,vomiting,lethargy,lethargy,diarrhea
dog,german shepherd,1.6,28.6,not vaccinated,fever,diarrhea,vomiting,blood from mouth,shock
dog,labrador retriever,5.9,39.7,previous kidney disease,greenish-yellow nasal discharge,lack of pigmentation,vomiting,lethargy,pain on face
dog,german shepherd,6.4,33.1,chronic illness,fever,gastritis,sneezing,weight loss,weight loss
dog,rottweiler,6.6,36.8,parasite history,fever,nose picking,weight loss,coughing,anorexia
dog,bulldog,3.1,16.9,allergies,watery diarrhea dispropotion,sick,corneal ulceration,loss of appetite,death
dog,poodle,9.3,6.0,dental issues,sneezing,weight loss,muscular spasms,weakness,vomiting
dog,bulldog,11.0,16.2,previous heart condition,fever,weakened legs,los of the ability to walk,mammary glads,fluif filled blisters
dog,rottweiler,5.5,41.3,allergies,weight loss,sneezing,sneezing,weight loss,fever
dog,poodle,1.8,6.0,no previous conditions,vomiting,lepatomegaly,shaking oh head,splenomegaly,swollen
dog,labrador retriever,7.0,23.0,previous heart condition,weakness,blindness,tear produce,aversion to light,bluish white opacity
dog,bulldog,1.1,25.8,not vaccinated,sneezing,weight loss,pnemonia,pain,weakness
dog,labrador retriever,7.9,28.5,no previous conditions,anorexia,sneezing,weightloss,pain,fever
dog,labrador retriever,10.3,35.2,previous kidney disease,diarrhea,sneezing,sneezing,pain,weakness
dog,rottweiler,8.9,33.2,vaccinated,coughing,vomiting,vomiting,weight loss,sneezing
dog,bulldog,8.0,24.1,not vaccinated,fever,diarrhea,enteritis,weight loss,stomach  cramps
dog,poodle,3.3,4.6,previous heart condition,diarrhea,pain,coughing,lethargy,coughing
dog,poodle,8.3,6.0,previous kidney disease,sneezing,fever,sneezing,anorexia,sneezing
dog,poodle,9.5,3.5,parasite history,upset stomach,coughing,anaemia,diarrhea,weight loss
dog,yorkshire terrier,9.9,8.0,no previous conditions,anorexia,fever,fever,coughing,weakness
dog,boxer,10.1,24.0,no previous conditions,weakness,vomiting,lethargy,weight loss,anorexia
dog,rottweiler,6.7,45.0,chronic illness,fever,weight loss,anorexia,sneezing,pain
dog,mixed breed,4.6,12.9,allergies,excitability,nervousness,loss of appetite,hyper sensitivity,weakness
dog,boxer,10.8,26.6,parasite history,weakness,anorexia,weight loss,coughing,pox lesion
dog,golden retriever,4.9,39.6,vaccinated,white mark on the muscle,loss of vitamin e,stiffness,weakness,trembling
dog,bulldog,1.3,28.0,no previous conditions,coughing,pain,pain,pustulses,pain
dog,german shepherd,5.2,40.2,not vaccinated,red skin,loss of appetite,moist,lameness,pains
dog,rottweiler,4.6,35.5,recent surgery,pain,hydrophobia,anorexia,bad breath,relunctance to walk
dog,mixed breed,2.0,4.8,dental issues,asymptomatic,epistaxis,diarrhea,death,hemopytsis
dog,yorkshire terrier,5.0,6.8,parasite history,vomiting,coughing,weight loss,pain,weakness
dog,yorkshire terrier,7.3,9.1,skin conditions history,obstructed lungs,enlarged thymus,skin rashes,weight loss,lethargy
dog,bulldog,3.4,24.8,chronic illness,fever,diarrhea,vomiting,blood from mouth,shock
dog,bulldog,1.3,27.2,no previous conditions,pain,pain,fever,coughing,lethargy
dog,bulldog,2.5,19.9,previous kidney disease,fever,diarrhea,coughing,lethargy,blue eye
dog,rottweiler,5.6,27.6,skin conditions history,paresis,diarrhea,stomach cramps,paralysis,weakness
dog,boxer,13.5,15.8,skin conditions history,nosebleed,trauma,mild weakness,nose picking,dry air
dog,yorkshire terrier,5.5,8.5,dental issues,decreased milk,holding limbs off the ground,weight loss,lameness,wool production
dog,beagle,12.6,26.1,dental issues,pain,coughing,vomiting,pain,lethargy
dog,german shepherd,14.7,34.4,vaccinated,nuerological,anorexia,weight loss,sneezing,weakness
dog,bulldog,2.4,30.0,previous heart condition,sneezing,loss of activity,lethargy,lethargy,fever
dog,boxer,9.6,19.1,no previous conditions,listless,difficulty in walking,grinding of teeth,blindness,ataxia
dog,bulldog,14.7,21.6,previous kidney disease,weakness,achomotrica,diarrhea,weight loss,watery faeces
dog,poodle,5.2,7.8,previous heart condition,vomiting,loss of appetite,fluffed feather,coughing,snoring
dog,german shepherd,7.4,30.1,dental issues,forthy eye,torticollis,weakness,swelling,emaciation
dog,yorkshire terrier,7.8,4.7,skin conditions history,stop eating,stop drinking,change their normal behaviour,weight loss,pains
dog,mixed breed,12.1,18.4,recent surgery,lethargy,vomiting,fever,diarrhea,weakness
dog,boxer,0.5,30.0,no previous conditions,pain,weight loss,vomiting,lethargy,weakness
dog,german shepherd,8.7,27.4,allergies,sneezing,pain,pain,weight loss,anorexia
dog,labrador retriever,8.9,25.6,chronic illness,sneezing,coughing,weakness,coughing,diarrhea
dog,labrador retriever,15.6,29.0,dental issues,back pain,lethargy,difficulty walking,vaginal discharge,swollen lymph nodes
dog,mixed breed,3.2,21.1,previous heart condition,fever,sneezing,sneezing,weight loss,anorexia
dog,golden retriever,5.0,45.0,vaccinated,weakness,stiffness,trembling,white mark on the muscle,loss of vitamin e
dog,labrador retriever,12.6,30.8,skin conditions history,lethargy,lameness,pain,anorexia,weight loss
dog,poodle,14.8,8.1,chronic illness,fever,loss of  appetite,coughing,lethargy,joint pain
dog,beagle,2.7,29.9,recent surgery,fever,loss of appetite,swollen teats,lameness in affected leg,depression
dog,mixed breed,15.0,35.4,parasite history,weight loss,pain,anorexia,cramps,weakness
dog,bulldog,5.2,22.2,no previous conditions,pain,vomiting,diarrhea,kick,sneezing
dog,boxer,1.8,27.9,previous heart condition,fever,difficulty breathing,thrist and urination,weight loss,enlarged lymph nodes or swelling
dog,yorkshire terrier,7.7,3.8,no previous conditions,white mark on the muscle,loss of vitamin e,stiffness,weakness,trembling
dog,boxer,14.5,30.0,allergies,dry scabs,diarrhea,weakness,vomiting,pain
dog,poodle,1.8,8.2,chronic illness,foul smelling,dirty,dullness,tail shaking,stained wool
dog,bulldog,15.0,22.6,allergies,anorexia,anorexia,pain,pain,lethargy
dog,poodle,8.1,10.3,dental issues,fever,diarrhea,vomiting,stomach cramps,nausea
dog,poodle,3.8,8.8,not vaccinated,fetopelvic dispropotion,uteria inertia,malpresentation,death,pains
dog,rottweiler,5.3,23.8,skin conditions history,paresis,paralysis,weakness,stomach cramps,diarrhea
dog,rottweiler,11.4,36.1,previous heart condition,fever,fever,lethargy,weakness,mucous discharge
dog,labrador retriever,0.7,39.7,no previous conditions,excessive eye watering,eye redness,weakness,mucus discharge from the eye,frequent eye infections
dog,yorkshire terrier,10.2,6.4,parasite history,fever,dyspnea,coughing,lethargy,weightloss
dog,rottweiler,13.9,45.0,no previous conditions,nasal discharge,lethargy,loss of appetite,blindness,swelling
dog,labrador retriever,2.8,39.0,recent surgery,diarrhea,fever,lethargy,diarrhea,profuse
dog,golden retriever,7.7,33.7,previous heart condition,fetopelvic dispropotion,uteria inertia,malpresentation,death,pains
dog,yorkshire terrier,7.8,5.3,vaccinated,inability of swalllon feeding,anorexia,pain,coughing,diarrhea
dog,yorkshire terrier,13.2,5.4,vaccinated,poor wool,loss of appetite,lameness,small size,poor body condition
dog,yorkshire terrier,3.2,8.3,skin conditions history,fetopelvic dispropotion,uteria inertia,malpresentation,death,pains
dog,mixed breed,12.4,20.5,dental issues,death,fetopelvic dispropotion,pains,uteria inertia,malpresentation
dog,german shepherd,6.7,30.9,allergies,terminal convulsion,fever,sneezing,muscles ache,fever
dog,rottweiler,5.7,27.1,allergies,death,uteria inertia,malpresentation,pains,fetopelvic dispropotion
dog,labrador retriever,6.2,37.2,allergies,greenish-yellow nasal discharge,lack of pigmentation,vomiting,lethargy,pain on face
dog,beagle,4.0,26.7,skin conditions history,coughing,lethargy,fever,coughing,lethargy
dog,poodle,2.0,7.3,previous heart condition,diarrhea,odor to ear,lethargy,lethargy,coughing
dog,poodle,8.2,6.7,vaccinated,fever,death,coughing,dyspnea,anorexia
dog,yorkshire terrier,9.6,6.6,not vaccinated,anorexia,swelling of face or leg,weight loss,vomiting,vomiting
dog,beagle,11.2,22.5,no previous conditions,pain,anorexia,diarrhea,weight loss,lethargy
dog,rottweiler,7.1,35.5,skin conditions history,fever,chronic eye inflamation,coughing,lethargy,neurologic abnormalities
dog,boxer,9.5,17.1,not vaccinated,pain,anorexia,pain,anorexia,urine retention
dog,yorkshire terrier,2.7,10.0,no previous conditions,weakness,weakness,weight loss,torticollis,sneezing
dog,yorkshire terrier,7.3,5.6,recent surgery,dullness,sneezing,pain,anorexia,lethargy
dog,labrador retriever,0.8,41.9,recent surgery,excessive eye watering,eye redness,weakness,mucus discharge from the eye,frequent eye infections
dog,golden retriever,1.2,38.4,recent surgery,coughing,fever,fever,blooody fluid,neurologic abnormalities
dog,german shepherd,5.8,25.0,previous kidney disease,anorexia,coughing,weight loss,anorexia,fever
dog,beagle,4.4,30.0,vaccinated,coughing,diarrhea,pain,anorexia,swelling
dog,bulldog,4.6,24.1,skin conditions history,vomiting,weakness,weight loss,pain,lethargy
dog,golden retriever,1.9,25.0,chronic illness,flaky,hair loss,fever,anorexia,weight loss
dog,bulldog,0.5,29.5,chronic illness,weight loss,despression,weakness,vomiting,diarrhea
dog,beagle,4.7,22.6,parasite history,vomiting,coughing,coughing,vomiting,fever
dog,rottweiler,4.8,27.6,chronic illness,lethargy,weight loss,abdominal pain,fever,fever
dog,labrador retriever,10.6,36.0,allergies,weight loss,head tilt,diarrhea,anorexia,anorexia
dog,rottweiler,13.2,41.1,chronic illness,anorexia,weakness,experiencing changes in weight,coughing,pain
dog,mixed breed,4.3,28.5,allergies,air sacculitis,enteritis,coughing,weight loss,halitosis
dog,mixed breed,6.5,18.8,not vaccinated,loss of wool,mammary glads,anorexia,anorexia,lethargy
dog,beagle,9.2,29.0,skin conditions history,stripped remiges,less feather growth,ruffled feathers,defienciency in vitamin,diarrhea
dog,yorkshire terrier,5.2,8.8,chronic illness,decreased milk,holding limbs off the ground,weight loss,lameness,wool production
dog,beagle,5.5,23.7,previous heart condition,coughing,diarrhea,anorexia,lethargy,straining
dog,labrador retriever,4.9,45.0,allergies,diarrhea,vomiting,sneezing,lethargy,sneezing
dog,yorkshire terrier,0.5,6.6,previous heart condition,weakness,vomiting,anorexia,lethargy,fever
dog,bulldog,6.8,24.2,no previous conditions,excession salivation,anorexia,watering of eyes,weakness,weakness
dog,mixed breed,2.3,5.8,dental issues,death,hemopytsis,epistaxis,asymptomatic,diarrhea
dog,rottweiler,14.0,36.5,no previous conditions,sinuses,weakness,anorexia,weight loss,sneezing
dog,beagle,11.3,18.7,previous kidney disease,loss of alertness,weight loss,coughing,vomiting,vomiting
dog,bulldog,4.1,21.3,skin conditions history,lying down,nosebleed,lethargy,fever,lethargy
dog,mixed breed,3.0,5.0,vaccinated,diarrhea,pain,weakness,tear production,pain
dog,beagle,16.5,30.6,allergies,lameness,pains,change their normal behaviour,stop drinking,stop eating
dog,mixed breed,4.1,32.4,skin conditions history,fever,diarrhea,swelling,weight loss,pain
dog,beagle,5.4,21.1,recent surgery,egg production decreases,stunted growth,blindness,distinctive bumps,facial swelling
dog,poodle,6.0,7.4,previous kidney disease,lesions on ear,horny growth,red on affected area,red skin,wart-like growth
dog,rottweiler,6.0,34.8,no previous conditions,fever,lethargy,lethargy,sneezing,diarrhea
dog,yorkshire terrier,14.6,10.0,no previous conditions,gasping for breath,weakness,watering diarrhea,diarrhea,sneezing
dog,poodle,1.9,7.4,chronic illness,foul smelling,dirty,tail shaking,dullness,stained wool
dog,golden retriever,3.8,32.9,dental issues,coughing,vitamin and minerals defiency,weakness,coughing,weight loss
dog,german shepherd,6.5,32.6,vaccinated,vomiting,diarrhea,dehydration,weight loss,poor coat apperence
dog,golden retriever,8.2,45.0,dental issues,vomiting,coughing,progressive weakness,lying down,incoordination
dog,labrador retriever,1.6,41.4,chronic illness,weight loss,gasping for air,cough,extending its neck,gasping for breath
dog,german shepherd,7.5,26.1,no previous conditions,foul breath,weight loss,vomiting,sneezing,sneezing
dog,yorkshire terrier,8.0,3.7,no previous conditions,weakness,stiffness,trembling,white mark on the muscle,loss of vitamin e
dog,golden retriever,9.3,39.2,not vaccinated,vomiting,excessive food intake,weakness,fever,vomiting
dog,mixed breed,10.9,22.7,allergies,bloody in feather,anorexia,fever,pain,anorexia
dog,poodle,5.1,3.0,recent surgery,heavy infection,diarrhea,lethargy,pain,coughing
dog,mixed breed,12.1,13.5,skin conditions history,swollen lymph nodes,difficulty walking,back pain,lethargy,vaginal discharge
dog,labrador retriever,7.3,40.4,previous heart condition,pain,lethargy,fever,tail wagging,vomiting
dog,german shepherd,8.1,28.4,allergies,fever,anorexia,vomiting,weakness,blood in stool
dog,yorkshire terrier,1.6,3.7,recent surgery,fever,thrist and urination,difficulty breathing,sneezing,lethargy
dog,german shepherd,11.9,29.3,not vaccinated,pain,most often none,anorexia,sneezing,staggering
dog,german shepherd,4.5,29.3,not vaccinated,sneezing,anorexia,neck paralysis,vomiting,weight loss
dog,mixed breed,12.6,16.0,dental issues,diarrhea,vomiting,fever,lethargy,fever
dog,rottweiler,0.5,38.0,chronic illness,coughing,pain,fever,greenish diarrhea,coughing
dog,mixed breed,2.9,22.9,skin conditions history,coughing,panting,"facial swelling,",production of mucus,fatigue
dog,bulldog,1.8,29.0,chronic illness,legness,paresis,coughing,weight loss,shortness of breath
dog,yorkshire terrier,11.7,5.9,no previous conditions,diarrhea,dry or dull hair,diarrhea,sneezing,lethargy
dog,bulldog,6.8,17.6,allergies,diarrhea,vomiting,difficulty in swallowing,anorexia,weakness
dog,yorkshire terrier,7.5,4.4,previous kidney disease,lethargy,vomiting,exessive urination,sneezing,decreased growth of bone
dog,rottweiler,9.7,30.1,dental issues,yellow in beak,weakness,sleeping excessively,tail_bobbing,heavy breathing
dog,rottweiler,2.1,39.0,skin conditions history,vomiting,diarrhea,bloody discharge,weight loss,vomiting
dog,mixed breed,0.9,9.8,parasite history,small intestines,fever,flock moratality,depression,death
dog,german shepherd,9.8,32.8,not vaccinated,weakness,pain,sneezing,diarrhea,coughing
dog,mixed breed,3.6,25.9,previous heart condition,anorexia,anorexia,weight loss,coughing,weight loss
dog,boxer,8.4,25.6,vaccinated,vomiting,diarrhea,lethargy,weakness,skin colour change
dog,bulldog,2.8,24.5,vaccinated,fever,chills,skin ulcer,exhaustion,swollen and painfull
dog,golden retriever,12.6,31.8,vaccinated,fever,respiratory distress,mucous discharge,reduce feed,weight gain
dog,poodle,14.1,7.5,parasite history,abdominal destention,weakness,weakness,vomiting,weakness
dog,mixed breed,9.5,26.7,vaccinated,sneezing,pain,vomiting,swollen eyelids,weakness
dog,boxer,2.2,15.0,recent surgery,weakness,coughing,diarrhea,sneezing,diarrhea
dog,mixed breed,7.3,34.0,skin conditions history,lethargy,distended chest,pain,difficulty in walking,rapid heart rate
dog,golden retriever,0.5,31.4,recent surgery,lethargy,sneezing,diarrhea,vomiting,lethargy
dog,boxer,3.0,15.0,skin conditions history,lethargy,diarrhea,pain,pain,coughing
dog,beagle,0.5,24.1,allergies,slow growth,anorexia,weakness,anorexia,shaking oh head
dog,rottweiler,5.1,45.0,recent surgery,fatique,weight loss,poor coat condition,fever,infection of the skin
dog,beagle,10.9,22.2,no previous conditions,sneezing,bleeding from wounds,weight loss,weight loss,weakness
dog,german shepherd,4.6,28.4,previous kidney disease,fever,vomiting,weight loss,fever,weight loss
dog,boxer,7.3,19.3,chronic illness,muscular spasms,weight loss,weakness,lethargy,despression
dog,german shepherd,5.9,34.7,recent surgery,fever,diarrhea,vomiting,weight loss,dehydration
dog,bulldog,9.5,19.3,skin conditions history,fever,diarrhea,depression,scratches,weight loss
dog,rottweiler,14.0,25.0,dental issues,fever,diarrhea,lethargy,coughing,poor immune function
dog,boxer,12.4,23.7,recent surgery,fever,inflammed eye,coughing,depression,limping
dog,german shepherd,10.0,25.5,recent surgery,fever,difficulty breathing,thrist and urination,weight loss,enlarged lymph nodes or swelling
dog,labrador retriever,4.5,41.7,parasite history,coughing,diarrhea,pain,sneezing,mammary glads
dog,labrador retriever,12.9,25.5,skin conditions history,vomiting,weakness,pain,sneezing,fever
dog,boxer,1.0,22.1,no previous conditions,fever,nasal discharge,salivation,relunctance to move,depression
dog,boxer,6.2,24.0,chronic illness,blood on faces,appetite,severe,milk reduce,diarrhea
dog,poodle,12.6,3.0,vaccinated,diarrhea,weakness,weakness,anorexia,weight loss
dog,poodle,11.8,7.4,previous heart condition,conjunctive,discharge,severe kerititis,loss of eye,iris prolapse
dog,rottweiler,11.0,44.1,allergies,lepatomegaly,splenomegaly,vomiting,swollen,shaking oh head
dog,rottweiler,6.2,26.3,no previous conditions,weakness,sneezing,gas or bloating,anorexia,diarrhea
dog,yorkshire terrier,11.0,3.4,parasite history,sneezing,lethargy,fever,vomiting,lethargy
dog,poodle,7.7,3.4,parasite history,red skin,loss of appetite,moist,lameness,pains
dog,rottweiler,5.2,40.5,recent surgery,poor coat condition,weight loss,fatique,infection of the skin,fever
dog,labrador retriever,2.6,36.2,skin conditions history,swelling of neck,weight loss,pain,oedema,swelling of face or leg
dog,mixed breed,2.3,5.2,dental issues,hemopytsis,diarrhea,asymptomatic,death,epistaxis
dog,bulldog,3.6,22.6,chronic illness,fever,diarrhea,vomiting,blood from mouth,shock
dog,golden retriever,2.7,36.0,previous kidney disease,coughing,coughing,lethargy,weakness,pain
dog,german shepherd,5.8,36.9,chronic illness,abortion,mummification,stillbirth,weak kids,pain
dog,boxer,13.7,27.3,no previous conditions,blood in urine,diarrhea,vomiting,lethargy,bleeding in eye and skin
dog,poodle,2.8,5.8,parasite history,pain,anorexia,diarrhea,anorexia,lethargy
dog,mixed breed,10.2,10.3,allergies,swelling on leg,painfull,nasal discharge,broken bones,nasal discharge
dog,rottweiler,8.4,26.1,dental issues,tail_bobbing,weakness,heavy breathing,sleeping excessively,yellow in beak
dog,boxer,12.0,21.6,no previous conditions,vomiting,vomiting,watery stool,sneezing,coughing
dog,golden retriever,1.0,27.0,previous heart condition,fever,respiratory distress,occular discharge,mouth lesion,nasal discharge
dog,yorkshire terrier,15.0,3.4,dental issues,lack of flying,sneezing,vomiting,weakness,pain
dog,rottweiler,15.0,35.1,no previous conditions,sneezing,coughing,diarrhea,sneezing,coughing
dog,yorkshire terrier,7.3,8.7,allergies,short term lethargy,loss of  appetite,poor appetite,rapid heart rate,week pulse
dog,poodle,4.5,7.5,not vaccinated,loss od appetite,wheezing,seizuers,skin rashes,fatique
dog,labrador retriever,2.7,34.2,skin conditions history,oedema,swelling of face or leg,swelling of neck,weight loss,pain
dog,beagle,9.3,19.5,parasite history,vomiting,vomiting,sneezing,diarrhea,weak calves
dog,rottweiler,15.0,38.6,skin conditions history,coughing,vomiting,anorexia,pain,vomiting
dog,labrador retriever,11.9,32.7,recent surgery,pain,anorexia,pain,fever,sneezing
dog,bulldog,12.0,21.8,previous kidney disease,fever,loss of appetite,ear infection,depression,nasal discharge
dog,boxer,11.8,15.5,vaccinated,coughing,anorexia,coughing,lethargy,weight loss
dog,rottweiler,7.7,26.2,not vaccinated,balance problem,abdominal destention,neck paralysis,weight loss,pains
dog,beagle,13.5,22.9,recent surgery,ulcers,diarrhea,back pain,tarry stool,enlarged lymph nodes
dog,bulldog,3.1,18.8,chronic illness,fever,loss of  appetite,lession on the skin,lethargy,joint pain
dog,german shepherd,8.0,42.0,parasite history,fever,diarrhea,abdominal discomfort,bloody droping,lethargy
dog,yorkshire terrier,2.2,6.9,previous kidney disease,pain,pain,anorexia,pain,anorexia
dog,yorkshire terrier,12.0,8.0,no previous conditions,vomiting,pain,weight loss,sneezing,sneezing
dog,yorkshire terrier,2.9,9.5,skin conditions history,pains,death,fetopelvic dispropotion,malpresentation,uteria inertia
dog,mixed breed,8.4,25.2,vaccinated,vomiting,diarrhea,diarrhea,lethargy,vomiting
dog,yorkshire terrier,9.3,8.5,skin conditions history,excessive eye watering,eye redness,weakness,mucus discharge from the eye,frequent eye infections
dog,beagle,9.0,15.0,recent surgery,pain,sneezing,weakness,coughing,sneezing
dog,labrador retriever,5.4,38.7,previous kidney disease,lack of pigmentation,pain on face,vomiting,greenish-yellow nasal discharge,lethargy
dog,boxer,3.2,15.9,dental issues,weight loss,coughing,swelling of internal organs,diarrhea,diarrhea
dog,beagle,14.1,24.3,allergies,lethargy,vomiting,diarrhea,fever,pain
dog,beagle,10.5,15.2,recent surgery,diarrhea,weight loss,enteritis,fever,stomach  cramps
dog,german shepherd,12.8,43.9,previous kidney disease,restlessness,weakness,blue straws,death,pain
dog,beagle,3.4,30.0,skin conditions history,mild sneezing,scratching,pain,diarrhea,diarrhea
dog,rottweiler,12.6,32.0,recent surgery,pain,fever,pain,difficulty in feeding,diarrhea
dog,golden retriever,7.4,34.8,no previous conditions,lethargy,sneezing,anorexia,vomiting,sneezing
dog,rottweiler,1.6,38.5,recent surgery,pain,stillbirth,mummification,weak kids,abortion
dog,poodle,12.3,3.0,no previous conditions,pharyngitis,lethargy,coughing,diffulty swallowing,anorexia
dog,bulldog,8.4,17.5,not vaccinated,coughing,lethargy,fever,difficulty breathing,sneezing
dog,yorkshire terrier,5.0,7.0,skin conditions history,lethargy,difficulty diagnosis,coughing,lethargy,lethargy
dog,rottweiler,7.4,30.3,chronic illness,pain,weakness,vomiting,vomiting,lethargy
dog,german shepherd,12.6,31.9,vaccinated,coughing,weight loss,easily damage shell,diarrhea,paresis
dog,bulldog,9.2,21.1,parasite history,very cold skin,weight loss,coughing,weight loss,diarrhea
dog,german shepherd,12.8,33.0,previous kidney disease,pain,diarrhea,anorexia,vomiting,nesting behaviour
dog,bulldog,13.8,20.0,allergies,muscus,sneezing,anorexia,fever,vomiting
dog,rottweiler,1.5,41.3,not vaccinated,sneezing,hematuria,fever,anorexia,weight loss
dog,boxer,9.6,26.0,previous heart condition,fever,diarrhea,weightloss,coughing,vomiting
dog,yorkshire terrier,8.3,10.0,no previous conditions,dandruff in cat coat,bloody droping,vomiting,weight loss,fever
dog,yorkshire terrier,8.5,4.0,parasite history,pain,high body temperaure,pain,abscessess,diarrhea
dog,poodle,9.1,5.7,chronic illness,fever,pain,weakness,vomiting,lethargy
dog,yorkshire terrier,2.2,5.0,not vaccinated,fever,coughing,death,weight loss,nasal discharge
dog,beagle,5.2,22.8,previous heart condition,vomiting,lethargy,pain,lying down,anorexia
dog,boxer,0.5,18.2,previous kidney disease,diarrhea,sneezing,lethargy,lethargy,vomiting
dog,german shepherd,3.9,33.3,not vaccinated,anorexia,diarrhea,aneamia,coughing,lethargy
dog,beagle,11.1,21.1,dental issues,fever,diarrhea,coughing,vomiting,anorexia
dog,rottweiler,6.2,33.5,skin conditions history,diarrhea,anorexia,lethargy,diarrhea,pneumonia
dog,boxer,5.6,16.3,no previous conditions,lession on the skin,slightly swollen,papules appear on teats anad udder,fever,milky hard
dog,boxer,11.8,25.5,vaccinated,sneezing,weight loss,fever,anorexia,red eye
dog,rottweiler,12.4,41.1,previous heart condition,lack of flying,lack of walking,pains,roughened,dehydration
dog,german shepherd,14.7,24.8,dental issues,foul smelling,diarrhea,colic,bloody discharge,blood clots
dog,rottweiler,3.9,34.5,recent surgery,fever,dyspnea,coughing,lethargy,anorexia
dog,german shepherd,5.9,39.5,parasite history,headache,pain,pain,coughing,diphtherictic
dog,rottweiler,12.3,29.5,dental issues,fever,reduce reproductive potential,agalactia,loss of milk production,sloughing of the tail
dog,boxer,8.5,17.3,allergies,vomiting,anorexia,gas,weakness,coughing
dog,beagle,5.7,29.4,skin conditions history,coughing,coughing,unable to eat,weakness,sneezing
dog,rottweiler,9.8,29.3,chronic illness,distress,weight loss,pain,vomiting,week pulse
dog,rottweiler,7.1,44.3,previous kidney disease,weakness,weakness,diarrhea,ruffled appearance,anorexia
dog,rottweiler,11.0,30.7,skin conditions history,loss of appetite,diarrhea,ruffled feathers,weight loss,inability to absorb nutrients
dog,bulldog,9.2,18.1,skin conditions history,fever,diarrhea,depression,scratches,weight loss
dog,yorkshire terrier,9.1,3.1,previous heart condition,fever,pneumonia,stand with head droping,weight loss,abnormal behaviour
dog,golden retriever,7.5,33.0,no previous conditions,fetopelvic dispropotion,uteria inertia,malpresentation,death,pains
dog,rottweiler,9.4,45.0,dental issues,eye redness,frequent eye infections,crusty eye lashes and matting of eyelashes,foul smelling stools,increased passing gas
dog,bulldog,9.3,24.1,previous kidney disease,anorexia,coughing,weight loss,lethargy,coughing
dog,boxer,2.7,18.9,allergies,scratching,restlessness,kick,nible at their wool,lethargy
dog,yorkshire terrier,9.8,9.0,not vaccinated,pain,diarrhea,fever,swelling,weight loss
dog,bulldog,8.9,27.2,allergies,gasping,coughing,mild weakness,droopy wings,twisted neck
dog,mixed breed,10.8,13.8,chronic illness,apathy,cloacal pasting,depression,dilation of duodenum,congestion
dog,boxer,2.9,20.9,no previous conditions,weakness,coughing,vomiting,vomiting,recumbency
dog,beagle,8.0,19.9,dental issues,weakness,pain,diarrhea,fever,vomiting
dog,yorkshire terrier,2.4,8.2,dental issues,swelling,dysentery,pain,immediate death,fever
dog,boxer,0.9,22.7,chronic illness,milk getting out more thick,red-colored,milk getting out more watery,swollen,hot udder
dog,poodle,7.4,8.2,dental issues,fever,diarrhea,vomiting,stomach cramps,nausea
dog,golden retriever,2.8,41.7,recent surgery,fever,respiratory distress,seizuers,hyperesthesia,sudden death
dog,rottweiler,8.3,33.3,recent surgery,fever,head tilt,fever,depression,weight loss
dog,mixed breed,12.5,14.1,parasite history,dirty,stained wool,tail shaking,dullness,foul smelling
dog,boxer,12.0,23.7,recent surgery,coughing,fever,limping,depression,inflammed eye
dog,bulldog,11.7,23.3,not vaccinated,weakness,pain,sneezing,anorexia,anorexia
dog,german shepherd,9.1,30.1,skin conditions history,fever,nasal discharge,respiratory distress,pox lesion,pain
dog,german shepherd,0.5,35.0,allergies,vomiting,lethargy,pain,diarrhea,blood clots
dog,rottweiler,12.4,24.2,skin conditions history,lesions on nose,lesions on nose,lesions in the nasal cavity,nose bleeds,noisy breathing
dog,boxer,12.9,18.0,vaccinated,diarrhea,pain,weakness,fever,lethargy
dog,poodle,8.3,8.8,no previous conditions,lession on the skin,jaundice,pain,vomitting,pneumonia
dog,boxer,13.3,27.0,recent surgery,limping,coughing,fever,inflammed eye,depression
dog,bulldog,12.2,21.3,dental issues,diarrhea,fever,abdominal discomfort,bloody droping,lethargy
dog,poodle,3.8,5.2,dental issues,coughing,fever,lethargy,weight loss,watery stool
dog,rottweiler,6.1,29.5,no previous conditions,bloody in feather,pain,coughing,weakness,lethargy
dog,rottweiler,2.5,32.0,skin conditions history,ruffled feathers,weight loss,hematuria,weakness,weakness
dog,rottweiler,7.4,30.3,chronic illness,tear production,anversion to light,bluish white opacity,blindness,pains
dog,german shepherd,9.9,28.1,dental issues,fever,diarrhea,swollen abdomen,vomiting,difficulty in breathing
dog,beagle,11.4,19.5,allergies,infection,pain,weakness,coughing,lethargy
dog,german shepherd,9.7,23.8,previous heart condition,egg production stops,broody behavior,loss of appetite,weight loss,constipation
dog,boxer,11.9,20.5,parasite history,dry air,nosebleed,nose picking,mild weakness,trauma
dog,beagle,14.7,22.8,previous kidney disease,ulcers,tarry stool,diarrhea,back pain,enlarged lymph nodes
dog,mixed breed,2.0,28.6,parasite history,facial swelling,bloody drool,foul breath,unable to eat,lossened teeth
dog,golden retriever,6.5,29.7,skin conditions history,pain,weakness,coughing,weight loss,pain
dog,poodle,3.0,5.0,no previous conditions,pot belly,coughing,diarrhea,lethargy,coughing
dog,boxer,1.7,25.5,previous heart condition,enlarged lymph nodes or swelling,fever,thrist and urination,difficulty breathing,weight loss
dog,mixed breed,0.5,34.9,recent surgery,lethargy,fever,lethargy,sneezing,coughing
dog,rottweiler,0.5,34.4,recent surgery,vomiting,lethargy,lethargy,pain,foul smelling stools
dog,german shepherd,11.8,39.3,previous kidney disease,change their normal behaviour,lameness,pains,stop drinking,stop eating
dog,labrador retriever,14.8,39.0,allergies,neurologic sign,sneezing,weakness,decreased eyelid,vomiting
dog,boxer,9.3,23.5,chronic illness,fever,tiredness,headache,skin rashes,pain
dog,beagle,5.6,26.7,skin conditions history,fever,excession salivation,abnormal conformation,ulcerated muscle,ulcerated ear
dog,bulldog,1.5,28.6,allergies,diarrhea,sneezing,weight loss,fever,diarrhea
dog,beagle,10.0,23.7,previous heart condition,lethargy,sneezing,fever,sharp feather,weight loss
dog,poodle,5.2,5.5,allergies,watery eyes,pain,dullness,lethargy,coughing
dog,golden retriever,10.0,45.0,previous heart condition,uteria inertia,malpresentation,fetopelvic dispropotion,pains,death
dog,labrador retriever,3.4,33.1,dental issues,fever,loss of appetite,rapid pulse and heart rates,lameness in affected leg,depression
dog,mixed breed,2.2,30.3,not vaccinated,fetopelvic dispropotion,uteria inertia,despression,death,pains
dog,yorkshire terrier,14.6,4.7,not vaccinated,discomfort,diarrhea,dry or dull hair,grinding teeth,pain
dog,labrador retriever,1.6,41.5,skin conditions history,lethargy,chronic eye inflamation,fever,neurologic abnormalities,poor appetite
dog,beagle,14.1,29.9,not vaccinated,fetopelvic dispropotion,uteria inertia,despression,death,pains
dog,yorkshire terrier,9.7,5.3,skin conditions history,fetopelvic dispropotion,uteria inertia,malpresentation,death,pains
dog,bulldog,4.0,23.9,previous kidney disease,loss of appetite,weight loss,rump,fever,lameness
dog,rottweiler,11.2,27.5,previous heart condition,rhinitis,pneumonia,abscessess,torticollis,septicemia
dog,mixed breed,11.9,37.4,chronic illness,vomiting,diarrhea,lethargy,rough hair coat,anorexia
dog,mixed breed,5.8,40.0,recent surgery,vomiting,lethargy,weakness,anorexia,lethargy
dog,boxer,1.6,26.6,previous heart condition,fever,difficulty breathing,thrist and urination,weight loss,enlarged lymph nodes or swelling
dog,poodle,11.5,10.0,previous heart condition,wheezing,weakness,lethargy,anorexia,urine retention
dog,yorkshire terrier,4.5,7.9,dental issues,heavy breathing,yellow in beak,tail_bobbing,weakness,sleeping excessively
dog,golden retriever,7.8,30.0,parasite history,fluif faeces on blood and muscle,sudden death,blooody fluid,red diarrhea,faeces are streake with blood
dog,german shepherd,11.2,34.3,recent surgery,difficulty in breathing,nasal discharge,lethargy,coughing,dyspnea
dog,bulldog,1.5,30.0,skin conditions history,fever,pox lession on skin,mortality varies,nasal discharge,skin reashes
dog,boxer,14.9,26.1,chronic illness,shallow breathing,poor wool,lepatomegaly,weakness,weight loss
dog,bulldog,11.1,15.7,previous heart condition,fever,weakened legs,los of the ability to walk,mammary glads,fluif filled blisters
dog,labrador retriever,15.0,30.4,parasite history,inappentence,coughing,sneezing,diarrhea,ulcer on gum
dog,labrador retriever,5.6,43.0,previous kidney disease,greenish-yellow nasal discharge,lack of pigmentation,vomiting,lethargy,pain on face
dog,mixed breed,6.3,19.7,previous kidney disease,pain,vomiting,sneezing,vomiting,bony lesion
dog,yorkshire terrier,7.0,4.7,not vaccinated,fever,diarrhea,hind quarted soil,reduced appetite,not eating
dog,mixed breed,10.2,13.7,vaccinated,swelling on leg,painfull,nasal discharge,broken bones,nasal discharge
dog,mixed breed,6.2,26.1,previous heart condition,dullness,lacrimation,coughing,diarrhea,seizures
dog,labrador retriever,9.5,32.6,parasite history,loss of appetite,loss in weight,emaciation,diarrhoea,weakness
dog,beagle,13.5,18.4,chronic illness,diarrhea,pain,sneezing,weakness,coughing
dog,beagle,1.8,20.7,recent surgery,pain,wether restless,diarrhea,skin ulcer,wound
dog,bulldog,7.7,14.8,skin conditions history,fever,loss of appetite,eyeproblem,liver disease,nuerological
dog,german shepherd,9.7,25.0,dental issues,respiratory distress,fever,pain,nasal discharge,pox lesion
dog,mixed breed,5.1,25.7,no previous conditions,diarrhea,anorexia,vomiting,fever,coughing
dog,german shepherd,5.3,35.0,previous heart condition,inability to digest,coughing,lethargy,vomiting,weight loss
dog,rottweiler,8.9,41.1,chronic illness,eye redness,frequent eye infections,crusty eye lashes and matting of eyelashes,foul smelling stools,increased passing gas
dog,bulldog,2.9,16.2,recent surgery,fever,chronic eye inflamation,poor appetite,lethargy,neurologic abnormalities
dog,beagle,3.2,29.5,recent surgery,poor coat apperence,dehydration,diarrhea,weight loss,vomiting
dog,mixed breed,2.2,5.2,dental issues,hemopytsis,diarrhea,asymptomatic,death,epistaxis
dog,bulldog,0.8,19.6,vaccinated,poor growth,short stature,enlargement of bones,lameness,weigth bearing long bones
dog,bulldog,2.6,25.7,previous heart condition,vomiting,sneezing,head tilt,coughing,anorexia
dog,golden retriever,7.2,27.7,chronic illness,weight loss,vomiting,vomiting,vomiting,pain
dog,rottweiler,7.1,44.7,chronic illness,diarrhea,coughing,weight loss,lethargy,weight loss
dog,mixed breed,7.4,32.4,allergies,vomiting,warm,lethargy,weakness,weight loss
dog,beagle,16.3,25.4,no previous conditions,lameness,pains,change their normal behaviour,stop eating,stop drinking
dog,poodle,1.0,7.1,skin conditions history,weight loss,vomiting,weakness,weight loss,vomiting
dog,boxer,13.9,33.3,not vaccinated,bleeding in eye and skin,lethargy,vomiting,blood in urine,diarrhea
dog,yorkshire terrier,2.1,3.5,allergies,signs in ewe,sneezing,lethargy,pain,weakness
dog,yorkshire terrier,2.7,4.0,previous kidney disease,fetopelvic dispropotion,uteria inertia,malpresentation,death,pains
dog,labrador retriever,7.4,28.6,skin conditions history,weakness,weight loss,diarrhea,constant pacing,diarrhea
dog,boxer,12.3,24.7,recent surgery,fever,inflammed eye,coughing,depression,limping
dog,beagle,13.2,23.4,skin conditions history,periodic vommiting,dizzines,anorexia,sneezing,lethargy
dog,bulldog,9.5,15.0,chronic illness,sneezing,vomiting,sneezing,weakness,weight loss
dog,bulldog,12.8,19.5,recent surgery,poor body condition,weakness,weight loss,sneezing,weakness
dog,rottweiler,13.8,25.6,skin conditions history,diarrhea,diarrhea,weight loss,vomiting,pain
dog,german shepherd,3.6,39.7,previous heart condition,fever,carcass decomposes,weight loss,diarrhea,weakness
dog,poodle,7.5,3.2,parasite history,moist,pains,lameness,loss of appetite,red skin
dog,labrador retriever,3.2,39.7,previous kidney disease,fever,swelling  in the bite area,lethargy,limp,pain
dog,golden retriever,1.9,45.0,allergies,pain,stumbling,pain,diarrhea,weakness
dog,bulldog,7.8,19.4,dental issues,coughing,lethargy,vomiting,fever,pain
dog,golden retriever,0.5,32.0,allergies,vomiting,coughing,pain,lethargy,weight loss
dog,german shepherd,0.5,25.5,vaccinated,weakness,coughing,weakness,weakness,sneezing
dog,boxer,7.0,16.1,chronic illness,milk reduce,coughing,sneezing,fever,anorexia
dog,yorkshire terrier,3.3,11.0,skin conditions history,fetopelvic dispropotion,uteria inertia,malpresentation,death,pains
dog,golden retriever,12.6,33.1,recent surgery,vomiting,weakness,malpresentation,vomiting,vomiting
dog,mixed breed,12.0,24.6,previous heart condition,swelling  in the bite area,vomiting,diarrhea,fever,diarrhea
dog,mixed breed,1.0,29.0,dental issues,swelling on leg,heat,hardness,redness,pain
dog,rottweiler,12.3,45.0,previous kidney disease,weight loss,pain,pain,body stiffness,pain
dog,bulldog,7.6,15.1,dental issues,weakness,weakness,coughing,scartch,weakness
dog,poodle,13.1,6.7,skin conditions history,coughing,diarrhea,coughing,sleeping excessively,urine retention
dog,yorkshire terrier,2.5,7.0,allergies,crusting of the skin,lameness in affected leg,vomiting,nasal,pain
dog,boxer,5.0,30.1,allergies,swelling of udder,change in milk,swollen,tender to touch,pain
dog,poodle,4.6,7.1,previous kidney disease,dribbling of saliva,pain,pain,anorexia,sneezing
dog,beagle,12.7,22.0,dental issues,ulcers,diarrhea,back pain,tarry stool,enlarged lymph nodes
dog,golden retriever,6.3,35.6,parasite history,sneezing,pain,diarrhea,sneezing,enlarged thymus
dog,yorkshire terrier,13.7,5.1,recent surgery,indigestion,abdminal pain,constipation,diarrhea,nausea
dog,yorkshire terrier,9.3,7.5,parasite history,coughing,lethargy,coughing,lethargy,anorexia
dog,rottweiler,15.0,29.0,no previous conditions,fever,lethargy,weight loss,diarrhea,fever
dog,mixed breed,6.3,13.1,no previous conditions,vomiting,size of lesions vary,diarrhea,sneezing,coughing
dog,poodle,7.2,3.1,no previous conditions,diarrhea,weight loss,lethargy,weakness,lethargy
dog,mixed breed,15.0,34.3,no previous conditions,anorexia,pain,anorexia,vomiting,diarrhea
dog,bulldog,8.1,20.3,chronic illness,fever,sneezing,coughing,oral lesion,diarrhea
dog,boxer,9.9,28.4,allergies,weakness,coughing,diarrhea,vomiting,gas
dog,mixed breed,1.5,14.2,previous heart condition,fever,diarrhea,sneezing,stiffness,severe weekness and depression
dog,bulldog,1.2,33.1,dental issues,sheep often bites,fleece become thin,loss of wool,death,pains
dog,poodle,7.5,3.9,parasite history,pyrexia,oral lesion,swelling,lameness,death
dog,yorkshire terrier,5.5,6.9,dental issues,weight loss,coughing,anorexia,diarrhea,larynx
dog,rottweiler,9.5,26.4,previous heart condition,fever,vomiting,vomiting,anorexia,diarrhea
dog,rottweiler,1.2,36.1,parasite history,anorexia,vomiting,smell of ammonia,droopy wings,weakness
dog,poodle,3.1,7.5,parasite history,anorexia,fever,lethargy,diarrhea,weight loss
dog,labrador retriever,5.9,33.7,allergies,diarrhea,pain,lethargy,diarrhea,fever
dog,poodle,7.5,5.5,chronic illness,swelling of face or leg,pains,coughing,depression,fever
dog,mixed breed,8.2,20.1,previous kidney disease,swollen lymph nodes,pain,pain,weakness,tremor
dog,boxer,7.0,20.3,not vaccinated,anorexia,fever,fever,muscular spasms,weakness
dog,german shepherd,4.5,42.7,chronic illness,coughing,pain,fever,weight loss,anorexia
dog,boxer,4.3,22.9,recent surgery,strong cough,diarrhea,vomiting,diarrhea,coughing
dog,yorkshire terrier,12.7,4.7,skin conditions history,blindness,nasal discharge,loss of appetite,lethargy,swelling
dog,yorkshire terrier,15.0,6.6,skin conditions history,pain,sneezing,difficulty in rising,sneezing,sneezing
dog,poodle,5.3,9.4,allergies,loss of appetite,diarrhea,swollen purple wattle,swollen comb,lameness
dog,beagle,1.0,21.2,recent surgery,fever,loss of appetite,scartches,death,pains
dog,rottweiler,1.9,37.4,no previous conditions,fever,swelling,loss of appetite,anorexia,weight loss
dog,golden retriever,12.8,29.8,vaccinated,fever,weight gain,respiratory distress,mucous discharge,reduce feed
dog,labrador retriever,10.2,28.4,previous heart condition,pain,lethargy,anorexia,anorexia,fever
dog,poodle,8.7,3.7,skin conditions history,lameness,death,oral lesion,pyrexia,swelling
dog,golden retriever,8.8,42.8,skin conditions history,fever,weight loss,lethargy,"bumps(black,grey or red)",tear production
dog,german shepherd,8.9,31.5,vaccinated,lethargy,weakness,anorexia,weight loss,weight loss
dog,beagle,1.9,28.7,previous heart condition,coughing,coughing,coughing,anorexia,coughing
dog,german shepherd,12.8,42.1,previous kidney disease,restlessness,weakness,blue straws,death,pain
dog,boxer,9.1,17.0,chronic illness,diarrhea,weight loss,anorexia,diarrhea,difficulty in walk
dog,beagle,10.8,24.3,vaccinated,vitamin and minerals defiency,diarrhea,sneezing,pain,coughing
dog,bulldog,3.3,24.7,parasite history,depression,swelling of face or leg,fever,pains,poor appetite
dog,german shepherd,7.8,37.6,dental issues,pain,vomiting,sneezing,lethargy,vomiting
dog,german shepherd,5.5,38.6,chronic illness,abortion,mummification,stillbirth,weak kids,pain
dog,bulldog,6.0,21.3,not vaccinated,sneezing,weight loss,overweight,inflammed eye,fever
dog,boxer,13.8,25.0,skin conditions history,coughing,pain,coughing,coughing,fever
dog,bulldog,14.7,22.6,recent surgery,misshapen beak,vomiting,pain,lethargy,coughing
dog,rottweiler,6.2,32.7,not vaccinated,pain,fever,lethargy,vomiting,pain
dog,german shepherd,8.7,34.4,no previous conditions,muscle weakness,diarrhea,gasping,pain,nervousness
dog,yorkshire terrier,7.8,9.6,dental issues,fever,diarrhea,anorexia,muscle loss,fever
dog,golden retriever,13.5,32.5,recent surgery,vomiting,vomiting,weight loss,vomiting,pain
dog,mixed breed,4.9,24.0,recent surgery,pain,weight loss,lethargy,kicking at the belly,diarrhea
dog,golden retriever,5.7,45.0,no previous conditions,weakness,sneezing,sudden abortion,diarrhea,fever
dog,golden retriever,7.2,26.6,skin conditions history,vomiting,anorexia,anorexia,anorexia,weakness
dog,labrador retriever,3.1,28.5,recent surgery,radip onset,stiff,muscle trembling,weakness,death
dog,bulldog,12.6,18.7,previous heart condition,vomiting,diarrhea,coughing,sneezing,pain
dog,bulldog,3.6,25.8,previous kidney disease,kid moratality,emaciation,weakness,anemia,diarrhea
dog,mixed breed,1.4,27.2,chronic illness,mild weakness,dry air,nosebleed,trauma,nose picking
dog,poodle,0.5,6.1,previous heart condition,larynx,fever,sneezing,weight loss,weight loss
dog,bulldog,11.2,23.2,parasite history,abdominal pain,diarrhea,severe weekness and depression,fever,stiffness
dog,boxer,7.9,26.6,allergies,coughing,pain,weight loss,weight loss,pain
dog,german shepherd,1.1,35.2,no previous conditions,poor wool,loss of appetite,lameness,small size,poor body condition
dog,labrador retriever,0.8,35.9,recent surgery,tremor,vomitting,fever,lethargy,weakness
dog,beagle,14.4,19.5,allergies,lethargy,vomiting,anorexia,anorexia,weakness
dog,german shepherd,12.3,44.4,allergies,fever,animal become lame,prostrat,painfull swalling,lameness
dog,beagle,6.6,20.6,parasite history,coughing,lethargy,weight loss,pain,fever
dog,yorkshire terrier,1.0,5.0,recent surgery,pain,lethargy,vomiting,fever,sores on lower leg and teats
dog,german shepherd,10.9,45.0,allergies,coughing,enteritis,weight loss,halitosis,air sacculitis
dog,poodle,11.3,4.8,skin conditions history,coughing,vomiting,anorexia,puffed_up feather,pain
dog,golden retriever,1.4,39.9,skin conditions history,weakness,fever,weakness,weight loss,lethargy
dog,beagle,10.8,20.8,previous kidney disease,fever,pneumonia,stand with head droping,weight loss,abnormal behaviour
dog,rottweiler,7.6,33.4,parasite history,pain,weight loss,weakness,anorexia,weakness
dog,german shepherd,6.0,42.3,dental issues,effort to breath,vomiting,fever,fever,lethargy
dog,bulldog,4.5,20.9,previous kidney disease,loss of appetite,rump,lameness,weight loss,fever
dog,rottweiler,9.8,32.2,recent surgery,pain,sneezing,vomiting,weight loss,lethargy
dog,bulldog,8.8,16.9,previous heart condition,animal stop feed,dull,decrease in milk production,hind quarted soil,fever
dog,bulldog,2.7,22.7,allergies,frequent yawning,anorexia,weakness,diarrhea,sneezing
dog,bulldog,6.0,17.0,vaccinated,fever,distress,trembling,staggering,convulsion
dog,german shepherd,12.6,38.5,skin conditions history,achomotrica,fever,pain,weight loss,coughing
dog,golden retriever,0.5,32.6,allergies,sneezing,anorexia,diarrhea,sneezing,anorexia
dog,german shepherd,9.1,36.6,dental issues,anorexia,scaly patches of skin,lethargy,weight loss,diarrhea
dog,rottweiler,0.5,34.6,vaccinated,vomiting,diarrhea,gas or bloating,vomiting,dull ness
dog,labrador retriever,3.4,31.2,vaccinated,weakness,vomiting,pain,lethargy,fever
dog,labrador retriever,11.9,40.7,previous kidney disease,weakness,watery eyes,swelling,lethargy,acting unnaturally tame
dog,beagle,7.6,22.4,chronic illness,fever,sneezing,pain,anorexia,fever
dog,beagle,8.3,25.4,skin conditions history,fever,wound lesion,excess salivary,difficult in walking,pain
dog,poodle,2.7,3.8,no previous conditions,fleece become thin,sheep often bites,loss of wool,pains,death
dog,bulldog,8.9,24.1,vaccinated,fever,diarrhea,enteritis,weight loss,stomach  cramps
dog,rottweiler,8.4,25.8,chronic illness,blindness,pains,bluish white opacity,tear production,anversion to light
dog,german shepherd,12.8,35.2,recent surgery,coughing,panting,"facial swelling,",production of mucus,fatigue
dog,mixed breed,4.2,31.5,skin conditions history,diarrhea,pain,fever,weight loss,swelling
dog,yorkshire terrier,6.6,8.9,parasite history,pain,fever,sneezing,coughing,weakness
dog,poodle,8.6,9.1,not vaccinated,jaundice,pneumonia,lession on the skin,pain,vomitting
dog,golden retriever,8.4,45.0,no previous conditions,skin rashes,small and yellow bumps,swelling,dry scabs,lameness
dog,mixed breed,9.9,21.2,chronic illness,scabs on feet,redness,trachea,thickening of skin,pains
dog,yorkshire terrier,5.0,7.1,dental issues,heavy breathing,yellow in beak,tail_bobbing,weakness,sleeping excessively
dog,golden retriever,8.9,32.1,chronic illness,restlessness,kick,lethargy,nible at their wool,scratching
dog,labrador retriever,6.9,30.3,not vaccinated,lethargy,lethargy,self mutilation,weakness,sneezing
dog,boxer,1.6,15.0,dental issues,coughing,vomiting,sneezing,dark colored bloody,weight loss
dog,beagle,4.6,22.0,chronic illness,diarrhea,lethargy,bleeding from the nose,anorexia,weakness
dog,rottweiler,0.5,31.9,previous heart condition,vomiting,anorexia,sudden abortion,lethargy,scaly skin
dog,mixed breed,6.7,17.2,skin conditions history,pains,hyperexcitability,gums,death,muscular spasms
dog,mixed breed,8.9,31.3,not vaccinated,sneezing,lethargy,vomiting,vomiting,diarrhea
dog,golden retriever,8.2,30.8,allergies,coughing,sneezing,changed gait,anorexia,greenish diarrhea
dog,rottweiler,8.2,38.3,previous kidney disease,diarrhea,anorexia,anorexia,weight loss,diarrhea
dog,bulldog,7.4,27.6,skin conditions history,weakness,distended stomach,lethargy,weight loss,anorexia
dog,poodle,6.5,6.0,chronic illness,weakness,weight loss,anorexia,fever,lethargy
dog,poodle,3.3,4.3,skin conditions history,excessive blood loss,dizziness and fainting,blurry vision,watery eyes,slow growth
dog,german shepherd,15.0,30.6,vaccinated,sensitivity to bright light,pain,lethargy,sneezing,weakness
dog,german shepherd,9.3,44.0,previous kidney disease,fever,loss of appetite,rapid pulse and heart rates,lameness in affected leg,depression
dog,beagle,15.0,15.0,dental issues,coughing,stomach growling,sneezing,weakness,lethargy
dog,rottweiler,8.2,35.6,vaccinated,lethargy,weakness,weakness,vomiting,weight loss
dog,poodle,5.7,7.8,previous heart condition,itchiness,signs in ewe,fever,fever,diarrhoea
dog,yorkshire terrier,9.1,4.4,vaccinated,runny nose,difficulty in breathing,coughing,weakness,loss of appettite
dog,rottweiler,11.1,30.2,not vaccinated,lethargy,weight loss,overweight,diarrhea,fever
dog,german shepherd,4.8,33.3,chronic illness,loss of appetite,thirst,ruffled feathers,closed eyes,diarrhea
dog,german shepherd,0.7,38.2,not vaccinated,slow growth,blurry vision,excessive blood loss,dizziness and fainting,watery eyes
dog,beagle,11.5,27.8,skin conditions history,sneezing,coughing,coughing,vomiting,vomiting
dog,german shepherd,14.3,36.9,parasite history,loss of appetite,diarrhea,swollen purple wattle,swollen comb,lameness
dog,yorkshire terrier,5.2,8.1,dental issues,decreased milk,holding limbs off the ground,weight loss,lameness,wool production
dog,mixed breed,5.9,16.3,dental issues,thrist and urination,weakness,vomiting,sneezing,fever
dog,bulldog,10.4,30.0,chronic illness,coughing,vomiting,lethargy,restlessness,discharge
dog,yorkshire terrier,10.1,5.8,not vaccinated,coughing,fever,weight loss,coughing,anorexia
dog,german shepherd,6.9,29.4,dental issues,forthy eye,torticollis,weakness,swelling,emaciation
dog,mixed breed,5.9,24.5,no previous conditions,fever,diarrhea,coughing,vomiting,anorexia
dog,bulldog,5.5,30.0,chronic illness,sneezing,milky hard,pain,diarrhea,sneezing
dog,bulldog,7.0,25.5,no previous conditions,weight loss,coughing,diarrhea,fever,coughing
dog,german shepherd,4.2,30.9,previous heart condition,vomiting,weight loss,vomiting,vomiting,abortion
dog,yorkshire terrier,13.9,7.5,no previous conditions,weight loss,edematous,diarrhea,coughing,lethargy
dog,boxer,4.8,17.8,chronic illness,diarrhea with muscus,tensemus,watery stool,flatulence,pains
dog,german shepherd,2.6,44.4,no previous conditions,fever,malaise,weakness,weight loss,pain
dog,rottweiler,0.8,35.0,previous kidney disease,short term lethargy,loss of  appetite,weekness in the back legs,rapid heart rate,week pulse
dog,labrador retriever,8.6,39.4,chronic illness,diarrhea,throat and ear pain,abdominal discomfort,fever,pain
dog,rottweiler,4.6,45.0,skin conditions history,small intestines,diarrhea,listlessness,fever,diarrhea
dog,poodle,10.2,3.0,allergies,pain,coughing,weight loss,sneezing,vomiting
dog,yorkshire terrier,7.2,9.8,vaccinated,coughing,diarrhea,sneezing,fever,coughing
dog,yorkshire terrier,9.1,3.5,no previous conditions,fever,pneumonia,stand with head droping,weight loss,abnormal behaviour
dog,labrador retriever,6.0,37.7,previous kidney disease,greenish-yellow nasal discharge,lack of pigmentation,vomiting,lethargy,pain on face
dog,golden retriever,9.6,41.2,previous kidney disease,sneezing,vomiting,weight loss,pain,vomiting
dog,mixed breed,0.5,15.8,dental issues,pain,difficulty breating,pain,diarrhea,pain
dog,german shepherd,10.9,37.9,not vaccinated,sneezing,weight loss,fever,increased passing gas,thrist and urination
dog,labrador retriever,15.6,27.0,dental issues,swollen lymph nodes,difficulty walking,back pain,lethargy,vaginal discharge
dog,yorkshire terrier,8.2,4.4,skin conditions history,stop eating,stop drinking,weight loss,change their normal behaviour,pains
dog,yorkshire terrier,4.4,9.7,no previous conditions,groosly enlarged,skin may thicken,convulsion,edematous,pains
dog,rottweiler,4.1,44.5,previous heart condition,fever,convulsion,sudden death,urine retention,weight loss
dog,rottweiler,8.6,28.2,parasite history,vomitting,weakness,fever,weight loss,loss of appetite
dog,beagle,6.9,26.6,not vaccinated,vomiting,weakness,pain,sneezing,weight loss
dog,labrador retriever,15.0,39.0,chronic illness,uncharacteristic hiding,muscular spasms,weakness,coughing,vomiting
dog,beagle,5.1,31.2,skin conditions history,excession salivation,ulcerated muscle,ulcerated ear,abnormal conformation,fever
dog,yorkshire terrier,7.6,3.0,parasite history,vomiting,fever,sneezing,lameness,coughing
dog,german shepherd,1.8,36.4,not vaccinated,lethargy,diarrhea,fever,weakness,lethargy
dog,yorkshire terrier,14.6,8.5,allergies,fever,reduce reproductive potential,agalactia,loss of milk production,sloughing of the tail
dog,yorkshire terrier,9.2,4.0,skin conditions history,fever,lethargy,rump,lethargy,feels stiff
dog,bulldog,4.4,20.4,skin conditions history,fever,sour throat,mortality,muscle aches,abnormalities
dog,yorkshire terrier,9.1,6.5,not vaccinated,coughing,weakness,slow growth,diarrhea,weakness
dog,mixed breed,0.5,21.2,previous kidney disease,weakness,coughing,fever,weakness,coughing
dog,labrador retriever,15.0,37.0,chronic illness,coughing,vomiting,fever,diarrhea,grinding of teeth
dog,german shepherd,14.3,33.1,not vaccinated,weakness,anorexia,weight loss,weakness,lethargy
dog,bulldog,0.5,26.0,previous heart condition,nible at their wool,coughing,skin lesion,diarrhea,weakness
dog,rottweiler,6.1,33.0,previous kidney disease,coughing,vomiting,lethargy,pain,lethargy
dog,labrador retriever,13.7,26.4,chronic illness,fever,diarrhea,abdominal pain,stiffness,severe weekness and depression
dog,boxer,13.2,25.3,skin conditions history,burning ache or pain,vomiting,loss of appetite,experiencing changes in weight,pain and bloating
dog,boxer,13.3,24.8,chronic illness,anorexia,coughing,weight loss,weakness,pain
dog,german shepherd,13.2,33.7,chronic illness,diarrhea,sneezing,sneezing,fever,diarrhea
dog,rottweiler,7.3,29.9,skin conditions history,fever,barren ewes,pain,anorexia,weakness
dog,yorkshire terrier,12.2,8.5,vaccinated,vomiting,sneezing,diarrhea,vomiting,muscle trembling
dog,boxer,3.4,25.0,parasite history,weight loss,enlarged lymph nodes or swelling,reduce energy,fever,difficulty breathing
dog,german shepherd,7.3,25.0,dental issues,weakness,diarrhea,diarrhea,fever,coughing
dog,golden retriever,12.6,25.0,not vaccinated,anorexia,anorexia,lethargy,weight loss,diarrhea
dog,bulldog,7.4,17.5,chronic illness,scaly patches of skin,sore,scabs,scartch,hair loss
dog,labrador retriever,2.6,27.5,dental issues,sneezing,sneezing,rapid heart rate,enteritis,lethargy
dog,yorkshire terrier,8.7,5.7,chronic illness,sneezing,weakness,pain,dark or black face,lethargy
dog,labrador retriever,3.3,45.0,chronic illness,bloody,unable to urinate,lethargy,weight loss,vomiting
dog,beagle,8.8,28.4,skin conditions history,anorexia,pain,fever,dry air,sloughing of the tail
dog,labrador retriever,9.1,41.5,recent surgery,fever,depression,loss of appetite,loss of appetite,pains
dog,german shepherd,13.1,45.0,dental issues,vomiting,weight loss,reluctant move,sneezing,vomiting
dog,rottweiler,5.7,29.0,recent surgery,isolation from flock,stealing,nesting behaviour,pawing at bedding,pains
dog,golden retriever,12.1,34.4,vaccinated,pain,fever,sneezing,sneezing,fever
dog,german shepherd,8.6,32.0,chronic illness,fetopelvic dispropotion,uteria inertia,malpresentation,death,pains
dog,poodle,6.4,6.8,no previous conditions,headache,skin rashes,tiredness,pain,fever
dog,yorkshire terrier,7.8,7.4,previous kidney disease,vomiting,diarrhea,lethargy,fever,diarrhea
dog,poodle,8.9,4.9,previous heart condition,fever,sensitivity to bright light,rubbing eye,sneezing,anorexia
dog,beagle,3.4,31.2,recent surgery,diarrhea,dehydration,weight loss,poor coat apperence,vomiting
dog,golden retriever,10.3,44.5,no previous conditions,fetopelvic dispropotion,uteria inertia,malpresentation,death,pains
dog,german shepherd,3.6,44.4,no previous conditions,hepatitis,pain,weight loss,lethargy,nesting behaviour
dog,mixed breed,7.5,34.1,recent surgery,weakness,vomiting,sneezing,pain,lethargy
dog,golden retriever,0.5,37.2,chronic illness,diarrhea,weight loss,coughing,sneezing,diarrhea
dog,rottweiler,1.4,33.4,chronic illness,loss of appetite,diarrhea,ruffled feathers,weight loss,inability to absorb nutrients
dog,mixed breed,5.0,18.2,recent surgery,coughing,pains,pain,lethargy,fever
dog,rottweiler,9.6,32.4,recent surgery,tarry stool,enlarged lymph nodes,diarrhea,poor appetite,ulcers
dog,bulldog,2.1,20.0,chronic illness,weight loss,weight loss,loss of eye,vomiting,anorexia
dog,german shepherd,4.3,40.1,allergies,diarrhea,pain,fever,pain,fever
dog,poodle,0.5,8.1,not vaccinated,coughing,vomiting,weight loss,lethargy,diarrhea
dog,bulldog,0.7,14.8,vaccinated,lameness,short stature,weigth bearing long bones,poor growth,enlargement of bones
dog,poodle,3.9,7.5,previous heart condition,uteria inertia,fetopelvic dispropotion,death,pains,malpresentation
dog,mixed breed,15.6,25.6,not vaccinated,hair loss,dandruff,vomiting,crusting of the skin,ulcerated skin
dog,beagle,5.4,23.2,not vaccinated,weakness,weight loss,pain,coughing,sneezing
dog,german shepherd,10.5,25.1,parasite history,fever,hemolytic anemia,hemoglobinuria,pulmonary congestion,jaundice
dog,rottweiler,10.8,39.6,parasite history,lepatomegaly,splenomegaly,vomiting,swollen,shaking oh head
dog,labrador retriever,14.0,45.0,not vaccinated,gasping,coughing,mild weakness,droopy wings,twisted neck
dog,bulldog,7.8,24.4,not vaccinated,diarrhea,vomiting,weight loss,vomiting,weight loss
dog,boxer,8.1,21.4,parasite history,pain,bottle jaw,weight loss,lethargy,sneezing
dog,labrador retriever,9.6,29.1,no previous conditions,sneezing,fever,fever,coughing,fever
dog,german shepherd,10.2,36.7,no previous conditions,sneezing,lllthrift,heavy breathing,fever,pain
dog,bulldog,6.4,23.3,dental issues,anorexia,weakness,lethargy,anorexia,sneezing
dog,beagle,11.7,19.9,skin conditions history,lethargy,weakness,weight loss,weakness,lethargy
dog,boxer,13.1,27.9,previous heart condition,pain,vomiting,pain,weight loss,lethargy
dog,rottweiler,9.5,39.5,recent surgery,ulcers,diarrhea,poor appetite,tarry stool,enlarged lymph nodes
dog,bulldog,3.1,16.9,allergies,fever,chronic eye inflamation,poor appetite,lethargy,neurologic abnormalities
dog,beagle,4.7,24.3,parasite history,fever,pain,pain,abortion at the end of gestation,diarrhea
dog,boxer,1.9,25.7,allergies,bleeding from other parts of the body,confusion,nasal discharge,loss of alertness,dizziness and fainting
dog,german shepherd,7.0,31.7,not vaccinated,weight loss,diarrhea,vomiting,poor coat apperence,dehydration
dog,rottweiler,8.6,37.9,not vaccinated,fever,reduce growth,edema in lower jaw,weight loss,anemia
dog,boxer,8.8,21.2,allergies,weight loss,fever,sneezing,anorexia,severe colic
dog,labrador retriever,3.6,27.0,recent surgery,attacks,urine infection,diarrhea,anorexia,sneezing
dog,golden retriever,5.3,45.0,vaccinated,obstructed lungs,stripped remiges,weakness,pain,weakness
dog,german shepherd,4.9,45.0,not vaccinated,red skin,loss of appetite,moist,lameness,pains
dog,bulldog,13.7,15.4,previous kidney disease,sneezing,runny nose,allergic reaction,coughing,anorexia
dog,beagle,10.0,18.8,previous heart condition,swollen kidney,weakness,sneezing,lethargy,sneezing
dog,labrador retriever,0.8,45.0,not vaccinated,excessive eye watering,eye redness,weakness,mucus discharge from the eye,frequent eye infections
dog,labrador retriever,6.7,32.4,recent surgery,coughing,vomiting,weakness,weight loss,weight loss
dog,poodle,9.3,5.4,dental issues,weakness,stop eating,weakness,anorexia,diarrhea
dog,labrador retriever,12.6,33.9,vaccinated,lethargy,diarrhea,fever,pain,reduced appetite
dog,beagle,12.3,20.6,dental issues,sneezing,weakness,hind quarted soil,coughing,coughing
dog,yorkshire terrier,7.4,4.0,allergies,sneezing,lethargy,vomiting,stained wool,lethargy
dog,mixed breed,4.2,30.8,vaccinated,enteritis,halitosis,weight loss,coughing,air sacculitis
dog,rottweiler,13.8,42.9,chronic illness,lethargy,swelling,nasal discharge,blindness,loss of appetite
dog,mixed breed,9.3,5.0,previous heart condition,lethargy,vomiting,pain,labored breathing,weakness
dog,beagle,12.3,21.5,chronic illness,anorexia,weightloss,anorexia,fever,diarrhea
dog,yorkshire terrier,0.5,4.0,chronic illness,pain,sneezing,fever,diarrhea,pain
dog,beagle,8.1,20.6,recent surgery,lethargy,weight loss,weight loss,fever,pain
dog,rottweiler,6.6,44.9,not vaccinated,high temperature,weight loss,anorexia,vomiting,anorexia
dog,beagle,8.0,22.2,vaccinated,stillbirth,retained placenda,abortion on late pregancy,decrease appetite,endomeritis
dog,german shepherd,5.2,35.4,recent surgery,loss of appetite,thirst,ruffled feathers,closed eyes,diarrhea
dog,yorkshire terrier,10.2,7.6,previous kidney disease,dry skin,vomiting,weakness,pain,diarrhea
dog,boxer,9.3,15.0,allergies,coughing,diarrhea,weakness,weight loss,weight loss
dog,mixed breed,12.3,26.8,previous heart condition,anorexia,coughing,short term lethargy,anorexia,diarrhea
dog,bulldog,13.2,15.1,dental issues,fever,coughing,ulcer,pain,weight loss
dog,golden retriever,2.7,29.7,allergies,fluif faeces on blood and muscle,sudden death,blooody fluid,red diarrhea,faeces are streake with blood
dog,rottweiler,6.2,25.1,previous heart condition,vomiting,pain,coughing,anorexia,fever
dog,yorkshire terrier,7.5,9.8,allergies,short term lethargy,loss of  appetite,poor appetite,rapid heart rate,week pulse
dog,mixed breed,12.7,33.7,previous heart condition,lllthrift,skin lesion,lameness,swelling on thebody,weight loss
dog,boxer,10.1,19.3,recent surgery,nasal,vomiting,vomiting,coughing,fever
dog,poodle,3.2,3.0,parasite history,yellow or green dropping,coughing,pain,nostrils,anorexia
dog,mixed breed,14.2,29.8,chronic illness,hair loss,dandruff,vomiting,crusting of the skin,ulcerated skin
dog,beagle,0.9,19.1,recent surgery,fever,loss of appetite,scartches,death,pains
dog,labrador retriever,0.5,37.1,recent surgery,anorexia,fever,diarrhea,fever,fever
dog,labrador retriever,6.0,34.3,no previous conditions,fetopelvic dispropotion,uteria inertia,malpresentation,pains,death
dog,mixed breed,12.6,12.6,previous kidney disease,foul smelling,dullness,dirty,stained wool,tail shaking
dog,golden retriever,3.8,37.4,parasite history,sneezing,anorexia,weakness,uteria inertia,pain
dog,bulldog,5.1,26.2,dental issues,blood in faces,listlessness,diarrhea,fatty stool,anorexia
dog,mixed breed,9.0,12.8,previous kidney disease,malpresentation,uteria inertia,pains,fetopelvic dispropotion,death
dog,rottweiler,1.2,29.8,chronic illness,upset stomach,diarrhea,vomiting,muscle pain,muscle stiffness
dog,yorkshire terrier,5.4,10.0,previous kidney disease,sneezing,foul smelling,abnormally long leg,coughing,pain
dog,golden retriever,6.4,35.7,allergies,sneezing,fever,anorexia,anorexia,pain
dog,poodle,12.1,3.0,allergies,fever,legness,vomiting,coughing,weakness
dog,labrador retriever,4.5,37.6,no previous conditions,nausea,loss of appetite,vomiting,firm,distended stomach
dog,boxer,12.7,15.0,previous heart condition,fever,weakness,diarrhea,fever,broken bones
dog,mixed breed,4.3,24.5,vaccinated,air sacculitis,halitosis,coughing,enteritis,weight loss
dog,beagle,7.8,15.0,previous heart condition,anorexia,sneezing,diarrhea,pain,diarrhea
dog,rottweiler,1.2,32.0,recent surgery,upset stomach,diarrhea,vomiting,muscle pain,muscle stiffness
dog,rottweiler,1.9,36.5,skin conditions history,coughing,vomiting,anorexia,pain,sneezing
dog,golden retriever,2.8,32.8,recent surgery,dark colored bloody,incoordination,terminal convulsion,difficulty in breathing,fever
dog,bulldog,3.1,19.1,chronic illness,fluffed feather,loss of appetite,coughing,vomiting,snoring
dog,golden retriever,9.9,37.7,allergies,weight loss,fever,bad breath,vomiting,anorexia
dog,beagle,0.5,26.4,dental issues,weakness,lethargy,pain,pain,hyperexcitability
dog,yorkshire terrier,13.3,7.7,allergies,fever,depression,loss of appetite,loss of appetite,pains
dog,mixed breed,0.9,7.8,not vaccinated,fever,difficulty in breathing,lethargy,death,pains
dog,poodle,5.9,6.7,chronic illness,fever,tiredness,headache,skin rashes,pain
dog,rottweiler,3.9,37.3,recent surgery,fever,dyspnea,coughing,lethargy,anorexia
dog,labrador retriever,2.9,37.8,dental issues,fever,loss of appetite,rapid pulse and heart rates,lameness in affected leg,depression
dog,bulldog,7.1,18.2,skin conditions history,scaly patches of skin,sore,scabs,scartch,hair loss
dog,boxer,1.6,20.9,previous kidney disease,pain,sneezing,coughing,anorexia,pain
dog,beagle,2.2,20.1,skin conditions history,painfull,weakness,partial paralysis,weight loss,coughing
dog,beagle,8.7,29.5,not vaccinated,redness,pains,thickening of skin,scabs on feet,trachea
dog,yorkshire terrier,3.0,5.3,previous heart condition,vomiting,weakness,coughing,pain,sneezing
dog,mixed breed,11.9,13.8,chronic illness,jaundice,pneumonia,lession on the skin,pain,vomitting
dog,bulldog,9.7,16.6,previous kidney disease,anorexia,coughing,weakness,anorexia,sneezing
dog,boxer,4.9,15.0,vaccinated,fever,coughing,vomiting,weakness,lethargy
dog,yorkshire terrier,13.0,8.8,recent surgery,blooody fluid,pain,lethargy,fever,weight loss
dog,yorkshire terrier,10.9,7.7,no previous conditions,fever,sneezing,anorexia,fever,weight loss
dog,mixed breed,3.6,24.7,previous kidney disease,weight loss,pain,drop in milk production,coughing,sneezing
dog,german shepherd,11.5,43.7,no previous conditions,respiratory distress,weight loss,pain,sleeping excessively,vomiting
dog,german shepherd,11.9,36.2,parasite history,lethargy,shortness of breath.,anorexia,vomiting,weight loss
dog,rottweiler,9.7,30.5,recent surgery,ulcers,diarrhea,poor appetite,tarry stool,enlarged lymph nodes
dog,boxer,0.9,26.6,chronic illness,swollen,red-colored,hot udder,milk getting out more watery,milk getting out more thick
dog,labrador retriever,14.9,45.0,not vaccinated,gasping,coughing,mild weakness,droopy wings,twisted neck
dog,german shepherd,6.8,32.4,vaccinated,weight loss,anorexia,lethargy,weight loss,weakness
dog,german shepherd,7.1,35.3,no previous conditions,fatigue,chirping,shortness of breath.,loss of appetite,swollen abdomen
dog,bulldog,10.1,15.0,vaccinated,diarrhea,vomiting,weakness,weakness,vomiting
dog,german shepherd,5.2,28.9,chronic illness,blood from mouth,diarrhea,coughing,lethargy,weight loss
dog,yorkshire terrier,8.7,7.5,previous heart condition,coughing,pain,retarded growth,pain,anorexia
dog,labrador retriever,13.4,39.6,previous kidney disease,septic arthritis,fever,coughing,lethargy,coughing
dog,bulldog,4.4,17.5,vaccinated,sneezing,diarrhea,weakness,fever,coughing
dog,bulldog,3.2,24.6,chronic illness,fever,diarrhea,vomiting,blood from mouth,shock
dog,german shepherd,6.3,28.2,not vaccinated,poor coat apperence,diarrhea,vomiting,weight loss,dehydration
dog,rottweiler,1.2,29.1,recent surgery,upset stomach,diarrhea,vomiting,muscle pain,muscle stiffness
dog,rottweiler,7.8,36.9,vaccinated,sneezing,thrist and urination,weakness,vomiting,fever
dog,german shepherd,11.1,38.8,parasite history,abdominal pain,diarrhea,malpresentation,shock,anorexia
dog,german shepherd,14.9,41.0,previous kidney disease,fetopelvic dispropotion,uteria inertia,malpresentation,death,pains
dog,beagle,6.5,21.0,chronic illness,sneezing,convulsion,seizuers,weight loss,nasal discharge
dog,german shepherd,10.6,31.9,no previous conditions,weight loss,vomiting,diarrhea,unusally thin,shallow breathing
dog,bulldog,8.8,25.2,parasite history,weight loss,weakness,diarrhea,weakness,weakness
dog,golden retriever,1.4,36.7,recent surgery,fever,anoxeria,weight loss,lethargy,pain
dog,yorkshire terrier,7.3,4.2,no previous conditions,weakness,stiffness,trembling,white mark on the muscle,loss of vitamin e
dog,poodle,8.2,3.9,parasite history,pyrexia,oral lesion,swelling,lameness,death
dog,beagle,9.6,28.7,skin conditions history,thick crusting,itchiness,pain,watery eye,hair loss
dog,boxer,4.3,24.6,previous heart condition,sneezing,pain,anorexia,sneezing,loss of activity
dog,rottweiler,11.9,32.0,vaccinated,smell of ammonia,sneezing,anorexia,vomiting,anorexia
dog,yorkshire terrier,11.1,7.2,parasite history,weight loss,diarrhea,anorexia,coughing,lethargy
dog,golden retriever,0.5,31.6,parasite history,coughing,sneezing,beak overgrowth,weight loss,lethargy
dog,bulldog,7.6,30.0,previous heart condition,sneezing,kidney failure,lethargy,anorexia,sneezing
dog,rottweiler,10.9,36.4,allergies,lethargy,lethargy,bloody in feather,pain,sneezing
dog,rottweiler,11.5,45.0,not vaccinated,achomotrica,death,pains,dehydration,poor immune function
dog,labrador retriever,3.7,37.4,allergies,blood in urine,diarrhea,vomiting,lethargy,bleeding in eye and skin
dog,beagle,1.3,18.6,parasite history,anorexia,viability,coughing,tremor,weight loss
dog,poodle,9.0,8.7,dental issues,coughing,anorexia,lack of vocalizations,weak kids,weight loss
dog,yorkshire terrier,9.8,3.3,previous kidney disease,weight loss,stand with head droping,fever,pneumonia,abnormal behaviour
dog,bulldog,8.2,16.9,skin conditions history,anorexia,coughing,sneezing,sneezing,muscle twiching
dog,poodle,5.6,6.6,parasite history,red on affected area,horny growth,wart-like growth,red skin,lesions on ear
dog,golden retriever,0.5,29.3,allergies,sneezing,weakness,fever,sneezing,weakness
dog,beagle,9.2,24.2,vaccinated,fever,diarrhea,depression,scratches,weight loss
dog,golden retriever,6.6,37.1,recent surgery,cough,sneeze,droopy wings,twisted neck,droopy wings
dog,beagle,8.2,27.8,no previous conditions,pains,fever,dullness,skin rashes,dullness
dog,yorkshire terrier,7.5,5.3,skin conditions history,stop eating,pains,weight loss,change their normal behaviour,stop drinking
dog,rottweiler,7.6,29.0,allergies,fever,depression,attack,bite other animals,pain
dog,german shepherd,12.6,36.7,no previous conditions,weakness,lumps,nostrils,feather loss,weak calves
dog,bulldog,4.6,20.0,allergies,weight loss,coughing,weight loss,fever,lethargy
dog,labrador retriever,4.1,37.0,vaccinated,wasting,sneezing,fever,lethargy,diarrhea
dog,poodle,2.1,9.1,allergies,weakness,lethargy,weight loss,fever,coughing
dog,golden retriever,12.2,37.6,previous kidney disease,lethargy,sneezing,vomiting,lethargy,diarrhea
dog,german shepherd,0.8,33.6,not vaccinated,dyspnea,neurologic sign,coughing,depression,anorexia
dog,beagle,2.2,26.2,previous heart condition,weight loss,diarrhea,anorexia,tiredness,weakness
dog,golden retriever,9.8,33.0,not vaccinated,discharge from eyes,redness of eye,blindness,scartches,pains
dog,yorkshire terrier,5.1,6.4,previous kidney disease,sneezing,sneezing,anorexia,anorexia,pain
dog,bulldog,8.5,22.3,skin conditions history,egg production decreases,stunted growth,blindness,distinctive bumps,facial swelling
dog,rottweiler,14.6,33.9,allergies,loss od appetite,wheezing,seizuers,skin rashes,fatique
dog,german shepherd,9.5,38.3,parasite history,weight loss,pain,lethargy,weakness,swollen abdomen
dog,poodle,7.0,7.1,chronic illness,weight loss,pain,tremor,weakness,fever
dog,mixed breed,11.5,40.0,dental issues,fever,weight loss,diarrhea,pain,lethargy
dog,beagle,11.2,30.0,previous heart condition,coughing,lethargy,weakness,lethargy,sneezing
dog,rottweiler,10.3,25.0,skin conditions history,pain,weight loss,vomiting,edema,foot hot
dog,boxer,1.0,25.7,no previous conditions,puffed_up feather,less eat,headache,half-closed eye,seizures
dog,boxer,13.7,22.6,no previous conditions,shortness of breath.,fatigue,chirping,loss of appetite,swollen abdomen
dog,german shepherd,10.8,38.3,allergies,halitosis,coughing,weight loss,enteritis,air sacculitis
dog,poodle,5.4,6.9,previous heart condition,loss of appetite,vomiting,coughing,snoring,fluffed feather
dog,rottweiler,6.5,25.0,not vaccinated,anorexia,weakness,weakness,diarrhea,vomiting
dog,rottweiler,1.9,37.7,no previous conditions,fever,swelling,loss of appetite,anorexia,weight loss
dog,german shepherd,12.5,31.1,no previous conditions,difficulty in feeding,teeth griding,lethargy,loss of consciousness,anorexia
dog,beagle,11.9,29.7,vaccinated,fever,sneezing,anorexia,weight loss,pain
dog,beagle,10.3,30.0,dental issues,weight loss,coughing,unable to exercise,weight loss,sneezing
dog,golden retriever,4.8,40.2,chronic illness,fever,vomiting,lethargy,pain,flaky
dog,yorkshire terrier,12.5,6.6,no previous conditions,fever,weakened legs,los of the ability to walk,weight loss,lameness
dog,german shepherd,9.2,35.5,not vaccinated,lethargy,diarrhea,anorexia,pain,puffed_up feather
dog,golden retriever,10.4,38.1,chronic illness,restlessness,kick,lethargy,nible at their wool,scratching
dog,mixed breed,8.3,19.7,parasite history,fever,pain,forthy eye,coughing,weakness
dog,labrador retriever,12.8,39.9,previous kidney disease,pain,sneezing,diarrhea,vomiting,pain
dog,boxer,15.0,20.3,previous kidney disease,diarrhea,sneezing,chewing,egg production stops,anorexia
dog,mixed breed,10.3,5.0,chronic illness,coughing,vomiting,anorexia,weakness,lesions on nose
dog,bulldog,10.7,21.8,chronic illness,fever,less feather growth,coughing,sneezing,torticollis
dog,poodle,0.5,3.6,chronic illness,sneezing,weakness,weakness,lethargy,sneezing
dog,bulldog,3.3,17.6,previous heart condition,fluffed feather,loss of appetite,coughing,vomiting,snoring
dog,labrador retriever,3.1,32.0,chronic illness,radip onset,stiff,muscle trembling,weakness,death
dog,labrador retriever,0.5,43.6,vaccinated,weight loss,diarrhea,carcass decomposes,anorexia,vomiting
dog,golden retriever,9.8,27.0,no previous conditions,coughing,fever,weakness,pain,diarrhea
dog,german shepherd,9.9,30.1,parasite history,egg production stops,broody behavior,loss of appetite,weight loss,constipation
dog,mixed breed,3.5,39.0,skin conditions history,fever,weight loss,abnormal conformation,severe swellimg,trachea
dog,boxer,3.3,20.3,vaccinated,sneezing,weakness,lethargy,diarrhea,weight loss
dog,german shepherd,6.7,26.8,not vaccinated,fever,anorexia,pain,raw,weight loss
dog,german shepherd,9.3,37.2,parasite history,fever,diarrhea,bloody droping,abdominal discomfort,lethargy
dog,poodle,6.4,5.5,skin conditions history,attack,coughing,respiratory distress,weakness,weakness
dog,beagle,2.4,32.9,previous kidney disease,depression,lameness in affected leg,fever,swollen teats,loss of appetite
dog,golden retriever,2.8,41.5,recent surgery,respiratory distress,fever,seizuers,hyperesthesia,sudden death
dog,yorkshire terrier,1.8,6.9,allergies,lethargy,sneezing,lethargy,anorexia,vomiting
dog,rottweiler,8.8,32.9,not vaccinated,fever,difficulty in breathing,rub,coughing,sneezing
dog,poodle,10.2,7.2,parasite history,coughing,sneezing,vomiting,vomiting,weakness
dog,mixed breed,8.3,10.5,parasite history,lethargy,anorexia,vomiting,weakness,vomiting
dog,bulldog,11.9,14.9,previous heart condition,fluif filled blisters,mammary glads,los of the ability to walk,weakened legs,fever
dog,labrador retriever,8.0,25.0,previous heart condition,fever,thrist and urination,lethargy,anorexia,diarrhea
dog,mixed breed,6.9,25.3,recent surgery,fever,pain,malaise,weight loss,weakness
dog,german shepherd,1.0,33.1,no previous conditions,poor wool,loss of appetite,lameness,small size,poor body condition
dog,mixed breed,10.6,16.1,previous heart condition,hyperexcitability,coughing,bony lesion,stand with head droping,sneezing
dog,german shepherd,8.6,44.1,chronic illness,vomiting,sensitive to touch,vomiting,lethargy,fever
dog,labrador retriever,7.8,27.3,no previous conditions,pain,heavy breathing,anorexia,sneezing,diarrhea
dog,german shepherd,14.6,35.0,parasite history,pain,weakness,lethargy,anorexia,fever
dog,german shepherd,7.4,40.2,not vaccinated,weakness,fever,anorexia,dry scabs,exhaustion
dog,rottweiler,10.0,34.8,recent surgery,sneezing,vomiting,weight loss,stomatitis,lethargy
dog,rottweiler,6.7,43.2,no previous conditions,severe swellimg,fever,decreased milk,noisy breathing,weakness
dog,boxer,7.4,24.0,skin conditions history,sneezing,lethargy,weight loss,weakness,vomiting
dog,yorkshire terrier,5.6,3.0,parasite history,coughing,enlarged lymph nodes or swelling,lethargy,sneezing,anorexia
dog,poodle,11.6,3.6,allergies,fever,respiratory distress,seizuers,hyperesthesia,sudden death
dog,poodle,11.9,6.1,previous heart condition,severe kerititis,conjunctive,discharge,iris prolapse,loss of eye
dog,yorkshire terrier,6.8,5.7,recent surgery,death,carcass decomposes,straw colored,haemorrhage,abdominal pain
dog,german shepherd,11.1,25.7,parasite history,fever,hemolytic anemia,hemoglobinuria,pulmonary congestion,jaundice
dog,german shepherd,9.6,31.8,skin conditions history,dyspnea,difficulty in breathing,coughing,lethargy,nasal discharge
dog,golden retriever,12.3,31.8,recent surgery,abscessess,diarrhea,anorexia,muscular stiffness,gasping
dog,poodle,9.6,7.4,no previous conditions,drooping wings,lethargy,weakness,attacks,coughing
dog,mixed breed,3.3,26.7,no previous conditions,decreased milk,holding limbs off the ground,weight loss,lameness,wool production
dog,labrador retriever,8.0,25.6,parasite history,dehydration,vomiting,no appp,watering,lethargy
dog,labrador retriever,6.5,37.8,previous kidney disease,greenish-yellow nasal discharge,lack of pigmentation,vomiting,lethargy,pain on face
dog,beagle,4.3,24.9,no previous conditions,fever,weight loss,fever,weight loss,vomiting
dog,boxer,11.6,26.1,not vaccinated,immediate death,difficulty in breathing,blue colored lip,bloody discharge,neurologic abnormalities
dog,yorkshire terrier,9.1,10.4,not vaccinated,fever,diarrhea,swelling,weight loss,pain
dog,beagle,10.7,20.9,no previous conditions,lethargy,pain,sneezing,diarrhea,scabbing
dog,rottweiler,1.6,41.0,vaccinated,short term lethargy,loss of  appetite,weekness in the back legs,rapid heart rate,week pulse
dog,mixed breed,12.2,17.2,parasite history,lesions on nose,noisy breathing,vomiting,lesions in the nasal cavity,lesions on nose
dog,bulldog,5.4,21.4,previous kidney disease,lack of pigmentation,pain on face,lethargy,sneezing,greenish-yellow nasal discharge
dog,rottweiler,5.0,36.8,parasite history,vomiting,anorexia,fever,vomiting,weight loss
dog,boxer,11.5,24.6,vaccinated,flock moratality,shaking oh head,coughing,weakness,lethargy
dog,bulldog,6.3,28.2,chronic illness,lethargy,weight loss,diarrhea,weakness,fever
dog,bulldog,4.0,23.4,previous kidney disease,fever,loss of appetite,lameness,rump,weight loss
dog,bulldog,14.9,26.7,not vaccinated,sores on lip,infection,sores on lower leg and teats,lesion,pain
dog,yorkshire terrier,15.0,7.1,previous heart condition,fever,hepatitis,pain,anorexia,coughing
dog,labrador retriever,8.7,26.4,recent surgery,sneezing,weakness,liquid dropping,swollen abdomen,muscle stiffness
dog,beagle,6.6,22.3,parasite history,weight loss,lethargy,weight loss,coughing,circling
dog,beagle,0.9,20.2,dental issues,fever,loss of appetite,scartches,death,pains
dog,boxer,10.0,23.8,chronic illness,fever,tiredness,headache,skin rashes,pain
dog,beagle,8.1,24.9,vaccinated,weight loss,scratches,diarrhea,fever,depression
dog,german shepherd,10.7,44.6,allergies,fever,loss of appetite,rapid pulse and heart rates,lameness in affected leg,depression
dog,golden retriever,9.4,30.1,parasite history,fluif faeces on blood and muscle,sudden death,blooody fluid,red diarrhea,faeces are streake with blood
dog,boxer,7.6,15.0,not vaccinated,fever,occular discharge,weight loss,swollen teats,fever
dog,yorkshire terrier,3.4,8.4,previous heart condition,fetopelvic dispropotion,uteria inertia,malpresentation,death,pains
dog,golden retriever,9.0,44.7,dental issues,discomfort,loss of appetite,bloody diarrhea,profuse,pains
dog,poodle,6.8,3.6,vaccinated,coughing,dizzines,anorexia,vomiting,weakness
dog,golden retriever,9.3,28.7,parasite history,fluif faeces on blood and muscle,sudden death,blooody fluid,red diarrhea,faeces are streake with blood
dog,beagle,7.1,21.6,skin conditions history,lethargy,wandering,weakness,spines,recumbency
dog,boxer,2.6,27.6,recent surgery,diarrhea,diarrhea,hind quarted soil,enlarged lymph nodes or swelling,loss in weight
dog,yorkshire terrier,6.6,3.9,skin conditions history,pains,death,fetopelvic dispropotion,malpresentation,uteria inertia
dog,beagle,8.3,21.0,recent surgery,lethargy,fever,abnormal behaviour,anorexia,anorexia
dog,rottweiler,13.1,25.0,skin conditions history,weight loss,diarrhea,vomiting,weight loss,fever
dog,mixed breed,9.1,33.6,not vaccinated,most often none,dyspnea,pain,sneezing,nasal discharge
dog,beagle,10.0,28.6,skin conditions history,fever,weakness,diarrhea,pain,abnormal behaviour
dog,golden retriever,8.2,37.7,chronic illness,skin rashes,lameness,dry scabs,swelling,small and yellow bumps
dog,german shepherd,13.3,35.5,skin conditions history,diarrhea,sneezing,diarrhea,coughing,sneezing
dog,mixed breed,0.5,18.8,chronic illness,muscle weakness,vomiting,pain,liver disease,weakness
dog,beagle,8.3,21.8,not vaccinated,lethargy,conjuctivtis,coughing,sneezing,coughing
dog,beagle,3.3,16.7,recent surgery,sneezing,coughing,sneezing,weight loss,diarrhea
dog,poodle,10.0,3.7,chronic illness,loss of appetite,nausea,pain and bloating,vomiting,experiencing changes in weight
dog,poodle,3.7,6.6,previous heart condition,sneezing,anorexia,weight loss,skin irritation,lethargy
dog,beagle,7.4,15.5,no previous conditions,swollen left abdomen,urination,extension of neck,staggering,lying down
dog,yorkshire terrier,7.1,4.4,no previous conditions,fever,diarrhea,poor appetite,weight loss,vomitting
dog,poodle,14.2,4.7,chronic illness,fever,weight loss,lethargy,weakness,coughing
dog,poodle,14.9,8.1,chronic illness,fever,loss of  appetite,coughing,lethargy,joint pain
dog,golden retriever,9.4,41.2,vaccinated,cough,difficulty swallowing,extending its neck,gasping for air,difficulty swallowing
dog,poodle,4.1,7.8,not vaccinated,skin rashes,loss od appetite,seizuers,wheezing,fatique
dog,golden retriever,6.3,34.8,chronic illness,anorexia,lethargy,diarrhea,anorexia,anorexia
dog,yorkshire terrier,4.8,6.1,chronic illness,coughing,sneezing,blood stool,facial muscle twitching,coughing
dog,boxer,7.5,30.8,previous kidney disease,sick,loss of appetite,death,watery diarrhea dispropotion,corneal ulceration
dog,german shepherd,9.1,39.2,chronic illness,sneezing,sneezing,anorexia,severe swellimg,pain
dog,yorkshire terrier,9.3,4.5,dental issues,sneezing,lethargy,diarrhea,coughing,diarrhea
dog,poodle,9.0,7.9,previous kidney disease,weight loss,sneezing,coughing,fever,weight loss
dog,german shepherd,8.3,36.8,recent surgery,vomiting,weakness,sneezing,diarrhea,weakness
dog,boxer,3.4,15.2,no previous conditions,lethargy,weight loss,pain,sneezing,fever
dog,labrador retriever,8.9,42.0,recent surgery,loss of appetite,depression,pains,loss of appetite,fever
dog,german shepherd,5.5,38.1,skin conditions history,tremors of the head,pain,neck paralysis,coughing,blue straws
dog,german shepherd,8.6,44.5,skin conditions history,sneezing,fever,anorexia,lethargy,weakness
dog,yorkshire terrier,13.6,5.8,vaccinated,swelling,larynx,swelling on jaw,hoarseness,neck vein swelling
dog,mixed breed,7.9,40.0,skin conditions history,gas,lethargy,anorexia,anorexia,weight loss
dog,mixed breed,5.4,27.9,previous kidney disease,loss of appetite,oxygen defiency,weight loss,fever,weight loss
dog,boxer,6.4,29.6,previous kidney disease,diarrhea,paresis,diarrhea,weight loss,vomiting
dog,german shepherd,13.6,33.8,skin conditions history,vomiting,lethargy,lethargy,yellowish discharge,sneezing
dog,rottweiler,10.7,32.1,no previous conditions,lethargy,swelling of face or leg,lethargy,diarrhea,weakness
dog,mixed breed,7.4,16.8,chronic illness,lethargy,vomiting,anorexia,pain,vomiting
dog,rottweiler,14.8,41.6,vaccinated,lethargy,nasal discharge,swelling,loss of appetite,blindness
dog,rottweiler,6.4,28.7,vaccinated,stealing,nesting behaviour,isolation from flock,pains,pawing at bedding
dog,poodle,4.6,7.4,not vaccinated,loss od appetite,wheezing,seizuers,skin rashes,fatique
dog,boxer,6.0,19.9,allergies,fever,skin ulcer,weak kids,prostrat,sneezing
dog,yorkshire terrier,5.2,6.3,dental issues,sneezing,diarrhea,pain,coughing,anorexia
dog,labrador retriever,16.0,27.6,dental issues,difficulty walking,lethargy,back pain,swollen lymph nodes,vaginal discharge
dog,bulldog,5.9,15.0,vaccinated,circling,fever,sneezing,vomiting,fever
dog,mixed breed,6.7,39.3,skin conditions history,coughing,sneezing,lethargy,sick,vomiting
dog,mixed breed,4.1,31.2,dental issues,air sacculitis,halitosis,coughing,enteritis,weight loss
dog,poodle,8.2,8.5,allergies,weight loss,diarrhea,weakness,lethargy,diarrhea
dog,bulldog,5.2,19.4,parasite history,weakness,beak overgrowth,sneezing,vomiting,vomiting
dog,rottweiler,14.0,25.0,no previous conditions,weight loss,vomiting,weakness,fever,fever
dog,german shepherd,4.2,31.7,allergies,fetopelvic dispropotion,uteria inertia,malpresentation,death,pains
dog,poodle,5.9,6.3,vaccinated,unable to eat,floopy muscle,sneezing,coughing,pain
dog,boxer,12.3,27.1,recent surgery,fever,inflammed eye,coughing,depression,limping
dog,mixed breed,4.7,5.0,allergies,scratching,lethargy,bald patches,weakness,diarrhea
dog,labrador retriever,2.8,44.4,vaccinated,tail wagging,straining,lethargy,weakness,diarrhea
dog,german shepherd,6.5,28.5,dental issues,forthy eye,weakness,swelling,torticollis,emaciation
dog,beagle,8.2,22.1,previous heart condition,anorexia,weakness,diarrhea,weakness,fever
dog,rottweiler,11.0,39.5,no previous conditions,vomiting,anorexia,abortion,vomiting,coughing
dog,rottweiler,6.9,35.7,chronic illness,neck paralysis,pain,lethargy,coughing,fever
dog,bulldog,6.7,25.6,allergies,fever,weight loss,lethargy,pain,paralysis
dog,rottweiler,13.9,34.5,previous kidney disease,willnot run to jump,fast breathing,weakness,sneezing,sneezing
dog,mixed breed,11.8,17.6,dental issues,fetopelvic dispropotion,uteria inertia,malpresentation,death,pains
dog,golden retriever,1.3,26.6,not vaccinated,lethargy,weekness in the back legs,anorexia,pain,fever
dog,rottweiler,15.3,39.2,skin conditions history,fever,swelling of face or leg,poor appetite,depression,pains
dog,german shepherd,7.3,39.0,vaccinated,weight loss,coughing,scartch,weight loss,diarrhea
dog,boxer,15.1,16.4,no previous conditions,fever,tachypea,swelling of head and neck,anorexia,nasal discharge
dog,mixed breed,4.4,40.0,chronic illness,fever,weight loss,lethargy,weight loss,lethargy
dog,beagle,15.0,23.8,allergies,sneezing,anorexia,weight loss,lethargy,anorexia
dog,yorkshire terrier,11.1,10.0,previous heart condition,coughing,fever,coughing,weight loss,weakness
dog,mixed breed,4.8,13.0,previous heart condition,lack of walking,lack of flying,roughened,dehydration,pains
dog,golden retriever,9.0,29.4,allergies,fluif faeces on blood and muscle,faeces are streake with blood,blooody fluid,sudden death,red diarrhea
dog,beagle,9.2,27.5,allergies,thick crusting,itchiness,hair loss,watery eye,pain
dog,yorkshire terrier,2.7,7.8,previous kidney disease,coughing,weight loss,vomiting,weight loss,redness
dog,yorkshire terrier,5.0,5.8,chronic illness,fever,diarrhea,vomiting,vomiting,coughing
dog,mixed breed,13.9,33.4,recent surgery,vomiting,reduce reproductive potential,anorexia,weakness,diarrhea
dog,beagle,6.3,23.8,previous kidney disease,vomiting,pain,diarrhea,lethargy,hot udder
dog,labrador retriever,6.2,30.5,parasite history,retching,weakness,weakness,vomiting,diarrhea
dog,yorkshire terrier,14.1,5.9,chronic illness,swelling,larynx,swelling on jaw,hoarseness,neck vein swelling
dog,poodle,1.7,7.3,chronic illness,foul smelling,dullness,dirty,stained wool,tail shaking
dog,labrador retriever,5.5,34.9,no previous conditions,pain,pain,fever,lying down,vomiting
dog,poodle,9.6,3.9,skin conditions history,nausea,vomiting,loss of appetite,experiencing changes in weight,pain and bloating
dog,german shepherd,2.5,27.6,chronic illness,fever,difficulty breathing,poor appetite,eye and skin change,unable to exercise
dog,boxer,11.0,25.1,previous heart condition,emaciation,edema in lower jaw,coughing,shivering,anemia
dog,poodle,10.7,5.3,recent surgery,pain,diarrhea,diarrhea,diarrhea,anorexia
dog,rottweiler,1.6,40.4,chronic illness,pain,sneezing,dehydration,anorexia,ruffled feathers
dog,beagle,5.2,21.9,not vaccinated,fever,weakness,weakness,gagging,anorexia
dog,boxer,2.0,22.3,dental issues,coughing,pain,poor wool,pain,fever
dog,mixed breed,5.3,31.6,not vaccinated,hyperexcitability,weight loss,weakness,fever,sneezing
dog,poodle,5.7,8.0,previous kidney disease,red on affected area,red skin,lesions on ear,horny growth,wart-like growth
dog,boxer,3.1,17.7,allergies,scratching,nible at their wool,lethargy,restlessness,kick
dog,rottweiler,14.0,43.6,chronic illness,bleeding from other parts of the body,confusion,nasal discharge,loss of alertness,dizziness and fainting
dog,mixed breed,12.6,6.5,dental issues,anorexia,weakness,pain,weakness,weight loss
dog,rottweiler,7.0,40.9,not vaccinated,vomiting,weakness,coughing,anorexia,coughing
dog,german shepherd,13.7,36.1,dental issues,fetopelvic dispropotion,uteria inertia,malpresentation,death,pains
dog,labrador retriever,11.9,35.1,not vaccinated,fetopelvic dispropotion,malpresentation,death,uteria inertia,pains
dog,beagle,12.5,26.5,chronic illness,weakness,head tilt,weight loss,vomiting,dyspnea
dog,poodle,8.7,7.3,no previous conditions,pain,nasal discharge,fever,anorexia,coughing
dog,german shepherd,9.4,34.6,parasite history,weakness,anorexia,pain,weight loss,coughing
dog,rottweiler,3.9,31.9,previous heart condition,gurgling sound,small and yellow bumps,vomiting,enlarged lymph nodes,diarrhea
dog,bulldog,6.6,24.3,allergies,haemorrhage,straw colored,carcass decomposes,abdominal pain,death
dog,golden retriever,9.3,25.0,no previous conditions,weight loss,sick,vomiting,vomiting,pain
dog,yorkshire terrier,5.8,6.0,previous kidney disease,anorexia,kid moratality,swollen left abdomen,fever,fever
dog,golden retriever,9.4,36.3,skin conditions history,anorexia,anorexia,fever,lethargy,shivering
dog,golden retriever,5.6,40.4,chronic illness,weight loss,lethargy,flabby,lethargy,anorexia
dog,german shepherd,8.2,38.0,vaccinated,fever,difficulty walking,lethargy,decresed egg production,weight loss
dog,rottweiler,10.4,35.8,allergies,weight loss,pain,weakness,weight loss,fever
dog,labrador retriever,5.9,41.3,vaccinated,diarrhea with muscus,tensemus,watery stool,flatulence,pains
dog,beagle,14.9,23.0,previous heart condition,pain,diarrhea,diarrhea,coughing,diarrhea
dog,beagle,3.9,17.3,dental issues,labored breathing,dyspnea,coughing,depression,anorexia
dog,bulldog,10.4,27.3,skin conditions history,sneezing,lethargy,anorexia,weakness,vomiting
dog,bulldog,10.8,27.6,parasite history,abdominal pain,severe weekness and depression,fever,stiffness,diarrhea
dog,labrador retriever,3.5,43.6,skin conditions history,weight loss,weight loss,lethargy,fever,swolling of joint
dog,beagle,5.6,15.9,vaccinated,sneezing,fever,fever,pain,anorexia
dog,rottweiler,2.6,38.1,chronic illness,fever,nasal discharge,respiratory distress,pox lesion,pain
dog,poodle,9.4,3.3,parasite history,upset stomach,diarrhea,coughing,weight loss,anaemia
dog,mixed breed,14.6,16.3,previous heart condition,pain,sneezing,circling,pain,coughing
dog,boxer,7.1,30.0,skin conditions history,anorexia,coughing,diarrhea,flock moratality,weakness
dog,boxer,12.5,23.3,chronic illness,pain,chills,weight loss,coughing,self mutilation
dog,bulldog,6.8,15.8,skin conditions history,fever,loss of appetite,eyeproblem,liver disease,nuerological
dog,labrador retriever,8.2,45.0,recent surgery,thick crusting,itchiness,hair loss,watery eye,pain
dog,rottweiler,8.9,35.0,skin conditions history,weight loss,weakness,anorexia,weakness,anorexia
dog,boxer,10.0,26.9,previous heart condition,emaciation,edema in lower jaw,coughing,shivering,anemia
dog,bulldog,3.1,17.7,parasite history,fever,joint pain,loss of  appetite,lethargy,lession on the skin
dog,boxer,6.9,22.6,dental issues,weakness,weakness,lethargy,bubbles in the mouth,weight loss
dog,boxer,11.1,25.8,skin conditions history,anorexia,wart-like growth,weakness,diarrhea,pain
dog,mixed breed,12.3,13.2,chronic illness,lethargy,difficulty walking,vaginal discharge,swollen lymph nodes,back pain
dog,boxer,13.1,17.1,recent surgery,mammary glads,weakened legs,los of the ability to walk,fever,fluif filled blisters
dog,german shepherd,1.3,38.2,parasite history,ulcers,diarrhea,poor appetite,tarry stool,enlarged lymph nodes
dog,beagle,10.3,15.0,not vaccinated,coughing,sneezing,fever,fever,lethargy
dog,golden retriever,11.7,27.0,vaccinated,abdominal destention,weakness,pain,lying on the side,thirst
dog,beagle,8.9,22.7,not vaccinated,coughing,foul smelling,pain,lethargy,anorexia
dog,boxer,8.1,18.6,previous kidney disease,vomiting,fever,diarrhea,pain,lethargy
dog,mixed breed,10.8,5.0,parasite history,weakness,sneezing,diarrhea,dark colored bloody,pain
dog,bulldog,12.1,23.9,dental issues,tenderness,itches,testical pain,swollen,bloody discharge
dog,yorkshire terrier,11.7,7.3,not vaccinated,upset stomach,loss of appetite,nause,weight loss,abdonormal pain
dog,german shepherd,4.0,40.1,recent surgery,vomiting,vomiting,paresis,poor coat apperence,lethargy
dog,labrador retriever,6.0,33.8,not vaccinated,pains,uteria inertia,death,malpresentation,fetopelvic dispropotion
dog,golden retriever,5.0,40.6,vaccinated,dull ness,lethargy,weight loss,excessive grooming,reluctant move
dog,labrador retriever,7.6,25.0,not vaccinated,pain,coughing,weakness,weight loss,animal gets uneasy
dog,german shepherd,3.6,30.7,parasite history,lethargy,redness,weight loss,anorexia,anorexia
dog,yorkshire terrier,7.2,4.0,no previous conditions,fever,diarrhea,poor appetite,weight loss,vomitting
dog,bulldog,7.5,28.1,vaccinated,coughing,sneezing,diarrhea,tachypea,inflammed eye
dog,beagle,4.7,20.8,parasite history,pain,diarrhea,lethargy,weight loss,weakness
dog,beagle,3.3,16.7,no previous conditions,allergic reaction,poor appetite,coughing,weight loss,distended chest
dog,yorkshire terrier,2.1,9.5,not vaccinated,vomiting,diarrhea,vomiting,weight loss,fever
dog,bulldog,4.3,18.6,allergies,diarrhea,weight loss,coughing,weakness,anorexia
dog,mixed breed,7.6,29.0,vaccinated,pain,malaise,weakness,fever,weight loss
dog,beagle,6.7,21.7,parasite history,fever,fever,vomiting,lethargy,fever
dog,poodle,7.8,7.5,vaccinated,skin irritation,coughing,coughing,droopiness,coughing
dog,bulldog,13.4,26.6,dental issues,anorexia,diarrhea,lethargy,swelling of neck,anorexia
dog,poodle,2.7,3.2,previous kidney disease,sheep often bites,pains,loss of wool,fleece become thin,death
dog,bulldog,3.3,20.3,recent surgery,fever,poor appetite,chronic eye inflamation,lethargy,neurologic abnormalities
dog,bulldog,0.8,18.2,previous heart condition,poor growth,short stature,enlargement of bones,lameness,weigth bearing long bones
dog,yorkshire terrier,12.0,7.6,parasite history,pain,coughing,diarrhea,vomiting,anorexia
dog,bulldog,5.4,16.5,allergies,reluctant move,loss of appetite,lameness,death,weakness
dog,german shepherd,13.9,35.2,dental issues,fetopelvic dispropotion,uteria inertia,malpresentation,death,pains
dog,poodle,4.6,7.5,recent surgery,fever,poor coat condition,infection of the skin,weight loss,fatique
dog,mixed breed,12.5,12.4,chronic illness,jaundice,pneumonia,lession on the skin,pain,vomitting
dog,bulldog,6.0,22.8,allergies,discharge from eyes,lethargy,coughing,sneezing,fatique
dog,german shepherd,2.9,27.7,chronic illness,eye and skin change,unable to exercise,poor appetite,fever,difficulty breathing
dog,beagle,14.9,30.0,previous kidney disease,legness,lethargy,bluish white opacity,jerky limb movements,coughing
dog,rottweiler,0.5,41.0,recent surgery,vomiting,facial swelling,scratching,folded ears,vomiting
dog,boxer,8.3,27.7,not vaccinated,inflammation,discomfort,kicking at the belly,urine infection,pains
dog,rottweiler,9.1,40.8,allergies,pain,coughing,anorexia,coughing,pain
dog,beagle,0.5,29.5,not vaccinated,excessive eye watering,weakness,coughing,pain,lession on cat skin
dog,boxer,5.4,20.6,recent surgery,pain,diarrhea,coughing,paresis,diarrhea
dog,bulldog,9.6,15.0,vaccinated,fever,anorexia,fever,small and yellow bumps,ulcer on gum
dog,german shepherd,12.3,34.0,vaccinated,lethargy,fever,vomiting,fever,diarrhea
dog,boxer,9.9,21.8,recent surgery,pyrexia,oral lesion,swelling,lameness,death
dog,beagle,14.1,25.8,dental issues,diarrhea,weakness,coughing,fever,coughing
dog,labrador retriever,8.8,22.4,allergies,watering,no appp,vomiting,lethargy,dehydration
dog,poodle,11.1,6.3,chronic illness,conjunctive,loss of eye,severe kerititis,discharge,iris prolapse
dog,golden retriever,9.7,34.3,allergies,fatty stool,diarrhea,vomiting,weight loss,pain
dog,rottweiler,7.2,36.4,previous kidney disease,lethargy,pain,weight loss,weight loss,anorexia
dog,labrador retriever,3.8,38.9,previous kidney disease,fever,hemolytic anemia,hemoglobinuria,pulmonary congestion,jaundice
dog,labrador retriever,10.6,39.7,no previous conditions,loss of  appetite,coughing,swelling of joints,lameness,fever
dog,beagle,2.4,22.1,recent surgery,inappentence,diarrhea,tremors of the head,dehydration,weight loss
dog,boxer,6.4,18.4,not vaccinated,fever,slightly swollen,lession on the skin,milky hard,papules appear on teats anad udder
dog,rottweiler,1.8,32.8,no previous conditions,swelling,weight loss,loss of appetite,anorexia,fever
dog,german shepherd,14.1,33.6,recent surgery,tiredness,diarrhea,fever,pains,coughing
dog,mixed breed,0.8,9.1,allergies,fever,lethargy,death,pains,difficulty in breathing
dog,bulldog,3.8,28.3,not vaccinated,emaciation,diarrhea,kid moratality,weakness,anemia
dog,poodle,7.2,5.8,dental issues,vomiting,anorexia,weakness,anorexia,weakness
dog,poodle,0.5,7.6,previous kidney disease,fever,weight loss,achomotrica,fast breathing,weight loss
dog,beagle,11.7,20.4,dental issues,fever,diarrhea,nasal discharge,lethargy,blue eye
dog,boxer,10.3,15.6,no previous conditions,weight loss,weight loss,diarrhea,anorexia,anorexia
dog,rottweiler,0.8,33.1,previous kidney disease,short term lethargy,loss of  appetite,weekness in the back legs,rapid heart rate,week pulse
dog,labrador retriever,1.4,32.3,recent surgery,sneezing,skin lesion,diarrhea,weakness,lethargy
dog,boxer,3.1,17.3,not vaccinated,swelling of udder,change in milk,swollen,tender to touch,pain
dog,rottweiler,11.2,43.5,previous heart condition,lepatomegaly,splenomegaly,vomiting,swollen,shaking oh head
dog,rottweiler,5.6,24.2,allergies,fetopelvic dispropotion,uteria inertia,malpresentation,death,pains
dog,golden retriever,1.8,37.8,parasite history,fever,dysentery,swelling,immediate death,pain
dog,german shepherd,9.8,35.8,not vaccinated,diarrhea,lethargy,fever,abdominal discomfort,bloody droping
dog,poodle,0.5,8.2,recent surgery,weakness,vomiting,anorexia,pain,pain
dog,labrador retriever,6.8,29.9,chronic illness,fever,inflammed eye,coughing,depression,limping
dog,mixed breed,3.2,18.3,not vaccinated,lethargy,fever,recumbency,convulsion,sneezing
dog,labrador retriever,12.9,34.6,previous heart condition,coughing,coughing,painfull swalling,weakness,coughing
dog,yorkshire terrier,15.0,4.1,previous heart condition,vomiting,coughing,diarrhea,epistaxis,lethargy
dog,german shepherd,4.9,33.2,previous heart condition,vomiting,weight loss,anorexia,fever,lethargy
dog,bulldog,6.2,28.6,previous kidney disease,sneezing,pain on face,lack of pigmentation,greenish-yellow nasal discharge,lethargy
dog,mixed breed,4.7,6.7,previous kidney disease,lameness,reluctant move,weakness,death,loss of appetite
dog,golden retriever,10.0,35.5,skin conditions history,weight loss,weakness,weight loss,pain,anorexia
dog,mixed breed,5.1,20.2,recent surgery,diarrhea,pain,fever,diarrhea,lethargy
dog,beagle,7.1,19.4,not vaccinated,bluish white opacity,crusty eye lashes and matting of eyelashes,lethargy,ulcers,flock moratality
dog,yorkshire terrier,8.9,6.4,previous kidney disease,milk reduce,weakness,neurologic abnormalities,sneezing,anorexia
dog,mixed breed,10.3,12.6,skin conditions history,swelling on leg,painfull,nasal discharge,broken bones,nasal discharge
dog,labrador retriever,12.6,36.5,skin conditions history,partial paralysis,staggering as drunk,self mutilation,acting aggressive,acting unnaturally tame
dog,rottweiler,11.6,26.8,skin conditions history,nose bleeds,lesions in the nasal cavity,lesions on nose,lesions on nose,noisy breathing
dog,labrador retriever,13.2,27.9,parasite history,weakness,diarrhoea,loss of appetite,emaciation,loss in weight
dog,rottweiler,5.3,24.8,not vaccinated,fever,chills,fatique,head ache,sweat
dog,bulldog,8.6,31.0,allergies,gasping,coughing,mild weakness,droopy wings,twisted neck
dog,golden retriever,1.1,26.8,no previous conditions,fever,occular discharge,mouth lesion,respiratory distress,nasal discharge
dog,bulldog,10.9,22.7,vaccinated,lethargy,weight loss,fever,pain,tear production
dog,german shepherd,10.2,40.9,recent surgery,vomiting,lethargy,fever,tremors of the head,pain
dog,german shepherd,3.6,35.6,skin conditions history,fever,loss of  appetite,reduce energy,lameness,swelling of joints
dog,rottweiler,4.8,39.2,no previous conditions,fever,relunctance to move,lethargy,weight loss,fever
dog,bulldog,4.4,19.6,allergies,legness,paresis,coughing,weight loss,shortness of breath
dog,beagle,1.7,15.3,no previous conditions,loss of  appetite,lameness,reduce energy,swelling of joints,fever
dog,golden retriever,10.7,40.5,parasite history,fever,coughing,weight loss,weight loss,fever
dog,labrador retriever,10.4,32.7,parasite history,loss in weight,emaciation,loss of appetite,weakness,diarrhoea
dog,yorkshire terrier,12.4,4.5,no previous conditions,anorexia,watery stool,weight loss,weight loss,diarrhea
dog,yorkshire terrier,7.1,5.0,no previous conditions,diarrhea,vomitting,weight loss,fever,poor appetite
dog,beagle,7.0,15.0,previous kidney disease,pain,fever,ruffled appearance,weight loss,pain
dog,rottweiler,0.5,28.7,no previous conditions,vomiting,sneezing,diarrhea,pain,fever
dog,german shepherd,10.0,27.6,parasite history,fever,jaundice,hemoglobinuria,hemolytic anemia,pulmonary congestion
dog,mixed breed,3.6,19.4,skin conditions history,fever,sneezing,weakness,vomiting,unable to urinate
dog,boxer,2.9,17.9,skin conditions history,restlessness,kick,lethargy,nible at their wool,scratching
dog,labrador retriever,9.5,33.5,no previous conditions,anorexia,lethargy,diarrhea,coughing,vomiting
dog,beagle,1.7,30.0,vaccinated,lethargy,fever,pain,hyper sensitivity,weakness
dog,golden retriever,10.7,38.1,chronic illness,vomiting,pain,weight loss,scabbing,weakness
dog,bulldog,7.6,15.0,recent surgery,diarrhea,burning ache or pain,sneezing,pain,ring shaped lesion
dog,mixed breed,7.6,25.5,vaccinated,fever,malaise,weakness,weight loss,pain
dog,german shepherd,3.0,38.8,allergies,jaundice,pain,fever,diarrhea,coughing
dog,rottweiler,9.8,41.6,dental issues,pain,tears,weakness,pain,anorexia
dog,mixed breed,12.8,20.6,dental issues,fetopelvic dispropotion,uteria inertia,malpresentation,death,pains
dog,bulldog,8.7,20.9,no previous conditions,pneumonia,lethargy,nasal discharge,fever,congestion
dog,rottweiler,0.6,35.5,vaccinated,stealing,vomiting,weakness,anorexia,staggering
dog,yorkshire terrier,4.0,8.3,chronic illness,anorexia,vomiting,cough,pain,fast breathing
dog,mixed breed,2.2,30.0,no previous conditions,facial swelling,bloody drool,foul breath,unable to eat,lossened teeth
dog,labrador retriever,12.4,39.1,not vaccinated,coughing,droopy wings,twisted neck,gasping,mild weakness
dog,golden retriever,0.8,36.5,skin conditions history,bleeding from the nose,cough,sneezing,pawing at the face or nose,bad breath
dog,rottweiler,5.9,34.1,chronic illness,coughing,pain,weight loss,sneezing,diarrhea
dog,bulldog,7.1,15.0,parasite history,diarrhea,weight loss,lethargy,anorexia,skin colour change
dog,rottweiler,5.3,22.9,skin conditions history,paresis,paralysis,diarrhea,stomach cramps,weakness
dog,poodle,3.5,4.3,skin conditions history,excessive blood loss,dizziness and fainting,blurry vision,watery eyes,slow growth
dog,golden retriever,9.6,24.1,recent surgery,fever,respiratory distress,mucous discharge,reduce feed,weight gain
dog,yorkshire terrier,0.5,10.0,allergies,coughing,swollen lymph nodes,diarrhea,walking problem,vomiting
dog,boxer,12.1,25.6,skin conditions history,lying down,red lesion from bald patches,lethargy,weight loss,anorexia
dog,yorkshire terrier,12.0,3.6,allergies,fever,dullness,dullness,skin rashes,pains
dog,german shepherd,6.1,36.9,parasite history,sneezing,coughing,join pains,pain,coughing
dog,german shepherd,1.0,31.0,no previous conditions,lameness,poor wool,poor body condition,loss of appetite,small size
dog,yorkshire terrier,11.6,6.6,parasite history,fever,dyspnea,weightloss,lethargy,coughing
dog,poodle,5.7,7.3,previous heart condition,fluffed feather,loss of appetite,coughing,vomiting,snoring
dog,golden retriever,7.1,36.4,skin conditions history,red lesion from bald patches,weight loss,vomiting,lethargy,weakness
dog,rottweiler,0.5,32.7,not vaccinated,weakness,weakness,weakness,vomiting,poor immune function
dog,poodle,7.5,5.0,skin conditions history,fever,lethargy,vomiting,pain,anorexia
dog,bulldog,4.4,19.0,previous kidney disease,black on ear,pain,diarrhea,weight loss,weakness
dog,labrador retriever,10.3,29.6,parasite history,hemopytsis,diarrhea,asymptomatic,death,epistaxis
dog,beagle,10.8,19.7,dental issues,fever,diarrhea,nasal discharge,lethargy,blue eye
dog,rottweiler,9.6,42.5,chronic illness,anorexia,abdominal destention,sneezing,weight loss,vomiting
dog,golden retriever,11.8,40.5,previous kidney disease,lethargy,rectal bleeding,weakness,diarrhea,fever
dog,beagle,14.9,28.3,not vaccinated,fetopelvic dispropotion,uteria inertia,despression,death,pains
dog,bulldog,2.6,26.5,previous heart condition,lame,diarrhea,lethargy,diarrhea,weight loss
dog,bulldog,7.6,15.0,no previous conditions,weight loss,dandruff in cat coat,anorexia,diarrhea,sneezing
dog,bulldog,6.4,15.0,parasite history,nosebleed,weight loss,diarrhea,fever,pain
dog,mixed breed,0.5,26.1,parasite history,shortness of breath,anorexia,sneezing,weight loss,weakness
dog,beagle,8.4,28.3,recent surgery,coughing,skin rashes,anorexia,pain,lethargy
dog,labrador retriever,5.2,38.9,vaccinated,weight loss,rhinitis,pain,fever,vomiting
dog,german shepherd,7.9,28.4,chronic illness,fetopelvic dispropotion,uteria inertia,malpresentation,death,pains
dog,german shepherd,10.3,34.3,dental issues,nasal discharge,nasal discharge,painfull,swelling on leg,broken bones
dog,labrador retriever,7.4,26.2,chronic illness,vomiting,dehydration,bloody diarrhea,anorexia,lethargy
dog,boxer,10.0,28.6,no previous conditions,weight loss,weakness,fever,pain,pain
dog,german shepherd,5.7,26.4,chronic illness,coughing,weight loss,blood from mouth,lethargy,diarrhea
dog,beagle,9.8,23.4,dental issues,coughing,weight loss,grinding of teeth,diarrhea,lethargy
dog,poodle,9.4,6.6,allergies,blood from mouth,weight loss,sneezing,anorexia,sneezing
dog,rottweiler,5.6,22.0,not vaccinated,fever,chills,sweat,head ache,fatique
dog,bulldog,1.8,25.5,skin conditions history,nasal discharge,skin reashes,pox lession on skin,mortality varies,fever
dog,bulldog,4.4,26.0,skin conditions history,sores on lip,infection,sores on lower leg and teats,lesion,pain
dog,rottweiler,5.9,32.9,vaccinated,lethargy,weight loss,weakness,vomiting,weakness
dog,poodle,1.8,4.6,recent surgery,greenish-yellow nasal discharge,lack of pigmentation,sneezing,lethargy,pain on face
dog,mixed breed,3.1,23.1,vaccinated,decreased milk,holding limbs off the ground,weight loss,lameness,wool production
dog,golden retriever,7.7,41.0,parasite history,stop eating,stop drinking,change their normal behaviour,depression,pains
dog,mixed breed,13.4,30.1,previous heart condition,lllthrift,skin lesion,lameness,swelling on thebody,weight loss
dog,mixed breed,6.4,18.5,recent surgery,vomiting,red and inflammation ear,diarrhea,pain,lethargy
dog,german shepherd,15.0,30.5,vaccinated,lethargy,anorexia,lethargy,coughing,vomiting
dog,bulldog,4.2,29.2,not vaccinated,vomiting,bloody diarrhea,lethargy,dehydration,anorexia
dog,bulldog,3.2,22.4,not vaccinated,pains,poor appetite,swelling of face or leg,fever,depression
dog,rottweiler,2.0,41.3,no previous conditions,swelling,loss of appetite,weight loss,fever,anorexia
dog,rottweiler,4.1,42.8,vaccinated,lethargy,vomiting,tremor,lethargy,iris prolapse
dog,beagle,14.7,31.3,recent surgery,fetopelvic dispropotion,uteria inertia,despression,death,pains
dog,german shepherd,3.8,34.9,allergies,fever,coughing,fever,fever,pain
dog,golden retriever,5.3,36.4,parasite history,diarrhea,congestion,pain,weakness,weight loss
dog,yorkshire terrier,8.3,4.0,vaccinated,fever,loss in weight,weight loss,coughing,legness
dog,labrador retriever,2.1,34.0,recent surgery,fever,chills,skin ulcer,exhaustion,swollen and painfull
dog,labrador retriever,6.3,38.3,recent surgery,fever,swollen purple wattle,poor condition,sneezing,fever
dog,boxer,9.8,19.5,dental issues,oral lesion,lameness,pyrexia,swelling,death
dog,german shepherd,8.8,26.1,previous kidney disease,high body temperature,sudden death,vomiting,vomiting,coughing
dog,golden retriever,9.2,29.2,not vaccinated,discharge from eyes,redness of eye,blindness,scartches,pains
dog,boxer,9.1,25.0,previous heart condition,self mutilation,fever,anorexia,pain,anorexia
dog,rottweiler,14.8,36.0,skin conditions history,fever,swelling of face or leg,poor appetite,depression,pains
dog,beagle,12.5,18.9,skin conditions history,fever,swelling,lameness,heat,pains
dog,mixed breed,6.0,29.4,recent surgery,fever,convulsion,sudden death,urine retention,weight loss
dog,bulldog,8.6,22.8,skin conditions history,facial swelling,stunted growth,egg production decreases,blindness,distinctive bumps
dog,beagle,4.5,25.4,no previous conditions,increased passing gas,fever,sneezing,anorexia,fever
dog,yorkshire terrier,14.2,6.1,vaccinated,poor wool,loss of appetite,lameness,small size,poor body condition
dog,labrador retriever,11.6,34.3,recent surgery,weight loss,fever,coughing,seizures,fever
dog,mixed breed,9.4,12.9,previous kidney disease,lethargy,diarrhea,weight loss,pain,stripped remiges
dog,yorkshire terrier,4.7,6.1,vaccinated,lethargy,fever,coughing,scabbing,weakness
dog,bulldog,4.0,27.9,skin conditions history,sores on lip,infection,sores on lower leg and teats,lesion,pain
dog,mixed breed,8.8,40.0,previous kidney disease,weight loss,pain,vomiting,anorexia,vomiting
dog,beagle,15.3,28.1,no previous conditions,change their normal behaviour,stop eating,pains,stop drinking,lameness
dog,german shepherd,7.6,38.1,allergies,coughing,weight loss,weight loss,weight loss,fever
dog,bulldog,11.2,25.9,recent surgery,swollen,testical pain,itches,bloody discharge,tenderness
dog,labrador retriever,8.7,30.7,previous kidney disease,coughing,sneezing,anorexia,pain,blue straws
dog,labrador retriever,10.6,42.6,no previous conditions,lameness,coughing,fever,loss of  appetite,swelling of joints
dog,bulldog,12.6,22.4,no previous conditions,paresis,paralysis,weakness,stomach cramps,diarrhea
dog,bulldog,9.5,27.8,no previous conditions,lethargy,fever,loss of  appetite,coughing,joint pain
dog,bulldog,10.5,20.4,not vaccinated,fever,diarrhea,bloody droping,abdominal discomfort,lethargy
dog,rottweiler,5.0,45.0,no previous conditions,coughing,diarrhea,pain,weakness,loss of powder down
dog,golden retriever,9.4,37.7,dental issues,fatty stool,diarrhea,weight loss,pain,vomiting
dog,mixed breed,10.8,21.4,no previous conditions,pain,vomiting,pain,diarrhea,diarrhea
dog,poodle,2.3,3.7,recent surgery,sheep often bites,fleece become thin,loss of wool,death,pains
dog,golden retriever,4.6,42.0,not vaccinated,coughing,sneezing,pain,fever,anorexia
dog,rottweiler,8.4,32.1,previous heart condition,pain,fever,coughing,anorexia,weakness
dog,poodle,2.4,4.5,skin conditions history,runny nose,difficulty in breathing,coughing,weakness,loss of appettite
dog,poodle,3.6,3.0,previous kidney disease,lethargy,coughing,lethargy,speech delay,vomiting
dog,mixed breed,12.9,13.2,skin conditions history,swollen lymph nodes,difficulty walking,back pain,lethargy,vaginal discharge
dog,mixed breed,13.8,28.6,parasite history,fever,depression,dehydration,stopped eat,uncharacteristic hiding
dog,golden retriever,8.7,42.1,dental issues,pains,profuse,discomfort,loss of appetite,bloody diarrhea
dog,yorkshire terrier,13.7,8.4,allergies,agalactia,sloughing of the tail,loss of milk production,fever,reduce reproductive potential
dog,labrador retriever,12.5,30.6,chronic illness,fever,severe weekness and depression,stiffness,abdominal pain,diarrhea
dog,rottweiler,1.4,40.6,recent surgery,pain,weak kids,mummification,stillbirth,abortion
dog,german shepherd,6.8,31.2,not vaccinated,poor coat apperence,diarrhea,vomiting,weight loss,dehydration
dog,labrador retriever,6.0,38.4,vaccinated,inflammation,sneezing,closed eyes,vomiting,diarrhea
dog,german shepherd,8.1,27.7,previous kidney disease,fleece become thin,lack of walking,difficulty breathing,sneezing,anorexia
dog,german shepherd,8.8,35.2,parasite history,weight loss,lethargy,vomiting,fever,weight loss
dog,bulldog,2.2,20.9,chronic illness,extreme thirst,bloody discharge,loss of appetite,inability to fly,loss of wariness
dog,german shepherd,4.0,33.5,dental issues,weakness,fever,anorexia,weight loss,weight loss
dog,bulldog,7.1,25.9,recent surgery,weakness,diarrhea,lethargy,extreme thirst,weigth bearing long bones
dog,poodle,8.5,3.0,skin conditions history,fever,lethargy,vomiting,clearly unthrifty,jaundice
dog,boxer,15.0,25.2,parasite history,weight loss,swelling,vomiting,fever,vomiting
dog,german shepherd,7.7,36.9,skin conditions history,weakness,sneezing,rectal bleeding,coughing,fever
dog,boxer,4.1,20.5,recent surgery,anorexia,bottle jaw,facial defects,weight loss,diarrhea
dog,mixed breed,9.6,8.7,previous kidney disease,sneezing,bad breath,bleeding from the nose,cough,pawing at the face or nose
dog,boxer,2.8,23.6,skin conditions history,weight loss,fever,coughing,anorexia,pain
dog,yorkshire terrier,6.7,4.6,no previous conditions,weight loss,pain,decresed egg production,blood poisioning,diarrhea
dog,boxer,5.1,23.6,previous kidney disease,weight loss,pain,pain,lethargy,anorexia
dog,mixed breed,5.5,9.1,dental issues,vomiting,labored breathing,weight loss,sneezing,fever
dog,yorkshire terrier,12.5,8.2,skin conditions history,fetopelvic dispropotion,uteria inertia,malpresentation,death,pains
dog,german shepherd,3.8,28.5,skin conditions history,diarrhea,pain,weight loss,fever,anorexia
dog,yorkshire terrier,10.0,3.0,not vaccinated,sneezing,abortion,rhinitis,lethargy,anorexia
dog,bulldog,10.5,22.9,no previous conditions,sneezing,sneezing,crusting of the skin,poor growth,swelling
dog,bulldog,7.0,20.1,dental issues,pain,poor wool,anorexia,vomiting,sneezing
dog,german shepherd,7.5,29.9,vaccinated,fever,sour throat,mortality,muscle aches,abnormalities
dog,poodle,5.3,7.0,not vaccinated,lesions on nose,lethargy,weakness,vomiting,pain on face
dog,yorkshire terrier,3.2,6.8,skin conditions history,vomiting,fever,vomiting,weight loss,sneezing
dog,german shepherd,8.6,43.2,parasite history,fever,diarrhea,bloody droping,abdominal discomfort,lethargy
dog,german shepherd,1.0,33.0,no previous conditions,poor wool,loss of appetite,lameness,small size,poor body condition
dog,poodle,12.1,2.9,previous heart condition,eye redness,frequent eye infections,crusty eye lashes and matting of eyelashes,foul smelling stools,increased passing gas
dog,bulldog,15.3,22.0,chronic illness,difficulty breathing,fever,coughing,eye and skin change,unable to exercise
dog,german shepherd,9.3,33.3,skin conditions history,weight loss,weight loss,wattles,dry or dull hair,scabs on lip
dog,german shepherd,9.5,31.0,previous heart condition,egg production stops,broody behavior,loss of appetite,weight loss,constipation
dog,yorkshire terrier,11.4,4.1,allergies,fever,dullness,dullness,skin rashes,pains
dog,mixed breed,1.0,8.5,not vaccinated,flock moratality,fever,death,small intestines,depression
dog,yorkshire terrier,3.1,8.8,chronic illness,sudden death,anorexia,weight loss,coughing,lethargy
dog,german shepherd,3.1,34.1,allergies,sneezing,coughing,weight loss,anorexia,fever
dog,mixed breed,11.2,22.7,not vaccinated,weight loss,weakness,lethargy,weight loss,passing of undigested food
dog,yorkshire terrier,9.4,8.7,vaccinated,vomiting,egg production decreases,fever,pain,anorexia
dog,golden retriever,9.8,28.0,previous heart condition,weight loss,vomiting,mammary glads,diarrhea,fever
dog,rottweiler,2.1,22.9,parasite history,fever,difficulty breathing,coughing,lethargy,sneezing
dog,rottweiler,4.2,41.4,recent surgery,fever,dyspnea,coughing,lethargy,anorexia
dog,poodle,0.5,5.8,parasite history,wether restless,stamping and pedding of hind eye,fever,weakness,pain
dog,boxer,13.1,15.4,skin conditions history,facial swelling,bloody drool,foul breath,unable to eat,lossened teeth
dog,mixed breed,8.9,8.1,previous kidney disease,cough,bad breath,sneezing,bleeding from the nose,pawing at the face or nose
dog,boxer,14.1,22.4,no previous conditions,swollen abdomen,shortness of breath.,chirping,loss of appetite,fatigue
dog,bulldog,3.4,30.5,not vaccinated,weakness,kid moratality,anemia,emaciation,diarrhea
dog,golden retriever,4.9,37.6,not vaccinated,lethargy,diarrhea,fever,pain,wandering
dog,bulldog,9.3,15.0,recent surgery,vomiting,weight loss,coughing,weakness,anorexia
dog,rottweiler,8.7,37.8,recent surgery,lethargy,pain,pain,anorexia,pain
dog,boxer,11.8,15.0,allergies,weight loss,lethargy,lethargy,diarrhea,changed gait
dog,german shepherd,5.8,23.3,skin conditions history,hair loss,dandruff,darkened skin,crusting of the skin,ulcerated skin
dog,boxer,8.6,15.0,previous heart condition,anorexia,pain,vomiting,anorexia,coughing
dog,beagle,5.9,19.5,dental issues,sneezing,weight loss,lethargy,vomiting,vomiting
dog,bulldog,11.0,25.2,not vaccinated,fever,loss of appetite,ear infection,depression,nasal discharge
dog,beagle,7.9,20.6,chronic illness,sneezing,anorexia,stealing,pain,coughing
dog,rottweiler,1.7,38.3,vaccinated,short term lethargy,loss of  appetite,weekness in the back legs,rapid heart rate,week pulse
dog,german shepherd,8.4,30.3,chronic illness,fetopelvic dispropotion,uteria inertia,malpresentation,death,pains
dog,labrador retriever,8.5,39.2,recent surgery,fever,loss of appetite,pains,depression,loss of appetite
dog,beagle,5.1,22.1,dental issues,congestion,fever,coughing,unable to exercise,weakness
dog,german shepherd,9.8,45.0,no previous conditions,weight loss,jaundice,lethargy,diarrhea,lethargy
dog,bulldog,8.9,26.6,skin conditions history,lethargy,easily damage shell,lethargy,anorexia,abortion at the end of gestation
dog,boxer,3.6,22.5,not vaccinated,coughing,coughing,weakness,coughing,coughing
dog,bulldog,11.0,30.0,not vaccinated,loss of wariness,pain,fever,lethargy,fever
dog,poodle,2.4,3.9,no previous conditions,fleece become thin,pains,loss of wool,death,sheep often bites
dog,mixed breed,4.0,35.6,no previous conditions,anorexia,pain,weakness,fever,diarrhea
dog,rottweiler,14.4,45.0,chronic illness,loss of alertness,bleeding from other parts of the body,dizziness and fainting,nasal discharge,confusion
dog,boxer,9.9,25.1,previous heart condition,weakness,facial edema,upset stomach,sneezing,weight loss
dog,poodle,2.7,3.6,no previous conditions,sheep often bites,fleece become thin,loss of wool,death,pains
dog,beagle,3.9,29.3,parasite history,sneezing,coughing,sneezing,sneezing,muscle trembling
dog,mixed breed,2.6,12.7,skin conditions history,barren ewes,abortion,poor conformation,hairy fleeces,weight loss
dog,mixed breed,7.8,21.0,skin conditions history,nervous,scabs on lip,vomiting,weakness,sneezing
dog,beagle,12.6,30.7,no previous conditions,watering,no appp,vomiting,lethargy,dehydration
dog,poodle,13.9,7.1,parasite history,sneezing,shortness of breath,lethargy,diarrhea,vomiting
dog,german shepherd,0.9,44.4,previous heart condition,diarrhea,sneezing,weight loss,weight loss,pain
dog,boxer,6.7,23.5,chronic illness,severe,diarrhea,blood on faces,appetite,milk reduce
dog,mixed breed,2.4,17.8,skin conditions history,coughing,panting,"facial swelling,",production of mucus,fatigue
dog,rottweiler,1.2,27.2,chronic illness,upset stomach,diarrhea,vomiting,muscle pain,muscle stiffness
dog,boxer,14.1,26.7,skin conditions history,burning ache or pain,vomiting,loss of appetite,experiencing changes in weight,pain and bloating
dog,poodle,9.7,5.7,not vaccinated,anorexia,lethargy,diarrhea,fever,pox lession on skin
dog,bulldog,8.9,15.5,allergies,fever,death,coughing,dyspnea,anorexia
dog,german shepherd,12.1,28.0,dental issues,blood from mouth,strange behaviour,gurgling sound,coughing,abnormalalities
dog,yorkshire terrier,0.5,5.0,no previous conditions,weight loss,dark colored bloody,vomiting,fever,coughing
dog,german shepherd,5.2,37.7,recent surgery,weight loss,yellow eye,weakness,vomiting,facial muscle twitching
dog,poodle,6.2,6.1,no previous conditions,fever,tiredness,headache,skin rashes,pain
dog,rottweiler,7.7,39.5,not vaccinated,thickening of skin,weakness,weight loss,diarrhea,unsteady gait
dog,yorkshire terrier,12.7,4.5,recent surgery,abdminal pain,indigestion,nausea,constipation,diarrhea
dog,bulldog,10.9,29.4,dental issues,fever,diarrhea,abdominal pain,stiffness,severe weekness and depression
dog,beagle,2.9,19.5,vaccinated,distended chest,coughing,allergic reaction,poor appetite,weight loss
dog,boxer,13.6,27.8,not vaccinated,diarrhea,bleeding in eye and skin,lethargy,vomiting,blood in urine
dog,beagle,3.4,15.9,skin conditions history,swollen,bloody discharge,itches,tenderness,testical pain
dog,boxer,13.8,25.7,not vaccinated,blood in urine,diarrhea,vomiting,lethargy,bleeding in eye and skin
dog,mixed breed,13.4,12.4,vaccinated,dirty,tail shaking,dullness,foul smelling,stained wool
dog,golden retriever,9.5,31.7,previous heart condition,vomiting,vomiting,diarrhea,weight loss,coughing
dog,yorkshire terrier,6.7,8.6,not vaccinated,weight loss,lethargy,vomiting,coughing,lethargy
dog,boxer,2.0,26.6,parasite history,bleeding from other parts of the body,confusion,nasal discharge,loss of alertness,dizziness and fainting
dog,mixed breed,12.6,15.8,parasite history,blood on faces,diarrhea,appetite,milk reduce,severe
dog,mixed breed,14.7,20.9,not vaccinated,vomiting,fever,pain,vomiting,lethargy
dog,boxer,7.9,30.0,parasite history,pain,lethargy,sneezing,vomiting,weakness
dog,yorkshire terrier,5.6,3.0,previous kidney disease,sneezing,blood poisioning,vomiting,anorexia,fever
dog,yorkshire terrier,8.5,7.0,no previous conditions,blood in urine,vomiting,lethargy,lethargy,weakness
dog,labrador retriever,8.2,26.2,allergies,weight loss,weakness,sneezing,weakness,asymptomatic
dog,yorkshire terrier,1.0,10.4,previous heart condition,nasal discharge,painfull,swelling on leg,poor appetite,broken bones
dog,golden retriever,7.8,37.9,parasite history,stop eating,stop drinking,change their normal behaviour,depression,pains
dog,german shepherd,10.7,33.8,previous heart condition,weakness,dehydration,coughing,diarrhea,pain
dog,yorkshire terrier,3.0,9.6,skin conditions history,fetopelvic dispropotion,uteria inertia,malpresentation,death,pains
dog,beagle,13.9,25.2,no previous conditions,reduce lamp marking,pain,edematous,high body temperaure,weakness
dog,labrador retriever,2.7,29.8,chronic illness,radip onset,stiff,muscle trembling,weakness,death
dog,labrador retriever,5.9,40.2,chronic illness,weight loss,coughing,diarrhea,weight loss,weight loss
dog,rottweiler,8.5,25.0,not vaccinated,pain,vomiting,painfull to touch,difficult in respiration,weight loss
dog,golden retriever,10.1,25.0,previous kidney disease,fever,milk getting out more watery,convulsion,lethargy,foul smelling
dog,golden retriever,1.8,38.1,no previous conditions,immediate death,dysentery,fever,swelling,pain
dog,beagle,9.1,26.0,vaccinated,vomiting,sneezing,fever,pawing at bedding,lethargy
dog,beagle,6.1,18.1,skin conditions history,lethargy,semen examination,appetite,pain,vomiting
dog,bulldog,15.0,20.8,chronic illness,sneezing,weight loss,anorexia,fever,weakness
dog,golden retriever,0.7,26.2,previous kidney disease,sudden death,high temperature,rapid pulse and heart rates,depression,trembling
dog,bulldog,14.7,28.0,dental issues,sores on lip,infection,sores on lower leg and teats,lesion,pain
dog,golden retriever,11.6,26.9,no previous conditions,diarrhea,sneezing,diarrhea,weight loss,pain
dog,rottweiler,10.1,45.0,parasite history,respiratory infection,muscle twiching,diarrhea,pain,weightloss
dog,labrador retriever,3.3,45.0,allergies,diarrhea,lethargy,weakness,tail wagging,straining
dog,labrador retriever,12.8,33.2,previous kidney disease,anorexia,anorexia,fever,vomiting,vomiting
dog,german shepherd,13.5,25.5,parasite history,fever,dyspnea,coughing,weakness,anorexia
dog,yorkshire terrier,11.3,4.5,previous kidney disease,skin reashes,mortality varies,pox lession on skin,fever,nasal discharge
dog,german shepherd,9.7,27.4,skin conditions history,fever,nasal discharge,respiratory distress,pox lesion,pain
dog,rottweiler,9.8,41.5,dental issues,head tilt,vomiting,coughing,sudden death,intellectual disability
dog,boxer,12.6,27.6,skin conditions history,loss of appetite,pain and bloating,experiencing changes in weight,burning ache or pain,vomiting
dog,bulldog,9.9,20.5,previous heart condition,weight loss,fever,weight loss,sneezing,anorexia
dog,german shepherd,10.9,25.9,previous heart condition,vomiting,reduce lamp marking,weight loss,weakness,lethargy
dog,yorkshire terrier,2.8,5.9,previous heart condition,fever,lethargy,anorexia,weight loss,anorexia
dog,yorkshire terrier,7.2,4.9,dental issues,change their normal behaviour,stop eating,pains,stop drinking,weight loss
dog,rottweiler,9.4,41.0,previous kidney disease,fever,depression,small intestines,death,flock moratality
dog,german shepherd,4.1,34.5,parasite history,diarrhea,sneezing,diarrhea,coughing,weight loss
dog,rottweiler,12.0,40.2,chronic illness,anorexia,pain,anorexia,weakness,diarrhea
dog,boxer,11.5,22.2,parasite history,sneezing,dyspnea,most often none,pain,nasal discharge
dog,bulldog,10.0,16.0,vaccinated,fever,difficulty breathing,coughing,lethargy,sneezing
dog,beagle,11.9,19.5,dental issues,coughing,diarrhea,fever,anorexia,vomiting
dog,golden retriever,4.3,31.0,allergies,diarrhea,lethargy,lethargy,anorexia,pain on leg
dog,rottweiler,1.3,32.0,chronic illness,upset stomach,diarrhea,vomiting,muscle pain,muscle stiffness
dog,mixed breed,6.7,6.6,vaccinated,tiredness,swelling,fever,nasal discharge,drooling
dog,labrador retriever,2.0,45.0,skin conditions history,listless,bottle jaw,malpresentation,death,oxygen defiency
dog,golden retriever,11.4,41.8,vaccinated,cough,extending its neck,gasping for air,difficulty swallowing,difficulty swallowing
dog,bulldog,3.9,31.0,previous heart condition,sores on lower leg and teats,lesion,infection,sores on lip,pain
dog,boxer,2.8,20.3,previous kidney disease,lethargy,kick,restlessness,scratching,nible at their wool
dog,labrador retriever,6.8,30.5,chronic illness,fever,inflammed eye,coughing,depression,limping
dog,mixed breed,3.1,27.7,chronic illness,decreased milk,holding limbs off the ground,weight loss,lameness,wool production
dog,german shepherd,6.3,28.2,previous heart condition,hair loss,dandruff,darkened skin,crusting of the skin,ulcerated skin
dog,poodle,10.3,4.4,allergies,diarrhea,sneezing,weight loss,coughing,weakness
dog,mixed breed,8.3,14.4,previous kidney disease,fetopelvic dispropotion,uteria inertia,malpresentation,death,pains
dog,labrador retriever,10.4,31.5,parasite history,emaciation,loss of appetite,loss in weight,weakness,diarrhoea
dog,bulldog,6.7,25.9,parasite history,lethargy,weakness,fever,succumb,diarrhea
dog,rottweiler,9.5,41.0,recent surgery,ulcers,diarrhea,poor appetite,tarry stool,enlarged lymph nodes
dog,rottweiler,9.1,45.0,allergies,vomiting,weakness,walking problem,weight loss,weakness
dog,bulldog,9.5,26.9,allergies,gasping,coughing,mild weakness,droopy wings,twisted neck
dog,boxer,13.2,18.7,skin conditions history,tail_bobbing,vision problem,dark or black face,bubbles in the mouth,coughing
dog,bulldog,3.5,18.7,recent surgery,weakness,weight loss,kicking,pain,fever
dog,bulldog,8.3,16.5,allergies,fever,death,coughing,dyspnea,anorexia
dog,labrador retriever,8.6,27.5,dental issues,lethargy,lethargy,diarrhea,weakness,cough
dog,beagle,6.0,32.4,recent surgery,strong cough,runny nose,darkened skin,lethargy,loss of appettite
dog,german shepherd,9.8,30.1,no previous conditions,pain,weakness,fever,vomiting,lethargy
dog,bulldog,5.4,21.9,skin conditions history,fever,rump,lameness,loss of appetite,weight loss
dog,rottweiler,14.8,44.4,not vaccinated,loss of appetite,swelling,nasal discharge,blindness,lethargy
dog,labrador retriever,13.9,25.0,skin conditions history,pain,vomiting,fever,vomiting,weight loss
dog,labrador retriever,4.8,34.1,no previous conditions,nausea,loss of appetite,vomiting,firm,distended stomach
dog,german shepherd,1.9,39.7,chronic illness,diarrhea,faeces are streake with blood,sneezing,diarrhea,fever
dog,golden retriever,1.9,39.0,skin conditions history,sneezing,pain,vomiting,sneezing,lethargy
dog,yorkshire terrier,10.8,5.6,skin conditions history,fetopelvic dispropotion,uteria inertia,malpresentation,death,pains
dog,poodle,4.2,6.6,previous kidney disease,diarrhea,flock moratality,warm,sneezing,weight loss
dog,german shepherd,1.1,36.4,chronic illness,loss of appetite,small size,poor wool,poor body condition,lameness
dog,yorkshire terrier,8.1,7.2,parasite history,anorexia,coughing,sneezing,sneezing,vomiting
dog,beagle,9.2,29.9,parasite history,papules appear on teats anad udder,vomiting,high body temperature,fever,sneezing
dog,labrador retriever,7.3,34.2,no previous conditions,vomiting,fever,vomiting,fever,anorexia
dog,boxer,8.6,23.5,chronic illness,sneezing,lethargy,vomiting,weight loss,diarrhea
dog,labrador retriever,6.7,28.8,dental issues,weakness,vomiting,coughing,lethargy,fever
dog,golden retriever,8.9,23.3,vaccinated,weight gain,mucous discharge,fever,reduce feed,respiratory distress
dog,german shepherd,2.5,40.1,no previous conditions,anorexia,coughing,sneezing,weakness,coughing
dog,yorkshire terrier,9.2,8.6,not vaccinated,staggering as drunk,fever,weight loss,pain,diarrhea
dog,bulldog,8.7,17.4,allergies,fever,dull,hind quarted soil,animal stop feed,decrease in milk production
dog,poodle,11.5,3.4,not vaccinated,fever,respiratory distress,seizuers,hyperesthesia,sudden death
dog,mixed breed,4.5,6.0,allergies,reluctant move,loss of appetite,lameness,death,weakness
dog,bulldog,3.1,20.5,parasite history,fever,loss of  appetite,lession on the skin,lethargy,joint pain
dog,boxer,5.9,25.5,chronic illness,diarrhea,difficulty in breathing,anorexia,anorexia,coughing
dog,labrador retriever,1.5,40.5,previous kidney disease,dilation of duodenum,vomiting,coughing,pain,vomiting
dog,boxer,8.0,29.0,previous heart condition,fever,diarrhea,inflammation,trachea,pale gums
dog,golden retriever,5.0,37.5,vaccinated,weakness,stiffness,trembling,white mark on the muscle,loss of vitamin e
dog,mixed breed,8.3,14.4,previous heart condition,radip onset,skin color change,restlessness,fever,lethargy
dog,golden retriever,9.7,35.8,recent surgery,weakness,pain,pain,wandering,painfull swalling
dog,boxer,12.3,16.5,chronic illness,trauma,dry air,nosebleed,nose picking,mild weakness
dog,bulldog,7.7,17.9,allergies,coughing,fever,changed gait,fever,coughing
dog,beagle,6.3,27.3,chronic illness,sneezing,pain,lethargy,firm,wether restless
dog,bulldog,11.0,15.6,vaccinated,viability,sneezing,coughing,diarrhea,pain
dog,bulldog,9.0,24.1,no previous conditions,fever,diarrhea,enteritis,weight loss,stomach  cramps
dog,bulldog,14.4,18.7,not vaccinated,difficulty in feeding,preening,weakness,beak overgrowth,anemia
dog,rottweiler,3.8,30.0,allergies,respiratory distress,hyperesthesia,weekness in the back legs,fever,sudden death
dog,golden retriever,12.6,40.4,dental issues,watering diarrhea,depression,emaciation,ruffled coat,lethargy
dog,german shepherd,12.9,31.2,not vaccinated,weight loss,anorexia,shortness of breath.,weight loss,anorexia
dog,boxer,8.4,25.2,previous heart condition,enlarged lymph nodes,bloody drool,lossened teeth,misshapen beak,anorexia
dog,rottweiler,10.2,29.4,no previous conditions,loss of appetite,diarrhea,ruffled feathers,weight loss,inability to absorb nutrients
dog,bulldog,5.4,23.9,parasite history,greenish-yellow nasal discharge,lack of pigmentation,sneezing,lethargy,pain on face
dog,poodle,15.0,4.0,skin conditions history,weakness,difficultty in breathing,pain,weakness,poor wool
dog,mixed breed,12.0,35.4,recent surgery,diarrhea,sneezing,lethargy,pain,fever
dog,rottweiler,4.0,36.1,previous kidney disease,weakness,diarrhea,painfull swalling,sneezing,lethargy
dog,mixed breed,1.2,12.2,parasite history,stop eating,stop drinking,change their normal behaviour,diarrhea,pains
dog,beagle,3.7,16.5,skin conditions history,swollen,testical pain,itches,bloody discharge,tenderness
dog,yorkshire terrier,1.5,4.2,recent surgery,fever,difficulty breathing,thrist and urination,lethargy,sneezing
dog,bulldog,14.6,17.8,chronic illness,difficulty in feeding,preening,weakness,beak overgrowth,anemia
dog,golden retriever,9.9,40.8,not vaccinated,anorexia,fever,coughing,fever,fatty stool
dog,golden retriever,2.5,35.0,recent surgery,difficulty in breathing,incoordination,terminal convulsion,fever,dark colored bloody
dog,yorkshire terrier,9.6,8.4,recent surgery,vomiting,coughing,discharge,coughing,retching
dog,boxer,4.5,20.0,recent surgery,succumb,coughing,anorexia,weight loss,no appp
dog,bulldog,10.5,24.2,parasite history,fever,coughing,weight loss,sneezing,fever
dog,golden retriever,9.3,38.6,dental issues,anorexia,pain,anorexia,weight loss,weakness
dog,golden retriever,5.8,33.5,previous kidney disease,fever,sneezing,coughing,coughing,pain
dog,mixed breed,6.2,9.9,recent surgery,abdominal pain,diarrhea,malpresentation,shock,anorexia
dog,beagle,8.8,15.6,previous kidney disease,staggering,fever,excessive drooling,seizures,diffulty swallowing
dog,poodle,2.8,7.0,not vaccinated,fever,diarrhea,weakness,diarrhea,anorexia
dog,golden retriever,11.6,26.8,previous kidney disease,weight loss,vomiting,weakness,weight loss,coughing
dog,poodle,4.0,5.4,previous kidney disease,sneezing,abdminal pain,blue eye,weakness,vomiting
dog,german shepherd,14.5,27.1,dental issues,foul smelling,diarrhea,colic,bloody discharge,blood clots
dog,german shepherd,13.3,37.4,previous kidney disease,anorexia,sneezing,anorexia,fever,weakness
dog,bulldog,1.2,22.5,skin conditions history,diarrhea,fever,coughing,sneezing,listlessness
dog,yorkshire terrier,6.4,3.6,skin conditions history,fetopelvic dispropotion,uteria inertia,malpresentation,death,pains
dog,german shepherd,4.0,45.0,not vaccinated,high body temperaure,achomotrica,fever,weight loss,fever
dog,boxer,9.1,16.6,not vaccinated,fever,dark colored bloody,incoordination,difficulty in breathing,terminal convulsion
dog,yorkshire terrier,8.1,3.0,no previous conditions,weight loss,lethargy,fever,lethargy,bad smell
dog,rottweiler,11.7,31.7,previous kidney disease,loss of appetite,diarrhea,ruffled feathers,weight loss,inability to absorb nutrients
dog,yorkshire terrier,11.3,4.5,skin conditions history,pain,weakness,weight loss,coughing,weakness
dog,golden retriever,8.1,39.6,no previous conditions,weight loss,vomiting,vomiting,weakness,diarrhea
dog,labrador retriever,2.0,43.7,skin conditions history,listless,bottle jaw,malpresentation,death,oxygen defiency
dog,german shepherd,6.0,26.2,not vaccinated,hair loss,dandruff,darkened skin,crusting of the skin,ulcerated skin
dog,yorkshire terrier,3.5,8.9,previous kidney disease,weight loss,scartch,swelling of joints,vomiting,fever
dog,boxer,3.8,14.1,not vaccinated,facial swelling,bloody drool,abdominal pain,unable to eat,lossened teeth
dog,bulldog,1.7,26.8,no previous conditions,fever,pox lession on skin,skin reashes,nasal discharge,mortality varies
dog,boxer,9.8,18.2,no previous conditions,listless,difficulty in walking,grinding of teeth,blindness,ataxia
dog,rottweiler,10.2,40.5,skin conditions history,coughing,diarrhea,weakness,incoordination,vomiting
dog,bulldog,9.8,24.0,not vaccinated,fever,loss of  appetite,coughing,lethargy,joint pain
dog,german shepherd,4.8,39.6,not vaccinated,red skin,loss of appetite,moist,lameness,pains
dog,mixed breed,12.5,14.1,parasite history,foul smelling,dullness,dirty,stained wool,tail shaking
dog,bulldog,3.7,20.0,skin conditions history,sour throat,mortality,muscle aches,abnormalities,fever
dog,boxer,3.6,16.8,previous heart condition,weight loss,grinding of teeth,fever,fever,weakness
dog,golden retriever,13.2,28.5,not vaccinated,pain,bloody discharge,anorexia,weakness,pain
dog,rottweiler,4.7,32.9,not vaccinated,hair loss,dandruff,darkened skin,crusting of the skin,ulcerated skin
dog,mixed breed,8.9,31.7,no previous conditions,lethargy,weakness,watery faeces,weight loss,vomiting
dog,beagle,5.4,27.9,skin conditions history,fever,excession salivation,abnormal conformation,ulcerated muscle,ulcerated ear
dog,rottweiler,8.6,34.1,skin conditions history,weight loss,anorexia,vomiting,diarrhea,fever
dog,beagle,5.2,15.0,previous heart condition,vomiting,vomiting,weight loss,weakness,vomiting
dog,yorkshire terrier,9.8,7.4,parasite history,weight loss,shallow breathing,anorexia,weight loss,pain
dog,german shepherd,12.4,40.6,skin conditions history,lethargy,weakness,anorexia,fever,vomiting
dog,bulldog,11.2,21.8,previous kidney disease,coughing,coughing,sneezing,nostrils,anorexia
dog,boxer,2.0,28.8,parasite history,vomiting,anorexia,anorexia,anorexia,vomiting
dog,poodle,13.3,6.1,no previous conditions,lethargy,pain,weakness,sneezing,sneezing
dog,boxer,5.6,22.8,skin conditions history,diarrhea,vomiting,dry air,lethargy,fever
dog,bulldog,5.5,23.0,previous kidney disease,anorexia,gasping,fever,vomiting,vomiting
dog,poodle,11.1,7.6,chronic illness,anorexia,recumbency,diarrhea with muscus,lethargy,lethargy
dog,bulldog,5.9,25.2,parasite history,fever,loss of appetite,lameness,rump,weight loss
dog,yorkshire terrier,5.6,3.0,vaccinated,coughing,vomiting,decreased appetite,anorexia,weight loss
dog,boxer,11.7,16.1,skin conditions history,diarrhea,sneezing,diarrhea,coughing,anorexia
dog,rottweiler,1.5,38.3,recent surgery,mummification,abortion,stillbirth,weak kids,pain
dog,golden retriever,9.2,37.4,previous heart condition,weight loss,coughing,sweats,anorexia,lethargy
dog,bulldog,3.7,24.6,chronic illness,fever,diarrhea,vomiting,blood from mouth,shock
dog,bulldog,9.9,20.1,allergies,bluish white opacity,vomiting,weakness,coughing,lethargy
dog,german shepherd,6.7,45.0,chronic illness,distinctive bumps,fever,pain,sneezing,ulcerated ear
dog,german shepherd,8.2,35.8,no previous conditions,lethargy,diarrhea,sneezing,weight loss,anorexia
dog,beagle,13.8,29.0,no previous conditions,stop eating,stop drinking,change their normal behaviour,lameness,pains
dog,bulldog,1.9,28.6,chronic illness,coughing,paresis,legness,weight loss,shortness of breath
dog,bulldog,7.3,19.4,parasite history,raw,vomiting,stomach  cramps,pain,vomiting
dog,beagle,9.1,28.5,skin conditions history,stripped remiges,less feather growth,ruffled feathers,defienciency in vitamin,diarrhea
dog,bulldog,7.0,27.7,not vaccinated,coughing,weight loss,coughing,lethargy,stumbling
dog,mixed breed,12.3,10.9,recent surgery,fever,diarrhea,poor appetite,weight loss,vomitting
dog,yorkshire terrier,14.5,4.2,not vaccinated,diarrhea,reduced appetite,lethargy,pain,sneezing
dog,labrador retriever,5.8,34.3,vaccinated,diarrhea,fever,loss in weight,fever,anorexia
dog,rottweiler,13.9,42.8,not vaccinated,lethargy,swelling,loss of appetite,nasal discharge,blindness
dog,mixed breed,11.5,20.9,not vaccinated,pain,weakness,weight loss,raised growth or bump,weakness
dog,bulldog,8.6,23.6,previous heart condition,weakness,coughing,diarrhea,pain,fever
dog,rottweiler,12.7,32.6,allergies,diarrhea,sneezing,weakness,pain,anorexia
dog,boxer,6.4,19.4,not vaccinated,papules appear on teats anad udder,slightly swollen,milky hard,lession on the skin,fever
dog,rottweiler,14.5,40.8,parasite history,fever,swelling of face or leg,poor appetite,depression,pains
dog,poodle,7.7,3.0,no previous conditions,diarrhea,excess sleeping,weight loss,anorexia,radip onset
dog,bulldog,13.3,25.9,chronic illness,fever,difficulty breathing,coughing,eye and skin change,unable to exercise
dog,rottweiler,8.7,39.6,no previous conditions,vomiting,lethargy,coughing,weight loss,neck paralysis
dog,bulldog,11.7,21.6,parasite history,lethargy,vomiting,sneezing,wheezing,pyrexia
dog,german shepherd,8.9,32.7,not vaccinated,fever,anorexia,lethargy,sneezing,diarrhea
dog,german shepherd,14.6,45.0,vaccinated,diarrhea,weight loss,pain,diarrhea,pain
dog,german shepherd,5.8,39.5,skin conditions history,wound,fever,smell of ammonia,weight loss,anorexia
dog,rottweiler,9.9,31.1,vaccinated,fever,fever,anorexia,anorexia,fever
dog,bulldog,0.5,24.4,vaccinated,anorexia,pain,lightheadedness,sneezing,fever
dog,golden retriever,4.6,33.1,no previous conditions,swelling of eye,sneezing,pain,sneezing,red and inflammation ear
dog,golden retriever,6.2,38.7,parasite history,pain,vomiting,diarrhea,lethargy,anorexia
dog,boxer,6.0,17.5,not vaccinated,fever,slightly swollen,lession on the skin,milky hard,papules appear on teats anad udder
dog,boxer,14.6,22.8,dental issues,fever,dull,hind quarted soil,animal stop feed,decrease in milk production
dog,labrador retriever,1.3,30.9,skin conditions history,abortion at the end of gestation,join pains,fatigue,swelling of internal organs,weak calves
dog,boxer,14.1,21.1,chronic illness,fever,weakened legs,los of the ability to walk,mammary glads,fluif filled blisters
dog,beagle,13.6,20.9,previous heart condition,fever,swelling,lameness,heat,pains
dog,yorkshire terrier,10.6,5.1,skin conditions history,fetopelvic dispropotion,uteria inertia,malpresentation,death,pains
dog,golden retriever,11.9,30.8,previous heart condition,diarrhea,weakness,weight loss,ulcerated skin,weakness
dog,german shepherd,8.3,32.0,vaccinated,fever,sour throat,mortality,muscle aches,abnormalities
dog,german shepherd,8.0,25.5,not vaccinated,walking problem,pain,sneezing,skinallergy,coughing
dog,mixed breed,13.2,33.1,vaccinated,hair loss,dandruff,vomiting,crusting of the skin,ulcerated skin
dog,mixed breed,1.5,31.1,no previous conditions,nosebleed,trauma,mild weakness,nose picking,dry air
dog,mixed breed,1.7,22.9,chronic illness,eye discharges,nasal discharge,change their normal behaviour,high body temperature,lameness
dog,yorkshire terrier,7.9,6.3,previous heart condition,fever,salivation,lack of coordination,facial paralysis,depression
dog,labrador retriever,0.8,43.4,not vaccinated,excessive eye watering,eye redness,weakness,mucus discharge from the eye,frequent eye infections
dog,golden retriever,4.4,38.1,vaccinated,weakness,blood in faces,pain,coughing,sneezing
dog,german shepherd,11.8,23.0,dental issues,jaundice,hemolytic anemia,hemoglobinuria,pulmonary congestion,fever
dog,poodle,11.9,7.1,no previous conditions,sneezing,throat and ear pain,diarrhea,weight loss,weakness
dog,labrador retriever,9.0,36.0,not vaccinated,skinallergy,anorexia,diarrhea,weight loss,emaciation
dog,german shepherd,9.6,40.2,no previous conditions,diarrhea,vomiting,pain,diarrhea,lethargy
dog,yorkshire terrier,12.1,6.4,previous heart condition,fever,anorexia,weakness,exhaustion,vomiting
dog,beagle,6.7,25.5,recent surgery,strong cough,runny nose,darkened skin,lethargy,loss of appettite
dog,german shepherd,5.4,37.2,not vaccinated,pain,diarrhea,vomiting,anorexia,pain
dog,boxer,8.8,28.4,allergies,inflammation,discomfort,kicking at the belly,urine infection,pains
dog,labrador retriever,9.1,32.1,parasite history,loss of appetite,loss in weight,emaciation,diarrhoea,weakness
dog,labrador retriever,4.1,38.1,allergies,vomiting,lethargy,blood in urine,bleeding in eye and skin,diarrhea
dog,mixed breed,5.2,8.0,not vaccinated,fluffed feathers,pain,asymptomatic,pain,pain
dog,golden retriever,3.4,45.0,recent surgery,fever,weakness,anorexia,diarrhea,salivating
dog,poodle,6.7,8.5,recent surgery,pain,enteritis,diarrhea,weakness,weakness
dog,beagle,2.3,24.4,vaccinated,fetopelvic dispropotion,uteria inertia,malpresentation,death,pains
dog,beagle,0.8,23.8,previous heart condition,diarrhea,lethargy,pain,vomiting,coughing
dog,labrador retriever,2.5,38.3,skin conditions history,oedema,swelling of face or leg,swelling of neck,weight loss,pain
dog,golden retriever,10.2,37.0,not vaccinated,discharge from eyes,redness of eye,blindness,scartches,pains
dog,labrador retriever,7.7,38.7,vaccinated,papules appear on teats anad udder,anorexia,pain,lethargy,hepatitis
dog,poodle,8.8,6.0,dental issues,fever,swelling of face or leg,depression,coughing,pains
dog,poodle,10.6,5.6,vaccinated,weight loss,fever,weight loss,lethargy,dry scabs
dog,golden retriever,6.1,42.3,previous heart condition,cough,sneeze,droopy wings,twisted neck,droopy wings
dog,rottweiler,13.6,31.0,dental issues,wasting,anorexia,weakness,moist,sneezing
dog,beagle,5.7,28.4,skin conditions history,fever,excession salivation,abnormal conformation,ulcerated muscle,ulcerated ear
dog,labrador retriever,7.8,43.3,skin conditions history,thick crusting,itchiness,hair loss,watery eye,pain
dog,yorkshire terrier,9.2,8.3,allergies,rapid heart rate,anorexia,weakness,diarrhea,diarrhea
dog,boxer,9.0,16.6,skin conditions history,grinding of teeth,ataxia,blindness,listless,difficulty in walking
dog,beagle,12.1,15.0,dental issues,weakness,puffed_up feather,anorexia,weakness,coughing
dog,boxer,11.2,21.3,not vaccinated,lethargy,weight loss,coughing,fever,pain
dog,mixed breed,9.5,12.9,chronic illness,apathy,depression,dilation of duodenum,cloacal pasting,congestion
dog,labrador retriever,6.6,27.6,not vaccinated,sneezing,vomiting,sweat,fever,weakness
dog,mixed breed,5.8,10.1,recent surgery,abdominal pain,diarrhea,malpresentation,shock,anorexia
dog,beagle,9.5,25.1,previous heart condition,cough,sneeze,droopy wings,twisted neck,droopy wings
dog,boxer,3.3,22.6,parasite history,fever,difficulty breathing,reduce energy,weight loss,enlarged lymph nodes or swelling
dog,yorkshire terrier,9.7,6.0,previous heart condition,lethargy,weakness,pain,vomiting,lepatomegaly
dog,poodle,5.7,7.2,previous kidney disease,red on affected area,horny growth,wart-like growth,red skin,lesions on ear
dog,german shepherd,10.6,39.8,previous kidney disease,fever,depression,lameness in affected leg,rapid pulse and heart rates,loss of appetite
dog,beagle,9.8,21.3,previous kidney disease,pain,slow growth,weakness,vomiting,fever
dog,bulldog,10.4,21.9,no previous conditions,weight loss,fever,sneezing,high moratality,vomiting
dog,german shepherd,5.7,22.9,not vaccinated,ulcerated skin,darkened skin,crusting of the skin,dandruff,hair loss
dog,labrador retriever,6.5,33.3,not vaccinated,vomiting,bloody diarrhea,lethargy,dehydration,anorexia
dog,yorkshire terrier,9.2,9.0,skin conditions history,excessive eye watering,eye redness,weakness,mucus discharge from the eye,frequent eye infections
dog,bulldog,5.6,17.0,allergies,reluctant move,loss of appetite,lameness,death,weakness
dog,golden retriever,7.2,33.9,not vaccinated,fetopelvic dispropotion,uteria inertia,malpresentation,death,pains
dog,rottweiler,4.3,42.7,previous kidney disease,sneezing,fever,vomiting,anorexia,weight loss
dog,poodle,1.1,6.5,chronic illness,vomiting,vomiting,wheezing,sneezing,weakness
dog,mixed breed,0.9,39.9,parasite history,vomiting,anorexia,pain,lethargy,vomiting
dog,mixed breed,13.4,22.0,recent surgery,fetopelvic dispropotion,uteria inertia,malpresentation,death,pains
dog,bulldog,2.7,22.4,previous heart condition,weight loss,lethargy,fever,pain,sneezing
dog,mixed breed,1.3,11.0,not vaccinated,stop eating,stop drinking,change their normal behaviour,diarrhea,pains
dog,bulldog,10.1,23.9,recent surgery,vomiting,muscle aches,weight loss,pain,change in milk
dog,boxer,4.9,18.6,recent surgery,diarrhea with muscus,tensemus,watery stool,flatulence,pains
dog,yorkshire terrier,10.6,7.9,parasite history,weakness,consistency of milk,weight loss,coughing,high temperature
dog,bulldog,10.6,15.6,parasite history,weight loss,vomiting,wound lesion,muscles ache,sneezing
dog,beagle,0.5,30.0,previous kidney disease,weight loss,fever,dribbling of saliva,fever,pain
dog,labrador retriever,4.7,37.7,skin conditions history,lllthrift,weight loss,lameness,swelling on thebody,skin lesion
dog,poodle,1.6,6.6,no previous conditions,sneezing,vomiting,weakness,sneezing,wool loss
dog,poodle,5.7,6.1,no previous conditions,lethargy,noisy breathing,kicking at the belly,vomiting,pain
dog,beagle,5.8,19.8,allergies,coughing,hydrophobia,anorexia,anorexia,weakness
dog,yorkshire terrier,14.8,4.6,vaccinated,indigestion,abdminal pain,constipation,diarrhea,nausea
dog,golden retriever,9.3,41.4,allergies,fatty stool,diarrhea,vomiting,weight loss,pain
dog,boxer,2.7,23.2,chronic illness,weight loss,pox lession on skin,fever,dandruff in cat coat,fever
dog,bulldog,6.5,17.0,vaccinated,fever,distress,trembling,staggering,convulsion
dog,golden retriever,2.6,32.8,recent surgery,fever,dark colored bloody,incoordination,difficulty in breathing,terminal convulsion
dog,poodle,0.8,6.7,previous heart condition,sneezing,loss of appetite,lethargy,coughing,sneezing
dog,rottweiler,2.6,25.0,previous kidney disease,weight loss,lymphosarcoma,weakness,anorexia,anorexia
dog,golden retriever,4.1,33.3,no previous conditions,high body temperature,bleeding from other parts of the body,signs in rams,seizuers,fever
dog,beagle,2.9,22.7,vaccinated,weight loss,weakness,fever,coughing,vomiting
dog,poodle,14.3,4.7,vaccinated,headache,vomiting,sneezing,sneezing,weakness
dog,boxer,8.3,16.2,recent surgery,fever,dark colored bloody,incoordination,difficulty in breathing,terminal convulsion
dog,bulldog,13.8,23.6,allergies,fever,difficulty breathing,coughing,eye and skin change,unable to exercise
dog,bulldog,2.8,15.2,allergies,loss of appetite,watery diarrhea dispropotion,death,corneal ulceration,sick
dog,beagle,1.5,18.4,dental issues,tremor,coughing,viability,weight loss,anorexia
dog,labrador retriever,14.3,29.5,vaccinated,dejection,loss of appetite,stress,coughing,pains
dog,german shepherd,5.9,27.1,not vaccinated,sneezing,distended stomach,weight loss,coughing,fever
dog,rottweiler,12.7,42.9,recent surgery,vomiting,anorexia,coughing,neck paralysis,sneezing
dog,beagle,4.0,19.5,chronic illness,pain,weight loss,diarrhea,lethargy,diarrhea
dog,yorkshire terrier,9.3,6.0,previous kidney disease,diarrhea,lethargy,pain,itching,stumbling
dog,boxer,11.1,18.7,vaccinated,pyrexia,oral lesion,swelling,lameness,death
dog,yorkshire terrier,13.2,5.0,chronic illness,blindness,swelling,nasal discharge,loss of appetite,lethargy
dog,poodle,0.5,6.7,allergies,fever,pain,weight loss,groosly enlarged,coughing
dog,bulldog,1.8,28.7,chronic illness,legness,coughing,shortness of breath,paresis,weight loss
dog,rottweiler,9.2,38.2,dental issues,diarrhea,weight loss,weight loss,sneezing,fever
dog,labrador retriever,6.6,39.5,skin conditions history,lethargy,weight loss,weight loss,coughing,weakness
dog,labrador retriever,13.9,28.9,previous heart condition,dejection,loss of appetite,stress,coughing,pains
dog,labrador retriever,5.2,41.4,skin conditions history,lllthrift,skin lesion,lameness,swelling on thebody,weight loss
dog,rottweiler,8.0,24.8,not vaccinated,balance problem,abdominal destention,neck paralysis,weight loss,pains
dog,labrador retriever,11.1,45.0,previous kidney disease,skin color change,crusty,scaly skin,irritation,blister
dog,golden retriever,11.6,38.0,recent surgery,pink eye,difficulty in rising,vomiting,pain,difficulty in breathing
dog,boxer,8.3,15.8,recent surgery,terminal convulsion,dark colored bloody,difficulty in breathing,fever,incoordination
dog,yorkshire terrier,0.5,6.0,previous heart condition,red and inflammation ear,anorexia,weakness,anorexia,weight loss
dog,labrador retriever,6.7,28.1,chronic illness,vomiting,bloody diarrhea,lethargy,dehydration,anorexia
dog,boxer,10.7,17.7,dental issues,pyrexia,oral lesion,swelling,lameness,death
dog,poodle,6.1,5.5,parasite history,weakness,anorexia,partial paralysis,diarrhea,fever
dog,mixed breed,10.4,9.6,recent surgery,fever,weakened legs,los of the ability to walk,weight loss,lameness
dog,rottweiler,10.5,39.3,parasite history,redness on ear,foul smelling,vomiting,sneezing,fever
dog,labrador retriever,10.3,35.4,allergies,diarrhea,straining,fever,drooping wings,nasal discharge
dog,yorkshire terrier,1.6,3.9,previous heart condition,fever,difficulty breathing,lethargy,sneezing,thrist and urination
dog,labrador retriever,15.1,23.9,dental issues,swollen lymph nodes,difficulty walking,back pain,lethargy,vaginal discharge
dog,mixed breed,15.0,11.6,dental issues,sneezing,weight loss,poor appetite,lethargy,anorexia
dog,boxer,3.4,22.4,previous heart condition,sneezing,fever,very cold skin,anorexia,exhaustion
dog,german shepherd,2.5,25.0,dental issues,pain,diarrhea,anaemia,coughing,coughing
dog,golden retriever,6.4,37.1,allergies,enlarged lymph nodes or swelling,skin ulcer,sneezing,fever,fever
dog,poodle,13.2,3.3,recent surgery,fever,sneezing,weight loss,anorexia,weight loss
dog,bulldog,10.1,21.1,skin conditions history,blindness,egg production decreases,stunted growth,distinctive bumps,facial swelling
dog,rottweiler,1.5,31.0,recent surgery,severe kerititis,conjunctive,discharge,iris prolapse,loss of eye
dog,mixed breed,13.6,15.5,skin conditions history,lethargy,back pain,vaginal discharge,difficulty walking,swollen lymph nodes
dog,boxer,12.7,20.5,skin conditions history,nosebleed,trauma,mild weakness,nose picking,dry air
dog,rottweiler,10.4,29.6,skin conditions history,lesions in the nasal cavity,lesions on nose,nose bleeds,noisy breathing,lesions on nose
dog,mixed breed,2.9,25.3,parasite history,coughing,anorexia,vomiting,pain,weight loss
dog,poodle,2.6,8.3,previous kidney disease,fever,diarrhea,coughing,lethargy,blue eye
dog,bulldog,7.7,23.0,allergies,weight loss,coughing,sneezing,diarrhea,diarrhea
dog,mixed breed,9.8,11.6,parasite history,pain,swollen left abdomen,lethargy,diarrhea,weight loss
dog,mixed breed,14.1,21.2,no previous conditions,weakness,coughing,vomiting,weakness,pain
dog,boxer,4.5,29.1,no previous conditions,eye and skin change,coughing,difficulty breathing,fever,unable to exercise
dog,beagle,0.5,25.7,chronic illness,pain,pain,tail wagging,dark colored bloody,weight loss
dog,beagle,10.9,26.1,vaccinated,fever,coughing,anorexia,lethargy,neck vein swelling
dog,beagle,9.9,15.3,skin conditions history,sneezing,lesions on ear,lethargy,anorexia,fever
dog,boxer,6.0,16.4,dental issues,weakness,fever,vomiting,coughing,anorexia
dog,mixed breed,6.5,6.7,vaccinated,swelling,nasal discharge,drooling,tiredness,fever
dog,mixed breed,6.3,19.4,parasite history,sneezing,lethargy,weakness,lllthrift,weakness
dog,yorkshire terrier,7.4,4.1,no previous conditions,weakness,stiffness,trembling,white mark on the muscle,loss of vitamin e
dog,boxer,12.5,22.7,chronic illness,swelling,heat,flank,pain,nasal discharge
dog,mixed breed,2.1,5.9,dental issues,hemopytsis,diarrhea,asymptomatic,death,epistaxis
dog,mixed breed,8.6,7.0,no previous conditions,difficulty in feeding,preening,weakness,beak overgrowth,anemia
dog,rottweiler,1.4,35.5,dental issues,loss of appetite,diarrhea,weight loss,inability to absorb nutrients,ruffled feathers
dog,labrador retriever,2.8,39.9,previous heart condition,stiff,vomiting,lethargy,fever,weight loss
dog,golden retriever,7.2,27.5,dental issues,fever,uncharacteristic hiding,depression,dehydration,stopped eat
dog,poodle,5.9,5.5,no previous conditions,fever,fever,anorexia,pain,lethargy
dog,poodle,3.4,5.6,vaccinated,weakness,lethargy,sneezing,blue eye,anorexia
dog,labrador retriever,4.9,43.2,no previous conditions,nausea,loss of appetite,vomiting,firm,distended stomach
dog,beagle,1.3,16.9,dental issues,tremor,viability,coughing,anorexia,weight loss
dog,rottweiler,1.2,26.6,chronic illness,upset stomach,diarrhea,vomiting,muscle pain,muscle stiffness
dog,boxer,0.9,25.4,no previous conditions,puffed_up feather,less eat,headache,half-closed eye,seizures
dog,poodle,13.5,6.6,no previous conditions,rapid heartbeats,lack of vocalizations,sudden death,fluffed feathers,loss of appetite
dog,mixed breed,6.8,23.3,previous heart condition,dullness,lacrimation,coughing,diarrhea,seizures
dog,golden retriever,4.6,36.9,recent surgery,vomiting,lethargy,sneezing,weight loss,pain
dog,german shepherd,5.8,28.2,dental issues,balance problem,abdominal destention,neck paralysis,weight loss,pains
dog,mixed breed,1.5,26.1,skin conditions history,decreased eyelid,very cold skin,lethargy,lip,fever
dog,boxer,0.9,24.0,chronic illness,swollen,red-colored,hot udder,milk getting out more watery,milk getting out more thick
dog,german shepherd,7.8,34.9,no previous conditions,shortness of breath.,fatigue,chirping,loss of appetite,swollen abdomen
dog,labrador retriever,5.4,38.7,vaccinated,diarrhea with muscus,tensemus,watery stool,flatulence,pains
dog,labrador retriever,4.7,37.1,recent surgery,diarrhea,coughing,stomach  cramps,muscular spasms,fever
dog,labrador retriever,5.1,27.6,not vaccinated,stomatitis,less eat,weakness,anorexia,lethargy
dog,poodle,8.7,6.5,not vaccinated,fever,death,coughing,dyspnea,anorexia
dog,golden retriever,9.5,41.9,allergies,vomiting,weight loss,diarrhea,pain,fatty stool
dog,mixed breed,9.3,10.0,recent surgery,lameness,weakened legs,fever,weight loss,los of the ability to walk
dog,mixed breed,1.6,28.5,no previous conditions,nosebleed,trauma,mild weakness,nose picking,dry air
dog,rottweiler,5.8,22.9,skin conditions history,diarrhea,stomach cramps,paresis,weakness,paralysis
dog,labrador retriever,6.9,32.5,no previous conditions,pain,weight loss,sneezing,pain,lethargy
dog,bulldog,7.7,19.2,skin conditions history,fever,dull,hind quarted soil,animal stop feed,decrease in milk production
dog,boxer,10.6,18.8,chronic illness,weakness,muscle twiching,weakness,pain,weak calves
dog,german shepherd,9.0,32.5,previous heart condition,sneezing,diarrhea,fever,weight loss,sneezing
dog,mixed breed,10.8,27.3,parasite history,edema in lower jaw,extreme thirst,lethargy,anorexia,flat ribs
dog,boxer,5.5,30.0,allergies,swelling of udder,change in milk,swollen,tender to touch,pain
dog,boxer,6.2,30.0,previous kidney disease,vomiting,weight loss,fever,folded ears,fever
dog,yorkshire terrier,10.7,6.6,not vaccinated,upset stomach,loss of appetite,nause,weight loss,abdonormal pain
dog,poodle,9.9,2.9,chronic illness,diarrhea,anaemia,upset stomach,weight loss,coughing
dog,mixed breed,9.8,31.6,dental issues,extending its neck,gasping for air,gasping for breath,difficulty swallowing,gasping for breath
dog,bulldog,5.9,23.9,chronic illness,discharge from eyes,lethargy,coughing,sneezing,fatique
dog,beagle,5.8,22.5,not vaccinated,lethargy,severe headache,anorexia,weakness,anorexia
dog,rottweiler,0.5,32.7,recent surgery,sneezing,closed eyes,stopped eat,diarrhea,excess salivation
dog,golden retriever,15.6,27.2,recent surgery,fever,loss of appetite,rapid pulse and heart rates,lameness in affected leg,depression
dog,labrador retriever,8.8,34.9,not vaccinated,enlarged thymus,obstructed lungs,lethargy,skin rashes,weight loss
dog,beagle,3.4,14.5,no previous conditions,labored breathing,dyspnea,coughing,depression,anorexia
dog,german shepherd,10.0,33.3,dental issues,vomiting,panting,weakness,weight loss,weight loss
dog,labrador retriever,3.8,35.1,recent surgery,coughing,lethargy,ring shaped lesion,sneezing,loss of powder down
dog,beagle,6.7,17.4,skin conditions history,swollen purple wattle,lethargy,fever,fever,nervousness
dog,beagle,2.0,26.5,chronic illness,change their normal behaviour,pains,stop eating,weight loss,stop drinking
dog,labrador retriever,1.1,44.9,chronic illness,pain,diarrhea,weakness,vomiting,diarrhea
dog,rottweiler,1.0,34.2,recent surgery,fever,coughing,weight loss,weight loss,anorexia
dog,german shepherd,15.0,38.5,no previous conditions,vomiting,vomiting,fleece become thin,vomiting,fever
dog,rottweiler,9.7,36.6,recent surgery,ulcers,diarrhea,poor appetite,tarry stool,enlarged lymph nodes
dog,beagle,7.3,28.7,recent surgery,anorexia,fever,coughing,sneezing,lethargy
dog,bulldog,0.7,18.5,dental issues,pain,self mutilation,weightloss,fever,pain
dog,rottweiler,8.9,45.0,chronic illness,diarrhea,weakness,coughing,coughing,difficulty in breathing
dog,beagle,8.2,15.0,not vaccinated,vomiting,sneezing,sneezing,coughing,sneezing
dog,bulldog,4.1,16.7,recent surgery,sneezing,weight loss,fever,lethargy,weakness
dog,poodle,5.4,8.9,parasite history,pain,blood in stool,lethargy,pain,diarrhea
dog,labrador retriever,4.4,34.2,no previous conditions,nausea,loss of appetite,vomiting,firm,distended stomach
dog,rottweiler,15.0,41.6,vaccinated,diarrhea,anorexia,swollen teats,sneezing,lethargy
dog,mixed breed,1.2,6.0,previous kidney disease,constant pacing,facial muscle twitching,abnormalalities,blindness,muscle pain
dog,mixed breed,1.0,9.8,parasite history,fever,depression,small intestines,death,flock moratality
dog,beagle,3.3,15.8,skin conditions history,itches,swollen,bloody discharge,testical pain,tenderness
dog,mixed breed,1.6,25.4,skin conditions history,decreased eyelid,very cold skin,lethargy,lip,fever
dog,german shepherd,8.4,38.0,recent surgery,head tossing,wool loss,fast breathing,bleeding wounds,skin issue
dog,mixed breed,2.8,23.5,chronic illness,decreased milk,holding limbs off the ground,weight loss,lameness,wool production
dog,mixed breed,13.7,13.8,skin conditions history,foul smelling,dullness,dirty,stained wool,tail shaking
dog,boxer,14.4,15.2,skin conditions history,facial swelling,bloody drool,foul breath,unable to eat,lossened teeth
dog,bulldog,12.3,20.1,previous kidney disease,loss of appetite,fever,depression,nasal discharge,ear infection
dog,poodle,4.6,8.7,not vaccinated,loss od appetite,wheezing,seizuers,skin rashes,fatique
dog,yorkshire terrier,4.0,8.0,dental issues,weakness,lession on cat skin,kicking,sneezing,sweats
dog,yorkshire terrier,4.6,8.3,dental issues,heavy breathing,yellow in beak,tail_bobbing,weakness,sleeping excessively
dog,german shepherd,14.4,33.7,recent surgery,diarrhea,coughing,fever,pains,tiredness
dog,bulldog,4.2,19.3,vaccinated,fever,sour throat,mortality,muscle aches,abnormalities
dog,beagle,1.4,14.1,vaccinated,tremor,viability,coughing,anorexia,weight loss
dog,mixed breed,1.0,11.2,parasite history,flock moratality,small intestines,death,fever,depression
dog,labrador retriever,11.0,36.2,dental issues,weight loss,coughing,weight loss,anorexia,coughing
dog,mixed breed,7.9,15.2,skin conditions history,facial edema,dyspnea,conjuctivtis,weakness,pharyngitis
dog,golden retriever,7.3,37.9,allergies,diarrhea,pain,weight loss,anorexia,weight loss
dog,labrador retriever,14.5,37.4,vaccinated,restlessness,weakness,blue straws,death,pain
dog,beagle,1.7,17.1,allergies,fever,loss of  appetite,reduce energy,lameness,swelling of joints
dog,bulldog,9.6,16.8,vaccinated,sneezing,fever,lethargy,coughing,difficulty breathing
dog,rottweiler,7.7,34.0,chronic illness,diarrhea,diarrhea,anorexia,muscular stiffness,weight loss
dog,labrador retriever,9.5,32.8,not vaccinated,enlarged thymus,obstructed lungs,lethargy,skin rashes,weight loss
dog,poodle,13.8,7.6,not vaccinated,anorexia,diarrhea,pain,vomiting,pain
dog,boxer,12.2,24.1,no previous conditions,swelling,heat,flank,pain,nasal discharge
dog,boxer,8.7,30.9,allergies,kicking at the belly,pains,discomfort,inflammation,urine infection
dog,mixed breed,11.6,29.6,dental issues,coughing,fever,muscles problem,muscle aches,weight loss
dog,golden retriever,0.6,41.6,not vaccinated,discomfort,diarrhea,dry or dull hair,grinding teeth,pain
dog,labrador retriever,4.7,34.3,chronic illness,loss of appetite,firm,vomiting,nausea,distended stomach
dog,german shepherd,10.0,27.7,skin conditions history,fever,pox lesion,respiratory distress,nasal discharge,pain
dog,labrador retriever,9.9,38.6,dental issues,anorexia,pain,fever,sneezing,redness
dog,poodle,1.8,7.1,no previous conditions,vomiting,swollen,splenomegaly,lepatomegaly,shaking oh head
dog,german shepherd,9.1,45.0,parasite history,fever,diarrhea,bloody droping,abdominal discomfort,lethargy
dog,mixed breed,4.6,9.8,allergies,excitability,loss of appetite,weakness,nervousness,hyper sensitivity
dog,yorkshire terrier,6.5,7.7,not vaccinated,upset stomach,pain,stress,weakness,seizures
dog,beagle,8.0,25.6,vaccinated,pain,vomiting,coughing,weakness,pain
dog,yorkshire terrier,10.8,6.4,parasite history,fever,dyspnea,coughing,lethargy,weightloss
dog,german shepherd,13.3,41.1,recent surgery,fever,sneezing,weight loss,coughing,vomiting
dog,mixed breed,6.0,35.0,skin conditions history,neurologic abnormalities,fever,legness,diarrhea,vomiting
dog,german shepherd,9.4,31.8,previous heart condition,stop eating,stop drinking,change their normal behaviour,depression,pains
dog,german shepherd,10.2,26.0,dental issues,difficulty in breathing,swollen abdomen,fever,diarrhea,vomiting
dog,poodle,2.6,5.5,recent surgery,weakness,diarrhoea,sneezing,sneezing,gasping
dog,boxer,9.6,25.7,skin conditions history,coughing,edema in lower jaw,shivering,anemia,emaciation
dog,boxer,7.1,18.6,recent surgery,drooling,pain,vomiting,vomiting,weight loss
dog,poodle,7.7,10.7,dental issues,stomach cramps,fever,nausea,vomiting,diarrhea
dog,boxer,15.3,23.4,dental issues,fever,decrease in milk production,animal stop feed,dull,hind quarted soil
dog,german shepherd,10.1,37.5,previous kidney disease,stumbling,sneezing,fever,diarrhea,lethargy
dog,beagle,9.6,21.8,dental issues,coughing,anorexia,coughing,anorexia,weight loss
dog,mixed breed,15.4,30.1,chronic illness,crusting of the skin,vomiting,dandruff,hair loss,ulcerated skin
dog,poodle,8.2,7.9,vaccinated,anorexia,vomiting,stop eating,reduce lamp marking,pain
dog,rottweiler,10.0,38.5,recent surgery,ulcers,diarrhea,poor appetite,tarry stool,enlarged lymph nodes
dog,golden retriever,8.5,23.4,skin conditions history,weight loss,vomiting,blindness,diarrhea,straining
dog,yorkshire terrier,0.5,3.1,dental issues,coughing,pain,pain,vomiting,vomiting
dog,golden retriever,12.1,31.2,vaccinated,weight loss,sneezing,pain,weight loss,vomiting
dog,golden retriever,8.9,36.0,skin conditions history,weakness,uncharacteristic hiding,vomiting,vomiting,obscure lameness
dog,golden retriever,9.9,29.5,skin conditions history,blindness,vomiting,straining,weight loss,diarrhea
dog,golden retriever,12.1,40.4,recent surgery,fever,sneezing,coughing,facial swelling,fever
dog,labrador retriever,6.3,45.0,dental issues,diarrhea with muscus,tensemus,watery stool,flatulence,pains
dog,beagle,7.9,18.0,no previous conditions,weight loss,vomiting,vomiting,muscular stiffness,lethargy
dog,boxer,13.4,28.0,allergies,diphtherictic,yellow eye,fever,sneezing,difficultty in breathing
dog,german shepherd,8.1,35.0,previous kidney disease,sneezing,extension of neck,coughing,pain,lethargy
dog,boxer,10.3,17.4,no previous conditions,listless,difficulty in walking,grinding of teeth,blindness,ataxia
dog,rottweiler,15.6,41.9,dental issues,loss od appetite,wheezing,seizuers,skin rashes,fatique
dog,yorkshire terrier,6.1,5.4,not vaccinated,gastritis,weakness,acting aggressive,lethargy,watery eyes
dog,bulldog,12.8,24.9,allergies,pain,stomach cramps,ulcerated muscle,vomiting,coughing
dog,mixed breed,14.5,34.6,recent surgery,dullness,lacrimation,coughing,diarrhea,seizures
dog,labrador retriever,1.5,37.5,dental issues,cough,gasping for air,weight loss,gasping for breath,extending its neck
dog,boxer,0.9,24.4,chronic illness,swollen,red-colored,hot udder,milk getting out more watery,milk getting out more thick
dog,poodle,6.1,6.4,no previous conditions,fever,tiredness,headache,skin rashes,pain
dog,beagle,5.3,19.4,previous kidney disease,diarrhea,vomiting,outstretched neck,pain,diarrhea
dog,labrador retriever,14.6,25.4,dental issues,swollen lymph nodes,difficulty walking,back pain,lethargy,vaginal discharge
dog,mixed breed,6.7,11.5,parasite history,sneezing,weight loss,anorexia,paralysis,weakness
dog,mixed breed,1.1,10.8,previous heart condition,fever,depression,small intestines,death,flock moratality
dog,boxer,15.8,23.2,parasite history,hind quarted soil,dull,animal stop feed,decrease in milk production,fever
dog,boxer,14.5,18.8,chronic illness,fever,weakened legs,los of the ability to walk,mammary glads,fluif filled blisters
dog,yorkshire terrier,0.5,7.8,recent surgery,vomiting,vomiting,egg production decreases,lesions on ear,sneezing
dog,yorkshire terrier,5.4,3.8,parasite history,change in gait,diarrhea,vomiting,coughing,sneezing
dog,yorkshire terrier,5.7,6.8,recent surgery,fever,mild sneezing,coughing,nasal,ocular discharge
dog,yorkshire terrier,2.4,5.9,recent surgery,vomiting,diarrhea,sneezing,excession salivation,diarrhea
dog,labrador retriever,3.1,25.0,dental issues,vomiting,sneezing,vomiting,weight loss,sneezing
dog,yorkshire terrier,8.8,9.0,not vaccinated,eye become dull,lethargy,painfull,pain,diarrhea
dog,bulldog,3.5,22.1,not vaccinated,fever,diarrhea,vomiting,blood from mouth,shock
dog,labrador retriever,8.4,25.1,skin conditions history,lameness,coughing,coughing,sneezing,coughing
dog,labrador retriever,6.3,25.7,no previous conditions,vomiting,lethargy,weakness,pain,pain
dog,yorkshire terrier,5.2,5.2,no previous conditions,coughing,vomiting,fever,lethargy,fever
dog,german shepherd,13.5,38.6,previous kidney disease,restlessness,weakness,blue straws,death,pain
dog,mixed breed,6.1,24.3,previous heart condition,lacrimation,dullness,seizures,coughing,diarrhea
dog,mixed breed,2.4,11.5,skin conditions history,barren ewes,abortion,poor conformation,hairy fleeces,weight loss
dog,german shepherd,3.2,37.0,no previous conditions,retained placenda,weakness,weakness,weakness,coughing
dog,labrador retriever,7.1,33.9,chronic illness,lethargy,pain,pain,tarry stool,pain
dog,beagle,12.2,27.4,recent surgery,ulcers,diarrhea,back pain,tarry stool,enlarged lymph nodes
dog,mixed breed,7.2,9.6,allergies,diarrhea with muscus,tensemus,nose bleeds,flatulence,pains
dog,poodle,2.5,8.9,previous kidney disease,lethargy,coughing,fever,diarrhea,blue eye
dog,poodle,7.4,6.0,dental issues,coughing,fever,depression,swelling of face or leg,pains
dog,bulldog,9.5,18.3,skin conditions history,depression,weight loss,diarrhea,scratches,fever
dog,boxer,1.8,21.1,skin conditions history,vomiting,weight loss,weight loss,anorexia,fever
dog,poodle,14.6,7.7,previous kidney disease,coughing,lethargy,sneezing,nose bleeds,sneezing
dog,german shepherd,12.2,31.7,not vaccinated,abnormalalities,pain,fever,diarrhea,reduce reproductive potential
dog,yorkshire terrier,5.7,3.4,skin conditions history,malpresentation,fetopelvic dispropotion,uteria inertia,pains,death
dog,mixed breed,10.7,10.6,chronic illness,rhinitis,pneumonia,septicemia,torticollis,abscessess
dog,yorkshire terrier,10.4,6.7,no previous conditions,upset stomach,loss of appetite,nause,weight loss,abdonormal pain
dog,yorkshire terrier,9.0,3.9,previous kidney disease,weight loss,anorexia,fever,vomiting,pain
dog,poodle,8.1,8.0,recent surgery,vomiting,sensitivity to bright light,vomiting,weakness,diarrhea
dog,bulldog,6.3,20.3,allergies,anorexia,sneezing,fever,sneezing,loss of wool
dog,yorkshire terrier,4.7,8.8,dental issues,heavy breathing,yellow in beak,tail_bobbing,weakness,sleeping excessively
dog,bulldog,10.4,20.3,no previous conditions,diarrhea,paresis,paralysis,stomach cramps,weakness
dog,rottweiler,7.9,40.7,previous heart condition,vomiting,vomiting,sneezing,lethargy,coughing
dog,golden retriever,9.8,31.5,previous kidney disease,fever,coughing,anorexia,experiencing changes in weight,fever
dog,golden retriever,15.0,37.9,previous heart condition,anorexia,anorexia,milky hard,itchiness,coughing
dog,mixed breed,2.7,23.9,previous kidney disease,anorexia,anversion to light,weakness,weight loss,pain
dog,german shepherd,5.4,38.9,previous kidney disease,swelling,heat,flank,pain,nasal discharge
dog,mixed breed,0.5,12.4,previous heart condition,weakness,vomiting,lethargy,weakness,reduce lamp marking
dog,rottweiler,8.2,32.6,previous heart condition,fever,reduce growth,edema in lower jaw,weight loss,anemia
dog,poodle,6.5,5.4,dental issues,kick,difficulty swallowing,weakness,diarrhea,lethargy
dog,rottweiler,7.3,42.7,skin conditions history,weakness,pain,sneezing,weakness,vomiting
dog,mixed breed,2.7,22.1,no previous conditions,coughing,panting,"facial swelling,",production of mucus,fatigue
dog,golden retriever,13.0,25.3,skin conditions history,pain,fever,weakness,difficulty in feeding,anorexia
dog,mixed breed,10.4,5.0,recent surgery,holding limbs off the ground,vomiting,vomiting,coughing,lethargy
dog,rottweiler,14.3,38.9,dental issues,loss od appetite,wheezing,seizuers,skin rashes,fatique
dog,bulldog,5.7,16.9,allergies,reluctant move,loss of appetite,lameness,death,weakness
dog,yorkshire terrier,5.8,3.0,vaccinated,weakness,sneezing,weakness,weakness,signs in ewe
dog,poodle,2.9,7.1,parasite history,weakness,lethargy,sneezing,sneezing,red skin
dog,poodle,1.9,3.0,skin conditions history,weight loss,anorexia,weakness,coughing,weight loss
dog,german shepherd,0.5,26.2,not vaccinated,sneezing,fever,vomiting,pain,fever
dog,yorkshire terrier,7.5,5.4,skin conditions history,stop eating,stop drinking,change their normal behaviour,weight loss,pains
dog,rottweiler,2.0,45.0,no previous conditions,gasping for air,difficulty swallowing,extending its neck,gasping for breath,gasping for breath
dog,labrador retriever,5.3,31.7,recent surgery,sneezing,coughing,weakness,severe,vomiting
dog,rottweiler,9.0,36.6,chronic illness,apathy,congestion,dilation of duodenum,depression,cloacal pasting
dog,beagle,9.1,24.9,previous heart condition,weakness,pain,ulcers,rump,diarrhea
dog,bulldog,0.5,19.1,no previous conditions,weakness,bluish white opacity,fever,weight loss,sneezing
dog,poodle,14.5,4.1,recent surgery,dark or black face,stomach  cramps,sneezing,weakness,sneezing
dog,boxer,5.6,20.7,vaccinated,weakness,weakness,diarrhea,sneezing,anorexia
dog,german shepherd,3.6,41.0,skin conditions history,fever,loss of  appetite,reduce energy,lameness,swelling of joints
dog,beagle,3.7,23.3,dental issues,weight loss,discharge from ear,roughened,weakness,coughing
dog,yorkshire terrier,8.2,3.0,not vaccinated,lethargy,fever,pain,bloody in feather,pain
dog,labrador retriever,1.5,37.5,chronic illness,cough,gasping for air,weight loss,gasping for breath,extending its neck
dog,german shepherd,13.0,34.1,previous kidney disease,stop eating,stop drinking,change their normal behaviour,lameness,pains
dog,boxer,2.2,29.1,parasite history,bleeding from other parts of the body,confusion,nasal discharge,loss of alertness,dizziness and fainting
dog,beagle,7.3,20.3,chronic illness,lethargy,anorexia,anorexia,weakness,anorexia
dog,labrador retriever,12.4,31.6,recent surgery,limping,skin colour change,flabby,raw,sensitive to touch
dog,rottweiler,0.5,39.1,previous kidney disease,pain,lethargy,pain,diarrhea,fever
dog,beagle,4.2,25.7,no previous conditions,fever,paralysis,vomiting,redness on ear,diarrhea
dog,poodle,9.0,5.8,allergies,lethargy,flock moratality,pain,weight loss,vomiting
dog,mixed breed,14.4,22.7,chronic illness,fever,uncharacteristic hiding,depression,dehydration,stopped eat
dog,yorkshire terrier,5.7,6.2,skin conditions history,coughing,vomiting,ulcerated skin,weight loss,weight loss
dog,poodle,6.2,8.0,parasite history,fluffed feather,loss of appetite,coughing,vomiting,snoring
dog,golden retriever,1.6,45.0,vaccinated,pain,vomiting,coughing,sneezing,sickness
dog,labrador retriever,5.3,45.0,dental issues,diarrhea,red diarrhea,dull,appetite varies,vomiting
dog,bulldog,11.5,19.1,not vaccinated,paresis,stomach cramps,diarrhea,weakness,paralysis
dog,mixed breed,3.9,29.9,skin conditions history,fever,diarrhea,swelling,weight loss,pain
dog,labrador retriever,10.1,43.9,previous kidney disease,skin color change,crusty,scaly skin,irritation,blister
dog,boxer,6.6,19.3,previous heart condition,skin colour change,vomiting,diarrhea,weakness,smell
dog,labrador retriever,0.7,38.1,no previous conditions,diarrhea,weakness,unable to urinate,weight loss,fever
dog,boxer,14.8,25.7,chronic illness,fever,difficultty in breathing,yellow eye,sneezing,diphtherictic
dog,german shepherd,3.8,36.1,skin conditions history,loss of  appetite,reduce energy,lameness,swelling of joints,fever
dog,boxer,2.5,29.3,dental issues,nausea,constipation,diarrhea,abdminal pain,indigestion
dog,poodle,8.0,3.7,parasite history,pyrexia,oral lesion,swelling,lameness,death
dog,beagle,11.5,23.0,no previous conditions,pain,diarrhea,painfull swalling,sneezing,fever
dog,poodle,7.2,7.0,parasite history,fever,weight loss,fever,weakness,weight loss
dog,boxer,13.8,26.3,vaccinated,diarrhea,vomiting,lethargy,pain,anorexia
dog,poodle,1.8,7.3,no previous conditions,swollen,shaking oh head,splenomegaly,lepatomegaly,vomiting
dog,labrador retriever,1.2,31.5,skin conditions history,abortion at the end of gestation,fatigue,weak calves,join pains,swelling of internal organs
dog,bulldog,9.0,18.8,parasite history,sneezing,sneezing,weight loss,sneezing,lethargy
dog,boxer,2.5,27.5,skin conditions history,lesions in the nasal cavity,lesions on nose,nose bleeds,noisy breathing,lesions on nose
dog,yorkshire terrier,4.1,7.5,chronic illness,fever,pain,constipation,diarrhea,vomiting
dog,golden retriever,0.5,33.1,previous kidney disease,diarrhea,weakness,eye become dull,anorexia,coughing
dog,boxer,10.5,28.2,skin conditions history,emaciation,edema in lower jaw,coughing,shivering,anemia
dog,mixed breed,14.4,34.1,allergies,weakness,vomiting,hardness,diarrhea,vomiting
dog,poodle,3.7,5.7,chronic illness,less eat,half-closed eye,headache,seizures,puffed_up feather
dog,poodle,5.5,3.7,vaccinated,edema,vomiting,anorexia,vomiting,coughing
dog,yorkshire terrier,2.1,5.8,not vaccinated,fever,death,coughing,weight loss,nasal discharge
dog,rottweiler,0.5,31.9,recent surgery,signs in ewe,torticollis,warm,vomiting,weakness
dog,rottweiler,13.4,26.3,no previous conditions,facial muscle twitching,muscle pain,abnormalalities,constant pacing,blindness
dog,mixed breed,11.9,35.4,chronic illness,anorexia,skinallergy,anorexia,pain,vomiting
dog,bulldog,7.3,16.2,previous kidney disease,swollen,red-colored,hot udder,milk getting out more watery,milk getting out more thick
dog,poodle,5.4,7.8,skin conditions history,diffculty breathing,weakness,lethargy,pain,loss of  appetite
dog,labrador retriever,2.5,34.2,dental issues,pain,swelling of neck,oedema,swelling of face or leg,weight loss
dog,german shepherd,0.9,42.8,dental issues,fever,diarrhea,muscus,weight loss,death
dog,golden retriever,0.5,41.2,not vaccinated,sneezing,diarrhea,vomiting,coughing,pain
dog,bulldog,8.6,21.9,recent surgery,diarrhea,depression,fever,weight loss,scratches
dog,labrador retriever,14.3,37.9,allergies,fever,diarrhea,coughing,tiredness,pains
dog,rottweiler,7.1,35.7,parasite history,coughing,difficult in respiration,anorexia,vomiting,coughing
dog,yorkshire terrier,1.0,10.8,dental issues,swelling on leg,painfull,poor appetite,broken bones,nasal discharge
dog,poodle,1.4,8.7,dental issues,cessation of eructation,depression,anorexia,difficulty in breathing,colic
dog,rottweiler,3.8,43.9,skin conditions history,fever,convulsion,sudden death,urine retention,weight loss
dog,labrador retriever,10.9,39.2,not vaccinated,fetopelvic dispropotion,uteria inertia,malpresentation,death,pains
dog,golden retriever,10.2,28.2,skin conditions history,coughing,coughing,coughing,vomiting,fever
dog,rottweiler,6.5,29.8,vaccinated,isolation from flock,stealing,nesting behaviour,pawing at bedding,pains
dog,golden retriever,3.3,34.9,vaccinated,vomiting,tender to touch,weakness,sneezing,sneezing
dog,rottweiler,5.3,25.6,skin conditions history,paresis,paralysis,weakness,stomach cramps,diarrhea
dog,rottweiler,14.5,38.8,not vaccinated,lethargy,loss of appetite,swelling,nasal discharge,blindness
dog,mixed breed,2.6,21.1,skin conditions history,coughing,panting,"facial swelling,",production of mucus,fatigue
dog,poodle,6.2,6.0,no previous conditions,fever,tiredness,headache,skin rashes,pain
dog,labrador retriever,1.4,39.7,vaccinated,diarrhea,anorexia,egg production decreases,sneezing,diarrhea
dog,golden retriever,13.2,29.7,recent surgery,fever,anorexia,weakness,coughing,weight loss
dog,bulldog,9.4,28.1,vaccinated,coughing,weakness,nostrils,fever,pruritis
dog,mixed breed,15.0,40.0,previous kidney disease,vomiting,pain,slow growth,sneezing,vomiting
dog,bulldog,5.1,26.8,not vaccinated,wasting,weight loss,coughing,moist,anorexia
dog,rottweiler,0.7,36.2,dental issues,severe headache,paresis,vomiting,weight loss,tail wagging
dog,golden retriever,15.0,35.9,previous heart condition,pain,diarrhea,coughing,chest pain,lethargy
dog,boxer,6.8,18.8,previous heart condition,pain,lethargy,sneezing,gums,diarrhea
dog,labrador retriever,6.9,27.5,not vaccinated,tear produce,bluish white opacity,weakness,blindness,aversion to light
dog,labrador retriever,5.9,36.4,previous kidney disease,vomiting,greenish-yellow nasal discharge,pain on face,lack of pigmentation,lethargy
dog,beagle,9.0,28.8,previous kidney disease,cough,sneeze,droopy wings,twisted neck,droopy wings
dog,golden retriever,6.8,29.8,chronic illness,lethargy,diarrhea,diarrhea,vomiting,pain
dog,poodle,7.1,6.8,previous kidney disease,diarrhea,weakness,vomiting,anorexia,vomiting
dog,golden retriever,12.1,38.0,allergies,fever,weakness,anorexia,ulcerated muscle,pain
dog,yorkshire terrier,8.4,4.6,skin conditions history,stop eating,stop drinking,change their normal behaviour,weight loss,pains
dog,mixed breed,10.6,40.0,previous kidney disease,diarrhea,weakness,weight loss,weakness,sneezing
dog,boxer,8.8,21.3,no previous conditions,pain,pain,pain,lethargy,sneezing
dog,mixed breed,15.0,12.6,parasite history,weakness,jaundice,diarrhea,lethargy,sneezing
dog,german shepherd,1.2,41.1,previous kidney disease,diarrhea,anorexia,pain,fever,pain
dog,labrador retriever,5.9,32.2,parasite history,sneezing,pain,weakness,fever,pain
dog,yorkshire terrier,15.0,8.7,dental issues,fever,vomiting,weight loss,diarrhea,lethargy
dog,beagle,5.7,27.1,dental issues,vomiting,sneezing,sneezing,fever,pain
dog,labrador retriever,7.3,26.2,chronic illness,lethargy,lethargy,diarrhea,lying down,vomiting
dog,yorkshire terrier,2.1,7.4,chronic illness,fever,distress,trembling,staggering,convulsion
dog,bulldog,2.0,24.7,chronic illness,legness,paresis,coughing,weight loss,shortness of breath
dog,poodle,2.6,4.0,skin conditions history,runny nose,difficulty in breathing,coughing,weakness,loss of appettite
dog,yorkshire terrier,3.9,7.5,not vaccinated,weight loss,weakness,anorexia,fever,weakness
dog,beagle,8.7,15.5,not vaccinated,fever,diffulty swallowing,excessive drooling,staggering,seizures
dog,bulldog,10.0,26.8,previous heart condition,fever,coughing,coughing,pain,lethargy
dog,poodle,15.1,7.5,no previous conditions,loss of  appetite,joint pain,lethargy,fever,coughing
dog,poodle,5.2,4.4,no previous conditions,fever,diarrhea,sneezing,pain,coughing
dog,german shepherd,5.6,24.8,recent surgery,blood from mouth,diarrhea,coughing,lethargy,weight loss
dog,rottweiler,6.4,42.4,chronic illness,anorexia,fever,anorexia,coughing,fever
dog,poodle,3.7,9.2,not vaccinated,pains,malpresentation,fetopelvic dispropotion,uteria inertia,death
dog,labrador retriever,10.5,42.4,allergies,excess salivary,fever,sneezing,sneezing,weakness
dog,golden retriever,8.5,28.5,recent surgery,vomiting,pain,sneezing,eye disharge,weight loss
dog,labrador retriever,11.9,38.5,previous kidney disease,partial paralysis,staggering as drunk,self mutilation,acting aggressive,acting unnaturally tame
dog,rottweiler,4.0,45.0,dental issues,weakness,scratches,swelling,vomiting,vomiting
dog,labrador retriever,11.4,36.4,vaccinated,sneezing,anorexia,weight loss,droopiness,vomiting
dog,poodle,8.2,5.6,vaccinated,sneezing,weight loss,anorexia,coughing,pain
dog,poodle,5.2,4.6,recent surgery,fever,swollen purple wattle,lethargy,enlarged lymph nodes,diarrhea
dog,mixed breed,2.3,29.5,not vaccinated,fetopelvic dispropotion,uteria inertia,despression,death,pains
dog,bulldog,15.0,16.5,previous heart condition,lethargy,vomiting,pain,sneezing,sneezing
dog,german shepherd,12.4,25.0,previous heart condition,coughing,pain,white mark on the muscle,diarrhea,pain
dog,beagle,11.0,22.1,chronic illness,diarrhea,diarrhea,diarrhea,weight loss,weakness
dog,labrador retriever,11.6,40.2,previous heart condition,self mutilation,partial paralysis,staggering as drunk,acting aggressive,acting unnaturally tame
dog,golden retriever,10.4,35.8,chronic illness,weight loss,coughing,diarrhea,pain and bloating,weakness
dog,bulldog,6.6,27.9,skin conditions history,coughing,sneezing,bleeding wounds,anorexia,diarrhea
dog,rottweiler,0.5,29.3,vaccinated,diarrhea,coughing,anorexia,sneezing,weight loss
dog,labrador retriever,7.1,25.6,previous heart condition,bluish white opacity,aversion to light,tear produce,blindness,weakness
dog,rottweiler,7.4,24.4,not vaccinated,balance problem,abdominal destention,neck paralysis,weight loss,pains
dog,boxer,15.0,30.0,recent surgery,weight loss,anorexia,diarrhea,lethargy,sneezing
dog,bulldog,13.2,16.2,allergies,animal gets uneasy,allergic reaction,weakness,weight loss,coughing
dog,yorkshire terrier,4.6,3.0,previous heart condition,pain,red skin,weight loss,anorexia,high temperature
dog,beagle,9.9,15.3,no previous conditions,anorexia,fever,fever,vomiting,stumbling
dog,golden retriever,0.5,32.9,vaccinated,anorexia,weakness,vomiting,faeces are streake with blood,vomiting
dog,poodle,0.9,3.6,recent surgery,weight loss,weakness,anorexia,sneezing,distended chest
dog,beagle,9.5,30.0,recent surgery,diarrhea,diarrhea,sneezing,sneezing,diarrhea
dog,labrador retriever,9.9,37.8,previous kidney disease,anorexia,weight loss,fever,weight loss,diarrhea
dog,rottweiler,10.7,33.7,previous heart condition,weight loss,fever,fever,coughing,pneumonia
dog,labrador retriever,8.8,44.7,dental issues,diarrhea,sneezing,discharge from eyes,sneezing,distinctive bumps
dog,boxer,15.0,15.0,no previous conditions,weight loss,teeth griding,anorexia,lethargy,weakness
dog,bulldog,10.2,30.8,allergies,cough,gasping for air,weight loss,gasping for breath,extending its neck
dog,beagle,9.1,30.1,allergies,thick crusting,itchiness,watery eye,hair loss,pain
dog,labrador retriever,12.2,34.4,no previous conditions,fever,loss of  appetite,coughing,lameness,swelling of joints
dog,boxer,7.9,29.7,skin conditions history,pain,coughing,lethargy,fever,diarrhea
dog,rottweiler,2.8,26.4,not vaccinated,weight loss,lethargy,diarrhea,fever,diarrhea
dog,yorkshire terrier,12.5,7.4,vaccinated,weakness,anorexia,lethargy,indigestion,diarrhea
dog,mixed breed,3.9,5.0,allergies,diarrhea,lethargy,diarrhea,weakness,pain
dog,golden retriever,2.8,27.8,parasite history,anorexia,weakness,vomiting,fever,anorexia
dog,labrador retriever,12.4,33.4,allergies,coughing,weakness,anorexia,weakness,sneezing
dog,rottweiler,7.2,23.8,chronic illness,bluish white opacity,anversion to light,pains,tear production,blindness
dog,mixed breed,8.4,19.2,allergies,sneezing,outstretched neck,diarrhea,lethargy,fleece become thin
dog,german shepherd,8.6,45.0,chronic illness,weight loss,pain,pain,coughing,sneezing
dog,golden retriever,13.6,25.0,no previous conditions,diarrhea,sneezing,weight loss,red skin,shock
dog,bulldog,1.8,26.4,chronic illness,legness,paresis,coughing,weight loss,shortness of breath
dog,poodle,3.7,4.4,no previous conditions,coughing,pain,weakness,sneezing,sores on lower leg and teats
dog,yorkshire terrier,11.0,8.5,skin conditions history,blood from mouth,diarrhea,coughing,lethargy,weight loss
dog,beagle,9.9,22.7,previous heart condition,diarrhea,coughing,anorexia,congestion,weakened legs
dog,labrador retriever,14.9,39.6,recent surgery,sneezing,weight loss,sneezing,los of the ability to walk,fever
dog,yorkshire terrier,5.6,8.2,recent surgery,fever,mild sneezing,coughing,nasal,ocular discharge
dog,german shepherd,3.2,32.8,recent surgery,fever,lethargy,weakness,sneezing,lethargy
dog,labrador retriever,13.1,29.4,vaccinated,lameness,high body temperature,eye discharges,change their normal behaviour,nasal discharge
dog,yorkshire terrier,7.9,10.8,previous heart condition,enlarged thymus,obstructed lungs,skin rashes,lethargy,weight loss
dog,rottweiler,6.7,35.6,vaccinated,lethargy,lethargy,coughing,fever,weakness
dog,german shepherd,9.5,41.4,previous kidney disease,fever,loss of appetite,rapid pulse and heart rates,lameness in affected leg,depression
dog,boxer,1.6,24.3,previous heart condition,fever,difficulty breathing,thrist and urination,weight loss,enlarged lymph nodes or swelling
dog,golden retriever,0.8,42.8,skin conditions history,sneezing,bad breath,cough,bleeding from the nose,pawing at the face or nose
dog,mixed breed,7.6,14.4,parasite history,pain,oedema,lethargy,pain,diarrhea
dog,german shepherd,3.0,34.9,previous kidney disease,diarrhea,lethargy,pain,lethargy,lethargy
dog,golden retriever,0.7,26.8,previous kidney disease,high temperature,rapid pulse and heart rates,trembling,sudden death,depression
dog,mixed breed,4.0,32.4,not vaccinated,anorexia,milk getting out more thick,nosebleed,vomiting,sneezing
dog,boxer,1.0,17.7,previous kidney disease,partial paralysis,staggering as drunk,self mutilation,acting aggressive,acting unnaturally tame
dog,yorkshire terrier,11.3,5.3,skin conditions history,pains,death,uteria inertia,fetopelvic dispropotion,malpresentation
dog,mixed breed,6.7,20.6,skin conditions history,sneezing,undernutrition,difficulty diagnosis,coughing,sneezing
dog,german shepherd,6.4,35.8,vaccinated,vomiting,hock joint,change in gait,weakness,vomiting
dog,yorkshire terrier,12.4,6.3,previous heart condition,coughing,anorexia,viability,sneezing,fever
dog,german shepherd,1.3,36.4,no previous conditions,frequent yawning,vomiting,fever,nuerological,weight loss
dog,poodle,10.2,4.0,recent surgery,weakness,weakness,coughing,diarrhea,coughing
dog,boxer,5.2,28.8,previous kidney disease,coughing,sneezing,difficulty breathing,loss in weight,appetite
dog,labrador retriever,13.7,41.5,chronic illness,restlessness,weakness,blue straws,death,pain
dog,labrador retriever,10.2,30.5,no previous conditions,vomiting,anorexia,vomiting,vomiting,weight loss
dog,rottweiler,9.8,27.7,previous heart condition,oedema,weakness,sneezing,skin ulcer,diarrhea
dog,poodle,5.6,6.6,previous kidney disease,red skin,red on affected area,horny growth,wart-like growth,lesions on ear
dog,boxer,0.5,26.8,recent surgery,anorexia,hemolytic anemia,vomiting,sneezing,sneezing
dog,golden retriever,2.1,41.9,chronic illness,pain,vomiting,weakness,milk reduce,fever
dog,beagle,3.0,24.4,skin conditions history,lethargy,lethargy,pain,pain,weight loss
dog,rottweiler,5.6,45.0,recent surgery,fever,poor coat condition,infection of the skin,weight loss,fatique
dog,boxer,10.8,20.2,parasite history,most often none,pain,nasal discharge,dyspnea,sneezing
dog,bulldog,3.4,27.7,not vaccinated,poor appetite,fever,pains,swelling of face or leg,depression
dog,rottweiler,9.7,26.5,previous heart condition,fever,animal become lame,prostrat,painfull swalling,lameness
dog,mixed breed,8.0,20.6,chronic illness,pain,anorexia,coughing,sneezing,lethargy
dog,beagle,1.5,16.8,dental issues,anorexia,weight loss,tremor,coughing,viability
dog,bulldog,9.0,30.0,previous kidney disease,diarrhea,sneezing,vomiting,lethargy,sneezing
dog,poodle,6.6,6.0,previous kidney disease,sneezing,anorexia,weakness,diarrhea,abnormalities
dog,golden retriever,9.8,32.6,parasite history,lethargy,coughing,pain,anorexia,diarrhea
dog,mixed breed,13.2,19.2,dental issues,death,fetopelvic dispropotion,pains,uteria inertia,malpresentation
dog,german shepherd,7.7,30.6,recent surgery,abdominal pain,diarrhea,fever,sneezing,sneezing
dog,boxer,8.8,27.8,allergies,inflammation,urine infection,discomfort,kicking at the belly,pains
dog,mixed breed,1.2,10.5,not vaccinated,change their normal behaviour,stop eating,stop drinking,diarrhea,pains
dog,bulldog,6.7,30.0,skin conditions history,gas,nuerological,vomiting,muscle weakness,coughing
dog,rottweiler,5.4,27.8,allergies,fetopelvic dispropotion,uteria inertia,malpresentation,death,pains
dog,mixed breed,1.5,15.5,previous heart condition,stiffness,diarrhea,sneezing,fever,severe weekness and depression
dog,rottweiler,2.9,25.8,chronic illness,diarrhea,sneezing,anorexia,lack of appetite,diarrhea
dog,german shepherd,5.6,34.2,previous heart condition,diarrhea,weight loss,coughing,diarrhea,vomiting
dog,golden retriever,2.7,29.6,no previous conditions,coughing,weight loss,diarrhea,sneezing,fever
dog,bulldog,3.0,15.4,previous kidney disease,fever,diarrhea,coughing,lethargy,blue eye
dog,bulldog,4.7,16.9,recent surgery,legness,paresis,coughing,weight loss,shortness of breath
dog,golden retriever,0.7,24.4,previous kidney disease,sudden death,high temperature,rapid pulse and heart rates,depression,trembling
dog,rottweiler,9.5,40.0,previous heart condition,lesions,weight loss,sneezing,coughing,vomiting
dog,german shepherd,5.1,26.0,chronic illness,coughing,weight loss,blood from mouth,lethargy,diarrhea
dog,boxer,8.7,18.6,parasite history,vomiting,less eat,diarrhea,weight loss,pain
dog,yorkshire terrier,4.0,11.0,no previous conditions,groosly enlarged,skin may thicken,convulsion,edematous,pains
dog,bulldog,4.1,20.3,skin conditions history,fever,sour throat,mortality,muscle aches,abnormalities
dog,poodle,15.0,7.2,chronic illness,coughing,sneezing,weight loss,pain,fever
dog,rottweiler,7.3,32.9,skin conditions history,fever,chronic eye inflamation,coughing,lethargy,neurologic abnormalities
dog,beagle,2.2,27.2,vaccinated,fetopelvic dispropotion,uteria inertia,malpresentation,death,pains
dog,german shepherd,14.8,40.2,parasite history,loss of appetite,diarrhea,swollen purple wattle,swollen comb,lameness
dog,mixed breed,12.9,21.5,dental issues,lepatomegaly,pain,coughing,weakness,coughing
dog,labrador retriever,7.8,44.3,no previous conditions,weight loss,pain,high temperature,diarrhea,pain
dog,german shepherd,8.2,37.5,dental issues,weakness,lameness,diarrhea,coughing,pain
dog,poodle,5.5,5.6,not vaccinated,coughing,sloughing of the tail,vomiting,coughing,anorexia
dog,rottweiler,6.8,39.0,parasite history,animal gets uneasy,weakness,sneezing,pain,excessive eye watering
dog,poodle,7.6,9.6,dental issues,fever,diarrhea,vomiting,stomach cramps,nausea
dog,labrador retriever,13.5,32.7,parasite history,dejection,loss of appetite,stress,coughing,pains
dog,golden retriever,1.8,39.2,parasite history,weakness,weight loss,weakness,bleeding in eye and skin,splenomegaly
dog,golden retriever,4.3,29.9,previous kidney disease,hemopytsis,pain,weakness,lethargy,pain
dog,bulldog,0.5,20.6,vaccinated,weight loss,hock joint,weakness,diarrhea,vomiting
dog,golden retriever,5.6,42.0,no previous conditions,lethargy,coughing,dyspnea,fever,anorexia
dog,german shepherd,8.1,39.3,no previous conditions,skinallergy,lesions,lathargy,fever,drop on egg production
dog,german shepherd,9.8,31.0,previous heart condition,anorexia,swelling,weight loss,loss of appetite,fever
dog,yorkshire terrier,13.3,4.7,previous heart condition,lethargy,swelling,blindness,nasal discharge,loss of appetite
dog,mixed breed,1.6,29.0,chronic illness,lameness,high body temperature,change their normal behaviour,nasal discharge,eye discharges
dog,rottweiler,13.2,32.8,allergies,diarrhea,weakness,scaly skin,weight loss,weight loss
dog,poodle,0.5,6.8,not vaccinated,frequent eye infections,lethargy,weakness,sneezing,pain
dog,rottweiler,14.2,45.0,not vaccinated,loss of appetite,swelling,nasal discharge,blindness,lethargy
dog,poodle,5.4,4.5,no previous conditions,sneezing,coughing,diarrhea,anorexia,pain
dog,labrador retriever,13.4,37.9,chronic illness,restlessness,weakness,blue straws,death,pain
dog,german shepherd,7.3,26.0,not vaccinated,poor coat apperence,diarrhea,vomiting,weight loss,dehydration
dog,beagle,9.6,24.4,allergies,pain,itchiness,thick crusting,watery eye,hair loss
dog,yorkshire terrier,8.5,4.8,recent surgery,stop eating,stop drinking,change their normal behaviour,weight loss,pains
dog,golden retriever,8.2,45.0,previous heart condition,fever,pain,pain,pain,coughing
dog,golden retriever,9.4,29.9,recent surgery,fever,respiratory distress,mucous discharge,reduce feed,weight gain
dog,rottweiler,10.7,25.2,not vaccinated,rhinitis,pneumonia,abscessess,torticollis,septicemia
dog,beagle,1.4,21.7,vaccinated,pox lesion,weakness,diarrhea,weight loss,coughing
dog,poodle,3.8,4.0,dental issues,weight loss,weakness,sneezing,fever,diarrhea
dog,rottweiler,15.4,44.6,dental issues,wheezing,seizuers,fatique,loss od appetite,skin rashes
dog,yorkshire terrier,3.3,5.6,recent surgery,weakness,sneezing,red skin,anorexia,vomiting
dog,beagle,6.0,26.3,recent surgery,strong cough,runny nose,darkened skin,lethargy,loss of appettite
dog,poodle,8.9,3.6,allergies,red skin,loss of appetite,moist,lameness,pains
dog,yorkshire terrier,14.1,5.5,no previous conditions,rub,lethargy,lethargy,nasal bleeding,coughing
dog,beagle,7.1,29.9,dental issues,weakness,sneezing,anorexia,diarrhea,lethargy
dog,labrador retriever,5.9,27.4,previous heart condition,fever,diarrhea,fever,sneezing,diarrhea
dog,yorkshire terrier,12.9,10.0,previous kidney disease,weakness,thicked skin,lethargy,nausea,fever
dog,boxer,2.0,24.2,parasite history,forthy eye,lethargy,stumbling,pain,weight loss
dog,labrador retriever,3.0,38.1,dental issues,rapid pulse and heart rates,fever,depression,lameness in affected leg,loss of appetite
dog,bulldog,0.5,27.2,previous heart condition,weakness,pain,anorexia,coughing,anorexia
dog,golden retriever,9.8,33.7,no previous conditions,weakness,sneezing,vomiting,dry or tacky gums,weakness
dog,poodle,11.5,3.9,not vaccinated,fever,respiratory distress,seizuers,hyperesthesia,sudden death
dog,mixed breed,13.7,24.5,chronic illness,fever,uncharacteristic hiding,depression,dehydration,stopped eat
dog,boxer,15.0,19.7,parasite history,sneezing,diarrhea,weakness,weakness,lethargy
dog,german shepherd,8.5,27.5,vaccinated,sneezing,weakness,coughing,coughing,weight loss
dog,beagle,2.3,22.1,vaccinated,weakness,coughing,pox lesion,pain,anorexia
dog,poodle,0.5,3.4,previous heart condition,lethargy,weight loss,mortality varies,lethargy,weight loss
dog,golden retriever,13.3,28.5,chronic illness,diarrhea,epistaxis,coughing,vomiting,diarrhea
dog,labrador retriever,7.7,27.6,recent surgery,lethargy,inability to absorb nutrients,sickness,lethargy,weakness
dog,german shepherd,8.6,34.8,chronic illness,fever,decreased stool production,pain,red skin,twitching
dog,bulldog,7.8,15.0,chronic illness,weakness,lethargy,fever,sneezing,weight loss
dog,rottweiler,1.4,35.5,vaccinated,week pulse,rapid heart rate,weekness in the back legs,short term lethargy,loss of  appetite
dog,beagle,12.5,18.5,dental issues,fever,diarrhea,nasal discharge,lethargy,blue eye
dog,boxer,2.8,26.1,parasite history,sneezing,sneezing,sneezing,lethargy,week legs
dog,boxer,3.6,25.5,allergies,coughing,lethargy,coughing,pain,anorexia
dog,yorkshire terrier,10.0,6.5,vaccinated,weight loss,anorexia,sneezing,diarrhea,dullness
dog,bulldog,3.6,23.7,recent surgery,fever,diarrhea,vomiting,blood from mouth,shock
dog,boxer,9.4,25.5,no previous conditions,acting aggressive,lack of pigmentation,weight loss,weakness,coughing
dog,mixed breed,5.1,19.6,vaccinated,weight loss,vomiting,vomiting,anorexia,pain
dog,beagle,3.8,26.2,no previous conditions,weight loss,weight loss,sneezing,lethargy,weakness
dog,bulldog,5.5,24.3,previous heart condition,pain,inflammed eye,yellow or green dropping,sneezing,sneezing
dog,yorkshire terrier,15.0,4.7,skin conditions history,feather plucking,difficultty in breathing,diarrhea,fever,regurgitation of food
dog,yorkshire terrier,12.6,3.8,previous heart condition,loss of appetite,swelling,nasal discharge,blindness,lethargy
dog,bulldog,4.1,25.2,chronic illness,fever,loss of appetite,lameness,rump,weight loss
dog,golden retriever,9.3,24.7,chronic illness,straining,diarrhea,vomiting,weight loss,blindness
dog,yorkshire terrier,7.2,4.3,not vaccinated,inflammation,pain,loss od appetite,fever,coughing
dog,poodle,2.2,6.0,not vaccinated,weakness,walking problem,sneezing,coughing,sneezing
dog,bulldog,10.3,31.3,no previous conditions,fever,loss of  appetite,coughing,lethargy,joint pain
dog,boxer,8.1,25.8,not vaccinated,lethargy,diarrhea,lethargy,sneezing,pain
dog,boxer,0.5,18.9,no previous conditions,vomiting,diarrhea,vomiting,loss of appetite,vomiting
dog,beagle,3.7,31.2,skin conditions history,weight loss,diarrhea,poor coat apperence,vomiting,dehydration
dog,boxer,4.5,19.8,chronic illness,lethargy,diarrhea,scaly patches of skin,animal become lame,sneezing
dog,yorkshire terrier,2.6,5.3,dental issues,weakness,consistency of milk,pain,watery eyes,vomiting
dog,labrador retriever,5.5,38.4,vaccinated,diarrhea with muscus,tensemus,watery stool,flatulence,pains
dog,boxer,4.8,22.5,not vaccinated,firm,gasping,diarrhea,diarrhea,frequent yawning
dog,labrador retriever,11.9,44.9,skin conditions history,vomiting,weakness,bad smell,weight loss,pain
dog,rottweiler,11.5,40.7,not vaccinated,lack of walking,lack of flying,roughened,dehydration,pains
dog,labrador retriever,12.0,29.9,dental issues,anorexia,weight loss,white mark on the muscle,vomiting,lethargy
dog,beagle,9.6,25.1,skin conditions history,diarrhea,stripped remiges,defienciency in vitamin,ruffled feathers,less feather growth
dog,bulldog,11.8,21.7,not vaccinated,fever,diarrhea,bloody droping,abdominal discomfort,lethargy
dog,mixed breed,5.7,25.2,recent surgery,fever,convulsion,sudden death,urine retention,weight loss
dog,boxer,13.5,24.6,chronic illness,fever,difficultty in breathing,yellow eye,sneezing,diphtherictic
dog,labrador retriever,12.7,33.1,vaccinated,lethargy,fever,lethargy,coughing,weight loss
dog,bulldog,4.3,30.4,skin conditions history,sores on lip,infection,sores on lower leg and teats,lesion,pain
dog,rottweiler,10.0,39.6,previous kidney disease,tarry stool,poor appetite,ulcers,enlarged lymph nodes,diarrhea
dog,poodle,8.8,8.6,not vaccinated,jaundice,pneumonia,lession on the skin,pain,vomitting
dog,rottweiler,9.6,26.3,recent surgery,weakness,weakness,pain,lethargy,sneezing
dog,german shepherd,8.5,28.1,chronic illness,fever,distress,anorexia,fever,weight loss
dog,rottweiler,6.6,31.3,skin conditions history,chronic eye inflamation,neurologic abnormalities,coughing,lethargy,fever
dog,poodle,7.2,10.0,previous kidney disease,fever,lethargy,coughing,anorexia,sudden abortion
dog,mixed breed,0.8,9.0,allergies,difficulty in breathing,pains,fever,lethargy,death
dog,yorkshire terrier,11.1,5.5,not vaccinated,rapid breathing,prostrat,diarrhea,pawing at bedding,muscle aches
dog,rottweiler,2.4,22.9,dental issues,coughing,lethargy,sneezing,fever,difficulty breathing
dog,poodle,9.7,3.4,skin conditions history,nausea,vomiting,loss of appetite,experiencing changes in weight,pain and bloating
dog,boxer,3.8,24.5,no previous conditions,anorexia,tail shaking,fever,hematuria,pain
dog,bulldog,3.6,25.4,skin conditions history,sores on lip,infection,sores on lower leg and teats,lesion,pain
dog,rottweiler,5.0,29.7,not vaccinated,crusting of the skin,hair loss,darkened skin,ulcerated skin,dandruff
dog,rottweiler,3.0,36.4,vaccinated,weakness,lethargy,anorexia,weakness,edema in lower jaw
dog,labrador retriever,2.3,35.2,allergies,coughing,pain,sneezing,fever,weakness
dog,mixed breed,1.6,12.7,parasite history,fever,diarrhea,sneezing,stiffness,severe weekness and depression
dog,german shepherd,12.4,32.4,skin conditions history,skin infection,secondary infection,coughing,depression,shaking oh head
dog,poodle,12.8,4.8,allergies,fever,lethargy,abortion on late pregancy,hairy fleeces,weight loss
dog,bulldog,9.4,29.9,allergies,gasping,coughing,mild weakness,droopy wings,twisted neck
dog,german shepherd,13.6,28.0,previous heart condition,foul smelling,bloody discharge,colic,blood clots,diarrhea
dog,mixed breed,14.2,33.0,dental issues,diarrhea,lethargy,pain,flaky,pain
dog,beagle,11.7,20.3,previous kidney disease,fever,pneumonia,stand with head droping,weight loss,abnormal behaviour
dog,beagle,15.0,19.7,previous kidney disease,lethargy,pain,weight loss,weakness,vomiting
dog,mixed breed,6.8,40.0,parasite history,lethargy,blood clots,weakness,vomiting,diarrhea
dog,boxer,8.5,15.0,dental issues,weight loss,weakness,anaemia,coughing,lethargy
dog,poodle,9.2,10.4,not vaccinated,jaundice,pneumonia,lession on the skin,pain,vomitting
dog,mixed breed,2.0,29.3,parasite history,facial swelling,bloody drool,foul breath,unable to eat,lossened teeth
dog,rottweiler,3.3,25.0,parasite history,diarrhea,infected navels,diarrhea,weight loss,sneezing
dog,rottweiler,4.7,30.8,parasite history,diarrhea,lesions on nose,pain,diarrhea,vomiting
dog,golden retriever,5.3,29.0,chronic illness,tear produce,weight loss,sneezing,pain,sneezing
dog,labrador retriever,11.4,42.6,allergies,lethargy,flaky,diarrhea,diarrhea,sneezing
dog,yorkshire terrier,9.3,6.1,chronic illness,weakness,lethargy,anorexia,weight loss,anorexia
dog,bulldog,4.2,20.4,skin conditions history,coughing,weight loss,coughing,vomiting,diarrhea
dog,bulldog,9.9,13.6,vaccinated,sneezing,fever,difficulty breathing,lethargy,coughing
dog,poodle,9.8,3.2,parasite history,upset stomach,diarrhea,coughing,weight loss,anaemia
dog,beagle,14.9,22.1,dental issues,pain,coughing,coughing,diarrhea,vomiting
dog,yorkshire terrier,9.5,7.5,dental issues,diarrhea,sneezing,anorexia,sneezing,vomiting
dog,rottweiler,13.4,31.8,parasite history,frequent eye infections,vomiting,chewing,pain,lethargy
dog,german shepherd,6.4,25.0,skin conditions history,blindness,anorexia,vomiting,difficulty in rising,sneezing
dog,rottweiler,7.8,34.1,dental issues,pain,diarrhea,vomiting,weight loss,weight loss
dog,bulldog,7.3,15.0,previous heart condition,fever,coughing,diarrhea,coughing,anorexia
dog,boxer,11.8,26.4,previous kidney disease,diarrhea,sneezing,sneezing,coughing,hyperexcitability
dog,golden retriever,2.1,42.2,parasite history,sneezing,weight loss,weakness,pain,lethargy
dog,labrador retriever,10.8,42.1,previous kidney disease,skin color change,crusty,scaly skin,irritation,blister
dog,golden retriever,12.9,25.0,previous heart condition,scartching,weight loss,swelling of face or leg,fever,decreased stool production
dog,beagle,7.3,20.0,vaccinated,weight loss,vomiting,fever,pain,weight loss
dog,bulldog,1.6,28.1,skin conditions history,fever,pox lession on skin,skin reashes,nasal discharge,mortality varies
dog,german shepherd,12.4,40.0,previous kidney disease,lameness,pains,stop drinking,change their normal behaviour,stop eating
dog,yorkshire terrier,6.8,6.2,previous kidney disease,haemorrhage,straw colored,abdominal pain,death,carcass decomposes
dog,yorkshire terrier,12.5,8.7,dental issues,pain,lethargy,sneezing,diarrhea,inability to absorb nutrients
dog,beagle,11.5,24.6,allergies,lame,vomiting,lethargy,sneezing,mortality varies
dog,boxer,9.1,19.8,not vaccinated,sneezing,lethargy,diarrhea,vomiting,lethargy
dog,mixed breed,8.3,6.1,previous kidney disease,anorexia,coughing,ulcerated skin,anorexia,weight loss
dog,boxer,0.5,30.0,no previous conditions,sneezing,sneezing,weakness,fever,coughing
dog,german shepherd,11.0,32.9,chronic illness,fever,difficultty in breathing,yellow eye,sneezing,diphtherictic
dog,labrador retriever,5.6,30.5,vaccinated,thivk skin,vomiting,coughing,sweat,red tinge
dog,mixed breed,7.8,19.6,parasite history,paralysis,anorexia,anorexia,sneezing,fever
dog,german shepherd,7.9,32.9,dental issues,sudden death,lethargy,fever,coughing,anversion to light
dog,poodle,4.6,7.6,recent surgery,fever,poor coat condition,infection of the skin,weight loss,fatique
dog,labrador retriever,9.7,30.1,dental issues,weakness,weight loss,coughing,weakness,vomiting
dog,mixed breed,13.1,13.0,vaccinated,foul smelling,dullness,dirty,stained wool,tail shaking
dog,german shepherd,6.6,33.9,recent surgery,sneezing,lethargy,lethargy,excessive eye watering,weakness
dog,beagle,14.8,23.9,previous heart condition,lethargy,weight loss,weight loss,diarrhea,weight loss
dog,mixed breed,4.1,27.6,recent surgery,diarrhea,coughing,lying down,anorexia,coughing
dog,yorkshire terrier,0.8,3.0,skin conditions history,anorexia,vomiting,weakness,pain,bloody diarhhea
dog,golden retriever,0.5,37.9,allergies,weight loss,vomiting,anorexia,diarrhea,pain
dog,bulldog,4.3,17.6,allergies,legness,paresis,coughing,weight loss,shortness of breath
dog,rottweiler,11.0,28.3,not vaccinated,rhinitis,pneumonia,abscessess,torticollis,septicemia
dog,boxer,10.4,30.6,not vaccinated,emaciation,edema in lower jaw,coughing,shivering,anemia
dog,yorkshire terrier,10.4,5.6,dental issues,fever,dyspnea,coughing,lethargy,weightloss
dog,mixed breed,1.7,25.9,chronic illness,eye discharges,nasal discharge,change their normal behaviour,high body temperature,lameness
dog,bulldog,12.6,18.5,dental issues,lethargy,pain,anorexia,anorexia,vomiting
dog,labrador retriever,5.6,45.0,chronic illness,fever,weekness,decreased milk,attacks,pain
dog,yorkshire terrier,5.7,3.9,skin conditions history,death,malpresentation,uteria inertia,fetopelvic dispropotion,pains
dog,german shepherd,14.9,39.5,dental issues,fetopelvic dispropotion,uteria inertia,malpresentation,death,pains
dog,golden retriever,2.8,39.3,recent surgery,fever,respiratory distress,seizuers,hyperesthesia,sudden death
dog,golden retriever,5.7,34.5,previous heart condition,coughing,heat,anorexia,anorexia,vomiting
dog,labrador retriever,2.1,34.2,no previous conditions,achomotrica,poor immune function,death,dehydration,pains
dog,rottweiler,5.0,42.6,not vaccinated,vomiting,pain,pains,weakness,pain
dog,german shepherd,2.8,25.0,chronic illness,discharge from ear,anorexia,weakness,pain,coughing
dog,beagle,5.0,17.7,allergies,weakness,decreased stool production,distended stomach,heavy breathing,restless movement
dog,mixed breed,8.8,22.0,vaccinated,vomiting,sneezing,coughing,lethargy,vomiting
dog,poodle,7.4,4.8,parasite history,lethargy,diarrhea,pain,diarrhea,weight loss
dog,yorkshire terrier,4.0,4.7,previous kidney disease,lethargy,fever,diarrhea,fever,diarrhea
dog,golden retriever,0.7,44.0,skin conditions history,pawing at the face or nose,bad breath,cough,sneezing,bleeding from the nose
dog,poodle,7.2,5.8,previous heart condition,poor immune function,fever,weakness,anorexia,lethargy
dog,golden retriever,12.3,36.8,previous kidney disease,extreme thirst,pain,anorexia,anorexia,epistaxis
dog,german shepherd,4.2,28.7,parasite history,pains,malpresentation,fetopelvic dispropotion,death,uteria inertia
dog,beagle,13.8,24.0,recent surgery,ulcers,diarrhea,back pain,tarry stool,enlarged lymph nodes
dog,beagle,8.9,28.9,recent surgery,scabs on feet,redness,trachea,thickening of skin,pains
dog,golden retriever,8.2,41.0,dental issues,tremors,anorexia,attempt to urinate,diarrhea,gasc
dog,boxer,4.1,18.3,chronic illness,fever,week legs,sneezing,sneezing,diarrhea
dog,mixed breed,5.6,31.6,previous kidney disease,pain,vomiting,anorexia,weight loss,weakness
dog,bulldog,5.9,15.7,no previous conditions,weakness,weakness,fever,anorexia,lethargy
dog,german shepherd,1.6,25.1,chronic illness,pain,weakness,excessive grooming,fever,diarrhea
dog,german shepherd,7.7,35.4,no previous conditions,shortness of breath.,fatigue,chirping,loss of appetite,swollen abdomen
dog,mixed breed,2.5,31.8,previous heart condition,lethargy,sneezing,weight loss,pain,vomiting
dog,mixed breed,5.1,12.2,allergies,weakness,loss of appetite,excitability,nervousness,hyper sensitivity
dog,german shepherd,6.8,26.7,chronic illness,poor coat apperence,diarrhea,vomiting,weight loss,dehydration
dog,boxer,13.8,18.7,skin conditions history,fever,fluif filled blisters,los of the ability to walk,weakened legs,mammary glads
dog,yorkshire terrier,10.1,7.5,not vaccinated,loss of appetite,nause,abdonormal pain,upset stomach,weight loss
dog,poodle,4.2,4.1,previous heart condition,formation of vesicles,pain,sneezing,drooping wings,weight loss
dog,boxer,7.1,28.5,skin conditions history,bloody diarhhea,depression,dullness,death,weakness
dog,mixed breed,7.9,18.5,not vaccinated,anorexia,coughing,vomiting,fever,pain
dog,german shepherd,14.2,32.4,recent surgery,coughing,panting,"facial swelling,",production of mucus,fatigue
dog,german shepherd,7.9,38.0,previous heart condition,sneezing,fever,colic,diarrhea,weight loss
dog,bulldog,2.8,16.3,chronic illness,sick,watery diarrhea dispropotion,corneal ulceration,death,loss of appetite
dog,labrador retriever,6.4,33.2,not vaccinated,fever,inflammed eye,coughing,depression,limping
dog,mixed breed,4.4,27.9,vaccinated,air sacculitis,halitosis,coughing,enteritis,weight loss
dog,rottweiler,8.3,30.2,not vaccinated,fever,difficulty in breathing,rub,coughing,sneezing
dog,labrador retriever,7.5,45.0,parasite history,pain,fever,black stool,pain,eventually death
dog,beagle,12.1,16.8,chronic illness,abortion at the end of gestation,lethargy,fever,pain,lethargy
dog,rottweiler,1.5,27.2,not vaccinated,weight loss,sneezing,vomiting,weakness,pain
dog,rottweiler,10.9,33.6,not vaccinated,diarrhea,nosebleeds,weight loss,anorexia,vomiting
dog,german shepherd,1.0,45.0,allergies,death,muscus,diarrhea,fever,weight loss
dog,rottweiler,4.9,38.8,allergies,weight loss,weakness,diarrhea,sneezing,diarrhea
dog,yorkshire terrier,12.3,4.1,recent surgery,swelling,loss of appetite,lethargy,nasal discharge,blindness
dog,golden retriever,7.2,43.7,previous kidney disease,weakness,vomiting,fever,pain,splenomegaly
dog,mixed breed,12.7,15.1,parasite history,severe,diarrhea,blood on faces,appetite,milk reduce
dog,yorkshire terrier,10.6,8.8,not vaccinated,blood from mouth,diarrhea,coughing,lethargy,weight loss
dog,boxer,12.4,27.0,parasite history,pain and bloating,burning ache or pain,loss of appetite,vomiting,experiencing changes in weight
dog,boxer,6.6,25.0,allergies,fever,loss of appetite,ear infection,depression,nasal discharge
dog,mixed breed,2.4,11.6,skin conditions history,barren ewes,abortion,poor conformation,hairy fleeces,weight loss
dog,boxer,8.0,16.7,allergies,weight loss,anorexia,pain,diarrhea,vomiting
dog,german shepherd,6.1,36.6,previous heart condition,pain,vomiting,sneezing,diarrhea,diarrhea
dog,mixed breed,0.5,34.5,parasite history,kicking,fever,coughing,fever,pain
dog,labrador retriever,7.6,25.6,previous heart condition,bluish white opacity,aversion to light,tear produce,blindness,weakness
dog,poodle,5.9,7.6,previous kidney disease,red on affected area,horny growth,wart-like growth,red skin,lesions on ear
dog,golden retriever,9.1,26.5,vaccinated,straining,diarrhea,vomiting,weight loss,blindness
dog,yorkshire terrier,10.0,7.3,previous kidney disease,diarrhea,discharge from ear,weight loss,diarrhea,coughing
dog,poodle,1.9,6.0,dental issues,coughing,vomiting,lllthrift,pain,vomiting
dog,german shepherd,11.0,38.4,allergies,stop eating,stop drinking,change their normal behaviour,lameness,pains
dog,german shepherd,7.3,25.0,skin conditions history,weakness,coughing,vomiting,lethargy,weakness
dog,rottweiler,10.0,25.0,recent surgery,pain,sneezing,diarrhea,hairy fleeces,pain
dog,yorkshire terrier,6.2,9.0,vaccinated,retained placenda,vomiting,anorexia,weakness,polyuria
dog,yorkshire terrier,3.3,5.9,previous kidney disease,weight loss,smell of ammonia,fever,recumbency,weight loss
dog,mixed breed,5.4,22.6,previous heart condition,pain,diarrhea,pain,anorexia,tenderness
dog,german shepherd,3.6,35.5,recent surgery,lethargy,coughing,ring shaped lesion,fever,pain
dog,rottweiler,8.3,26.2,dental issues,tear production,anversion to light,bluish white opacity,blindness,pains
dog,mixed breed,12.5,11.6,vaccinated,foul smelling,dullness,dirty,stained wool,tail shaking
dog,poodle,13.3,7.5,parasite history,abortion at the end of gestation,fatigue,weak calves,join pains,swelling of internal organs
dog,mixed breed,10.7,5.0,skin conditions history,sneezing,fever,anorexia,vomiting,diarrhea
dog,rottweiler,7.7,28.9,allergies,fever,depression,attack,bite other animals,pain
dog,golden retriever,6.2,42.6,previous heart condition,cough,sneeze,droopy wings,twisted neck,droopy wings
dog,bulldog,5.2,20.2,vaccinated,difficulty in walking,coughing,sneezing,diarrhea,sneezing
dog,bulldog,2.4,20.0,dental issues,weakness,vomiting,coughing,urination,chirping
dog,labrador retriever,1.2,35.8,dental issues,swelling of internal organs,weak calves,join pains,fatigue,abortion at the end of gestation
dog,mixed breed,0.5,40.0,allergies,fluif faeces on blood and muscle,diarrhea,fever,skin irritation,fever
dog,labrador retriever,15.1,23.3,dental issues,swollen lymph nodes,difficulty walking,back pain,lethargy,vaginal discharge
dog,rottweiler,6.1,33.1,previous heart condition,fever,pain,anorexia,anorexia,chills
dog,labrador retriever,2.1,41.8,skin conditions history,listless,bottle jaw,malpresentation,death,oxygen defiency
dog,golden retriever,2.2,40.3,not vaccinated,restless movement,anorexia,lethargy,weight loss,convulsion
dog,german shepherd,1.5,25.4,not vaccinated,shock,fever,blood from mouth,diarrhea,vomiting
dog,yorkshire terrier,12.5,5.8,dental issues,fever,difficulty in breathing,lethargy,death,pains
dog,german shepherd,11.2,39.3,not vaccinated,fever,larynx,sour throat,lethargy,vomiting
dog,rottweiler,14.8,34.4,not vaccinated,coughing,ruffled coat,vomiting,sneezing,weakness
dog,labrador retriever,13.6,34.6,chronic illness,restlessness,weakness,blue straws,death,pain
dog,rottweiler,1.4,36.1,chronic illness,loss of appetite,diarrhea,ruffled feathers,weight loss,inability to absorb nutrients
dog,beagle,9.3,24.4,vaccinated,weight loss,sneezing,lession on the skin,anorexia,weight loss
dog,poodle,6.5,6.0,no previous conditions,fever,tiredness,headache,skin rashes,pain
dog,bulldog,5.6,26.2,previous kidney disease,lethargy,greenish-yellow nasal discharge,sneezing,pain on face,lack of pigmentation
dog,beagle,0.5,22.6,vaccinated,diarrhea,coughing,weight loss,weakness,coughing
dog,beagle,6.1,17.6,dental issues,weight loss,diphtherictic,sneezing,emaciation,vomiting
dog,rottweiler,12.6,36.6,chronic illness,lethargy,bleeding from wounds,sneezing,loss of appetite,diarrhea
dog,poodle,6.0,8.1,skin conditions history,diarrhea,weakness,sneezing,fever,kidney failure
dog,golden retriever,5.9,36.6,chronic illness,vomiting,coughing,fever,anorexia,diarrhea
dog,golden retriever,1.7,34.4,parasite history,swelling,pain,fever,dysentery,immediate death
dog,beagle,10.0,17.6,parasite history,malpresentation,death,pains,fetopelvic dispropotion,uteria inertia
dog,mixed breed,10.8,11.9,allergies,swelling on leg,painfull,nasal discharge,broken bones,nasal discharge
dog,boxer,7.4,26.3,skin conditions history,pain,pain,weight loss,sneezing,weight loss
dog,golden retriever,4.5,43.0,vaccinated,weakness,stiffness,trembling,white mark on the muscle,loss of vitamin e
dog,boxer,15.0,24.2,previous heart condition,pain,jaundice,diarrhea,coughing,weakness
dog,german shepherd,1.1,32.9,not vaccinated,sneezing,weakness,defienciency in vitamin,attack,weight loss
dog,yorkshire terrier,6.9,8.0,previous kidney disease,fever,lack of coordination,depression,salivation,facial paralysis
dog,bulldog,11.2,17.7,not vaccinated,coughing,acting unnaturally tame,coughing,tachypea,fever
dog,labrador retriever,11.3,40.5,skin conditions history,flank,pain,diarrhea,lethargy,anorexia
dog,german shepherd,5.0,34.9,not vaccinated,vomiting,diarrhea,weakness,coughing,diarrhea
dog,bulldog,7.1,17.5,previous heart condition,fever,loss of appetite,eyeproblem,liver disease,nuerological
dog,bulldog,7.9,28.9,vaccinated,fever,anorexia,vomiting,pain,sneezing
dog,boxer,11.6,24.3,allergies,sneezing,weakness,sneezing,weakness,weakness
dog,labrador retriever,9.4,40.6,parasite history,fever,depression,loss of appetite,loss of appetite,pains
dog,beagle,2.2,25.3,allergies,pains,death,malpresentation,fetopelvic dispropotion,uteria inertia
dog,boxer,4.6,15.8,recent surgery,watery stool,flatulence,tensemus,diarrhea with muscus,pains
dog,golden retriever,15.0,36.5,allergies,sneezing,pain,vomiting,weight loss,drooping ears
dog,rottweiler,11.0,41.2,allergies,lepatomegaly,shaking oh head,swollen,vomiting,splenomegaly
dog,boxer,9.6,20.0,no previous conditions,ataxia,blindness,listless,difficulty in walking,grinding of teeth
dog,bulldog,6.3,18.6,recent surgery,incoordination,fever,coughing,weakness,behaviour change
dog,german shepherd,6.3,35.7,chronic illness,coughing,grinding teeth,paralysis,vomiting,mortality
dog,mixed breed,8.9,19.8,dental issues,pain,pale gums,pain,anorexia,weight loss
dog,bulldog,5.1,23.9,skin conditions history,abnormally long leg,vomiting,fever,sneezing,fever
dog,boxer,8.4,18.4,dental issues,pain,lethargy,weight loss,fever,anorexia
dog,beagle,14.0,26.3,skin conditions history,vomiting,coughing,vomiting,pain,vomiting
dog,beagle,7.4,25.6,vaccinated,abortion on late pregancy,stillbirth,retained placenda,endomeritis,decrease appetite
dog,poodle,8.1,4.8,previous heart condition,vomiting,pain,wheezing,"facial swelling,",weakness
dog,labrador retriever,8.5,31.6,previous kidney disease,coughing,pain,coughing,weight loss,fever
dog,rottweiler,10.4,42.4,parasite history,red on affected area,horny growth,wart-like growth,red skin,lesions on ear
dog,golden retriever,9.8,27.9,skin conditions history,straining,diarrhea,vomiting,weight loss,blindness
dog,golden retriever,12.1,31.6,no previous conditions,nasal,increased in breathing,vomiting,diarrhea,vomiting
dog,rottweiler,7.3,31.5,chronic illness,anversion to light,tear production,bluish white opacity,pains,blindness
dog,golden retriever,1.7,42.9,parasite history,fever,dysentery,swelling,immediate death,pain
dog,yorkshire terrier,9.2,4.0,skin conditions history,fever,fever,anorexia,coughing,weight loss
dog,german shepherd,13.0,38.9,recent surgery,vomiting,weakness,sneezing,weakness,pain
dog,golden retriever,8.4,41.7,not vaccinated,slightly swollen,lession on the skin,papules appear on teats anad udder,milky hard,fever
dog,golden retriever,15.0,29.0,vaccinated,coughing,pain,diarrhea,anorexia,sneezing
dog,labrador retriever,10.3,36.4,skin conditions history,weakness,coughing,loss of powder down,lethargy,white mark on the muscle
dog,bulldog,9.0,23.6,allergies,diarrhea,noisy breathing,lethargy,anorexia,fever
dog,golden retriever,9.7,40.0,chronic illness,lethargy,kick,scratching,nible at their wool,restlessness
dog,german shepherd,9.4,43.7,previous kidney disease,vomiting,anorexia,anorexia,weight loss,diarrhea
dog,golden retriever,4.7,31.9,allergies,exessive urination,anorexia,swollen belly,pain,fever
dog,poodle,7.9,5.7,not vaccinated,fever,swelling of face or leg,coughing,depression,pains
dog,mixed breed,7.6,15.4,recent surgery,lethargy,fever,diarrhea,nose bleeds,raw
dog,yorkshire terrier,13.6,6.8,chronic illness,swelling,larynx,swelling on jaw,hoarseness,neck vein swelling
dog,german shepherd,10.2,25.8,skin conditions history,fever,nasal discharge,respiratory distress,pox lesion,pain
dog,german shepherd,9.7,37.7,dental issues,swelling on leg,painfull,nasal discharge,broken bones,nasal discharge
dog,poodle,8.3,8.9,not vaccinated,pain,jaundice,pneumonia,lession on the skin,vomitting
dog,rottweiler,7.3,33.8,not vaccinated,lethargy,scabs,fever,anorexia,tender to touch
dog,beagle,2.2,24.6,vaccinated,fetopelvic dispropotion,death,pains,uteria inertia,malpresentation
dog,golden retriever,11.5,34.3,parasite history,weight loss,fever,pain,diarrhea,coughing
dog,bulldog,10.1,28.1,previous kidney disease,coughing,prostrat,weakness,diarrhea,shortness of breath
dog,yorkshire terrier,8.1,3.9,previous kidney disease,anorexia,sleeping excessively,lethargy,vomiting,cessation of eructation
dog,beagle,9.2,25.4,previous kidney disease,droopy wings,cough,twisted neck,droopy wings,sneeze
dog,boxer,8.2,17.7,allergies,difficulty in swallowing,weakness,diarrhea,diarrhea,vomiting
dog,labrador retriever,4.7,34.5,no previous conditions,nausea,loss of appetite,vomiting,firm,distended stomach
dog,poodle,3.9,9.2,no previous conditions,fetopelvic dispropotion,uteria inertia,malpresentation,death,pains
dog,bulldog,2.6,15.7,previous kidney disease,fever,diarrhea,coughing,lethargy,blue eye
dog,bulldog,6.9,19.0,parasite history,scabs,scaly patches of skin,hair loss,sore,scartch
dog,poodle,3.8,4.6,skin conditions history,fever,walking problem,pain,fever,coughing
dog,rottweiler,4.7,37.0,not vaccinated,hair loss,dandruff,darkened skin,crusting of the skin,ulcerated skin
dog,labrador retriever,2.9,43.3,allergies,tail wagging,straining,lethargy,weakness,diarrhea
dog,golden retriever,4.0,39.3,chronic illness,pain,nose bleeds,acting unnaturally tame,weakness,fever
dog,yorkshire terrier,1.5,5.6,chronic illness,coughing,diarrhea,weakness,sneezing,diarrhea
dog,mixed breed,0.7,39.2,skin conditions history,vomiting,vomiting,coughing,sneezing,diarrhea
dog,yorkshire terrier,3.9,4.7,chronic illness,pain,diarrhea,fever,sheep often bites,diarrhea
dog,golden retriever,11.1,36.7,no previous conditions,weight loss,lethargy,nasal bleeding,lameness,fever
dog,german shepherd,15.0,38.1,vaccinated,hyperexcitability,vomiting,weakness,bloody diarrhea,pain
dog,labrador retriever,4.8,25.6,not vaccinated,anorexia,coughing,lethargy,anaemia,anorexia
dog,labrador retriever,7.1,29.2,no previous conditions,fever,inflammed eye,coughing,depression,limping
dog,labrador retriever,6.3,37.1,allergies,diarrhea,horny growth,coughing,swelling of internal organs,weight loss
dog,labrador retriever,1.1,33.7,no previous conditions,diarrhea,coughing,sneezing,pain,weakness
dog,yorkshire terrier,14.5,6.0,vaccinated,poor wool,loss of appetite,lameness,small size,poor body condition
dog,boxer,4.4,21.2,vaccinated,sneezing,weakness,sneezing,extreme thirst,fever
dog,bulldog,11.1,26.3,allergies,cough,gasping for air,weight loss,gasping for breath,extending its neck
dog,german shepherd,9.7,34.6,recent surgery,dyspnea,difficulty in breathing,coughing,lethargy,nasal discharge
dog,poodle,8.4,8.2,vaccinated,sneezing,lethargy,change their normal behaviour,vomiting,coughing
dog,german shepherd,3.3,34.8,allergies,vomiting,vomiting,coughing,coughing,anorexia
dog,poodle,11.2,4.4,previous heart condition,lethargy,sneezing,fever,diarrhea,lethargy
dog,mixed breed,1.1,12.6,not vaccinated,rub,anorexia,lethargy,weight loss,weight loss
dog,mixed breed,12.5,17.1,not vaccinated,edematous,fever,weight loss,weakness,eye redness
dog,rottweiler,6.6,33.2,parasite history,vomiting,coughing,coughing,weakness,easily damage shell
dog,yorkshire terrier,7.3,4.9,skin conditions history,ruffled appearance,weight loss,pain,lesions,fever
dog,bulldog,9.5,16.9,dental issues,excessive eye watering,fever,anorexia,sneezing,coughing
dog,yorkshire terrier,2.3,7.1,chronic illness,fever,convulsion,trembling,distress,staggering
dog,boxer,3.4,28.4,not vaccinated,fever,difficulty in breathing,rub,coughing,sneezing
dog,boxer,4.8,22.0,no previous conditions,unable to exercise,coughing,fever,difficulty breathing,eye and skin change
dog,beagle,5.2,15.8,allergies,distended stomach,decreased stool production,heavy breathing,weakness,restless movement
dog,bulldog,2.2,23.1,chronic illness,pain,pain,diarrhea,coughing,pain
dog,bulldog,11.1,23.6,recent surgery,anorexia,pain,weight loss,fever,distended chest
dog,boxer,12.1,25.5,no previous conditions,swelling,heat,flank,pain,nasal discharge
dog,beagle,3.5,14.6,dental issues,labored breathing,dyspnea,coughing,depression,anorexia
dog,bulldog,4.5,30.0,parasite history,lethargy,pain,pain,weakness,pain
dog,labrador retriever,13.5,33.8,allergies,fever,diarrhea,coughing,tiredness,pains
dog,beagle,6.7,15.0,parasite history,sneezing,weakness,lethargy,vomiting,vomiting
dog,yorkshire terrier,4.7,7.1,vaccinated,vomiting,sneezing,distended chest,pain,fever
dog,boxer,8.2,29.3,previous heart condition,lethargy,lethargy,fever,anorexia,pain
dog,boxer,0.9,27.3,recent surgery,swollen,red-colored,hot udder,milk getting out more watery,milk getting out more thick
dog,yorkshire terrier,5.9,6.9,chronic illness,vomitting,head shking,diarrhea,anorexia,anorexia
dog,beagle,11.4,19.5,dental issues,fever,diarrhea,nasal discharge,lethargy,blue eye
dog,labrador retriever,15.0,32.0,vaccinated,vomiting,fatique,fever,anorexia,coughing
dog,labrador retriever,12.1,38.2,previous kidney disease,self mutilation,acting aggressive,acting unnaturally tame,partial paralysis,staggering as drunk
dog,rottweiler,10.6,40.0,vaccinated,inability to stand,diarrhea,bottle jaw,pot belly,dry hair coat
dog,bulldog,1.2,33.8,parasite history,fleece become thin,death,sheep often bites,pains,loss of wool
dog,mixed breed,3.5,32.7,previous kidney disease,coughing,pain,anorexia,ulcers,weight loss
dog,poodle,10.9,7.9,parasite history,weight loss,anorexia,pain,anorexia,fever
dog,poodle,3.4,4.2,not vaccinated,excessive blood loss,dizziness and fainting,slow growth,watery eyes,blurry vision
dog,rottweiler,4.2,40.0,allergies,fever,dyspnea,coughing,lethargy,anorexia
dog,boxer,6.0,26.6,allergies,fever,loss of appetite,ear infection,depression,nasal discharge
dog,labrador retriever,6.5,42.0,parasite history,diarrhea with muscus,tensemus,watery stool,flatulence,pains
dog,yorkshire terrier,1.0,6.1,vaccinated,vomiting,dribbling of saliva,lethargy,anorexia,pain
dog,german shepherd,10.8,42.1,parasite history,abdominal pain,diarrhea,malpresentation,shock,anorexia
dog,yorkshire terrier,7.2,7.3,previous kidney disease,fever,lack of coordination,depression,salivation,facial paralysis
dog,yorkshire terrier,8.6,10.0,chronic illness,excessive eye watering,lymphosarcoma,vomiting,fever,diarrhea
dog,rottweiler,7.3,43.3,not vaccinated,weight loss,sneezing,pain,pain,anorexia
dog,boxer,14.0,18.9,chronic illness,fever,weakened legs,los of the ability to walk,mammary glads,fluif filled blisters
dog,poodle,11.9,4.3,allergies,stress,sneezing,fever,feather plucking,muscus
dog,mixed breed,9.3,24.6,previous kidney disease,bloody discharge,chirping,anoxeria,pain,lethargy
dog,yorkshire terrier,6.3,7.2,vaccinated,abnormal conformation,diarrhea,fever,infection,diarrhea
dog,bulldog,9.3,19.1,skin conditions history,weight loss,diarrhea,fever,depression,scratches
dog,labrador retriever,4.0,34.3,recent surgery,weakness,diarrhea,fever,salivating,anorexia
dog,mixed breed,2.9,23.1,dental issues,coughing,panting,"facial swelling,",production of mucus,fatigue
dog,rottweiler,4.1,34.0,recent surgery,lethargy,coughing,anorexia,dyspnea,fever
dog,mixed breed,13.4,14.0,skin conditions history,swollen lymph nodes,difficulty walking,back pain,lethargy,vaginal discharge
dog,mixed breed,4.6,20.0,not vaccinated,diarrhea,vomiting,forthy eye,relunctance to move,fever
dog,beagle,7.0,23.7,chronic illness,sneezing,convulsion,seizuers,weight loss,nasal discharge
dog,bulldog,1.6,27.4,chronic illness,legness,paresis,coughing,weight loss,shortness of breath
dog,bulldog,13.9,19.2,chronic illness,difficulty in feeding,preening,weakness,beak overgrowth,anemia
dog,bulldog,12.0,22.3,previous kidney disease,fever,loss of appetite,ear infection,depression,nasal discharge
dog,beagle,3.6,15.0,recent surgery,vomiting,weight loss,diarrhea,coughing,pain
dog,yorkshire terrier,12.6,5.1,no previous conditions,pain,vomiting,pain,weakness,weakness
dog,bulldog,2.8,17.3,previous kidney disease,fever,diarrhea,coughing,lethargy,blue eye
dog,mixed breed,7.7,18.8,not vaccinated,pain,sneezing,weight loss,anorexia,sneezing
dog,mixed breed,1.6,21.5,allergies,decreased eyelid,very cold skin,lethargy,lip,fever
dog,labrador retriever,7.4,36.0,recent surgery,coughing,pain,vomiting,coughing,vomiting
dog,rottweiler,5.0,35.7,skin conditions history,pain,coughing,anorexia,anorexia,pain
dog,rottweiler,13.0,28.5,no previous conditions,constant pacing,facial muscle twitching,abnormalalities,blindness,muscle pain
dog,labrador retriever,9.0,34.7,previous kidney disease,anorexia,preening,lethargy,sneezing,drop on egg production
dog,boxer,7.1,30.0,skin conditions history,anorexia,anorexia,weakness,coughing,anorexia
dog,beagle,13.5,25.4,recent surgery,ulcers,diarrhea,back pain,tarry stool,enlarged lymph nodes
dog,poodle,0.5,8.3,chronic illness,lethargy,lethargy,diarrhea,coughing,nausea
dog,yorkshire terrier,2.6,4.3,no previous conditions,fetopelvic dispropotion,uteria inertia,malpresentation,death,pains
dog,mixed breed,11.6,21.7,previous heart condition,diarrhea,weakness,sneezing,lethargy,anorexia
dog,german shepherd,14.5,33.9,skin conditions history,loss of appetite,diarrhea,swollen purple wattle,swollen comb,lameness
dog,german shepherd,7.5,37.9,skin conditions history,mortality varies,spread of infection,weight loss,weight loss,lethargy
dog,yorkshire terrier,10.6,4.8,previous heart condition,weakness,weakness,nervous,fever,lethargy
dog,boxer,0.6,15.0,previous heart condition,diarrhea,diarrhea,weight loss,fever,sneezing
dog,yorkshire terrier,13.6,3.8,dental issues,coughing,vomiting,anorexia,fever,diarrhea
dog,rottweiler,11.3,39.0,allergies,weakness,diarrhea,anorexia,sneezing,vomiting
dog,boxer,5.6,22.4,vaccinated,ulcers,weight loss,weakness,vomiting,pain
dog,mixed breed,9.3,35.7,not vaccinated,most often none,sneezing,nasal discharge,dyspnea,pain
dog,mixed breed,10.9,9.4,vaccinated,rhinitis,pneumonia,abscessess,torticollis,septicemia
dog,yorkshire terrier,3.1,9.6,skin conditions history,fetopelvic dispropotion,uteria inertia,malpresentation,death,pains
dog,beagle,14.8,22.1,chronic illness,fever,lack of coordination,depression,salivation,facial paralysis
dog,golden retriever,2.2,37.2,parasite history,weight loss,weight loss,weight loss,fever,vomiting
dog,beagle,12.8,27.9,skin conditions history,weakness,pain,coughing,fever,diarrhea
dog,beagle,2.6,23.3,vaccinated,vomiting,rapid heartbeats,lethargy,pain,lethargy
dog,labrador retriever,2.5,25.0,dental issues,dark or black face,anorexia,weakness,increased in breathing,weight loss
dog,rottweiler,5.5,44.4,recent surgery,fever,poor coat condition,infection of the skin,weight loss,fatique
dog,boxer,9.6,17.1,not vaccinated,coughing,anorexia,pain,fever,diarrhea
dog,yorkshire terrier,14.6,6.1,chronic illness,weakened legs,weight loss,diarrhea,depression,anorexia
dog,mixed breed,15.9,38.8,recent surgery,dullness,lacrimation,coughing,diarrhea,seizures
dog,golden retriever,6.8,36.3,previous kidney disease,anorexia,weakness,rhinorrhea,coughing,pain
dog,yorkshire terrier,10.2,4.8,previous kidney disease,fetopelvic dispropotion,uteria inertia,malpresentation,death,pains
dog,beagle,8.2,24.5,no previous conditions,fever,dullness,dullness,skin rashes,pains
dog,boxer,5.0,17.7,allergies,fever,feline infections,ear infection,pain,diarrhea
dog,rottweiler,2.7,36.6,recent surgery,coughing,pain,sneezing,weight loss,sneezing
dog,golden retriever,1.7,27.5,skin conditions history,coughing,lethargy,pain,sneezing,sneezing
dog,mixed breed,13.6,16.8,skin conditions history,difficulty walking,vaginal discharge,lethargy,swollen lymph nodes,back pain
dog,rottweiler,14.2,40.2,skin conditions history,depression,swelling of face or leg,fever,poor appetite,pains
dog,german shepherd,10.4,43.5,previous heart condition,air sacculitis,halitosis,coughing,enteritis,weight loss
dog,boxer,7.8,15.0,recent surgery,fever,dark colored bloody,incoordination,difficulty in breathing,terminal convulsion
dog,golden retriever,9.4,29.1,skin conditions history,straining,diarrhea,vomiting,weight loss,blindness
dog,bulldog,4.0,18.3,skin conditions history,fever,sour throat,mortality,muscle aches,abnormalities
dog,bulldog,7.2,15.0,not vaccinated,lesions,diarrhea,anorexia,sneezing,inability to rise
dog,bulldog,12.4,18.1,no previous conditions,weight loss,diarrhea,difficult in walking,lethargy,poor condition
dog,mixed breed,10.4,5.0,recent surgery,pain,weight loss,diarrhea,weakness,vomiting
dog,beagle,14.0,29.7,vaccinated,stop eating,stop drinking,change their normal behaviour,lameness,pains
dog,golden retriever,6.3,25.0,allergies,lethargy,fever,horny growth,vomiting,sneezing
dog,boxer,10.5,18.9,vaccinated,listless,difficulty in walking,grinding of teeth,blindness,ataxia
dog,poodle,8.3,3.2,parasite history,red skin,loss of appetite,moist,lameness,pains
dog,beagle,2.2,29.2,parasite history,anorexia,anorexia,neck paralysis,anorexia,coughing
dog,german shepherd,0.9,39.8,skin conditions history,excessive blood loss,dizziness and fainting,blurry vision,watery eyes,slow growth
dog,bulldog,11.5,26.1,dental issues,vomiting,sneezing,fever,diarrhea,gums
dog,poodle,6.8,3.7,chronic illness,weight loss,coughing,weight loss,willnot run to jump,puffed_up feather
dog,rottweiler,5.5,41.5,dental issues,fever,fever,lethargy,coughing,sneezing
dog,yorkshire terrier,12.2,7.5,not vaccinated,weakness,shock,lethargy,severe headache,weight loss
dog,boxer,11.4,20.9,previous kidney disease,pain,vomiting,lethargy,fever,diarrhea
dog,boxer,0.9,22.1,no previous conditions,fever,depression,relunctance to move,salivation,nasal discharge
dog,mixed breed,13.0,25.1,allergies,weight loss,floopy muscle,milk getting out more watery,anorexia,weight loss
dog,german shepherd,5.9,33.1,skin conditions history,fever,fever,anorexia,pain,vomiting
dog,beagle,10.0,30.0,parasite history,weight loss,swelling  in the bite area,diarrhea,periodic vommiting,weight loss
dog,labrador retriever,4.1,35.5,recent surgery,excessive blood loss,weight loss,abdominal pain,pain,fever
dog,beagle,7.1,25.1,recent surgery,diarrhea,diarrhea,anorexia,decrease appetite,pain
dog,german shepherd,6.3,33.0,parasite history,pain,anorexia,diarrhea,sneezing,sneezing
dog,bulldog,10.3,26.0,previous heart condition,bloody discharge,itches,swollen,tenderness,testical pain
dog,rottweiler,6.5,29.4,allergies,lethargy,sneezing,weakness,sneezing,secondary infection
dog,labrador retriever,7.9,31.9,no previous conditions,vomiting,fever,emaciation,sneezing,lethargy
dog,bulldog,0.8,26.2,vaccinated,pain,diarrhea,uncharacteristic hiding,sneezing,diffculty breathing
dog,poodle,2.0,4.5,previous kidney disease,trembling,sneezing,diarrhea,bleeding from other parts of the body,vomiting
dog,rottweiler,4.5,29.7,not vaccinated,hair loss,dandruff,darkened skin,crusting of the skin,ulcerated skin
dog,beagle,8.0,16.7,skin conditions history,fever,diffulty swallowing,excessive drooling,staggering,seizures
dog,labrador retriever,8.0,38.4,recent surgery,vomiting,pain,fever,fever,weakness
dog,beagle,2.2,24.2,parasite history,normal appetite,diarrhea,swelling may occur under jaw,weight loss,drop in milk production
dog,labrador retriever,14.1,39.5,not vaccinated,gasping,coughing,mild weakness,droopy wings,twisted neck
dog,golden retriever,3.8,39.2,allergies,sneezing,vomiting,sneezing,thrist and urination,pain
dog,german shepherd,6.6,28.0,recent surgery,diarrhea,sneezing,weight gain,diarrhea,nesting behaviour
dog,german shepherd,5.3,31.7,chronic illness,abortion,mummification,stillbirth,weak kids,pain
dog,mixed breed,10.6,32.9,previous kidney disease,pain,pain,vomiting,weight loss,anorexia
dog,yorkshire terrier,4.7,5.2,parasite history,coughing,loss od appetite,fever,weakness,coughing
dog,yorkshire terrier,10.9,3.6,allergies,fever,dullness,dullness,skin rashes,pains
dog,yorkshire terrier,3.6,4.0,dental issues,pain,weakness,vomiting,ring shaped lesion,coughing
dog,rottweiler,9.4,25.0,previous kidney disease,pain,fever,pain,pain,diarrhea
dog,golden retriever,9.0,41.2,allergies,fatty stool,diarrhea,vomiting,weight loss,pain
dog,labrador retriever,8.8,31.2,not vaccinated,enlarged thymus,obstructed lungs,lethargy,skin rashes,weight loss
dog,poodle,13.6,3.1,skin conditions history,lethargy,recumbency,weakness,vomiting,sneezing
dog,bulldog,2.9,15.5,recent surgery,chronic eye inflamation,poor appetite,fever,lethargy,neurologic abnormalities
dog,labrador retriever,2.8,32.9,chronic illness,radip onset,stiff,muscle trembling,weakness,death
dog,mixed breed,5.9,32.8,previous kidney disease,bottle jaw,weight loss,coughing,sneezing,diarrhea
dog,golden retriever,4.2,45.0,vaccinated,weakness,stiffness,trembling,white mark on the muscle,loss of vitamin e
dog,beagle,8.3,27.7,no previous conditions,lethargy,diarrhea,lethargy,diarrhea,vomiting
dog,yorkshire terrier,10.0,7.1,vaccinated,anorexia,vomiting,weakness,pain,coughing
dog,beagle,8.5,18.0,not vaccinated,fever,diffulty swallowing,excessive drooling,staggering,seizures
dog,poodle,5.8,6.3,no previous conditions,weight loss,vomiting,lethargy,swelling on joints,diarrhea
dog,yorkshire terrier,7.3,7.8,recent surgery,muscle aches,abnormal behaviour,diarrhea,red diarrhea,pain
dog,poodle,4.4,5.7,allergies,sneezing,severe headache,weakness,muscle trembling,anorexia
dog,golden retriever,8.9,33.0,skin conditions history,weight loss,coughing,pain,fever,vomiting
dog,boxer,7.8,20.9,chronic illness,diarrhea,pain,vomiting,paralysis,weight loss
dog,boxer,3.5,15.9,previous heart condition,facial swelling,bloody drool,abdominal pain,unable to eat,lossened teeth
dog,beagle,3.5,17.8,previous heart condition,coughing,fever,endomeritis,redness,weight loss
dog,mixed breed,6.3,19.0,dental issues,diarrhea,fever,weight loss,weakness,vomiting
dog,bulldog,11.0,23.5,previous kidney disease,swollen,testical pain,itches,bloody discharge,tenderness
dog,mixed breed,4.9,30.3,recent surgery,pain,diarrhea,diarrhea,chronic eye inflamation,fever
dog,boxer,3.7,29.8,previous kidney disease,fever,weakness,larynx,pain,sneezing
dog,poodle,8.4,3.6,parasite history,red skin,pains,loss of appetite,lameness,moist
dog,mixed breed,1.2,12.5,not vaccinated,change their normal behaviour,stop drinking,pains,diarrhea,stop eating
dog,poodle,3.9,5.9,chronic illness,puffed_up feather,less eat,headache,half-closed eye,seizures
dog,golden retriever,2.9,27.9,vaccinated,anorexia,lethargy,weight loss,weight loss,pain
dog,bulldog,4.2,21.1,previous kidney disease,fever,diarrhea,vomiting,stomach cramps,nausea
dog,bulldog,12.2,24.5,previous kidney disease,staggering as drunk,diarrhea,pain,anorexia,fever
dog,poodle,6.6,6.1,previous heart condition,pain,coughing,pain,weakness,weight loss
dog,german shepherd,8.1,35.2,recent surgery,coughing,fluffed feather,fever,skin lesion,weakness
dog,yorkshire terrier,11.0,7.7,recent surgery,vomiting,pain,sneezing,weight loss,weight loss
dog,bulldog,10.3,22.1,skin conditions history,egg production decreases,stunted growth,blindness,distinctive bumps,facial swelling
dog,golden retriever,8.1,36.4,previous kidney disease,vomiting,anorexia,vomiting,sneezing,sneezing
dog,german shepherd,5.5,31.2,not vaccinated,vomiting,pain,fever,sneezing,pain
dog,golden retriever,0.5,31.9,dental issues,vomiting,pain,fever,fever,fever
dog,labrador retriever,2.3,39.4,not vaccinated,pain,diarrhea,weight loss,kicking at the belly,diarrhea
dog,poodle,14.3,8.8,vaccinated,fever,loss of  appetite,coughing,lethargy,joint pain
dog,labrador retriever,13.4,39.1,skin conditions history,coughing,anorexia,sneezing,lethargy,coughing
dog,golden retriever,10.6,43.0,allergies,inflammed eye,lethargy,diarrhea,fever,undigested in their feces
dog,beagle,8.5,15.4,recent surgery,vomiting,diarrhea,coughing,fever,fever
dog,rottweiler,4.9,25.9,skin conditions history,paresis,paralysis,weakness,stomach cramps,diarrhea
dog,mixed breed,15.1,32.4,dental issues,crusting of the skin,dandruff,ulcerated skin,vomiting,hair loss
dog,mixed breed,6.9,8.9,recent surgery,diarrhea with muscus,tensemus,nose bleeds,flatulence,pains
dog,golden retriever,6.6,45.0,previous heart condition,cough,sneeze,droopy wings,twisted neck,droopy wings
dog,rottweiler,9.0,36.4,vaccinated,inability to stand,diarrhea,bottle jaw,pot belly,dry hair coat
dog,poodle,14.7,4.9,not vaccinated,vomiting,vomiting,weight loss,weight loss,lethargy
dog,rottweiler,7.5,35.2,not vaccinated,weakness,anorexia,pain,pain,weakness
dog,boxer,3.4,27.9,not vaccinated,fever,difficulty in breathing,rub,coughing,sneezing
dog,boxer,0.9,25.0,not vaccinated,puffed_up feather,less eat,headache,half-closed eye,seizures
dog,rottweiler,10.6,27.2,previous heart condition,fever,animal become lame,prostrat,painfull swalling,lameness
dog,rottweiler,5.0,34.8,no previous conditions,immediate death,difficulty in breathing,blue colored lip,bloody discharge,neurologic abnormalities
dog,poodle,10.2,8.7,recent surgery,swelling,fever,sneezing,coughing,pain
dog,beagle,4.8,20.7,vaccinated,excessive blood loss,urination,weight loss,weakness,lethargy
dog,poodle,2.6,3.8,no previous conditions,pains,fleece become thin,death,loss of wool,sheep often bites
dog,beagle,2.3,22.7,previous heart condition,weight loss,pain,anorexia,sneezing,nervousness
dog,rottweiler,1.6,38.4,recent surgery,abortion,mummification,stillbirth,pain,weak kids
dog,poodle,3.0,4.8,not vaccinated,jaundice,coughing,loss of appetite,rough hair coat,death
dog,mixed breed,6.9,34.3,previous heart condition,shaking oh head,seizures,pain,pain,pain
dog,labrador retriever,6.3,33.4,dental issues,anorexia,weight loss,sneezing,anorexia,sneezing
dog,rottweiler,2.9,33.1,previous kidney disease,wandering,partial paralysis,weakness,pain,vomiting
dog,golden retriever,7.3,39.9,chronic illness,lack of walking,rump,weight loss,diarrhea,fever
dog,rottweiler,10.0,35.9,previous kidney disease,weight loss,pain,sneezing,infection of the skin,anorexia
dog,bulldog,4.1,19.7,skin conditions history,weakness,vomiting,weight loss,weight loss,coughing
dog,bulldog,15.0,24.1,vaccinated,weight loss,lethargy,lethargy,coughing,pain
dog,mixed breed,2.3,5.8,previous heart condition,hemopytsis,diarrhea,asymptomatic,death,epistaxis
dog,labrador retriever,5.6,25.2,no previous conditions,diarrhea,sneezing,anorexia,weight loss,muscular spasms
dog,golden retriever,11.3,30.4,recent surgery,weight loss,anorexia,sneezing,weakness,weight loss
dog,rottweiler,2.5,42.8,allergies,anorexia,coughing,weight loss,excitability,sneezing
dog,rottweiler,5.4,23.7,not vaccinated,fever,chills,sweat,head ache,fatique
dog,mixed breed,7.9,28.0,vaccinated,fever,malaise,weakness,weight loss,pain
dog,labrador retriever,2.5,45.0,previous heart condition,pain,weight loss,weight loss,bald patches,red eye
dog,rottweiler,4.7,36.4,allergies,weakness,weakness,weight loss,drop on egg production,difficulty breating
dog,poodle,1.8,5.4,recent surgery,greenish-yellow nasal discharge,lack of pigmentation,sneezing,lethargy,pain on face
dog,bulldog,12.5,21.3,no previous conditions,paresis,diarrhea,stomach cramps,paralysis,weakness
dog,yorkshire terrier,9.5,5.0,no previous conditions,loss of appettite,difficulty in breathing,coughing,runny nose,weakness
dog,beagle,5.7,30.9,skin conditions history,excession salivation,ulcerated ear,fever,abnormal conformation,ulcerated muscle
dog,yorkshire terrier,6.1,7.8,recent surgery,fever,mild sneezing,coughing,nasal,ocular discharge
dog,labrador retriever,10.1,43.1,not vaccinated,fever,weakness,discomfort,diarrhea,vomiting
dog,yorkshire terrier,9.7,4.6,no previous conditions,runny nose,difficulty in breathing,coughing,weakness,loss of appettite
dog,mixed breed,9.1,36.2,previous kidney disease,anorexia,diarrhea,fever,lip,anorexia
dog,mixed breed,1.7,22.5,chronic illness,eye discharges,nasal discharge,change their normal behaviour,high body temperature,lameness
dog,boxer,14.1,28.2,skin conditions history,burning ache or pain,vomiting,loss of appetite,experiencing changes in weight,pain and bloating
dog,golden retriever,11.3,41.7,dental issues,weakness,pain,sneezing,weakness,thicked skin
dog,yorkshire terrier,2.7,3.9,no previous conditions,fetopelvic dispropotion,uteria inertia,malpresentation,death,pains
dog,labrador retriever,5.8,36.9,previous heart condition,lethargy,bloody,coughing,vomiting,diarrhea
dog,german shepherd,11.0,32.8,previous kidney disease,stop eating,stop drinking,change their normal behaviour,lameness,pains
dog,yorkshire terrier,7.3,7.6,allergies,short term lethargy,week pulse,rapid heart rate,poor appetite,loss of  appetite
dog,bulldog,10.5,20.8,not vaccinated,fever,diarrhea,bloody droping,abdominal discomfort,lethargy
dog,german shepherd,0.8,37.7,recent surgery,excessive blood loss,dizziness and fainting,blurry vision,watery eyes,slow growth
dog,beagle,9.1,19.9,not vaccinated,diffulty swallowing,seizures,fever,excessive drooling,staggering
dog,bulldog,0.5,24.3,parasite history,skinallergy,lethargy,vomiting,scartch,vomiting
dog,rottweiler,8.3,30.3,not vaccinated,diarrhea,coughing,weakness,sneezing,coughing
dog,mixed breed,0.5,5.8,chronic illness,sneezing,vomiting,pain,sneezing,weakness
dog,german shepherd,11.0,42.3,allergies,crusting of the skin,anorexia,rough hair coat,vomiting,coughing
dog,beagle,4.4,20.7,skin conditions history,sneezing,fever,coughing,weakness,lethargy
dog,beagle,9.8,30.0,vaccinated,muscle pain,diarrhea,wart-like growth,sneezing,weakness
dog,yorkshire terrier,4.3,6.6,vaccinated,sneezing,torticollis,weakness,weight loss,dry scabs
dog,boxer,0.8,24.2,no previous conditions,fever,depression,relunctance to move,salivation,nasal discharge
dog,beagle,1.4,19.6,allergies,vomiting,anorexia,fever,sneezing,difficulty breating
dog,labrador retriever,11.4,40.9,no previous conditions,swelling of joints,lameness,fever,coughing,loss of  appetite
dog,german shepherd,9.8,38.0,dental issues,swelling on leg,painfull,nasal discharge,broken bones,nasal discharge
dog,golden retriever,8.3,25.9,previous heart condition,vomiting,vomiting,anorexia,fever,bleeding from the nose
dog,golden retriever,5.4,40.5,no previous conditions,fever,dyspnea,coughing,lethargy,anorexia
dog,poodle,12.4,8.0,recent surgery,sneezing,appetite varies,appetite varies,sneezing,stamping and pedding of hind eye
dog,rottweiler,0.5,34.5,previous heart condition,muscle pain,sneezing,anorexia,broody behavior,pain
dog,bulldog,6.7,19.8,skin conditions history,hair loss,sore,scaly patches of skin,scartch,scabs
dog,beagle,9.1,29.7,no previous conditions,weight loss,poor growth,vomiting,anorexia,weight loss
dog,golden retriever,9.1,28.8,chronic illness,sneezing,anorexia,pains to walk,pain,pain
dog,golden retriever,9.6,40.6,dental issues,fever,vomiting,anorexia,weakness,anorexia
dog,labrador retriever,11.7,37.5,no previous conditions,fever,loss of  appetite,coughing,lameness,swelling of joints
dog,boxer,13.7,26.3,not vaccinated,blood in urine,diarrhea,vomiting,lethargy,bleeding in eye and skin
